{"type":"FeatureCollection","metadata":{"source":"OpenStreetMap","attribution":"© OpenStreetMap contributors","license":"ODbL 1.0","licenseUrl":"https://opendatacommons.org/licenses/odbl/1-0/","snapshotAt":"2026-09-11T23:34:33Z","scope":"Xuanwu District area query; complete intersecting objects; not a cadastral survey"},"features":[{"type":"Feature","id":"relation/2138994","properties":{"name":"玄武湖","name:en":"Xuanwu Lake","natural":"water","source":"landsat","osm_id":"relation/2138994","label":"玄武湖","category":"water"},"geometry":{"type":"Polygon","coordinates":[[[118.7946645,32.0644339],[118.7972319,32.0639266],[118.7975053,32.0640122],[118.7977899,32.0640107],[118.7979473,32.0639281],[118.798043,32.0638141],[118.7995159,32.0636855],[118.7996102,32.0639999],[118.8000527,32.0640629],[118.8000886,32.0639274],[118.801368,32.0643327],[118.8014355,32.0643338],[118.8020319,32.0643371],[118.8027221,32.0643504],[118.8035204,32.0642901],[118.8040101,32.064226],[118.8045516,32.0640505],[118.8051415,32.0636079],[118.8057075,32.0631871],[118.8058843,32.0630556],[118.8056911,32.0628014],[118.8056457,32.0625162],[118.8057619,32.062154],[118.8060955,32.0615702],[118.8062591,32.0614271],[118.8064617,32.061284],[118.8073587,32.0610674],[118.8074922,32.0610885],[118.8075784,32.0611775],[118.8076452,32.061294],[118.8086579,32.064069],[118.8086525,32.0643323],[118.8086031,32.064638],[118.8083357,32.0650362],[118.8080774,32.0653217],[118.8079188,32.0654581],[118.8078191,32.0655438],[118.8072279,32.0659565],[118.806849,32.066113],[118.8064419,32.066492],[118.8059818,32.0670536],[118.8056144,32.0674133],[118.8050265,32.0681768],[118.8045677,32.0687376],[118.804235,32.0691787],[118.8041538,32.0692827],[118.8031801,32.0706681],[118.8031231,32.0707176],[118.8028775,32.0710618],[118.8021152,32.0722552],[118.801747,32.0728538],[118.8016978,32.0728942],[118.8016433,32.0729467],[118.8015788,32.0730036],[118.8014767,32.0731616],[118.8015337,32.0732281],[118.8008753,32.0745688],[118.8007721,32.0747508],[118.8007307,32.0748238],[118.8004865,32.0752738],[118.8004057,32.0754],[118.8003207,32.0754937],[118.7998211,32.07631],[118.7995192,32.0767905],[118.7993912,32.0769279],[118.7992632,32.077031],[118.7990163,32.077157],[118.7983133,32.0774368],[118.7982587,32.0774169],[118.7981207,32.0774332],[118.7979338,32.0774237],[118.797868,32.077459],[118.7978429,32.07751],[118.7978791,32.0777065],[118.7979086,32.0778474],[118.7979837,32.0779168],[118.7981171,32.077932],[118.7982143,32.0778273],[118.7983129,32.0777628],[118.7984596,32.0777058],[118.7984986,32.0777609],[118.7985384,32.0778447],[118.7985583,32.0779358],[118.7983415,32.0780299],[118.7980566,32.0781663],[118.7980182,32.0782356],[118.7980774,32.0783644],[118.7980358,32.078442],[118.7978213,32.0785243],[118.7977511,32.0785684],[118.7977092,32.0786365],[118.797682,32.0787246],[118.7976975,32.0788777],[118.7977555,32.0791003],[118.7978957,32.0793598],[118.7980925,32.0796552],[118.7985396,32.0799007],[118.7987584,32.0800693],[118.7990485,32.0803155],[118.7988349,32.0804481],[118.7986468,32.0808505],[118.7980012,32.0814297],[118.7973783,32.0821416],[118.7972996,32.0822009],[118.7972451,32.0821907],[118.7970699,32.0822994],[118.7970555,32.0822795],[118.7969418,32.0823605],[118.7969624,32.0824051],[118.7966596,32.0826437],[118.7963235,32.0828951],[118.7959344,32.0832304],[118.795758,32.0833762],[118.7954511,32.0836789],[118.7953052,32.0837992],[118.7951988,32.0838681],[118.7948129,32.0840644],[118.7941128,32.0843322],[118.7940184,32.0845224],[118.7936422,32.0847354],[118.7935724,32.0847452],[118.7933874,32.084837],[118.7931691,32.084915],[118.7931117,32.0849862],[118.7929409,32.0850738],[118.7928949,32.0850435],[118.7921408,32.0854122],[118.7921631,32.0854461],[118.7915886,32.085917],[118.7915114,32.0858519],[118.7912756,32.0860448],[118.791336,32.0860987],[118.7910604,32.0862662],[118.7908752,32.0864188],[118.7906677,32.086416],[118.7905609,32.0866229],[118.7904394,32.0867722],[118.7903066,32.0869028],[118.7901875,32.0870034],[118.7902063,32.0870396],[118.7900309,32.0871844],[118.7892704,32.0876331],[118.7890387,32.0877445],[118.7888676,32.0877994],[118.7885802,32.0878732],[118.7884298,32.0878814],[118.7882598,32.0878781],[118.7879788,32.0878611],[118.7878684,32.0877595],[118.787761,32.0878385],[118.787475,32.0878283],[118.7872531,32.0877833],[118.7869993,32.0877165],[118.7867602,32.0876357],[118.7864618,32.0875175],[118.7863428,32.0874699],[118.7861541,32.0873606],[118.7860814,32.0873194],[118.7860542,32.0872447],[118.7861039,32.0870429],[118.7860605,32.0869912],[118.7858984,32.086939],[118.7856457,32.0870418],[118.7854143,32.0869696],[118.7845356,32.0865692],[118.7827782,32.0862429],[118.7822736,32.0858068],[118.7819463,32.0851016],[118.7819938,32.0848905],[118.7818952,32.0842712],[118.7818192,32.0822543],[118.7817834,32.0820174],[118.7817184,32.0813155],[118.7817631,32.0804076],[118.7818045,32.0800392],[118.7821073,32.078204],[118.7821112,32.078186],[118.7821137,32.0781739],[118.7821211,32.0781438],[118.7821278,32.0781185],[118.7821321,32.0780977],[118.7821529,32.0780038],[118.7821611,32.0779809],[118.7821803,32.0778651],[118.7821858,32.0778389],[118.7822063,32.0776889],[118.7822493,32.0774108],[118.7822592,32.077344],[118.7822846,32.0771623],[118.7822919,32.0771094],[118.7823001,32.0770511],[118.7823127,32.0769729],[118.7823169,32.0769303],[118.7827437,32.0738699],[118.7828146,32.0733612],[118.7828534,32.0732328],[118.7828829,32.0731348],[118.7829127,32.0730416],[118.7829892,32.0729547],[118.7831476,32.0729013],[118.7832463,32.072886],[118.7833334,32.072878],[118.783371,32.0728621],[118.7833859,32.0727957],[118.783422,32.0726348],[118.783363,32.0725973],[118.7832794,32.0725351],[118.7832058,32.0725202],[118.7831295,32.0724915],[118.7830918,32.0724336],[118.7830464,32.0723452],[118.7830225,32.072242],[118.7829768,32.0719954],[118.7830519,32.0719724],[118.7831028,32.0717767],[118.7832215,32.07132],[118.7832743,32.0707186],[118.7835612,32.0694349],[118.7837785,32.0692567],[118.7845799,32.069038],[118.7846764,32.068887],[118.7847922,32.0686483],[118.7849001,32.0683678],[118.785038,32.0682399],[118.7869424,32.0680367],[118.7873307,32.0679479],[118.787767,32.067957],[118.7882093,32.0679751],[118.7885836,32.067901],[118.7890072,32.0677588],[118.789241,32.0675776],[118.7893395,32.0674765],[118.7893609,32.0674538],[118.7893831,32.0674318],[118.7895776,32.0672321],[118.7896541,32.0671128],[118.7899088,32.0665855],[118.7902955,32.06624],[118.7905423,32.0658931],[118.7905905,32.0657686],[118.7907448,32.0656501],[118.7909884,32.0654733],[118.7914386,32.0650894],[118.791578,32.0649929],[118.7916867,32.0649707],[118.7918107,32.0649724],[118.7920804,32.0650811],[118.7922133,32.0651361],[118.7923488,32.0651262],[118.7926028,32.0650694],[118.7927907,32.0650294],[118.7929169,32.0649373],[118.7930091,32.0648364],[118.7937391,32.064739],[118.7940178,32.0647791],[118.7942965,32.0647251],[118.7944684,32.0644993],[118.7946645,32.0644339]],[[118.7831388,32.0847092],[118.7832461,32.0846274],[118.7833748,32.0845183],[118.7835358,32.0844456],[118.7836967,32.0843547],[118.7838147,32.0841638],[118.7838362,32.0839911],[118.7838255,32.083882],[118.7836001,32.0837911],[118.7832997,32.0838365],[118.783171,32.0839092],[118.7830959,32.0839547],[118.7829993,32.0840547],[118.7828384,32.0842819],[118.782774,32.0844274],[118.7827955,32.0845456],[118.7828706,32.0846001],[118.7829886,32.0846728],[118.7831388,32.0847092]],[[118.7890921,32.0690214],[118.7891559,32.0690073],[118.7891802,32.0689751],[118.7890891,32.0689533],[118.7890163,32.0689173],[118.7890497,32.0687977],[118.7891301,32.068781],[118.7892181,32.0688093],[118.7892697,32.0688903],[118.7892712,32.068925],[118.7892955,32.0689057],[118.7892848,32.0687656],[118.7891802,32.0687206],[118.7890694,32.0687206],[118.7889875,32.0687656],[118.7889419,32.0688363],[118.7889647,32.0689134],[118.7890269,32.0689983],[118.7890633,32.0690073],[118.7890921,32.0690214]],[[118.7914172,32.0717767],[118.7912226,32.0718031],[118.7913185,32.0720085],[118.7915003,32.0720501],[118.7919964,32.0722802],[118.7923432,32.0722403],[118.7925762,32.0722617],[118.7927047,32.0723557],[118.7927687,32.0726056],[118.7929851,32.0728202],[118.7929975,32.0728882],[118.7930126,32.0729713],[118.7930897,32.0731845],[118.7931712,32.073272],[118.7935249,32.0733815],[118.7941419,32.0735111],[118.7943168,32.0734626],[118.794638,32.0733409],[118.7950554,32.0732239],[118.7954439,32.07299],[118.7955605,32.072888],[118.7958337,32.0726658],[118.7961069,32.0724011],[118.7961537,32.0721532],[118.7960561,32.0719468],[118.795977,32.0715674],[118.7959348,32.0712695],[118.7958606,32.0710838],[118.7956649,32.0708443],[118.7954899,32.0706388],[118.7950814,32.0703819],[118.7950704,32.0703256],[118.7950262,32.0702888],[118.7948586,32.0702617],[118.7946866,32.0702295],[118.7944172,32.0702039],[118.7940885,32.0702362],[118.7939923,32.0703649],[118.7939269,32.070411],[118.7938793,32.0704074],[118.7938123,32.0703287],[118.79371,32.0702399],[118.7936293,32.070167],[118.7935485,32.0701232],[118.7935076,32.070138],[118.7934744,32.0701701],[118.7934652,32.0702302],[118.7934708,32.0704478],[118.7934875,32.0705039],[118.7935119,32.0705644],[118.7935576,32.0705837],[118.7938328,32.0705591],[118.7937788,32.070595],[118.7936996,32.0706216],[118.7936128,32.0706429],[118.7935768,32.0706492],[118.7935013,32.0706727],[118.7934522,32.0706854],[118.7933875,32.0707276],[118.7932985,32.0707991],[118.7932604,32.0707539],[118.7932401,32.0707085],[118.7932446,32.0706648],[118.7932753,32.070621],[118.7933355,32.0705329],[118.793359,32.0704654],[118.7933669,32.0704023],[118.7933616,32.0703325],[118.7933249,32.0702628],[118.7933041,32.0699276],[118.7932283,32.0695968],[118.7932024,32.0692362],[118.7931901,32.0690654],[118.7931843,32.068984],[118.7932365,32.0684642],[118.7935628,32.0679775],[118.7935236,32.0678337],[118.7933539,32.0676567],[118.7933429,32.0675949],[118.7933019,32.0675439],[118.793172,32.0668102],[118.7931028,32.0666415],[118.7930593,32.0664346],[118.7928769,32.0656867],[118.7928798,32.0655589],[118.7928269,32.0655075],[118.7926967,32.0655076],[118.7925107,32.0654986],[118.7927167,32.0659034],[118.7928911,32.0666467],[118.7929301,32.0668131],[118.7930262,32.0674346],[118.7930128,32.0675342],[118.7929682,32.0676021],[118.7927013,32.0678447],[118.7927103,32.0680663],[118.7928141,32.0682011],[118.7928607,32.0682925],[118.7928926,32.068431],[118.7929282,32.0688722],[118.7929278,32.0690202],[118.7929271,32.0692954],[118.792927,32.0693237],[118.7929328,32.0697731],[118.7927407,32.0701112],[118.7922381,32.0708001],[118.7918391,32.0713887],[118.7914172,32.0717767]],[[118.788414,32.0771177],[118.7883522,32.0769717],[118.7883529,32.0768889],[118.7883787,32.0767789],[118.7884687,32.0766808],[118.7885611,32.0766361],[118.7886956,32.0765932],[118.7887598,32.076548],[118.7887999,32.0765646],[118.7888521,32.0765642],[118.7888982,32.0765536],[118.7889444,32.0765327],[118.7890392,32.076545],[118.789142,32.0765199],[118.7891929,32.0764891],[118.7892238,32.0764548],[118.7892533,32.0763624],[118.7893013,32.0763308],[118.7893253,32.0762991],[118.7893472,32.0762521],[118.789345,32.0762086],[118.7894039,32.0762157],[118.7894548,32.0761956],[118.7894986,32.0761534],[118.7894904,32.0761186],[118.789904,32.0759137],[118.7905567,32.0754316],[118.790566,32.0752202],[118.7905965,32.0750447],[118.7904869,32.0748447],[118.7903963,32.0746716],[118.7902329,32.0745884],[118.7901044,32.0746111],[118.7899972,32.0746671],[118.7899205,32.0747304],[118.7898833,32.074881],[118.7895903,32.0751038],[118.7894778,32.075169],[118.7892708,32.0753403],[118.7891989,32.0753804],[118.7891439,32.0753862],[118.7890207,32.0754524],[118.7888066,32.07554],[118.7886685,32.0755916],[118.7886197,32.0755921],[118.7884402,32.0757369],[118.788346,32.0757596],[118.7882457,32.075844],[118.7881729,32.0758439],[118.7880364,32.0758387],[118.7878757,32.075764],[118.7878212,32.0757175],[118.7877202,32.0754946],[118.7875251,32.0752383],[118.787399,32.0751499],[118.7872019,32.0749033],[118.7871534,32.0747607],[118.7870077,32.0745544],[118.7868272,32.0743057],[118.7865364,32.0738409],[118.7864062,32.073674],[118.7863609,32.0735329],[118.7863636,32.0733682],[118.7864604,32.0732614],[118.7865786,32.0731653],[118.7869063,32.0729567],[118.7882525,32.0721958],[118.7886086,32.0720022],[118.7888541,32.0719273],[118.7890057,32.0718577],[118.7891755,32.0719115],[118.7894684,32.0721788],[118.7896233,32.0723464],[118.7898646,32.0726139],[118.7899275,32.0728083],[118.7900203,32.0729745],[118.7900905,32.0729833],[118.7902665,32.0730288],[118.79049,32.0730339],[118.7907918,32.0727766],[118.7909488,32.0722619],[118.7910868,32.0720857],[118.7910699,32.0719696],[118.7908733,32.0719311],[118.790888,32.0718927],[118.7905177,32.0718063],[118.7902633,32.071652],[118.7900211,32.0713757],[118.7897701,32.0710779],[118.7895358,32.0708368],[118.7891843,32.0707375],[118.7885651,32.071007],[118.7876614,32.0714608],[118.786607,32.0720422],[118.78572,32.0724535],[118.7853184,32.0727939],[118.7851343,32.0728648],[118.7850039,32.07289],[118.7849278,32.0729015],[118.7848426,32.0728949],[118.7847577,32.0731623],[118.7849004,32.0732132],[118.7850166,32.0733016],[118.7857497,32.0742192],[118.7863261,32.0750082],[118.7869819,32.0759821],[118.7873046,32.0764044],[118.7876507,32.0768152],[118.787974,32.0770296],[118.7881507,32.0772298],[118.7883221,32.0771568],[118.788414,32.0771177]],[[118.7881624,32.0754493],[118.7882777,32.0754904],[118.7884026,32.0754554],[118.7885758,32.0753237],[118.7888803,32.0751998],[118.7894165,32.074845],[118.7899193,32.0745196],[118.7901898,32.0743319],[118.7903066,32.0742508],[118.7902759,32.0739218],[118.7901564,32.0738816],[118.7901164,32.0738139],[118.7899894,32.073622],[118.7899158,32.0734858],[118.7898992,32.0734177],[118.7898681,32.0733068],[118.7898674,32.0731599],[118.789807,32.0730782],[118.7897093,32.0730274],[118.789591,32.0729401],[118.7894538,32.0727909],[118.7889809,32.0722655],[118.7874892,32.0730675],[118.7869834,32.0733425],[118.7868782,32.073472],[118.7868825,32.0736057],[118.7869181,32.0737331],[118.7871142,32.0740711],[118.7874607,32.0744907],[118.7876446,32.0748585],[118.787924,32.0751955],[118.7880117,32.0753491],[118.7881624,32.0754493]],[[118.7886513,32.0809195],[118.7890102,32.0807832],[118.7895473,32.0805825],[118.7905778,32.0799354],[118.7910141,32.0796917],[118.7910283,32.0795312],[118.7909771,32.0794734],[118.7908401,32.079231],[118.7908631,32.0791769],[118.7910082,32.0791807],[118.7911136,32.0791603],[118.7911796,32.0790685],[118.7911513,32.0789386],[118.7910686,32.0788548],[118.7910167,32.0788141],[118.790954,32.0788194],[118.790877,32.078827],[118.7908219,32.0788837],[118.7907685,32.0789712],[118.790755,32.0790648],[118.7906667,32.079045],[118.7906075,32.0789728],[118.7905826,32.0788915],[118.790605,32.0788132],[118.7906542,32.0786929],[118.790731,32.0786901],[118.790797,32.0786596],[118.7908521,32.0785907],[118.7910342,32.0785156],[118.7910414,32.0784613],[118.7909876,32.0783885],[118.790941,32.0783796],[118.7906718,32.0784803],[118.7905472,32.0784915],[118.7903991,32.0784629],[118.790303,32.0784151],[118.7900572,32.0780673],[118.7899296,32.0778958],[118.7897714,32.0777822],[118.7896833,32.0777684],[118.7896422,32.0777672],[118.7894985,32.0778181],[118.7894744,32.0778101],[118.7893738,32.0778391],[118.789323,32.0778317],[118.7892061,32.0778657],[118.7891781,32.0778648],[118.7891465,32.0778297],[118.7890944,32.0778022],[118.7890558,32.0777932],[118.7889723,32.0778077],[118.7889189,32.0777809],[118.7888609,32.077704],[118.78883,32.0777117],[118.7886406,32.0774117],[118.7883614,32.0775476],[118.7885906,32.0779856],[118.7880001,32.0782611],[118.7876189,32.0784466],[118.787564,32.0783832],[118.7875474,32.0783955],[118.787286,32.0781627],[118.7871123,32.0781965],[118.7869386,32.0781752],[118.7868551,32.0782806],[118.786857,32.0784205],[118.7869889,32.0788916],[118.7874353,32.0797051],[118.787759,32.0803124],[118.7880232,32.0807071],[118.7881571,32.0808497],[118.7883042,32.0809419],[118.7884678,32.0809503],[118.7886513,32.0809195]],[[118.7926989,32.0780616],[118.7913471,32.0782429],[118.7912906,32.0782733],[118.7912394,32.0783265],[118.7912849,32.0783971],[118.7913357,32.0784404],[118.7927092,32.0782285],[118.7931978,32.0782672],[118.793402,32.0784252],[118.7937667,32.0787584],[118.7940321,32.0790145],[118.7943414,32.0792901],[118.7946508,32.0793285],[118.7949926,32.0792568],[118.7956269,32.0790388],[118.796182,32.0787672],[118.7964168,32.0785702],[118.7966965,32.0781422],[118.7970855,32.077971],[118.7976048,32.0778664],[118.7976048,32.0776951],[118.7974448,32.0775905],[118.7970979,32.0778021],[118.7964467,32.0779496],[118.7961519,32.0778901],[118.7956887,32.0772947],[118.7952365,32.0768183],[118.7949277,32.0767217],[118.7945889,32.0767015],[118.7942629,32.0768064],[118.7940359,32.0769345],[118.7941426,32.0771317],[118.7934957,32.0775101],[118.7929709,32.077736],[118.7928739,32.0780026],[118.7926989,32.0780616]]]}},{"type":"Feature","id":"relation/13437357","properties":{"natural":"water","osm_id":"relation/13437357","label":"","category":"water"},"geometry":{"type":"MultiPolygon","coordinates":[[[[118.8747981,32.0809417],[118.8747954,32.0808656],[118.8747988,32.0807911],[118.8748082,32.0807167],[118.8748457,32.0805724],[118.874894,32.0804593],[118.8749316,32.0803934],[118.8749671,32.0803053],[118.8749812,32.0802832],[118.8751052,32.0801213],[118.8751267,32.0801065],[118.8751736,32.0800815],[118.8752561,32.0800559],[118.8753956,32.0800463],[118.8754767,32.0800446],[118.8755585,32.0800372],[118.8756356,32.0800145],[118.8756846,32.0799951],[118.8757081,32.0799838],[118.8757255,32.0799656],[118.8757376,32.0799457],[118.8757644,32.0798815],[118.8757778,32.0798605],[118.8758274,32.0798003],[118.8758355,32.0797781],[118.8758207,32.0797122],[118.875812,32.07969],[118.8758107,32.0796679],[118.8758107,32.0796446],[118.8758254,32.0796003],[118.875873,32.0795412],[118.8758978,32.0795315],[118.8759495,32.0795184],[118.8759763,32.0795156],[118.8759783,32.0794934],[118.8759609,32.0794764],[118.8759508,32.0794559],[118.8759488,32.0794332],[118.8759542,32.0793883],[118.8759723,32.0793457],[118.8760125,32.0792855],[118.8760467,32.0792656],[118.8760809,32.0792548],[118.8761084,32.0792525],[118.8761325,32.0792417],[118.8761459,32.0792219],[118.8761459,32.0791986],[118.8761386,32.0791764],[118.8761225,32.0791582],[118.876109,32.079131],[118.8761037,32.0791071],[118.8761084,32.0790844],[118.8761218,32.0790639],[118.87616,32.0790292],[118.8762063,32.0789775],[118.8762291,32.0789366],[118.8762391,32.0789145],[118.8762411,32.0788912],[118.8762411,32.078869],[118.8762304,32.0788014],[118.8762351,32.0787787],[118.8762686,32.0787412],[118.8763109,32.0787213],[118.8763384,32.0787133],[118.8763659,32.0787111],[118.8764155,32.078694],[118.876439,32.078681],[118.8764551,32.0786633],[118.876496,32.0786031],[118.876563,32.0785616],[118.8765885,32.0785497],[118.8766146,32.0785401],[118.8766421,32.0785366],[118.8766965,32.0785452],[118.876726,32.0785423],[118.8767736,32.0785202],[118.8768265,32.0785054],[118.8768695,32.0784776],[118.8769077,32.0784435],[118.8769405,32.0784071],[118.876966,32.0783997],[118.8770478,32.078402],[118.877074,32.0783963],[118.8771725,32.0783503],[118.8772148,32.0783224],[118.8772859,32.0782872],[118.8773355,32.0782685],[118.8774133,32.0782486],[118.8774877,32.0782213],[118.8775092,32.0782071],[118.8775796,32.0781719],[118.8776024,32.0781571],[118.877656,32.0781082],[118.8777284,32.078073],[118.8777794,32.0780543],[118.8778344,32.0780401],[118.877943,32.0780321],[118.877996,32.0780253],[118.8780503,32.0780139],[118.8781247,32.0779781],[118.8781375,32.077956],[118.8781428,32.0778963],[118.8781442,32.0778622],[118.8781542,32.0778281],[118.8781609,32.0778065],[118.8782072,32.0777202],[118.878234,32.0776798],[118.8783346,32.0775952],[118.8784084,32.0775605],[118.8785103,32.077527],[118.8785331,32.0775145],[118.8785639,32.0774276],[118.8785841,32.0774117],[118.8786364,32.0773975],[118.8786457,32.0773764],[118.8786457,32.0773543],[118.8786357,32.0773105],[118.8786384,32.0772878],[118.8786451,32.0772651],[118.8786799,32.0771832],[118.878696,32.0771651],[118.8787383,32.0771361],[118.8787866,32.0771139],[118.878808,32.0770997],[118.8788415,32.0770594],[118.878863,32.0770134],[118.8788892,32.0769185],[118.8789428,32.076773],[118.8790447,32.0766247],[118.8791011,32.0765702],[118.8791218,32.0765554],[118.879146,32.0765452],[118.8791728,32.0765412],[118.8791996,32.0765446],[118.8792251,32.0765526],[118.8792472,32.0765651],[118.8792559,32.0765867],[118.8792553,32.0766094],[118.8792446,32.0766293],[118.8792278,32.0766486],[118.8792063,32.0766611],[118.8791829,32.0766702],[118.879085,32.0766895],[118.8790662,32.076706],[118.87904,32.0767474],[118.8790353,32.0767935],[118.8790347,32.0769054],[118.8790213,32.0769497],[118.8790119,32.0769713],[118.8789569,32.0770122],[118.8789348,32.0770236],[118.8789274,32.0770452],[118.8789555,32.0770855],[118.8789891,32.0771497],[118.8789931,32.0771935],[118.8789871,32.0772372],[118.8789777,32.0772577],[118.878922,32.0773361],[118.8788985,32.0773582],[118.8788536,32.0774128],[118.8788429,32.0774338],[118.8788409,32.0774781],[118.8788496,32.0774992],[118.8788912,32.0775599],[118.8789019,32.077581],[118.8789073,32.0776037],[118.8789012,32.0776253],[118.8788945,32.0776849],[118.8788187,32.0778594],[118.8787866,32.077923],[118.8787752,32.0780014],[118.8787477,32.0780662],[118.8787202,32.0781048],[118.8786793,32.0781366],[118.8786451,32.0781713],[118.8786062,32.0781997],[118.8785572,32.0782213],[118.8784895,32.0782565],[118.8784647,32.0782622],[118.8784124,32.0782616],[118.8783909,32.0782491],[118.8783769,32.0782298],[118.8783675,32.0782088],[118.8783695,32.0781634],[118.8783742,32.0781412],[118.8783661,32.078119],[118.8783527,32.0780991],[118.878336,32.0780815],[118.8782897,32.0780577],[118.8782313,32.0780418],[118.8781522,32.0780247],[118.8781039,32.0780435],[118.8780389,32.0780832],[118.8780208,32.0780991],[118.8779993,32.0781122],[118.8779752,32.078119],[118.8778961,32.0781179],[118.8778719,32.0781077],[118.8778451,32.0781037],[118.8778196,32.0781037],[118.877768,32.0781151],[118.877715,32.0781491],[118.8776714,32.0782094],[118.877654,32.0782259],[118.8776077,32.078252],[118.8775601,32.078273],[118.8775346,32.0782798],[118.8775112,32.0782707],[118.8774857,32.0782662],[118.877432,32.0782662],[118.8773784,32.0782855],[118.8773321,32.0783065],[118.8772845,32.0783401],[118.8772456,32.0783724],[118.8771565,32.0784344],[118.8771337,32.0784395],[118.8770907,32.0784645],[118.8769975,32.0785758],[118.8769781,32.0785906],[118.8769285,32.0786048],[118.876903,32.0786037],[118.8768768,32.0785974],[118.8768473,32.0785594],[118.8767984,32.0785787],[118.8767441,32.078581],[118.8767246,32.0785957],[118.876679,32.0786548],[118.8766696,32.0786764],[118.8766267,32.0787378],[118.876616,32.0787588],[118.8766079,32.0787798],[118.87661,32.078848],[118.8766059,32.0788702],[118.8765972,32.0788923],[118.8765818,32.0789128],[118.8765275,32.0789662],[118.8764369,32.079044],[118.8763846,32.0790952],[118.8763203,32.0791366],[118.8762626,32.0791866],[118.8762163,32.0792179],[118.8761573,32.0792449],[118.8761617,32.079267],[118.8761728,32.0792878],[118.8761862,32.0793318],[118.8761781,32.0793861],[118.8761446,32.0794201],[118.8760614,32.0794736],[118.8760293,32.0795111],[118.8760279,32.0795554],[118.8760467,32.0795963],[118.876044,32.0796406],[118.8760279,32.0796849],[118.8759944,32.079719],[118.8759474,32.0797599],[118.8759233,32.0797997],[118.8759193,32.079844],[118.8759287,32.0799326],[118.8759407,32.0799804],[118.8759568,32.0800179],[118.8760252,32.0800894],[118.8760896,32.0801633],[118.8761272,32.0801963],[118.8761607,32.0802326],[118.8761862,32.0802724],[118.8761821,32.0803167],[118.8761406,32.0803974],[118.8760842,32.0804713],[118.8760614,32.080511],[118.8760293,32.0805576],[118.8759904,32.0806394],[118.8759823,32.0806837],[118.875985,32.0807292],[118.8760185,32.0808156],[118.8760279,32.0808599],[118.8760185,32.0809065],[118.8759796,32.0809383],[118.8759327,32.0809621],[118.8758804,32.0809746],[118.8757248,32.0809769],[118.8756242,32.0810121],[118.8755733,32.081036],[118.8755156,32.081036],[118.8754539,32.0810269],[118.8753976,32.0810121],[118.8753453,32.0809928],[118.8752876,32.080986],[118.87523,32.0809951],[118.8751803,32.0810212],[118.8751307,32.0810428],[118.8750744,32.0810337],[118.8750248,32.0810076],[118.8749671,32.0810076],[118.8749094,32.0810133],[118.8748518,32.0810121],[118.8748156,32.0809724],[118.8747981,32.0809417]],[[118.878572,32.0775599],[118.8785767,32.0775821],[118.8785901,32.0776014],[118.8785948,32.0776236],[118.8786048,32.0776446],[118.8786297,32.0776526],[118.8786639,32.0776185],[118.8786793,32.0775997],[118.8786994,32.0775855],[118.8787249,32.0775787],[118.878751,32.0775753],[118.8787752,32.0775668],[118.8787913,32.0775497],[118.8787805,32.0775298],[118.8787658,32.0775105],[118.8787483,32.0774929],[118.8787369,32.0774724],[118.8787235,32.0774293],[118.8787021,32.0774145],[118.8786753,32.0774179],[118.8786699,32.0774401],[118.8786699,32.0774622],[118.8786652,32.0774855],[118.8786578,32.0775077],[118.8786343,32.077519],[118.8786095,32.0775281],[118.8785834,32.0775344],[118.878572,32.0775599]],[[118.8783648,32.0779492],[118.878405,32.0779673],[118.8784687,32.0779827],[118.878519,32.0779872],[118.8785653,32.0779696],[118.8786115,32.0779134],[118.8786317,32.0778702],[118.8786457,32.0778264],[118.8786504,32.0777821],[118.8786411,32.0777617],[118.8785975,32.0777361],[118.8785713,32.0777321],[118.8785177,32.0777372],[118.8784942,32.0777492],[118.8784741,32.0777639],[118.8783547,32.0778889],[118.8783494,32.0779117],[118.8783648,32.0779492]]],[[[118.8827247,32.0729107],[118.8827053,32.0728948],[118.8827214,32.0728732],[118.8827452,32.0728465],[118.8827991,32.072813],[118.8828521,32.0727954],[118.8828786,32.0727661],[118.8828789,32.0727275],[118.8828756,32.072703],[118.8828877,32.0726843],[118.8829158,32.072661],[118.8829628,32.0726331],[118.8829876,32.0726042],[118.8830017,32.0725559],[118.8829856,32.0725189],[118.8829453,32.0724848],[118.8829413,32.0724547],[118.8829319,32.0723905],[118.8829473,32.072353],[118.8829775,32.0723058],[118.883007,32.0722627],[118.8830131,32.0722303],[118.8830104,32.0721769],[118.8830057,32.072099],[118.8830184,32.0720541],[118.8830365,32.0720041],[118.883068,32.0719649],[118.8831009,32.0719297],[118.8831378,32.0718871],[118.8831981,32.0718013],[118.883239,32.0717677],[118.8832866,32.0717467],[118.8833396,32.0717268],[118.8833812,32.0716944],[118.883414,32.071645],[118.8834462,32.0715711],[118.8834918,32.071449],[118.8835455,32.0713745],[118.8836179,32.0713166],[118.8837118,32.071262],[118.8838003,32.0711876],[118.8838499,32.0711126],[118.8838834,32.0710376],[118.8839384,32.070966],[118.8840095,32.0709205],[118.8841684,32.0708461],[118.8842415,32.0708029],[118.8842858,32.0707609],[118.8843112,32.0707023],[118.88432,32.0706586],[118.8843508,32.0706109],[118.884389,32.0705614],[118.8844427,32.070504],[118.8844568,32.0704574],[118.8844507,32.0704097],[118.8844266,32.0703495],[118.8844333,32.0702762],[118.8844574,32.070237],[118.8844956,32.0702],[118.8845003,32.0701665],[118.8844762,32.0700983],[118.8844675,32.0700347],[118.8844856,32.0699852],[118.8845285,32.0699432],[118.8847002,32.0698432],[118.8848256,32.0697869],[118.8849691,32.0697062],[118.8850167,32.0696784],[118.8850603,32.0696773],[118.8851327,32.069696],[118.8852131,32.0697261],[118.8852829,32.0697602],[118.8853037,32.0697983],[118.8853016,32.0698619],[118.8852849,32.0699074],[118.885246,32.0699352],[118.8851803,32.0699852],[118.8851441,32.0700409],[118.8851206,32.0701114],[118.885081,32.0701512],[118.8850073,32.0701858],[118.8849308,32.0701858],[118.8848725,32.0701699],[118.884788,32.0701517],[118.8847196,32.0701637],[118.8846546,32.0701938],[118.8845533,32.0702103],[118.8844963,32.0702381],[118.8844688,32.0702773],[118.8844601,32.0703489],[118.884493,32.0703921],[118.8845057,32.0704285],[118.884501,32.0704694],[118.8844816,32.0705194],[118.8844313,32.0705802],[118.884389,32.0706222],[118.8843682,32.0706722],[118.8843629,32.0707097],[118.8843682,32.0707745],[118.8843803,32.0708177],[118.8844078,32.0708734],[118.8844319,32.0709183],[118.8844413,32.0709478],[118.884444,32.0710126],[118.8844319,32.0710666],[118.8843837,32.0711416],[118.8842938,32.0712518],[118.8842261,32.0713512],[118.8841631,32.0714308],[118.8839465,32.0716859],[118.88386,32.0717655],[118.8837574,32.0718376],[118.8837151,32.0718825],[118.8836554,32.0719786],[118.883583,32.0721092],[118.8834382,32.0722814],[118.8832866,32.0724155],[118.8831723,32.0725005],[118.8831381,32.0725451],[118.883115,32.0726047],[118.8830999,32.07264],[118.8830801,32.0726644],[118.8830006,32.0727238],[118.8829336,32.0727843],[118.8828639,32.0728323],[118.8827881,32.0728471],[118.8827542,32.0728712],[118.8827247,32.0729107]]],[[[118.8796583,32.0754793],[118.8797213,32.0754293],[118.8798018,32.0753866],[118.8798836,32.0753491],[118.8799667,32.0753258],[118.8800204,32.0753253],[118.8800519,32.0753361],[118.880076,32.075377],[118.8800801,32.0754679],[118.8800653,32.0755969],[118.880066,32.0756258],[118.8800861,32.0756435],[118.8801082,32.0756526],[118.8801612,32.0756366],[118.8802008,32.0756133],[118.8802363,32.0755912],[118.8803007,32.0755685],[118.8803899,32.0755526],[118.8805132,32.0755287],[118.8805481,32.075519],[118.8805662,32.0754929],[118.8805776,32.0754554],[118.8805991,32.0753844],[118.8806366,32.075327],[118.8806862,32.0752844],[118.8807392,32.0752645],[118.8807788,32.0752582],[118.8808512,32.0752605],[118.8809028,32.0752611],[118.8809397,32.0752344],[118.8809726,32.07519],[118.8809853,32.0751298],[118.8810041,32.0750986],[118.8810383,32.0750639],[118.8810792,32.0750446],[118.8811013,32.0750173],[118.8810906,32.074977],[118.881045,32.0749236],[118.8810141,32.0748457],[118.8810048,32.0748094],[118.8810081,32.0747571],[118.8810115,32.0747003],[118.8810048,32.0746287],[118.8809712,32.0745895],[118.8808405,32.0745355],[118.8807499,32.0744963],[118.880699,32.074461],[118.8806822,32.0744207],[118.8806728,32.0743764],[118.880695,32.074323],[118.8807452,32.0742804],[118.880813,32.0742463],[118.8808747,32.0742162],[118.8809015,32.0741713],[118.8809216,32.0740906],[118.8809364,32.0739798],[118.8809444,32.0739303],[118.8809712,32.0738968],[118.8810108,32.0738559],[118.8810638,32.0738338],[118.8811248,32.0738326],[118.8811905,32.0738553],[118.8812515,32.0738917],[118.8812985,32.0739593],[118.881338,32.0740224],[118.881387,32.0740588],[118.8815479,32.0741031],[118.8815995,32.0741042],[118.8816719,32.0740713],[118.881688,32.0740366],[118.8817068,32.0739616],[118.8816954,32.0739036],[118.8816746,32.073861],[118.8816753,32.0738019],[118.8816833,32.0737372],[118.8816733,32.0736815],[118.8816451,32.0736514],[118.8816424,32.0736207],[118.8816592,32.0735639],[118.8817082,32.0734872],[118.8817759,32.0734212],[118.8819019,32.0733593],[118.8821018,32.0733013],[118.8822815,32.0732809],[118.8824163,32.07324],[118.8824478,32.0732198],[118.8824652,32.073184],[118.8825041,32.0730942],[118.8825618,32.0730232],[118.8825732,32.0730226],[118.8825883,32.0730363],[118.8825909,32.0730499],[118.8825497,32.0731181],[118.8825192,32.0731806],[118.8825101,32.0732155],[118.8825162,32.0732371],[118.8825477,32.0732451],[118.8825772,32.0732684],[118.8825987,32.0732991],[118.8825933,32.0733275],[118.8825712,32.0733502],[118.8825162,32.0734093],[118.8824337,32.0735224],[118.8823787,32.0736042],[118.8823365,32.0736752],[118.8822915,32.0737372],[118.8822446,32.0737889],[118.8821279,32.0739048],[118.8819925,32.0740309],[118.8819509,32.0740781],[118.8819234,32.074111],[118.8818604,32.0742343],[118.8818047,32.0743366],[118.8817578,32.0744451],[118.8817048,32.0745406],[118.8816606,32.0746116],[118.8816364,32.0746338],[118.8816029,32.07464],[118.8815606,32.074615],[118.8815399,32.0745673],[118.8815432,32.0745173],[118.8815499,32.0744554],[118.88156,32.0743843],[118.8815935,32.0743156],[118.8816129,32.0742656],[118.8815888,32.0742281],[118.8815452,32.0741906],[118.8814694,32.0741662],[118.881389,32.0741599],[118.881344,32.0741673],[118.8813132,32.0741877],[118.8813025,32.0742417],[118.8812978,32.0742929],[118.881281,32.074327],[118.8812508,32.0743883],[118.8812495,32.0744281],[118.8812508,32.0744883],[118.8812267,32.07454],[118.8811979,32.0745986],[118.8811308,32.0746866],[118.8810953,32.0747531],[118.8810919,32.0748042],[118.8811,32.0748446],[118.8811281,32.0748838],[118.8811664,32.0749361],[118.8811731,32.0749827],[118.8811617,32.075023],[118.8811556,32.0750821],[118.8811623,32.0751366],[118.8811583,32.0751946],[118.8811167,32.075256],[118.8810436,32.0753196],[118.8809236,32.0753929],[118.8808297,32.0754628],[118.8808022,32.0755026],[118.880764,32.0755497],[118.8807003,32.075606],[118.8806621,32.0756196],[118.8805997,32.075623],[118.8804562,32.0756082],[118.8803805,32.0756094],[118.8803443,32.075623],[118.8802738,32.0756605],[118.8802182,32.0756889],[118.8801639,32.075698],[118.880127,32.0756974],[118.8800955,32.0756849],[118.8800244,32.0756673],[118.8799822,32.0756815],[118.8799459,32.0757173],[118.8799205,32.0757696],[118.8798856,32.0758082],[118.8798306,32.0758241],[118.8797569,32.075827],[118.879722,32.0758423],[118.8797039,32.0758707],[118.8797106,32.0759179],[118.8797455,32.0759696],[118.8797535,32.0759957],[118.8797441,32.0760264],[118.8797106,32.0760878],[118.8796683,32.0761435],[118.8796066,32.0761679],[118.8795242,32.0761838],[118.8794786,32.0762054],[118.8794645,32.0762361],[118.8794611,32.0763088],[118.8794296,32.0763673],[118.8793867,32.0764003],[118.8793163,32.0764196],[118.8792606,32.0764202],[118.8792164,32.0764367],[118.8791775,32.0764367],[118.8791306,32.0764185],[118.8790783,32.0763696],[118.8790601,32.0763213],[118.8790534,32.0762543],[118.8790796,32.0761929],[118.8791493,32.0760974],[118.8791748,32.0760543],[118.8791922,32.075981],[118.8792472,32.0758969],[118.8793264,32.0758168],[118.8794196,32.0757497],[118.8794927,32.0756702],[118.8795517,32.0755872],[118.8796013,32.0755276],[118.8796583,32.0754793]],[[118.8794176,32.076108],[118.8794373,32.0761054],[118.8794973,32.0760534],[118.8795171,32.0760182],[118.8795128,32.0760003],[118.8794809,32.0759886],[118.8794521,32.0759972],[118.8794229,32.0760366],[118.8794108,32.0760741],[118.8794115,32.0760991],[118.8794176,32.076108]],[[118.8795366,32.0756943],[118.8795423,32.0757244],[118.8795587,32.0757457],[118.8795929,32.0757614],[118.8796258,32.0757668],[118.8796727,32.0757483],[118.8797196,32.0757068],[118.8797807,32.0756699],[118.8798574,32.0756349],[118.8799228,32.0756],[118.8799654,32.0755619],[118.8799778,32.0755301],[118.8799701,32.0754954],[118.8799459,32.075473],[118.8799114,32.0754673],[118.8798822,32.0754815],[118.8798326,32.0755196],[118.8797843,32.0755724],[118.8797424,32.0755997],[118.879672,32.0756219],[118.8796184,32.0756332],[118.8795611,32.0756562],[118.8795366,32.0756943]]]]}},{"type":"Feature","id":"relation/17728128","properties":{"natural":"water","osm_id":"relation/17728128","label":"","category":"water"},"geometry":{"type":"Polygon","coordinates":[[[118.8831693,32.0226267],[118.8822681,32.0222901],[118.8814393,32.0219922],[118.8804978,32.0215124],[118.8800365,32.0212258],[118.8790011,32.0202502],[118.8783896,32.0197181],[118.8779256,32.0193724],[118.8775742,32.0191154],[118.876614,32.0181898],[118.8759756,32.0174917],[118.8755143,32.0170346],[118.8746265,32.0162227],[118.8740686,32.0158519],[118.8732854,32.0154107],[118.8722286,32.0148217],[118.871448,32.014451],[118.8711449,32.0142509],[118.8708901,32.0139825],[118.8706782,32.0136232],[118.8704315,32.0129295],[118.8703349,32.0125383],[118.8703698,32.0119947],[118.8704208,32.01174],[118.87041,32.0114716],[118.8703108,32.0111669],[118.8700774,32.0108121],[118.8697153,32.0104209],[118.8692677,32.0099664],[118.8692842,32.0095258],[118.8700595,32.0096981],[118.8704413,32.0100749],[118.8707319,32.0104209],[118.8709089,32.0108394],[118.8710108,32.0113693],[118.8709304,32.0116832],[118.870858,32.0124291],[118.8708767,32.0127043],[118.8710162,32.0130409],[118.8715929,32.0139165],[118.8717753,32.0141167],[118.8721696,32.0143828],[118.8727596,32.014658],[118.8737494,32.0151742],[118.8742617,32.015438],[118.8748276,32.0158451],[118.8754955,32.0164796],[118.8765469,32.0174348],[118.8777539,32.01844],[118.8787517,32.0193724],[118.8797709,32.0204777],[118.879956,32.0205936],[118.8802162,32.0206459],[118.8804308,32.0206141],[118.8806587,32.0206596],[118.881053,32.0208324],[118.8813347,32.0210621],[118.8814232,32.0212327],[118.8814312,32.0213964],[118.8816914,32.0214646],[118.8818389,32.0214464],[118.882083,32.0214669],[118.8824156,32.0215829],[118.8825966,32.0216932],[118.8826717,32.0218637],[118.8826758,32.0219865],[118.8827455,32.0220775],[118.8834,32.0223379],[118.8839686,32.0226244],[118.8837567,32.0228996],[118.8831693,32.0226267]],[[118.8817678,32.0216022],[118.8817933,32.0216397],[118.8819569,32.0217125],[118.8823968,32.0218887],[118.8824464,32.0218933],[118.8824733,32.0218671],[118.88248,32.0218182],[118.8824719,32.0217682],[118.8824344,32.021717],[118.8823673,32.0216852],[118.8823606,32.0216579],[118.8823472,32.0216386],[118.8823096,32.0216306],[118.8822614,32.0216318],[118.8821299,32.0215817],[118.8819797,32.0215397],[118.8818993,32.021526],[118.8818362,32.0215374],[118.8817719,32.0215692],[118.8817678,32.0216022]],[[118.8804133,32.0209325],[118.880699,32.0211258],[118.8810463,32.0213134],[118.8812233,32.0213919],[118.8812837,32.0213714],[118.8813038,32.0213202],[118.8813038,32.0212679],[118.8812502,32.0211588],[118.8810879,32.0209962],[118.8809122,32.0208665],[118.8806266,32.0207301],[118.8805421,32.0207142],[118.8804334,32.0207289],[118.8803771,32.0207483],[118.8803315,32.0208108],[118.8803489,32.0208734],[118.8804133,32.0209325]]]}},{"type":"Feature","id":"relation/17728129","properties":{"natural":"water","osm_id":"relation/17728129","label":"","category":"water"},"geometry":{"type":"Polygon","coordinates":[[[118.890654,32.0267575],[118.8906151,32.0266961],[118.8902892,32.0268336],[118.8889736,32.0262356],[118.8888797,32.026206],[118.8887456,32.0262072],[118.8885874,32.0262345],[118.8884063,32.0263402],[118.8880952,32.0267916],[118.8880871,32.026853],[118.8879141,32.0267564],[118.8880281,32.0266551],[118.8880724,32.0265687],[118.8880979,32.0264732],[118.8880952,32.0263584],[118.8881944,32.026181],[118.8882574,32.0261321],[118.888358,32.026073],[118.8885672,32.0257126],[118.8886048,32.0255875],[118.8886598,32.0255295],[118.8887389,32.0254749],[118.8889615,32.0251236],[118.8889776,32.0249781],[118.8889776,32.02487],[118.8889186,32.0247609],[118.888869,32.0247006],[118.8882306,32.0244937],[118.8877559,32.0243038],[118.8871202,32.0239411],[118.8868734,32.0239388],[118.8856852,32.0242094],[118.8854612,32.0242492],[118.8851407,32.0242583],[118.8847974,32.024181],[118.8845211,32.0240537],[118.8843481,32.0239286],[118.8842314,32.0237956],[118.8841322,32.0235045],[118.8840464,32.0231293],[118.883923,32.023011],[118.8837567,32.0228996],[118.8839686,32.0226244],[118.8842851,32.0228132],[118.8844407,32.0230133],[118.8845828,32.023426],[118.8848792,32.0236193],[118.8852145,32.0237944],[118.8853821,32.0238137],[118.8856101,32.0237364],[118.885987,32.0235659],[118.8863383,32.0234556],[118.886687,32.0234647],[118.8870773,32.0235681],[118.8875547,32.0237728],[118.8879436,32.0240355],[118.8881515,32.0241503],[118.8890487,32.0244687],[118.8893437,32.024604],[118.8896562,32.0247643],[118.8898225,32.0248712],[118.8899446,32.0249508],[118.890135,32.0249997],[118.8902973,32.0249849],[118.8904354,32.0249246],[118.890599,32.0249655],[118.8907237,32.0250713],[118.8907224,32.0251941],[118.8910201,32.0253066],[118.8913393,32.0251725],[118.8915579,32.025077],[118.8918369,32.0252191],[118.8917765,32.0252794],[118.8916343,32.0254943],[118.8917389,32.0260389],[118.8917792,32.0260343],[118.8918114,32.0262288],[118.8918301,32.0263516],[118.891872,32.0264477],[118.8916551,32.0265464],[118.891641,32.0265187],[118.891523,32.0263527],[118.890654,32.0267575]],[[118.8897783,32.025401],[118.8898829,32.0253692],[118.8899861,32.0253192],[118.8899928,32.0252111],[118.8899633,32.0251782],[118.8897528,32.0250758],[118.8896817,32.0250383],[118.8896026,32.0250429],[118.8895529,32.0250679],[118.88951,32.0251418],[118.8895369,32.0252418],[118.8896267,32.0253533],[118.8897783,32.025401]]]}},{"type":"Feature","id":"relation/18841456","properties":{"natural":"water","osm_id":"relation/18841456","label":"","category":"water"},"geometry":{"type":"Polygon","coordinates":[[[118.8792734,32.0898363],[118.8794303,32.0897239],[118.8794236,32.0897],[118.8794558,32.0896443],[118.8794705,32.0896068],[118.8794826,32.0895591],[118.8794987,32.0895102],[118.8795201,32.089483],[118.8795617,32.0894671],[118.8796368,32.0894375],[118.8796905,32.0894148],[118.8797213,32.0893796],[118.8797562,32.0893432],[118.8798192,32.0893262],[118.87996,32.0893137],[118.880078,32.0893035],[118.8801411,32.0893285],[118.8802443,32.0893273],[118.8802926,32.0893171],[118.8803476,32.0892966],[118.8803959,32.089291],[118.8804321,32.0892921],[118.8804348,32.0893171],[118.8804241,32.0893319],[118.8803932,32.089341],[118.8803248,32.0893569],[118.8802443,32.0893739],[118.8802215,32.0893944],[118.8802524,32.0894125],[118.8803221,32.0893955],[118.8804415,32.089375],[118.8804589,32.0893671],[118.8804831,32.0893421],[118.8805139,32.0893046],[118.880534,32.0892796],[118.8805394,32.0892614],[118.8805206,32.0892398],[118.8805179,32.0892205],[118.8805582,32.0892069],[118.8806011,32.0891944],[118.8806172,32.0891921],[118.8807191,32.089208],[118.8808063,32.0891637],[118.8808545,32.0891751],[118.8808398,32.0892057],[118.8807835,32.0892364],[118.8807466,32.0892574],[118.8807406,32.0892773],[118.880762,32.0892978],[118.8808425,32.0892841],[118.880933,32.0892728],[118.8809752,32.0892501],[118.8810007,32.0892523],[118.8810101,32.0892864],[118.8809592,32.0893069],[118.8809229,32.0893296],[118.8809055,32.0893921],[118.880821,32.0894114],[118.8807379,32.0894182],[118.8806561,32.0894273],[118.8805407,32.0894228],[118.8804737,32.0894193],[118.8803892,32.0894182],[118.8802859,32.0894421],[118.8802403,32.0894739],[118.8801853,32.0895137],[118.8801169,32.0895114],[118.8800378,32.0895273],[118.8799587,32.0895614],[118.8797508,32.0896784],[118.8796972,32.089683],[118.8796435,32.0896795],[118.8796033,32.0896954],[118.8795778,32.0897364],[118.8795497,32.0897659],[118.8795,32.0897909],[118.8794585,32.0898113],[118.8794155,32.089842],[118.8793968,32.0898704],[118.8792734,32.0898363]],[[118.8795356,32.0896085],[118.879553,32.0896142],[118.8795952,32.0896125],[118.8796214,32.0895949],[118.8796435,32.0895563],[118.8796569,32.0895267],[118.8796496,32.0895017],[118.8796281,32.0894921],[118.8795986,32.0894955],[118.8795678,32.0895046],[118.8795396,32.0895222],[118.8795228,32.0895517],[118.8795195,32.0895841],[118.8795356,32.0896085]]]}},{"type":"Feature","id":"relation/19719753","properties":{"name":"北门湖","natural":"water","osm_id":"relation/19719753","label":"北门湖","category":"water"},"geometry":{"type":"Polygon","coordinates":[[[118.7951393,32.0947681],[118.795226,32.0947959],[118.7952743,32.0948959],[118.7952421,32.0949686],[118.7951347,32.095066],[118.7951108,32.0951342],[118.7951402,32.0952458],[118.7951284,32.0953321],[118.7950747,32.0954046],[118.7949943,32.0954183],[118.7949041,32.095423],[118.7948065,32.0954001],[118.7947368,32.0953685],[118.7946591,32.0953707],[118.7945756,32.0954067],[118.7945243,32.0954414],[118.7944696,32.0954548],[118.7943838,32.095423],[118.7943291,32.0953503],[118.7943576,32.0952824],[118.7943863,32.0952478],[118.7945003,32.095167],[118.7946144,32.0951085],[118.7947314,32.0950901],[118.7948329,32.0950199],[118.7949052,32.094898],[118.7950129,32.0947955],[118.7950689,32.09476],[118.7951393,32.0947681]],[[118.7950151,32.0951545],[118.7950558,32.0951279],[118.7950664,32.0951209],[118.7951015,32.0950813],[118.7951015,32.0950318],[118.7950664,32.0950061],[118.7950267,32.0950101],[118.7949894,32.0949903],[118.7949427,32.0949903],[118.7948983,32.0950259],[118.794875,32.0950615],[118.7948796,32.095109],[118.7948913,32.0951565],[118.7949263,32.0951683],[118.7949754,32.0951683],[118.7950151,32.0951545]]]}},{"type":"Feature","id":"way/62700582","properties":{"name":"琵琶湖","natural":"water","osm_id":"way/62700582","label":"琵琶湖","category":"water"},"geometry":{"type":"Polygon","coordinates":[[[118.8170895,32.0548955],[118.8172174,32.0549161],[118.8173506,32.054879],[118.817455,32.0547292],[118.8175787,32.0546437],[118.817706,32.0546279],[118.8179373,32.0546237],[118.8181421,32.0546922],[118.8182576,32.0548409],[118.8183228,32.0549833],[118.8183602,32.0552176],[118.8184309,32.0553059],[118.8185231,32.05538],[118.8186118,32.0554087],[118.8186783,32.0556024],[118.8185967,32.0556004],[118.8185152,32.0556589],[118.8185022,32.0557275],[118.8185235,32.0558003],[118.8185895,32.0558611],[118.8188595,32.0560066],[118.8191064,32.0561551],[118.8192504,32.0562085],[118.8193122,32.0562799],[118.819289,32.0563408],[118.819248,32.0563896],[118.8190869,32.0564216],[118.8189025,32.0564764],[118.8187814,32.056501],[118.8186513,32.0564969],[118.8185288,32.0564787],[118.8184725,32.0564743],[118.8184476,32.0565267],[118.8184147,32.0565541],[118.818347,32.0565716],[118.8182776,32.0565463],[118.8182024,32.0565447],[118.8181214,32.0565504],[118.8181053,32.0565056],[118.8180776,32.0564657],[118.8179891,32.0564653],[118.8179006,32.056492],[118.8178145,32.0564987],[118.8177372,32.0564708],[118.8176857,32.0564098],[118.8176139,32.0563537],[118.8174727,32.0562968],[118.8173661,32.056275],[118.8172479,32.0562828],[118.8171511,32.0563052],[118.8170369,32.0563054],[118.8169489,32.0563054],[118.8168114,32.0562882],[118.8167245,32.0562537],[118.8166695,32.0562494],[118.8166144,32.0562623],[118.816572,32.0563171],[118.8164044,32.0562988],[118.8162456,32.0562361],[118.8162377,32.0561944],[118.8162095,32.0561478],[118.8161484,32.0561307],[118.8160845,32.0561308],[118.8160029,32.0560449],[118.815863,32.0559844],[118.8157559,32.0558821],[118.8157183,32.0556915],[118.815733,32.0554891],[118.815625,32.0553946],[118.8155786,32.055314],[118.81565,32.0551667],[118.8158076,32.0550504],[118.8160242,32.054942],[118.8164983,32.0548214],[118.8168067,32.05477],[118.8169839,32.0548009],[118.8170895,32.0548955]]]}},{"type":"Feature","id":"way/62700589","properties":{"name":"前湖","natural":"water","osm_id":"way/62700589","label":"前湖","category":"water"},"geometry":{"type":"Polygon","coordinates":[[[118.8259689,32.0480919],[118.8260996,32.0481015],[118.8262486,32.0481748],[118.8265862,32.0483381],[118.8269474,32.0484699],[118.8273021,32.0487],[118.8275995,32.0489758],[118.827989,32.0494047],[118.8280447,32.0494769],[118.8280512,32.0495711],[118.828041,32.0496516],[118.8280148,32.0497475],[118.8279769,32.0498265],[118.8279329,32.0499035],[118.827871,32.0499937],[118.8278306,32.0500272],[118.82777,32.0500361],[118.8277095,32.0500551],[118.8276332,32.0501509],[118.8274225,32.0502796],[118.8272767,32.0503617],[118.8271336,32.0504066],[118.8269541,32.0504754],[118.8265913,32.0505896],[118.8262125,32.0507307],[118.826066,32.0508291],[118.825844,32.0510194],[118.8257521,32.051162],[118.8257284,32.0513184],[118.8257644,32.0514777],[118.8258424,32.0516007],[118.8259605,32.0518849],[118.8260168,32.0520417],[118.8260275,32.0521713],[118.8259524,32.0522441],[118.8257394,32.0523652],[118.8256181,32.0524264],[118.8254956,32.0524842],[118.8253245,32.0525031],[118.8251616,32.052462],[118.8250858,32.0524143],[118.8249646,32.0522703],[118.8248608,32.0521622],[118.824797,32.0521082],[118.8247561,32.0520537],[118.8246744,32.051836],[118.8246006,32.0516922],[118.8245728,32.0516703],[118.8245583,32.0516689],[118.8245422,32.0516802],[118.8244812,32.0518008],[118.8244531,32.0518366],[118.8243987,32.051836],[118.8243417,32.0518258],[118.8242546,32.0517996],[118.8241325,32.0517735],[118.8240628,32.0517456],[118.823983,32.0517161],[118.8239079,32.0516894],[118.8238308,32.0516342],[118.823747,32.0515405],[118.8236976,32.0514149],[118.8236668,32.0512929],[118.8236518,32.0512232],[118.8235947,32.0511097],[118.8234928,32.0510005],[118.8233346,32.0508482],[118.8232434,32.0506709],[118.8232675,32.0505572],[118.8233793,32.0504266],[118.8235948,32.0502339],[118.8259689,32.0480919]]]}},{"type":"Feature","id":"way/89782443","properties":{"name":"白马湖","natural":"water","osm_id":"way/89782443","label":"白马湖","category":"water"},"geometry":{"type":"Polygon","coordinates":[[[118.8111205,32.0636286],[118.8110633,32.0637053],[118.8107701,32.0635911],[118.8105663,32.063596],[118.810435,32.0636668],[118.8103358,32.0637437],[118.8101644,32.0636877],[118.8100252,32.0636801],[118.8098753,32.0637028],[118.8097651,32.0637531],[118.8096442,32.0638217],[118.808992,32.0618125],[118.8090022,32.0617173],[118.8090565,32.061637],[118.8090682,32.0615511],[118.8093236,32.061547],[118.8093225,32.0616719],[118.8098211,32.061668],[118.809883,32.061644],[118.8100506,32.0616424],[118.8101134,32.0615595],[118.8101455,32.0614524],[118.8101126,32.0613592],[118.8100797,32.0612661],[118.8101337,32.0611626],[118.8103017,32.0611498],[118.8104561,32.0612216],[118.810532,32.0613163],[118.8106625,32.0614242],[118.8105716,32.0614479],[118.8105662,32.0615693],[118.8104904,32.0616347],[118.8103036,32.0616685],[118.8101652,32.0617396],[118.8100136,32.0618256],[118.8098959,32.0619422],[118.8098681,32.0621098],[118.8098579,32.0623222],[118.8099595,32.0625176],[118.8100594,32.0626748],[118.8101593,32.062832],[118.8102559,32.0629639],[118.8103525,32.0630732],[118.8105412,32.0631679],[118.8106806,32.0632513],[118.8107897,32.0633657],[118.8111205,32.0636286]]]}},{"type":"Feature","id":"way/89931653","properties":{"name":"上黄马水库（留云湖）","natural":"water","osm_id":"way/89931653","label":"上黄马水库留云湖","category":"water"},"geometry":{"type":"Polygon","coordinates":[[[118.8690666,32.0787387],[118.8687233,32.0791024],[118.8685838,32.0790296],[118.8682942,32.0791114],[118.8682727,32.0792751],[118.8672535,32.0795023],[118.8671462,32.079466],[118.8666527,32.0795751],[118.8663952,32.0794933],[118.8661162,32.0795387],[118.8659767,32.0792387],[118.8665835,32.0785837],[118.8666205,32.0784296],[118.8665025,32.0781387],[118.8666205,32.0780115],[118.8666312,32.0777024],[118.8668243,32.0773751],[118.867114,32.0775024],[118.8683156,32.0778933],[118.8686053,32.0778206],[118.8690666,32.0787387]]]}},{"type":"Feature","id":"way/89931656","properties":{"name":"下黄马水库","natural":"water","osm_id":"way/89931656","label":"下黄马水库","category":"water"},"geometry":{"type":"Polygon","coordinates":[[[118.8718262,32.0773338],[118.8715862,32.0773372],[118.8713039,32.0774713],[118.8713247,32.0774986],[118.8711664,32.0775634],[118.8709679,32.0775884],[118.8706487,32.0778134],[118.8704717,32.0778679],[118.870284,32.0778679],[118.8701069,32.0779634],[118.8699996,32.0779815],[118.869997,32.0778906],[118.8699701,32.0777225],[118.8700506,32.0776156],[118.870182,32.0774952],[118.8702813,32.0774884],[118.8703403,32.0774043],[118.8704529,32.0772429],[118.8705736,32.077177],[118.8706031,32.0771679],[118.8706487,32.0769815],[118.8703886,32.0766134],[118.8703403,32.0764997],[118.8703966,32.0763634],[118.8704181,32.0761974],[118.8706085,32.0760543],[118.8710833,32.0760088],[118.8713166,32.0758634],[118.8715124,32.0756474],[118.8717538,32.0753974],[118.8719174,32.0752883],[118.8719416,32.0752111],[118.8718906,32.0751656],[118.8717619,32.0751702],[118.8716063,32.0751633],[118.871448,32.0751338],[118.8713622,32.0751611],[118.8711879,32.075202],[118.8710538,32.0751133],[118.870925,32.0749088],[118.8706622,32.0745974],[118.8705066,32.0744974],[118.8705093,32.0742997],[118.8705415,32.0741951],[118.8706622,32.0741679],[118.8708553,32.0741792],[118.8710028,32.0742451],[118.8713139,32.0742974],[118.8715017,32.0742883],[118.8715553,32.0742474],[118.8716358,32.0741406],[118.8716492,32.0740088],[118.8715795,32.0739338],[118.8715875,32.0738838],[118.8716304,32.0738474],[118.8717002,32.0738565],[118.8718048,32.0739019],[118.8718826,32.0738201],[118.8718879,32.0737019],[118.8717806,32.0736019],[118.8718155,32.0735587],[118.8719496,32.0735383],[118.871963,32.073636],[118.8719442,32.0736701],[118.8720301,32.073736],[118.8721991,32.0737656],[118.8723037,32.0738019],[118.8724861,32.0738338],[118.8726899,32.0738292],[118.8729554,32.0736656],[118.8731221,32.0736478],[118.874592,32.0755387],[118.8745514,32.0756543],[118.874436,32.075727],[118.8743368,32.0757452],[118.8742536,32.0758384],[118.8743475,32.0759543],[118.8743073,32.0760861],[118.8742939,32.0761588],[118.8743153,32.0762384],[118.8743019,32.0763134],[118.8741919,32.076427],[118.8741249,32.0765338],[118.8740471,32.076552],[118.8739854,32.0764656],[118.8739586,32.0763884],[118.8738754,32.0762679],[118.8737521,32.0762838],[118.8736716,32.0763474],[118.8736555,32.076502],[118.8734677,32.0765838],[118.8732988,32.076627],[118.8731459,32.0766702],[118.8730815,32.0767725],[118.8730279,32.0768611],[118.873044,32.0769361],[118.8731083,32.077027],[118.8729528,32.0771247],[118.8727704,32.0771952],[118.8725853,32.0773156],[118.8724317,32.0773384],[118.8724317,32.0772338],[118.8722031,32.0772339],[118.8722084,32.077685],[118.8721568,32.0776793],[118.8721515,32.0773758],[118.8721112,32.0773173],[118.8720857,32.0773105],[118.872085,32.0772355],[118.8719945,32.0772355],[118.8719952,32.0772156],[118.8718892,32.0772168],[118.8718262,32.0773338]]]}},{"type":"Feature","id":"way/89931663","properties":{"name":"军民友谊水库","natural":"water","osm_id":"way/89931663","label":"军民友谊水库","category":"water"},"geometry":{"type":"Polygon","coordinates":[[[118.858134,32.0836022],[118.8577031,32.0851976],[118.8576726,32.0853293],[118.8574898,32.0858857],[118.857455,32.0861834],[118.8558108,32.086222],[118.8555908,32.0861493],[118.8553655,32.0859607],[118.8553655,32.0859379],[118.8553414,32.0858129],[118.855269,32.0857061],[118.8553119,32.0854653],[118.8553011,32.0853403],[118.8553253,32.0852675],[118.8553521,32.0851153],[118.8552502,32.0849062],[118.8550624,32.0847517],[118.8550758,32.0847221],[118.8551643,32.0846335],[118.8552314,32.0845358],[118.8554111,32.0845153],[118.855572,32.0846153],[118.8556981,32.0846131],[118.855741,32.0844676],[118.8557678,32.0844722],[118.8558537,32.0845244],[118.8558617,32.084629],[118.8560146,32.0846858],[118.8560522,32.0847903],[118.8561594,32.084938],[118.856315,32.084963],[118.8564008,32.0849335],[118.8565752,32.0848153],[118.85672,32.0846471],[118.8570289,32.0839476],[118.8570182,32.0837749],[118.8573937,32.0834022],[118.8575637,32.0833914],[118.8578228,32.0833749],[118.858134,32.0836022]]]}},{"type":"Feature","id":"way/95763694","properties":{"name":"燕雀湖","natural":"water","osm_id":"way/95763694","label":"燕雀湖","category":"water"},"geometry":{"type":"Polygon","coordinates":[[[118.8291255,32.0469448],[118.8291496,32.0473358],[118.8291308,32.0474154],[118.8289914,32.0474745],[118.8288519,32.0475631],[118.8287553,32.0476404],[118.8286641,32.0476404],[118.8285488,32.0476291],[118.8284039,32.0476132],[118.8282645,32.0474881],[118.8281411,32.047354],[118.8280231,32.0470721],[118.8279024,32.0467629],[118.8279024,32.0466378],[118.8278621,32.0465333],[118.8279051,32.0462241],[118.8279963,32.0459035],[118.8281347,32.0456419],[118.8284817,32.0453488],[118.8286936,32.045392],[118.8287124,32.0456193],[118.8287741,32.0457057],[118.8288841,32.0458239],[118.828986,32.0460399],[118.8290986,32.0462172],[118.8290557,32.0462582],[118.8291576,32.0464105],[118.8292462,32.0463627],[118.8292274,32.0465037],[118.8291576,32.0468015],[118.8291255,32.0469448]]]}},{"type":"Feature","id":"way/95921003","properties":{"name":"沧池松影","natural":"water","osm_id":"way/95921003","label":"沧池松影","category":"water"},"geometry":{"type":"Polygon","coordinates":[[[118.8607299,32.0540734],[118.8605817,32.0539922],[118.8605045,32.053851],[118.8604675,32.0537175],[118.8607206,32.0536547],[118.860983,32.0536207],[118.8613905,32.0536103],[118.8616405,32.0536417],[118.8617455,32.0537306],[118.8617517,32.0539609],[118.8616467,32.0540184],[118.8612361,32.0540812],[118.8609676,32.0540969],[118.8607299,32.0540734]]]}},{"type":"Feature","id":"way/133049757","properties":{"natural":"water","source":"bing","osm_id":"way/133049757","label":"","category":"water"},"geometry":{"type":"Polygon","coordinates":[[[118.8481395,32.0332596],[118.8481663,32.0316861],[118.8482854,32.0316936],[118.8482875,32.0316538],[118.8482897,32.0316133],[118.8481942,32.0316072],[118.8482092,32.0311813],[118.8493465,32.0311813],[118.8493519,32.0316178],[118.8485901,32.0315951],[118.848397,32.0316087],[118.8483999,32.0316527],[118.8484024,32.0316906],[118.8490139,32.0317133],[118.8490203,32.0319846],[118.8489292,32.0320074],[118.8488809,32.0319437],[118.8483434,32.0319589],[118.8483444,32.0321347],[118.8484346,32.0322864],[118.8483273,32.0322909],[118.8484185,32.0325365],[118.8483916,32.0326456],[118.8484024,32.0328139],[118.848515,32.0329821],[118.8486545,32.033205],[118.8486116,32.0332686],[118.8481395,32.0332596]]]}},{"type":"Feature","id":"way/142560607","properties":{"natural":"water","source":"bing","osm_id":"way/142560607","label":"","category":"water"},"geometry":{"type":"Polygon","coordinates":[[[118.8413399,32.029305],[118.8412913,32.0292484],[118.8413004,32.0291687],[118.8413611,32.0290966],[118.84144,32.0290143],[118.8415462,32.028968],[118.8416676,32.028968],[118.8417951,32.0289834],[118.8418922,32.0290194],[118.841959,32.0288985],[118.842047,32.0289345],[118.8419832,32.0290503],[118.8422291,32.0291995],[118.8422867,32.0293102],[118.8425568,32.029498],[118.8426661,32.0294748],[118.8426479,32.0293745],[118.842572,32.0293179],[118.8425872,32.0292613],[118.8428907,32.0291018],[118.8429574,32.0291867],[118.8426843,32.029287],[118.8427086,32.0294491],[118.8428239,32.02957],[118.8430272,32.0295752],[118.8430485,32.0295495],[118.8431092,32.0295598],[118.8431092,32.0296498],[118.8431881,32.029709],[118.843176,32.0297707],[118.8430121,32.029673],[118.8428421,32.0296678],[118.8427814,32.0295932],[118.8427086,32.0295417],[118.8425568,32.0295366],[118.8424688,32.0296447],[118.8423565,32.0296781],[118.8421744,32.0296575],[118.842138,32.0297064],[118.8420318,32.0297038],[118.8420197,32.0296369],[118.8419377,32.0296447],[118.8418649,32.0296472],[118.8417738,32.0295495],[118.8417769,32.0295083],[118.8416949,32.0294568],[118.8416403,32.029462],[118.8415948,32.0294182],[118.8414855,32.0293925],[118.8414157,32.0293616],[118.8413399,32.029305]]]}},{"type":"Feature","id":"way/155394187","properties":{"name":"王庄水库","natural":"water","osm_id":"way/155394187","label":"王庄水库","category":"water"},"geometry":{"type":"Polygon","coordinates":[[[118.8853633,32.0945731],[118.8853123,32.0945004],[118.8852581,32.0943951],[118.8851884,32.0942996],[118.8850704,32.094186],[118.8849422,32.0941345],[118.8848872,32.0940799],[118.8848504,32.0940451],[118.8847746,32.0940038],[118.8847584,32.0939595],[118.8847759,32.0939096],[118.88477,32.0937838],[118.8847458,32.0937202],[118.884631,32.0936846],[118.8845157,32.0937346],[118.8844621,32.0938619],[118.8844298,32.09388],[118.8843703,32.0938656],[118.8842979,32.093827],[118.8842207,32.0937437],[118.8842528,32.0936278],[118.8843145,32.0935256],[118.8843623,32.0934134],[118.8843864,32.093168],[118.8843676,32.0930499],[118.8842931,32.0929257],[118.8842073,32.0927712],[118.8841912,32.0926734],[118.884218,32.0926121],[118.8842743,32.092603],[118.8843038,32.0926416],[118.8843145,32.0926939],[118.8843575,32.0928075],[118.8844701,32.092887],[118.8845345,32.092937],[118.8845586,32.0929825],[118.884623,32.0929916],[118.8847652,32.0929052],[118.884859,32.092887],[118.8849046,32.0929234],[118.8850012,32.0929484],[118.8850575,32.092912],[118.8850521,32.0927871],[118.8850629,32.0927348],[118.8850924,32.0927234],[118.8851138,32.0926712],[118.8851809,32.0926485],[118.8851943,32.0925848],[118.8854893,32.0926235],[118.8854518,32.0928143],[118.8855644,32.0929257],[118.8854786,32.0934256],[118.8852104,32.0936051],[118.8854867,32.0939119],[118.8856288,32.0938346],[118.8856798,32.0939005],[118.885602,32.0940823],[118.8855966,32.0942118],[118.8856851,32.0943209],[118.8857307,32.0944322],[118.8857281,32.0945527],[118.88561,32.0946504],[118.8854942,32.0946427],[118.8853633,32.0945731]]]}},{"type":"Feature","id":"way/155584690","properties":{"natural":"water","osm_id":"way/155584690","label":"","category":"water"},"geometry":{"type":"Polygon","coordinates":[[[118.8664998,32.0486119],[118.8664175,32.0486268],[118.8663591,32.0486003],[118.8663329,32.0485604],[118.8663864,32.0484858],[118.8664112,32.0484217],[118.8663827,32.0483251],[118.8662977,32.0481736],[118.8662636,32.0480668],[118.8663108,32.047973],[118.8663781,32.0479164],[118.8664463,32.0478809],[118.866533,32.0478893],[118.8666453,32.0479079],[118.866712,32.0480357],[118.8666194,32.0481179],[118.8665876,32.0481772],[118.8666328,32.0483424],[118.8666118,32.0484984],[118.8664998,32.0486119]]]}},{"type":"Feature","id":"way/155584692","properties":{"natural":"water","osm_id":"way/155584692","label":"","category":"water"},"geometry":{"type":"Polygon","coordinates":[[[118.8606044,32.0526291],[118.86054,32.0525291],[118.8604971,32.0524382],[118.8606258,32.0524291],[118.8607868,32.0524291],[118.8609262,32.05232],[118.8611945,32.052229],[118.8615485,32.0519108],[118.8618275,32.0518653],[118.8618918,32.0517835],[118.8621386,32.0518016],[118.8621279,32.0519744],[118.8621386,32.0521017],[118.8619777,32.052129],[118.8616451,32.0524018],[118.8615914,32.052611],[118.8615271,32.0527383],[118.8610443,32.0528201],[118.8608297,32.0527292],[118.8606795,32.0525837],[118.8606044,32.0526291]]]}},{"type":"Feature","id":"way/155584697","properties":{"natural":"water","osm_id":"way/155584697","label":"","category":"water"},"geometry":{"type":"Polygon","coordinates":[[[118.867013,32.0481162],[118.8668851,32.0480907],[118.8668035,32.0480546],[118.8667337,32.0478918],[118.8667659,32.0477303],[118.8667273,32.0473824],[118.8666358,32.0471421],[118.8665275,32.0469932],[118.8665267,32.0466273],[118.8665854,32.0463833],[118.866609,32.0462475],[118.8666698,32.0460566],[118.866693,32.0458987],[118.86667,32.0457728],[118.8666949,32.0455711],[118.8668193,32.0453606],[118.8669811,32.0451654],[118.8672321,32.0446604],[118.8673613,32.0446608],[118.8674497,32.0447442],[118.8675179,32.0448998],[118.8677079,32.0449729],[118.8678858,32.0451113],[118.8682356,32.0456039],[118.8683731,32.0458297],[118.868576,32.0460473],[118.8686266,32.0462919],[118.8686108,32.0463946],[118.8685577,32.0464868],[118.8682393,32.0467079],[118.8681102,32.0468319],[118.8681048,32.0470099],[118.8680971,32.0470682],[118.8680038,32.0471406],[118.8678363,32.0471099],[118.8677527,32.0471469],[118.867678,32.0472872],[118.8676475,32.0474142],[118.8675995,32.0474908],[118.8673637,32.047661],[118.8671671,32.0477914],[118.8671682,32.0479316],[118.8671852,32.0480157],[118.8671215,32.0480845],[118.867013,32.0481162]]]}},{"type":"Feature","id":"way/155585699","properties":{"name":"五棵松水库","natural":"water","osm_id":"way/155585699","label":"五棵松水库","category":"water"},"geometry":{"type":"Polygon","coordinates":[[[118.8743373,32.0513924],[118.8743266,32.0512106],[118.8744017,32.0509651],[118.8738652,32.0509651],[118.8736292,32.0508559],[118.8739618,32.0504467],[118.8742407,32.0498738],[118.8744628,32.0498347],[118.875099,32.0500375],[118.8756644,32.0502439],[118.8758468,32.0503985],[118.8755067,32.0507195],[118.8752063,32.0509287],[118.8750132,32.0511833],[118.8747343,32.051447],[118.8743373,32.0513924]]]}},{"type":"Feature","id":"way/158292522","properties":{"natural":"water","source":"bing","osm_id":"way/158292522","label":"","category":"water"},"geometry":{"type":"Polygon","coordinates":[[[118.8431199,32.0447201],[118.8430193,32.0444871],[118.8428932,32.0443075],[118.8428195,32.0441517],[118.8427028,32.0440392],[118.8424024,32.0439517],[118.8420604,32.0439619],[118.8419035,32.0439289],[118.8417573,32.0438675],[118.8416581,32.043805],[118.8415924,32.0437266],[118.8416004,32.0436709],[118.8416393,32.0436197],[118.8417238,32.0435822],[118.8418955,32.0435265],[118.8420309,32.0434765],[118.8420966,32.0433799],[118.8422388,32.0432867],[118.8423716,32.0432355],[118.8424601,32.0432059],[118.8425378,32.0431502],[118.8425861,32.0430604],[118.8426331,32.043015],[118.8426813,32.0429774],[118.8427846,32.0429748],[118.8427947,32.0429744],[118.8428065,32.0429739],[118.8428959,32.0429922],[118.842959,32.043032],[118.8430434,32.0430468],[118.8430931,32.0430889],[118.8431333,32.0431343],[118.8432379,32.0431696],[118.8432996,32.043198],[118.8433063,32.0432332],[118.8433009,32.0432957],[118.8432392,32.0433196],[118.8431615,32.0433662],[118.8431521,32.043431],[118.8432151,32.0435004],[118.8432325,32.0435743],[118.843191,32.0437243],[118.843195,32.0438039],[118.8433197,32.0439926],[118.8434806,32.0441324],[118.8435155,32.0442404],[118.84349,32.0443473],[118.8433184,32.0447542],[118.8432205,32.0447281],[118.8431199,32.0447201]]]}},{"type":"Feature","id":"way/159606787","properties":{"natural":"water","source":"bing","osm_id":"way/159606787","label":"","category":"water"},"geometry":{"type":"Polygon","coordinates":[[[118.8412768,32.0416562],[118.8412502,32.04139],[118.8414818,32.0412961],[118.8415523,32.0413644],[118.841658,32.04155],[118.8414894,32.0416354],[118.8412768,32.0416562]]]}},{"type":"Feature","id":"way/159606790","properties":{"natural":"water","source":"bing","osm_id":"way/159606790","label":"","category":"water"},"geometry":{"type":"Polygon","coordinates":[[[118.8405114,32.0422476],[118.8403667,32.0422862],[118.8402232,32.0421965],[118.8400419,32.0422157],[118.8400092,32.0420045],[118.8400873,32.0419512],[118.8403138,32.041932],[118.8403793,32.0419682],[118.8405114,32.0422476]]]}},{"type":"Feature","id":"way/164057243","properties":{"natural":"water","source":"bing","osm_id":"way/164057243","label":"","category":"water"},"geometry":{"type":"Polygon","coordinates":[[[118.8511101,32.0302324],[118.8517151,32.0302375],[118.8517111,32.0303973],[118.8514567,32.0304602],[118.8514527,32.0304989],[118.8513636,32.0304972],[118.8513616,32.0304618],[118.8511062,32.0303939],[118.8511101,32.0302324]]]}},{"type":"Feature","id":"way/164059552","properties":{"natural":"water","source":"bing","osm_id":"way/164059552","label":"","category":"water"},"geometry":{"type":"Polygon","coordinates":[[[118.8513526,32.0263122],[118.851355,32.0259666],[118.8516047,32.0259679],[118.8516023,32.0263134],[118.8513526,32.0263122]]]}},{"type":"Feature","id":"way/166719565","properties":{"name":"紫霞湖","natural":"water","osm_id":"way/166719565","label":"紫霞湖","category":"water"},"geometry":{"type":"Polygon","coordinates":[[[118.839187,32.0629046],[118.8391979,32.0629399],[118.8391703,32.0629752],[118.8391068,32.0629736],[118.8390734,32.0629542],[118.8390587,32.0629152],[118.8390283,32.0628786],[118.8389869,32.062871],[118.8389123,32.0628628],[118.8388483,32.0628186],[118.8387039,32.0628209],[118.8386444,32.062796],[118.8385783,32.0627579],[118.8385644,32.0626988],[118.8387479,32.0623508],[118.8387492,32.0622803],[118.838713,32.0622224],[118.8386218,32.0621576],[118.8385347,32.0621212],[118.8382879,32.0620417],[118.8382235,32.0619894],[118.8381578,32.0619178],[118.8380787,32.06172],[118.8380693,32.0616393],[118.8380787,32.0615825],[118.8381383,32.0615235],[118.8394842,32.0613768],[118.8396102,32.0614166],[118.839696,32.0614734],[118.8397551,32.0615473],[118.8398897,32.0618271],[118.8399502,32.0620758],[118.8399618,32.0622293],[118.8399453,32.0623726],[118.8398723,32.0626322],[118.839814,32.0627784],[118.8398186,32.0628633],[118.8398589,32.0629412],[118.8398929,32.0629931],[118.8399489,32.0630265],[118.8399457,32.0630815],[118.8398984,32.0630817],[118.8398507,32.0630402],[118.8397635,32.062962],[118.8397186,32.062965],[118.8396738,32.0629495],[118.8395685,32.0629375],[118.8395253,32.0629243],[118.8393972,32.0627676],[118.8393218,32.0627617],[118.839257,32.0627909],[118.8392073,32.0628212],[118.8391827,32.0628582],[118.839187,32.0629046]]]}},{"type":"Feature","id":"way/224044684","properties":{"name":"梅花湖","natural":"water","osm_id":"way/224044684","label":"梅花湖","category":"water"},"geometry":{"type":"Polygon","coordinates":[[[118.8303993,32.0446873],[118.8304478,32.0447179],[118.8305256,32.0448042],[118.8306557,32.0448872],[118.830779,32.0449418],[118.83094,32.04501],[118.8311183,32.0450077],[118.831282,32.0449645],[118.8315167,32.0448952],[118.8316706,32.0448783],[118.8317299,32.0448237],[118.8317373,32.0447749],[118.8317457,32.0447191],[118.8316814,32.04466],[118.8316009,32.04461],[118.8315419,32.0444918],[118.8315419,32.0443599],[118.8316224,32.0443099],[118.8318101,32.0445054],[118.8319067,32.0445418],[118.8320622,32.0445918],[118.832202,32.0447191],[118.8322288,32.0447737],[118.8322308,32.0448072],[118.8322339,32.0448601],[118.8322771,32.0449465],[118.8323522,32.044992],[118.8324699,32.0450102],[118.8325614,32.0450238],[118.8327438,32.0451284],[118.8330013,32.0452421],[118.8331622,32.0453785],[118.8331461,32.0454694],[118.8330868,32.0455419],[118.8330439,32.045551],[118.8329527,32.0455465],[118.8328562,32.0455101],[118.832835,32.0454694],[118.8328669,32.0454283],[118.8328401,32.0453828],[118.832765,32.0453057],[118.8326792,32.0452693],[118.8325987,32.0452921],[118.8325829,32.0453694],[118.8325075,32.0453873],[118.8323897,32.0453284],[118.8322983,32.0452602],[118.8322071,32.0452466],[118.8321427,32.0452466],[118.8320783,32.0452466],[118.8320193,32.0452193],[118.8319002,32.045151],[118.8317929,32.0451237],[118.8316588,32.0451464],[118.831455,32.0451953],[118.8312498,32.0451669],[118.8310835,32.0451373],[118.8308313,32.0451146],[118.8306007,32.0450566],[118.8304733,32.045018],[118.8303727,32.0449941],[118.8302828,32.0449668],[118.830146,32.0448804],[118.8299755,32.0448192],[118.829836,32.0448465],[118.8295892,32.0449056],[118.8292462,32.0450011],[118.8289029,32.0451738],[118.8286936,32.045392],[118.8284817,32.0453488],[118.8285515,32.0452078],[118.8288653,32.0450327],[118.8291416,32.0449282],[118.829391,32.0448258],[118.8297236,32.0447328],[118.8298306,32.0446782],[118.8300079,32.04466],[118.8301954,32.0446737],[118.8303027,32.0446737],[118.8303993,32.0446873]]]}},{"type":"Feature","id":"way/236944615","properties":{"name":"中央喷泉","natural":"water","osm_id":"way/236944615","label":"中央喷泉","category":"water"},"geometry":{"type":"Polygon","coordinates":[[[118.7889424,32.0574577],[118.7888724,32.0574064],[118.788867,32.05732],[118.7889368,32.0572553],[118.7890199,32.0572518],[118.7890977,32.0573166],[118.7891004,32.0573962],[118.7890333,32.0574576],[118.7889424,32.0574577]]]}},{"type":"Feature","id":"way/313029982","properties":{"natural":"water","osm_id":"way/313029982","label":"","category":"water"},"geometry":{"type":"Polygon","coordinates":[[[118.787082,32.0883015],[118.7870176,32.0885242],[118.7869586,32.0886469],[118.7868621,32.0886696],[118.7867341,32.088606],[118.7863962,32.0883969],[118.7862934,32.0883242],[118.7862827,32.0881787],[118.7863578,32.0879697],[118.7864705,32.0878515],[118.786567,32.0878788],[118.7867824,32.0879515],[118.7871035,32.0881151],[118.787082,32.0883015]]]}},{"type":"Feature","id":"way/368892273","properties":{"natural":"water","osm_id":"way/368892273","label":"","category":"water"},"geometry":{"type":"Polygon","coordinates":[[[118.7896272,32.0655605],[118.7895162,32.0655278],[118.7893713,32.0654847],[118.789308,32.0654195],[118.7892973,32.0653241],[118.7893026,32.0651809],[118.7893402,32.0651604],[118.7893885,32.0651331],[118.789426,32.0650945],[118.7894475,32.065049],[118.7895387,32.0650399],[118.7897533,32.0650286],[118.7899464,32.0650195],[118.790059,32.0650422],[118.7901046,32.0650854],[118.7901315,32.0651604],[118.7900993,32.0652309],[118.7899947,32.0653241],[118.7899169,32.0653923],[118.789823,32.0654627],[118.7897023,32.0655218],[118.7896272,32.0655605]]]}},{"type":"Feature","id":"way/384126642","properties":{"natural":"water","osm_id":"way/384126642","label":"","category":"water"},"geometry":{"type":"Polygon","coordinates":[[[118.8148034,32.0807852],[118.8147968,32.0807459],[118.8147935,32.0807037],[118.8147802,32.0806644],[118.8147901,32.0806391],[118.8148465,32.0805857],[118.8149195,32.0805744],[118.8150124,32.0806025],[118.8150688,32.0806334],[118.815102,32.0806756],[118.8151219,32.0807234],[118.815102,32.0807515],[118.8150389,32.0808162],[118.8148034,32.0807852]]]}},{"type":"Feature","id":"way/384126647","properties":{"name":"西潭","natural":"water","osm_id":"way/384126647","label":"西潭","category":"water"},"geometry":{"type":"Polygon","coordinates":[[[118.8097361,32.0807525],[118.8102243,32.0808516],[118.8101878,32.0809853],[118.810102,32.0809688],[118.8100753,32.081073],[118.8099045,32.081065],[118.809743,32.0811118],[118.8097007,32.0810388],[118.8096627,32.0809798],[118.8096925,32.0809429],[118.8097132,32.080871],[118.8097246,32.0808263],[118.8097361,32.0807525]]]}},{"type":"Feature","id":"way/429822049","properties":{"natural":"water","osm_id":"way/429822049","label":"","category":"water"},"geometry":{"type":"Polygon","coordinates":[[[118.7960406,32.0347424],[118.796329,32.0346884],[118.7965381,32.0352621],[118.7968808,32.0362023],[118.7970471,32.0366616],[118.7973353,32.0375886],[118.7974387,32.0379213],[118.7980802,32.0399685],[118.7983199,32.0407333],[118.798507,32.0414707],[118.798647,32.0418431],[118.7986858,32.0419463],[118.7988467,32.0422995],[118.7989327,32.0424883],[118.7985297,32.042517],[118.7984943,32.0424616],[118.7983443,32.0421462],[118.798263,32.0419394],[118.7982224,32.0412778],[118.7981492,32.0408711],[118.7979378,32.0401819],[118.7971491,32.0377075],[118.7966775,32.036584],[118.7962791,32.0354673],[118.7960406,32.0347424]]]}},{"type":"Feature","id":"way/429822050","properties":{"natural":"water","osm_id":"way/429822050","label":"","category":"water"},"geometry":{"type":"Polygon","coordinates":[[[118.7985297,32.042517],[118.7989327,32.0424883],[118.7992923,32.044112],[118.7994573,32.0448436],[118.7996042,32.0457606],[118.7996229,32.0459288],[118.7996392,32.04639],[118.7996856,32.0469752],[118.7997279,32.0472054],[118.7997746,32.0473776],[118.7998564,32.0478308],[118.799739,32.0479853],[118.7997199,32.0479984],[118.7997463,32.0477859],[118.7996354,32.047308],[118.7995398,32.0465057],[118.7995186,32.0459237],[118.7993346,32.0448198],[118.7991718,32.0442318],[118.7985297,32.042517]]]}},{"type":"Feature","id":"way/440881741","properties":{"name":"竹海湖","natural":"water","osm_id":"way/440881741","label":"竹海湖","category":"water"},"geometry":{"type":"Polygon","coordinates":[[[118.8161597,32.0638169],[118.8168018,32.0627512],[118.8168034,32.0627486],[118.8168463,32.0627236],[118.816967,32.0627486],[118.817085,32.0628509],[118.8171521,32.0629805],[118.8172728,32.0631146],[118.8174203,32.0631896],[118.8175571,32.0632282],[118.8176483,32.0632646],[118.8177046,32.0632964],[118.8177019,32.0633601],[118.8176295,32.0633896],[118.817482,32.0634396],[118.8172916,32.0635533],[118.8169509,32.0637397],[118.8167766,32.0638306],[118.8165888,32.0638738],[118.8162965,32.0638647],[118.8161597,32.0638169]]]}},{"type":"Feature","id":"way/446482296","properties":{"natural":"water","osm_id":"way/446482296","label":"","category":"water"},"geometry":{"type":"Polygon","coordinates":[[[118.7988597,32.0799364],[118.79838,32.079523],[118.7984532,32.0794163],[118.7986402,32.0793611],[118.7986727,32.0793543],[118.7987865,32.0794783],[118.7989451,32.0796126],[118.7990833,32.0796781],[118.7992337,32.0798572],[118.7993069,32.0799846],[118.7994329,32.0801362],[118.7995834,32.0802533],[118.7996769,32.0802671],[118.7999533,32.0803119],[118.800059,32.0805496],[118.8000265,32.0807804],[118.7999655,32.0810043],[118.8000834,32.0811317],[118.8002542,32.0813108],[118.8002257,32.0814245],[118.800055,32.0814727],[118.799872,32.0815003],[118.7996728,32.08149],[118.7994817,32.0814211],[118.7992703,32.0814314],[118.7991321,32.0816656],[118.7989817,32.0817483],[118.7988028,32.0818069],[118.7985792,32.0819825],[118.7984898,32.0820824],[118.7982621,32.0821789],[118.7981361,32.0824131],[118.7980222,32.0825165],[118.7978293,32.0826326],[118.7976807,32.0824131],[118.7978515,32.0822753],[118.7980913,32.0821376],[118.7982743,32.0818999],[118.7983922,32.0817311],[118.7985223,32.0815761],[118.7986483,32.0814073],[118.7988638,32.0812523],[118.7990914,32.0811627],[118.7993272,32.0812488],[118.7995752,32.0812867],[118.7997744,32.0811317],[118.7998232,32.080987],[118.7997744,32.0808458],[118.7998273,32.0807252],[118.7997948,32.0805909],[118.7998273,32.0805048],[118.7995793,32.080398],[118.7993882,32.0803257],[118.7992093,32.0802189],[118.7990508,32.080088],[118.7989817,32.0800329],[118.7988597,32.0799364]]]}},{"type":"Feature","id":"way/446482297","properties":{"natural":"water","osm_id":"way/446482297","label":"","category":"water"},"geometry":{"type":"Polygon","coordinates":[[[118.8003543,32.0771385],[118.8002049,32.0770776],[118.8003787,32.0770443],[118.8003909,32.0770753],[118.8004559,32.0771304],[118.8005901,32.0771855],[118.8007446,32.0772337],[118.8008381,32.0772751],[118.8008828,32.0772682],[118.8009641,32.0772062],[118.801082,32.0770787],[118.8011609,32.0769699],[118.801197,32.076856],[118.8013333,32.0767489],[118.8015039,32.0767317],[118.8016227,32.0766998],[118.8017162,32.076686],[118.8017162,32.076717],[118.8017325,32.0767652],[118.8017284,32.0768307],[118.8017243,32.0769065],[118.8017284,32.0769857],[118.8016796,32.0770615],[118.8016308,32.0771028],[118.8015983,32.0771407],[118.8015414,32.0771993],[118.8014804,32.0772923],[118.8014235,32.0773267],[118.8014641,32.0772268],[118.801517,32.0771717],[118.801582,32.0770753],[118.8016755,32.0769754],[118.8016593,32.0768617],[118.8015902,32.0768134],[118.8014967,32.0768479],[118.8013625,32.0768858],[118.8012365,32.076996],[118.8011796,32.0771028],[118.8010942,32.0772062],[118.8010576,32.0772303],[118.8009966,32.0773026],[118.8008944,32.0773902],[118.8008238,32.077418],[118.8007215,32.0773451],[118.8005548,32.0772704],[118.8003543,32.0771385]]]}},{"type":"Feature","id":"way/446482298","properties":{"natural":"water","osm_id":"way/446482298","label":"","category":"water"},"geometry":{"type":"Polygon","coordinates":[[[118.8014307,32.0750079],[118.8013628,32.0750984],[118.8013182,32.0753145],[118.8012654,32.0754282],[118.8012125,32.0755178],[118.8011678,32.0756005],[118.801058,32.0757796],[118.8009401,32.0758898],[118.8008548,32.0759587],[118.8007694,32.0760552],[118.8006921,32.0761447],[118.800619,32.0762722],[118.8005417,32.0763411],[118.8005173,32.0764961],[118.8004645,32.0765581],[118.8003994,32.0766994],[118.8003791,32.0768923],[118.8002531,32.0769853],[118.800184,32.0770094],[118.8000905,32.077006],[118.7999116,32.0769612],[118.7998799,32.0768898],[118.7998506,32.0768372],[118.7999888,32.0766098],[118.8001067,32.0763893],[118.8002165,32.0762481],[118.8003804,32.0760357],[118.8005092,32.0758554],[118.8006434,32.0756728],[118.8008357,32.0754328],[118.8009971,32.0751928],[118.8012315,32.0750929],[118.8013217,32.0750096],[118.8013038,32.0749696],[118.8012569,32.0749443],[118.8007721,32.0747508],[118.8008753,32.0745688],[118.8013544,32.0747831],[118.8016121,32.0748186],[118.8015838,32.0748899],[118.8021414,32.0750898],[118.8028747,32.0754754],[118.8028008,32.0755983],[118.8018822,32.0752104],[118.8014307,32.0750079]]]}},{"type":"Feature","id":"way/446482299","properties":{"natural":"water","osm_id":"way/446482299","label":"","category":"water"},"geometry":{"type":"Polygon","coordinates":[[[118.8013841,32.0746248],[118.8013299,32.0744457],[118.8014622,32.0742228],[118.8015698,32.0739186],[118.8016918,32.0736981],[118.8017145,32.0735917],[118.8017617,32.0734852],[118.8019682,32.0731469],[118.8021677,32.0727235],[118.8025125,32.0722525],[118.8028121,32.071728],[118.8029639,32.0715298],[118.8029998,32.0714102],[118.8032562,32.071113],[118.8033215,32.071042],[118.8033938,32.0710451],[118.8034414,32.0710214],[118.8034708,32.0709822],[118.8034761,32.0709315],[118.803438,32.0708809],[118.8033788,32.0708483],[118.8032392,32.070784],[118.8031231,32.0707176],[118.8031801,32.0706681],[118.8033051,32.0707098],[118.803595,32.0708117],[118.8039519,32.0709069],[118.8041805,32.070912],[118.8045414,32.0709694],[118.8048289,32.0710269],[118.8052345,32.0710603],[118.8052051,32.0711651],[118.8047842,32.0710935],[118.8046226,32.071097],[118.80429,32.0710178],[118.8040794,32.0709991],[118.8040329,32.0710625],[118.803991,32.0711587],[118.8039547,32.0712858],[118.8039312,32.0714383],[118.8039309,32.0715919],[118.8039691,32.0717401],[118.8040615,32.0718212],[118.8041837,32.0718772],[118.804176,32.0719272],[118.8040508,32.0719504],[118.8039311,32.0719963],[118.803829,32.072058],[118.8037702,32.0721149],[118.803683,32.0722208],[118.8036165,32.0723002],[118.8035394,32.0723295],[118.8035193,32.0722853],[118.8036123,32.0721877],[118.8036616,32.0721365],[118.8036871,32.0720678],[118.8037108,32.0719732],[118.8036623,32.071902],[118.8035896,32.0718221],[118.8034437,32.0718058],[118.8032701,32.0718549],[118.8030486,32.071941],[118.8028608,32.0720247],[118.8028393,32.0720906],[118.8028248,32.0721505],[118.8028577,32.0722014],[118.8029088,32.0722345],[118.8029683,32.0722225],[118.8030028,32.072182],[118.8030191,32.0721272],[118.803081,32.0720772],[118.8031218,32.0721141],[118.8031846,32.0721328],[118.8032475,32.0721325],[118.8032894,32.0721157],[118.8033089,32.0720822],[118.8032806,32.0720494],[118.8033513,32.0720552],[118.8033967,32.0720861],[118.8034132,32.0721418],[118.8034002,32.0722486],[118.8034187,32.0722831],[118.8034807,32.072308],[118.8034657,32.0723531],[118.8034436,32.0724476],[118.8033638,32.072483],[118.8031639,32.0724424],[118.803065,32.0723852],[118.8030447,32.0723567],[118.8029842,32.0723336],[118.8028887,32.0723069],[118.8027916,32.0723547],[118.8026019,32.0726996],[118.802486,32.0730182],[118.8023271,32.0731178],[118.8021839,32.0732943],[118.8021512,32.073426],[118.8022691,32.0735603],[118.8023178,32.0736327],[118.8023606,32.0737156],[118.8024392,32.0737616],[118.802574,32.0737911],[118.8027406,32.0738458],[118.8029419,32.0738656],[118.8030616,32.0738095],[118.803219,32.0737609],[118.8033856,32.0737401],[118.8033853,32.073789],[118.8033852,32.0738093],[118.8032747,32.0738552],[118.8031512,32.0738522],[118.8030407,32.0739303],[118.8029408,32.0739595],[118.8027163,32.0739255],[118.8026431,32.0739496],[118.8024886,32.0739289],[118.8022325,32.0739152],[118.8020536,32.0739186],[118.8019816,32.073904],[118.8018983,32.0738667],[118.8018463,32.073879],[118.801814,32.073905],[118.8018111,32.0739497],[118.8018544,32.0739909],[118.801919,32.0739969],[118.8019576,32.0740296],[118.8019252,32.0741086],[118.8018911,32.0742045],[118.8018895,32.0742929],[118.801987,32.0743926],[118.8019718,32.074479],[118.8019512,32.0745295],[118.8018991,32.07458],[118.8018622,32.074532],[118.8018134,32.0745128],[118.8017626,32.0745309],[118.8017458,32.0745711],[118.8017559,32.0746342],[118.8017529,32.0746972],[118.8017067,32.0747695],[118.8016121,32.0748186],[118.8013544,32.0747831],[118.8013925,32.0747162],[118.8013841,32.0746248]]]}},{"type":"Feature","id":"way/532885964","properties":{"name":"太平湖","natural":"water","osm_id":"way/532885964","label":"太平湖","category":"water"},"geometry":{"type":"Polygon","coordinates":[[[118.7915239,32.0467892],[118.7913872,32.0463779],[118.7913367,32.0461432],[118.7912796,32.0459266],[118.7912403,32.0457527],[118.7913098,32.0457147],[118.7914701,32.0456824],[118.7915004,32.0457432],[118.7915519,32.0460928],[118.791617,32.0463959],[118.791664,32.0466743],[118.7916584,32.0467548],[118.7915956,32.0468204],[118.7915239,32.0467892]]]}},{"type":"Feature","id":"way/532885965","properties":{"natural":"water","osm_id":"way/532885965","label":"","category":"water"},"geometry":{"type":"Polygon","coordinates":[[[118.7911934,32.0472826],[118.7911253,32.0471305],[118.7911106,32.0470191],[118.7911833,32.0469949],[118.7912529,32.0470486],[118.7912985,32.0472884],[118.7914238,32.0474777],[118.7914593,32.0476206],[118.7914176,32.0476763],[118.7913449,32.0476389],[118.7912645,32.0475098],[118.7911934,32.0472826]]]}},{"type":"Feature","id":"way/668593258","properties":{"natural":"water","osm_id":"way/668593258","label":"","category":"water"},"geometry":{"type":"Polygon","coordinates":[[[118.8203303,32.0426446],[118.8203107,32.0424545],[118.8204287,32.0424545],[118.8204394,32.042641],[118.8203303,32.0426446]]]}},{"type":"Feature","id":"way/704454269","properties":{"name":"沁心湖","natural":"water","osm_id":"way/704454269","label":"沁心湖","category":"water"},"geometry":{"type":"Polygon","coordinates":[[[118.8768822,32.0721178],[118.8768581,32.0721587],[118.8768031,32.0722053],[118.8767159,32.0723189],[118.8766958,32.0724417],[118.8766475,32.0724439],[118.8764825,32.0724826],[118.8763763,32.0724752],[118.8763155,32.0725303],[118.8762899,32.072544],[118.876269,32.0725666],[118.8762613,32.0727655],[118.8765858,32.0727746],[118.8765831,32.0728019],[118.8765898,32.0728496],[118.876609,32.072878],[118.8763622,32.07307],[118.8763672,32.0730746],[118.8763726,32.0731087],[118.8764195,32.0731769],[118.8764638,32.0732065],[118.8761943,32.0734429],[118.8762116,32.0735178],[118.8762143,32.0735974],[118.8761795,32.0737224],[118.8759837,32.0738338],[118.8757718,32.0739542],[118.8756403,32.0740929],[118.875576,32.0743088],[118.8754794,32.074411],[118.8753855,32.0744451],[118.8752863,32.0745065],[118.8751468,32.0746156],[118.8750234,32.074627],[118.874943,32.0746042],[118.8749054,32.0745338],[118.8748115,32.0744565],[118.8746908,32.0743815],[118.8746694,32.0742792],[118.8746479,32.0741815],[118.8746157,32.074111],[118.8744736,32.0740906],[118.8743368,32.0739769],[118.8743126,32.073911],[118.8742751,32.0738474],[118.874149,32.0737951],[118.874023,32.073611],[118.8740659,32.0735201],[118.8741329,32.0734837],[118.8743341,32.0733656],[118.8744602,32.0732224],[118.8746077,32.0731155],[118.8748544,32.0730178],[118.8749161,32.0729678],[118.8749805,32.0728314],[118.8751173,32.0727223],[118.8753346,32.0726178],[118.8755465,32.0724451],[118.8756913,32.0723132],[118.8758522,32.0721564],[118.8760427,32.0720769],[118.8761848,32.0720587],[118.8763377,32.0719609],[118.8764209,32.0718723],[118.8765764,32.0718655],[118.87685,32.0720155],[118.8768822,32.0721178]]]}},{"type":"Feature","id":"way/743687354","properties":{"natural":"water","osm_id":"way/743687354","label":"","category":"water"},"geometry":{"type":"Polygon","coordinates":[[[118.8358149,32.0519917],[118.8357747,32.0519588],[118.8358001,32.0519144],[118.835721,32.051844],[118.8356191,32.0518542],[118.8355923,32.0518133],[118.8356446,32.0517701],[118.8358203,32.051703],[118.8358471,32.051653],[118.8359369,32.0515814],[118.8360295,32.0515814],[118.8361301,32.0516621],[118.8360871,32.0519099],[118.8360402,32.0519463],[118.8359436,32.0518997],[118.8358149,32.0519917]]]}},{"type":"Feature","id":"way/743687355","properties":{"natural":"water","osm_id":"way/743687355","label":"","category":"water"},"geometry":{"type":"Polygon","coordinates":[[[118.8354243,32.0524978],[118.8353826,32.0523196],[118.8354071,32.0522838],[118.8354588,32.0522511],[118.8355448,32.0522154],[118.8356246,32.0521806],[118.8356607,32.0521781],[118.8357564,32.0522883],[118.8357963,32.0523442],[118.8358256,32.0523634],[118.8358733,32.0523966],[118.835914,32.0524119],[118.8359601,32.0524291],[118.8359619,32.0524631],[118.8359542,32.052494],[118.8359285,32.0525191],[118.8359082,32.0525242],[118.8358878,32.0525264],[118.8358666,32.0525152],[118.8358358,32.0525271],[118.8358075,32.0525392],[118.8357688,32.0525479],[118.8357355,32.0525657],[118.8357111,32.0526057],[118.8357012,32.0526271],[118.8356842,32.0526426],[118.835666,32.0526499],[118.8356384,32.0526406],[118.8356372,32.0526282],[118.8356437,32.052605],[118.8356655,32.0525841],[118.8356002,32.0525162],[118.8355315,32.0525611],[118.8354243,32.0524978]]]}},{"type":"Feature","id":"way/743687357","properties":{"natural":"water","source":"bing","osm_id":"way/743687357","label":"","category":"water"},"geometry":{"type":"Polygon","coordinates":[[[118.8386393,32.0598004],[118.8387036,32.0597481],[118.838768,32.059689],[118.8388002,32.059714],[118.8388646,32.0596935],[118.838937,32.0597253],[118.8389343,32.0598231],[118.8389665,32.0598799],[118.8388887,32.0598913],[118.8388833,32.059939],[118.8389423,32.059964],[118.8389906,32.0599231],[118.8390443,32.0599277],[118.839047,32.0599754],[118.8390362,32.0600663],[118.8390711,32.0601231],[118.839047,32.0601732],[118.8390014,32.0601118],[118.8389021,32.0601072],[118.8388967,32.0600572],[118.8388297,32.060014],[118.838768,32.0600322],[118.8386983,32.0600368],[118.8387063,32.0599822],[118.8386795,32.0598322],[118.8386393,32.0598004]]]}},{"type":"Feature","id":"way/776728686","properties":{"natural":"water","osm_id":"way/776728686","label":"","category":"water"},"geometry":{"type":"Polygon","coordinates":[[[118.804235,32.0691787],[118.8045677,32.0687376],[118.8047083,32.0688276],[118.804859,32.0688666],[118.8050187,32.0687182],[118.8050916,32.0685214],[118.8053146,32.0682991],[118.805595,32.0679856],[118.8057702,32.0680846],[118.8060038,32.0678338],[118.8062881,32.0678437],[118.8063387,32.0679691],[118.8062764,32.068342],[118.8063465,32.0687281],[118.8065023,32.0689722],[118.8066425,32.0691669],[118.8069579,32.0694012],[118.8071175,32.0694243],[118.8071913,32.0693688],[118.8072772,32.0693286],[118.8073848,32.0694195],[118.8072577,32.0695002],[118.807172,32.0696982],[118.8069696,32.069619],[118.8067918,32.0695868],[118.806614,32.0695024],[118.8064433,32.0692813],[118.8061908,32.0687842],[118.8059766,32.0683882],[118.8057385,32.0683179],[118.8055499,32.068375],[118.805338,32.0685037],[118.8052056,32.0686819],[118.8051835,32.0687562],[118.805225,32.0688304],[118.8053224,32.0688436],[118.8053916,32.0688824],[118.8053431,32.0691313],[118.8053343,32.0692832],[118.8053516,32.0694396],[118.8053075,32.0695056],[118.8052082,32.0694931],[118.8052136,32.0694495],[118.8052485,32.0694261],[118.8052729,32.0692835],[118.8052344,32.0691597],[118.8051319,32.0690923],[118.8050381,32.0691273],[118.8049447,32.0692032],[118.804909,32.0693019],[118.8048741,32.0693741],[118.8049054,32.0694159],[118.8050504,32.0694083],[118.8051698,32.0694652],[118.8051971,32.0695204],[118.805151,32.0695623],[118.8049216,32.0696443],[118.8047013,32.0696775],[118.8045769,32.0696702],[118.8044625,32.0696121],[118.8044048,32.069284],[118.804235,32.0691787]]]}},{"type":"Feature","id":"way/776758947","properties":{"natural":"water","osm_id":"way/776758947","label":"","category":"water"},"geometry":{"type":"Polygon","coordinates":[[[118.825103,32.076488],[118.8242848,32.0757261],[118.8242578,32.075589],[118.8243028,32.0754747],[118.8243298,32.0752233],[118.8245006,32.0752005],[118.8247344,32.0753986],[118.8249951,32.0754747],[118.8252468,32.0756423],[118.8251929,32.0759471],[118.8251929,32.0762213],[118.8253727,32.0762594],[118.8255705,32.0762823],[118.8255525,32.0763432],[118.8253547,32.076427],[118.825103,32.076488]]]}},{"type":"Feature","id":"way/776758951","properties":{"natural":"water","osm_id":"way/776758951","label":"","category":"water"},"geometry":{"type":"Polygon","coordinates":[[[118.8663705,32.0518883],[118.8667859,32.0515858],[118.8672245,32.0514201],[118.8674373,32.051918],[118.8675578,32.052455],[118.8673273,32.0525234],[118.8672005,32.0526308],[118.8670622,32.0525429],[118.8668201,32.052455],[118.8665319,32.0524257],[118.8664397,32.0523182],[118.8663705,32.0521619],[118.8663705,32.0518883]]]}},{"type":"Feature","id":"way/776758952","properties":{"natural":"water","osm_id":"way/776758952","label":"","category":"water"},"geometry":{"type":"Polygon","coordinates":[[[118.8681573,32.0542625],[118.868042,32.0542136],[118.8680996,32.0540671],[118.8680305,32.0539303],[118.867823,32.0538717],[118.8678806,32.0537153],[118.8678921,32.0535492],[118.8677999,32.0532073],[118.8678921,32.0530314],[118.8683763,32.0529435],[118.8684109,32.0532464],[118.8684916,32.0534711],[118.8684455,32.0535688],[118.8684109,32.0537056],[118.8682956,32.0538033],[118.8683187,32.0539107],[118.8681573,32.0542625]]]}},{"type":"Feature","id":"way/803406612","properties":{"natural":"water","osm_id":"way/803406612","label":"","category":"water"},"geometry":{"type":"Polygon","coordinates":[[[118.8358672,32.0527043],[118.8358495,32.0527051],[118.835823,32.0527058],[118.8357974,32.0527043],[118.835778,32.0526976],[118.8357745,32.0526841],[118.8357718,32.0526662],[118.835793,32.0526549],[118.8358195,32.0526549],[118.835838,32.0526445],[118.8358531,32.0526183],[118.8358716,32.0525981],[118.8358998,32.0525868],[118.8359246,32.0525786],[118.8359431,32.0525764],[118.8359616,32.0525554],[118.835974,32.0525449],[118.8359952,32.0525464],[118.8360155,32.0525547],[118.8360561,32.0525629],[118.8360949,32.0525592],[118.8361249,32.0525532],[118.8361497,32.0525322],[118.8361726,32.052509],[118.8361965,32.0525008],[118.8362247,32.0525008],[118.8362565,32.0525075],[118.8362847,32.0525188],[118.8363006,32.0525337],[118.8363174,32.0525562],[118.83632,32.0525771],[118.8363041,32.0526048],[118.8362865,32.052616],[118.83626,32.052619],[118.8362415,32.052628],[118.8362441,32.0526587],[118.8362529,32.0526923],[118.8362891,32.0527073],[118.83629,32.052732],[118.8362662,32.0527417],[118.8362353,32.0527313],[118.8362168,32.0527006],[118.8361841,32.0526961],[118.8361647,32.0526864],[118.8361603,32.0526639],[118.8361488,32.052646],[118.8361329,32.0526362],[118.8361011,32.052646],[118.8360799,32.0526512],[118.8360649,32.052637],[118.8358672,32.0527043]]]}},{"type":"Feature","id":"way/803406659","properties":{"natural":"water","osm_id":"way/803406659","label":"","category":"water"},"geometry":{"type":"Polygon","coordinates":[[[118.8392851,32.0535002],[118.8392475,32.0534487],[118.8391983,32.0533604],[118.839181,32.0532942],[118.8391723,32.0532305],[118.8392041,32.0532108],[118.8392909,32.0531912],[118.8393921,32.0531569],[118.8394789,32.053152],[118.839586,32.0531275],[118.839667,32.053125],[118.8397682,32.0531054],[118.8398839,32.053076],[118.8398955,32.0532108],[118.8398839,32.0533016],[118.8396843,32.0533555],[118.8397248,32.0534585],[118.8397624,32.0534462],[118.8398116,32.0535811],[118.8397393,32.0535909],[118.8396496,32.0535983],[118.8395628,32.0535835],[118.8394587,32.0535835],[118.8393603,32.0535492],[118.8392851,32.0535002]]]}},{"type":"Feature","id":"way/803406660","properties":{"natural":"water","osm_id":"way/803406660","label":"","category":"water"},"geometry":{"type":"Polygon","coordinates":[[[118.8407518,32.0563669],[118.8406539,32.0562728],[118.8407015,32.0562504],[118.8407544,32.0562145],[118.840839,32.0561854],[118.8409316,32.0561675],[118.8410189,32.056154],[118.8410665,32.0561607],[118.8410903,32.0562235],[118.8410823,32.056284],[118.8410427,32.0563132],[118.8409686,32.0563311],[118.8408866,32.0563423],[118.8408152,32.0563445],[118.8407518,32.0563669]]]}},{"type":"Feature","id":"way/803406661","properties":{"natural":"water","osm_id":"way/803406661","label":"","category":"water"},"geometry":{"type":"Polygon","coordinates":[[[118.8420926,32.0566225],[118.8420609,32.0565933],[118.8420556,32.0565552],[118.8420741,32.0565014],[118.8420582,32.056479],[118.8420186,32.0564633],[118.8419736,32.0564611],[118.8418995,32.0564633],[118.8418387,32.0564454],[118.8418255,32.0564006],[118.8418281,32.0563513],[118.8418281,32.056293],[118.8418493,32.0562056],[118.8418705,32.056163],[118.8419313,32.0561495],[118.8419868,32.0561495],[118.8420397,32.0561787],[118.8420767,32.056219],[118.8420979,32.0562863],[118.8421296,32.0563513],[118.8421561,32.0564499],[118.8421852,32.0564947],[118.8422195,32.0565597],[118.8422116,32.0566001],[118.8421825,32.0566225],[118.8421402,32.0566314],[118.8420926,32.0566225]]]}},{"type":"Feature","id":"way/803421024","properties":{"natural":"water","osm_id":"way/803421024","label":"","category":"water"},"geometry":{"type":"Polygon","coordinates":[[[118.8436248,32.0523007],[118.8437311,32.052274],[118.843819,32.0522318],[118.8438838,32.0522219],[118.8439518,32.0522036],[118.8440481,32.0521952],[118.8441029,32.0521952],[118.8441477,32.0522093],[118.8441527,32.0522459],[118.8441344,32.0522979],[118.8441178,32.0523612],[118.8441344,32.0524034],[118.8441876,32.0524344],[118.8441959,32.0524766],[118.8441859,32.0525076],[118.8441046,32.0525047],[118.8440498,32.0524836],[118.8439087,32.0524653],[118.8438207,32.0524203],[118.8437427,32.0523725],[118.8436248,32.0523007]]]}},{"type":"Feature","id":"way/803760121","properties":{"natural":"water","osm_id":"way/803760121","label":"","category":"water"},"geometry":{"type":"Polygon","coordinates":[[[118.7853581,32.073131],[118.7853656,32.0731101],[118.7853992,32.0730936],[118.7854127,32.073105],[118.7854224,32.0731272],[118.7854246,32.0731753],[118.7854261,32.0732184],[118.785459,32.0732272],[118.7854837,32.0732184],[118.7854882,32.0731848],[118.7854845,32.0731671],[118.7854822,32.0731557],[118.7854725,32.0731316],[118.785474,32.073105],[118.7854643,32.073086],[118.7854792,32.0730689],[118.7855069,32.0730499],[118.7855397,32.0730449],[118.7855532,32.073055],[118.7855554,32.0730778],[118.7855719,32.0731316],[118.7855651,32.0731741],[118.7855614,32.0732101],[118.7855293,32.0732437],[118.785453,32.0732469],[118.7853962,32.0732386],[118.7853753,32.0732108],[118.7853768,32.0731848],[118.7853656,32.0731709],[118.7853529,32.0731563],[118.7853581,32.073131]]]}},{"type":"Feature","id":"way/803760138","properties":{"natural":"water","osm_id":"way/803760138","label":"","category":"water"},"geometry":{"type":"Polygon","coordinates":[[[118.788122,32.0733526],[118.7881024,32.0733752],[118.7880668,32.0733843],[118.7880419,32.0733797],[118.7880508,32.0733601],[118.7880793,32.0733481],[118.7881006,32.0733224],[118.7881006,32.0732953],[118.7881291,32.0732742],[118.7881362,32.0732335],[118.7881273,32.0731973],[118.7881131,32.0731807],[118.7880828,32.0731958],[118.7880633,32.0732169],[118.7880383,32.0732485],[118.7880188,32.0732696],[118.7880152,32.0733149],[118.7880099,32.073339],[118.7879903,32.0733164],[118.7879867,32.0732742],[118.7879992,32.0732561],[118.7880312,32.0732078],[118.7880633,32.0731731],[118.7880917,32.073143],[118.7881451,32.0731068],[118.7881772,32.0730766],[118.7881789,32.0730389],[118.7881967,32.0730163],[118.7882127,32.0729997],[118.7882199,32.0729711],[118.7882448,32.0729605],[118.7882786,32.0729907],[118.7883373,32.0730465],[118.7883605,32.0730766],[118.7883551,32.0730992],[118.7883231,32.0731188],[118.7882982,32.07314],[118.7882839,32.0731807],[118.7882412,32.0732169],[118.7882145,32.0732516],[118.7881683,32.0732787],[118.7881451,32.0733149],[118.788122,32.0733526]]]}},{"type":"Feature","id":"way/881527831","properties":{"natural":"water","osm_id":"way/881527831","label":"","category":"water"},"geometry":{"type":"Polygon","coordinates":[[[118.8692968,32.0899556],[118.8691729,32.0900005],[118.8690278,32.0900785],[118.8687411,32.0901445],[118.8685571,32.0901894],[118.8683341,32.0902974],[118.8681925,32.0903843],[118.8680616,32.0904053],[118.8679837,32.0904593],[118.8678705,32.0905462],[118.8677147,32.0906002],[118.8676121,32.0905253],[118.8675661,32.0904533],[118.867598,32.0903214],[118.8676298,32.0901085],[118.8676475,32.0899615],[118.8677254,32.0898356],[118.8678705,32.0897427],[118.8679943,32.0896887],[118.8681642,32.0896887],[118.8683907,32.0896437],[118.8685783,32.0895658],[118.8688437,32.0894308],[118.8689676,32.0892869],[118.8689995,32.089086],[118.8690101,32.0889151],[118.8690667,32.0887562],[118.8691658,32.0886182],[118.8692543,32.0885822],[118.8693428,32.0885733],[118.8696011,32.0884113],[118.8696825,32.0883724],[118.8698453,32.0883454],[118.8699126,32.0882794],[118.8699692,32.0880185],[118.8699444,32.0879016],[118.8699374,32.0877007],[118.8700188,32.0873529],[118.8700966,32.0872479],[118.8701002,32.087113],[118.8702134,32.0868371],[118.8702621,32.0865983],[118.8703054,32.0865642],[118.870493,32.0864593],[118.8706983,32.0864143],[118.870854,32.0864473],[118.8709779,32.0865312],[118.8710239,32.0866482],[118.870992,32.0867981],[118.8709071,32.0869271],[118.8707903,32.087038],[118.8707195,32.087107],[118.8706947,32.0871759],[118.8707478,32.0872479],[118.8709,32.0873469],[118.8710664,32.0873768],[118.8711902,32.0873469],[118.8713778,32.0872869],[118.8715972,32.0871909],[118.8716751,32.08708],[118.8717034,32.0869361],[118.8716468,32.0868101],[118.8715902,32.0866632],[118.871799,32.0865582],[118.8722697,32.0864263],[118.8723582,32.0863513],[118.8724679,32.0863064],[118.8725988,32.0862944],[118.8727227,32.0863153],[118.8728076,32.0863873],[118.8728076,32.0864863],[118.8727616,32.0865612],[118.8726909,32.0866542],[118.8725741,32.0867351],[118.8725281,32.0868071],[118.8724927,32.087002],[118.8723865,32.0871609],[118.872206,32.0873529],[118.872114,32.0874068],[118.8720184,32.0875268],[118.8718839,32.0876257],[118.8717707,32.0878446],[118.8717034,32.0879496],[118.8715335,32.0880605],[118.871438,32.0882104],[118.8712575,32.0883004],[118.8710274,32.0884473],[118.8709319,32.0885613],[118.8708576,32.0886782],[118.8707337,32.0887592],[118.8705744,32.0887831],[118.8703904,32.0887891],[118.8703196,32.0888281],[118.8702736,32.089002],[118.8701674,32.089122],[118.8701285,32.0892629],[118.8700506,32.0893409],[118.8700223,32.0894008],[118.8699904,32.0896257],[118.8699975,32.0896947],[118.8699657,32.0897577],[118.8698737,32.0897726],[118.8698029,32.0897846],[118.8697356,32.0898386],[118.8696436,32.0898716],[118.8694737,32.0899136],[118.8692968,32.0899556]]]}},{"type":"Feature","id":"way/881527832","properties":{"natural":"water","osm_id":"way/881527832","label":"","category":"water"},"geometry":{"type":"Polygon","coordinates":[[[118.8673149,32.0873219],[118.867099,32.0876847],[118.8669044,32.0879666],[118.8667664,32.0880745],[118.8665646,32.0881405],[118.8664584,32.0881734],[118.8663593,32.0881495],[118.8662461,32.0880115],[118.8661045,32.0879755],[118.8659523,32.0880385],[118.8658179,32.0880805],[118.8657365,32.0880715],[118.8656904,32.0879935],[118.8657081,32.0878976],[118.8657329,32.0877986],[118.8658108,32.0876967],[118.8658024,32.0876477],[118.8657606,32.087585],[118.8657551,32.0875389],[118.8657931,32.0875108],[118.8659028,32.0874448],[118.8659243,32.0874066],[118.8659217,32.0872755],[118.8659948,32.0871509],[118.8661293,32.087067],[118.8661965,32.087049],[118.8664408,32.087106],[118.8665222,32.0871509],[118.8667062,32.0871809],[118.8667841,32.0871749],[118.8669539,32.087112],[118.867092,32.087115],[118.8672123,32.0871539],[118.8672902,32.0872289],[118.8673539,32.0872349],[118.8675202,32.0871839],[118.8678387,32.087064],[118.8680263,32.08701],[118.8682103,32.086983],[118.8684333,32.087001],[118.8686174,32.08698],[118.8687377,32.0869381],[118.8688368,32.0868571],[118.8688934,32.0867581],[118.8689784,32.0866352],[118.8690456,32.0865752],[118.8692155,32.0865183],[118.8693677,32.0864823],[118.8695022,32.0864433],[118.869626,32.0863983],[118.8697676,32.0863443],[118.8699375,32.0863293],[118.8700578,32.0863503],[118.8703054,32.0865642],[118.8702621,32.0865983],[118.8700932,32.0864463],[118.869987,32.0864463],[118.8697641,32.0864703],[118.8694597,32.0865602],[118.8692119,32.0866532],[118.8691235,32.0867551],[118.8690137,32.0868091],[118.8689005,32.0869141],[118.8688226,32.087001],[118.8687165,32.087046],[118.8685713,32.087082],[118.8684404,32.087085],[118.8682847,32.08707],[118.8681537,32.087073],[118.867952,32.087115],[118.8677149,32.0871989],[118.8674919,32.0872649],[118.8673928,32.0872709],[118.8673149,32.0873219]]]}},{"type":"Feature","id":"way/884301628","properties":{"natural":"water","osm_id":"way/884301628","label":"","category":"water"},"geometry":{"type":"Polygon","coordinates":[[[118.8695408,32.0447614],[118.8686718,32.0439748],[118.8687844,32.0439066],[118.869058,32.0441066],[118.8693423,32.0441794],[118.8696535,32.0442203],[118.8698144,32.0443113],[118.8698466,32.0444204],[118.8695891,32.044816],[118.8695408,32.0447614]]]}},{"type":"Feature","id":"way/1002182009","properties":{"natural":"water","osm_id":"way/1002182009","label":"","category":"water"},"geometry":{"type":"Polygon","coordinates":[[[118.8739398,32.0855749],[118.873923,32.0855175],[118.8738848,32.0854635],[118.8738178,32.085392],[118.8737628,32.0853244],[118.873744,32.0852664],[118.8737514,32.0852323],[118.8737876,32.0851954],[118.8738412,32.0851789],[118.8739257,32.0851772],[118.8740102,32.0851908],[118.8740665,32.0852357],[118.8740967,32.0852869],[118.8741034,32.0853153],[118.874084,32.085363],[118.8740377,32.085426],[118.8740062,32.0855027],[118.8739857,32.0855701],[118.8739398,32.0855749]]]}},{"type":"Feature","id":"way/1002238835","properties":{"natural":"water","osm_id":"way/1002238835","label":"","category":"water"},"geometry":{"type":"Polygon","coordinates":[[[118.8810953,32.0914764],[118.8810724,32.0913048],[118.8809551,32.0911549],[118.8809303,32.0911077],[118.8810088,32.0909873],[118.881104,32.0910032],[118.8811442,32.0909117],[118.8812019,32.0908237],[118.8811341,32.0907805],[118.8811321,32.09073],[118.8811804,32.090655],[118.88122,32.0906169],[118.8812998,32.090589],[118.8813924,32.0905499],[118.8815164,32.0905039],[118.881688,32.0904936],[118.8818074,32.0905414],[118.8819335,32.0906419],[118.8820327,32.0907413],[118.8820756,32.0908685],[118.8820857,32.0909827],[118.8820683,32.0910958],[118.8820066,32.0912384],[118.8819013,32.0913588],[118.8817987,32.0914588],[118.8816934,32.0915219],[118.8815606,32.0915639],[118.8814661,32.0915719],[118.8813588,32.091569],[118.8813018,32.0915582],[118.8812086,32.0915349],[118.88111,32.0914969],[118.8810953,32.0914764]]]}},{"type":"Feature","id":"way/1003507994","properties":{"natural":"water","osm_id":"way/1003507994","label":"","category":"water"},"geometry":{"type":"Polygon","coordinates":[[[118.8632753,32.0402332],[118.8641001,32.0386291],[118.864245,32.0383392],[118.8643965,32.0379698],[118.8644461,32.0379425],[118.8650188,32.0381687],[118.8650027,32.0381983],[118.8649209,32.0382574],[118.8646165,32.0386223],[118.8644354,32.038927],[118.8642892,32.0391589],[118.8641953,32.039268],[118.8635516,32.0403719],[118.8633947,32.0403185],[118.8632753,32.0402332]]]}},{"type":"Feature","id":"way/1003507995","properties":{"natural":"water","osm_id":"way/1003507995","label":"","category":"water"},"geometry":{"type":"Polygon","coordinates":[[[118.8656156,32.0359132],[118.8655378,32.0358666],[118.8647184,32.0355096],[118.8646781,32.0354823],[118.8646661,32.0354482],[118.8648766,32.0350082],[118.8648994,32.035015],[118.8649946,32.0351708],[118.8662311,32.0357017],[118.8661493,32.0360792],[118.8661171,32.0361008],[118.8656156,32.0359132]]]}},{"type":"Feature","id":"way/1003507996","properties":{"natural":"water","osm_id":"way/1003507996","label":"","category":"water"},"geometry":{"type":"Polygon","coordinates":[[[118.8667957,32.036053],[118.8677761,32.0344159],[118.868039,32.0345194],[118.8680322,32.0346876],[118.8679491,32.0348547],[118.8678686,32.0350696],[118.8678177,32.0351003],[118.8677077,32.0350935],[118.8670854,32.0361758],[118.8667957,32.036053]]]}},{"type":"Feature","id":"way/1003508003","properties":{"natural":"water","osm_id":"way/1003508003","label":"","category":"water"},"geometry":{"type":"Polygon","coordinates":[[[118.8817424,32.0269303],[118.8816766,32.0268598],[118.8817008,32.0268018],[118.8818496,32.0267529],[118.8821273,32.0267495],[118.8822962,32.0267381],[118.8823941,32.0266756],[118.8824786,32.0265903],[118.8825363,32.0264653],[118.8825779,32.0261992],[118.8826275,32.025957],[118.8826744,32.025816],[118.8827482,32.0254749],[118.8828407,32.0251293],[118.8829628,32.0248825],[118.8829872,32.0248669],[118.8831106,32.0249317],[118.8830607,32.0250156],[118.8829963,32.0251634],[118.8829286,32.0253732],[118.8828709,32.0255886],[118.8828072,32.0258445],[118.8827871,32.025961],[118.8827864,32.0260935],[118.8828005,32.0262953],[118.8827884,32.0264107],[118.8827428,32.0265835],[118.8827321,32.0266841],[118.8827623,32.0267893],[118.8828421,32.0269183],[118.8829889,32.0270269],[118.8832431,32.0271452],[118.8833021,32.0271918],[118.8833202,32.0272663],[118.883288,32.0273316],[118.883121,32.0274925],[118.8830285,32.0275266],[118.8828924,32.0275204],[118.8827569,32.027426],[118.8825665,32.0271207],[118.8824022,32.0270156],[118.8821863,32.0269326],[118.881918,32.0269246],[118.8817424,32.0269303]]]}},{"type":"Feature","id":"way/1003508004","properties":{"natural":"water","osm_id":"way/1003508004","label":"","category":"water"},"geometry":{"type":"Polygon","coordinates":[[[118.878399,32.029298],[118.878456,32.0292304],[118.8785921,32.0292952],[118.8786806,32.0293196],[118.8789475,32.0293503],[118.8793981,32.0294043],[118.8796811,32.0294703],[118.8799185,32.0295146],[118.8802578,32.0296022],[118.8804053,32.029609],[118.8805883,32.0295959],[118.88076,32.0295595],[118.8809169,32.0294799],[118.8812361,32.0292622],[118.8815968,32.0289683],[118.8816337,32.0289166],[118.881678,32.0288319],[118.8817102,32.0287284],[118.8818061,32.0284487],[118.8818785,32.0283543],[118.8819784,32.0283072],[118.8821205,32.0282952],[118.8822614,32.0283231],[118.8823975,32.0283867],[118.8825584,32.0284914],[118.8826986,32.0286147],[118.882775,32.0286619],[118.8829245,32.0287096],[118.8830224,32.0287341],[118.8831311,32.0287375],[118.8832209,32.0287574],[118.8832612,32.028804],[118.8832846,32.0288774],[118.8832732,32.0289638],[118.8832397,32.0290206],[118.883174,32.0290729],[118.8831103,32.0290922],[118.8830459,32.0290883],[118.8829956,32.0290632],[118.8829031,32.029028],[118.8828226,32.029024],[118.8827227,32.0290223],[118.8826657,32.0289888],[118.8826315,32.0289467],[118.8825866,32.0288637],[118.8825195,32.0288103],[118.8824478,32.0287551],[118.8823988,32.0286966],[118.8823117,32.0285948],[118.8822198,32.0285408],[118.8821427,32.0285118],[118.8820314,32.0285039],[118.8819254,32.0285567],[118.8818644,32.0286261],[118.8818228,32.0287159],[118.8817631,32.0288899],[118.8817155,32.0289729],[118.8816626,32.0290303],[118.8815794,32.0291155],[118.8812146,32.029393],[118.8810322,32.0295555],[118.8809042,32.0296528],[118.8807902,32.0297039],[118.8806091,32.0297375],[118.8803972,32.0297517],[118.8802296,32.0297375],[118.8800264,32.0296761],[118.8798568,32.029626],[118.8795939,32.0295413],[118.8794122,32.0294959],[118.879258,32.0294674],[118.8787819,32.0294185],[118.8786323,32.0293958],[118.8785224,32.0293662],[118.878399,32.029298]]]}},{"type":"Feature","id":"way/1021396208","properties":{"natural":"water","osm_id":"way/1021396208","label":"","category":"water"},"geometry":{"type":"Polygon","coordinates":[[[118.8825738,32.0947991],[118.8825899,32.0947446],[118.8826288,32.094706],[118.8826919,32.0946787],[118.882775,32.0947071],[118.883247,32.0950196],[118.8833624,32.095107],[118.8833718,32.095182],[118.8833436,32.0952536],[118.883227,32.0953127],[118.8829775,32.0954058],[118.8829091,32.0954002],[118.882724,32.095332],[118.8827053,32.0952991],[118.8826945,32.0952604],[118.8826047,32.0951457],[118.8825873,32.0951105],[118.8825873,32.0949718],[118.8825738,32.0947991]]]}},{"type":"Feature","id":"way/1023504439","properties":{"natural":"water","osm_id":"way/1023504439","label":"","category":"water"},"geometry":{"type":"Polygon","coordinates":[[[118.8731258,32.0804042],[118.8730627,32.0803201],[118.8730399,32.0802747],[118.8730292,32.0801883],[118.8730426,32.0800894],[118.8730828,32.0800224],[118.8731351,32.0799929],[118.8731995,32.0799792],[118.8732679,32.0799815],[118.8733108,32.0800031],[118.8733457,32.0800644],[118.8734154,32.0802326],[118.8736602,32.0805229],[118.8737266,32.0806179],[118.8737474,32.0806912],[118.8737427,32.0807445],[118.8737272,32.0807877],[118.8736702,32.0808201],[118.8736179,32.0808269],[118.8735495,32.0808144],[118.8734571,32.0807849],[118.8733591,32.0806792],[118.8731258,32.0804042]]]}},{"type":"Feature","id":"way/1055592128","properties":{"natural":"water","osm_id":"way/1055592128","label":"","category":"water"},"geometry":{"type":"Polygon","coordinates":[[[118.8452429,32.0362106],[118.8452419,32.0361596],[118.8453017,32.0353662],[118.8453084,32.0352772],[118.845319,32.035132],[118.8453898,32.0341149],[118.8455677,32.0310517],[118.8457222,32.0310551],[118.8455396,32.0341277],[118.8455137,32.0345467],[118.8454645,32.035112],[118.8454458,32.0354859],[118.8453893,32.0361994],[118.8453571,32.0364612],[118.8442284,32.0364227],[118.8436597,32.0364013],[118.8435901,32.0363355],[118.8442299,32.0363511],[118.8452383,32.0363964],[118.8452429,32.0362106]]]}},{"type":"Feature","id":"way/1056198816","properties":{"name":"流榭","natural":"water","osm_id":"way/1056198816","label":"流榭","category":"water"},"geometry":{"type":"Polygon","coordinates":[[[118.8548416,32.0549988],[118.8548436,32.0552477],[118.8548498,32.0556673],[118.854784,32.0561181],[118.85463,32.0564872],[118.854441,32.0566212],[118.8543322,32.0564924],[118.8543137,32.0561756],[118.8542746,32.0559458],[118.8542931,32.0556272],[118.8542582,32.0554967],[118.8540199,32.055488],[118.8538844,32.0553852],[118.8538002,32.0551659],[118.8539604,32.0549988],[118.8544903,32.0549848],[118.8547676,32.0549169],[118.8548416,32.0549988]]]}},{"type":"Feature","id":"way/1056854765","properties":{"natural":"water","osm_id":"way/1056854765","label":"","category":"water"},"geometry":{"type":"Polygon","coordinates":[[[118.7930583,32.0580664],[118.7929088,32.0576314],[118.7931566,32.0575681],[118.7933021,32.058003],[118.7930583,32.0580664]]]}},{"type":"Feature","id":"way/1083375791","properties":{"name":"假山","natural":"water","osm_id":"way/1083375791","label":"假山","category":"water"},"geometry":{"type":"Polygon","coordinates":[[[118.7890779,32.046246],[118.7890751,32.046226],[118.7890729,32.0461988],[118.7890796,32.0461745],[118.789092,32.0461574],[118.7891111,32.0461464],[118.7891206,32.0461464],[118.7891307,32.0461521],[118.7891307,32.0461664],[118.7891161,32.0461731],[118.7891088,32.0461879],[118.7891066,32.0462069],[118.7891066,32.0462241],[118.7891088,32.0462393],[118.7891032,32.0462521],[118.789088,32.0462531],[118.7890779,32.046246]]]}},{"type":"Feature","id":"way/1088963673","properties":{"natural":"water","osm_id":"way/1088963673","label":"","category":"water"},"geometry":{"type":"Polygon","coordinates":[[[118.8663994,32.0494444],[118.8663644,32.0494113],[118.8663212,32.0493573],[118.8662945,32.0493032],[118.8661731,32.0492074],[118.8660909,32.0491028],[118.866241,32.0490191],[118.8663315,32.0490662],[118.8664343,32.0491411],[118.866496,32.0492196],[118.8665084,32.0492754],[118.8664981,32.0493625],[118.8664631,32.0494218],[118.8663994,32.0494444]]]}},{"type":"Feature","id":"way/1088963674","properties":{"natural":"water","osm_id":"way/1088963674","label":"","category":"water"},"geometry":{"type":"Polygon","coordinates":[[[118.8662163,32.0489441],[118.8661176,32.0490034],[118.8660518,32.0489546],[118.8660045,32.0488971],[118.8660065,32.0488221],[118.8660312,32.0487524],[118.8661073,32.0486739],[118.8662081,32.0486007],[118.8663233,32.0487088],[118.8662904,32.0487524],[118.8662451,32.0488308],[118.8662163,32.0489441]]]}},{"type":"Feature","id":"way/1088963675","properties":{"natural":"water","osm_id":"way/1088963675","label":"","category":"water"},"geometry":{"type":"Polygon","coordinates":[[[118.8658564,32.0498977],[118.8658111,32.0498698],[118.8658667,32.0497513],[118.8658975,32.049678],[118.8659181,32.0494479],[118.8659777,32.0494078],[118.8661361,32.0493433],[118.8662287,32.0493677],[118.8663356,32.0494793],[118.8663397,32.0495072],[118.8663171,32.049556],[118.8662492,32.0496013],[118.8661361,32.049638],[118.8660765,32.0497582],[118.8658564,32.0498977]]]}},{"type":"Feature","id":"way/1093710259","properties":{"natural":"water","osm_id":"way/1093710259","label":"","category":"water"},"geometry":{"type":"Polygon","coordinates":[[[118.8291956,32.0570888],[118.8293107,32.057249],[118.8293114,32.0574086],[118.8290858,32.0574873],[118.8288398,32.0574936],[118.8287633,32.0574569],[118.8287633,32.0572972],[118.8287328,32.0572197],[118.828644,32.0572203],[118.8284753,32.0572312],[118.8283662,32.0572283],[118.8283316,32.0571732],[118.8280992,32.0572496],[118.8278668,32.0572611],[118.8276907,32.0573828],[118.8275775,32.0575304],[118.8275023,32.057535],[118.8275064,32.0573782],[118.8275856,32.057226],[118.82761,32.0571319],[118.82757,32.05699],[118.8277706,32.0570239],[118.8280403,32.0570417],[118.8283425,32.0570497],[118.8284963,32.0570503],[118.8286061,32.0570233],[118.8287091,32.056994],[118.8288879,32.0570009],[118.8290485,32.0570187],[118.8291956,32.0570888]]]}},{"type":"Feature","id":"way/1095550198","properties":{"natural":"water","osm_id":"way/1095550198","label":"","category":"water"},"geometry":{"type":"Polygon","coordinates":[[[118.7929271,32.0692954],[118.7929278,32.0690202],[118.7929985,32.069082],[118.7931122,32.0690923],[118.7931901,32.0690654],[118.7932024,32.0692362],[118.7931562,32.069208],[118.7929909,32.069226],[118.7929271,32.0692954]]]}},{"type":"Feature","id":"way/1095550199","properties":{"natural":"water","osm_id":"way/1095550199","label":"","category":"water"},"geometry":{"type":"Polygon","coordinates":[[[118.7929301,32.0668131],[118.7928911,32.0666467],[118.7929423,32.066689],[118.7930431,32.0666744],[118.7931028,32.0666415],[118.793172,32.0668102],[118.7931204,32.0667926],[118.7930732,32.0667726],[118.7929916,32.0667817],[118.7929301,32.0668131]]]}},{"type":"Feature","id":"way/1205715836","properties":{"natural":"water","osm_id":"way/1205715836","label":"","category":"water"},"geometry":{"type":"Polygon","coordinates":[[[118.8152938,32.0812295],[118.8153031,32.0812021],[118.8153678,32.0811704],[118.8154137,32.0811315],[118.8153882,32.0810904],[118.8154681,32.0810947],[118.8155047,32.0811019],[118.8155549,32.0810983],[118.815628,32.081099],[118.8156331,32.0811278],[118.8156408,32.0811769],[118.8156059,32.0811913],[118.8155855,32.0812107],[118.8155566,32.0811963],[118.8155353,32.0811718],[118.8155039,32.0811696],[118.8154809,32.0811733],[118.8154664,32.0812057],[118.8154392,32.0812302],[118.8153975,32.0812799],[118.8153652,32.0812907],[118.8153125,32.0812907],[118.8153065,32.0812605],[118.8152938,32.0812295]]]}},{"type":"Feature","id":"way/1220176361","properties":{"natural":"water","osm_id":"way/1220176361","label":"","category":"water"},"geometry":{"type":"Polygon","coordinates":[[[118.8087035,32.0698091],[118.8085055,32.0698186],[118.8083298,32.0698186],[118.8081781,32.0697726],[118.8080551,32.0697089],[118.8079321,32.0696196],[118.8078698,32.0695262],[118.8078251,32.0694166],[118.807782,32.0692786],[118.8077676,32.0691782],[118.8077568,32.0690963],[118.8076916,32.068974],[118.8075782,32.0688982],[118.8073738,32.0688414],[118.8071901,32.0688685],[118.8070639,32.0688779],[118.8070001,32.0688116],[118.8069586,32.0687483],[118.8070174,32.0685584],[118.8070706,32.0683411],[118.8070839,32.0682783],[118.8069775,32.0682558],[118.8070098,32.0682107],[118.8070953,32.0682365],[118.8071523,32.0680273],[118.8070655,32.0680281],[118.807093,32.0679741],[118.8071699,32.0680015],[118.8071927,32.0678896],[118.8070748,32.0678818],[118.8070911,32.0678397],[118.8072051,32.0678566],[118.8072326,32.0677569],[118.8072658,32.0677287],[118.8073295,32.0677754],[118.8072364,32.0678711],[118.8070009,32.0687543],[118.8070422,32.0688166],[118.807102,32.0688392],[118.8071732,32.0688404],[118.8072715,32.0688182],[118.8073421,32.0688121],[118.8074859,32.0688277],[118.8075895,32.068872],[118.8076962,32.0689477],[118.8077489,32.069],[118.8077936,32.0690879],[118.8078047,32.0691127],[118.8078072,32.0691184],[118.807808,32.0691378],[118.8078132,32.0692697],[118.8078414,32.069353],[118.807906,32.0695203],[118.8079974,32.0696247],[118.8081341,32.0697098],[118.8082673,32.0697692],[118.8083871,32.0697864],[118.8085248,32.0697787],[118.8086141,32.0697653],[118.8087035,32.0698091]]]}},{"type":"Feature","id":"way/1240414763","properties":{"name":"莲池","natural":"water","osm_id":"way/1240414763","label":"莲池","category":"water"},"geometry":{"type":"Polygon","coordinates":[[[118.8401139,32.0352315],[118.8400596,32.0350667],[118.8400577,32.035049],[118.8400614,32.0350369],[118.8400688,32.0350274],[118.8400852,32.0350171],[118.8405208,32.0349216],[118.8405383,32.0349272],[118.840548,32.0349313],[118.8405558,32.0349401],[118.8405826,32.0350484],[118.8404426,32.0351786],[118.8401277,32.0352442],[118.8401139,32.0352315]]]}},{"type":"Feature","id":"way/1240681705","properties":{"name":"水榭","natural":"water","osm_id":"way/1240681705","label":"水榭","category":"water"},"geometry":{"type":"Polygon","coordinates":[[[118.8375832,32.0362516],[118.8375435,32.036237],[118.8375202,32.0362223],[118.8374846,32.0361146],[118.8375002,32.0360793],[118.8375212,32.0360543],[118.8377428,32.0360078],[118.8377987,32.0360082],[118.8378424,32.0360293],[118.8378718,32.0361362],[118.837853,32.036178],[118.8377976,32.0362094],[118.8375832,32.0362516]]]}},{"type":"Feature","id":"way/1279345959","properties":{"natural":"water","osm_id":"way/1279345959","label":"","category":"water"},"geometry":{"type":"Polygon","coordinates":[[[118.8552961,32.0562107],[118.8552541,32.0564108],[118.8550914,32.0567321],[118.8549546,32.0570692],[118.8545943,32.0572284],[118.8543824,32.0570829],[118.854318,32.0569867],[118.8546748,32.0568366],[118.854825,32.0567313],[118.8549868,32.0565616],[118.8551835,32.0562706],[118.8552139,32.0561486],[118.8552961,32.0562107]]]}},{"type":"Feature","id":"way/1280559452","properties":{"natural":"water","osm_id":"way/1280559452","label":"","category":"water"},"geometry":{"type":"Polygon","coordinates":[[[118.8570102,32.04248],[118.8570942,32.0424982],[118.8571183,32.0426611],[118.8571148,32.0427862],[118.8568984,32.0428779],[118.8566999,32.0428165],[118.856615,32.0426467],[118.8565792,32.0425869],[118.856758,32.042505],[118.8569073,32.0424611],[118.8570102,32.04248]]]}},{"type":"Feature","id":"way/1284392822","properties":{"natural":"water","osm_id":"way/1284392822","label":"","category":"water"},"geometry":{"type":"Polygon","coordinates":[[[118.8314845,32.0850809],[118.8315435,32.0851073],[118.8315435,32.0851245],[118.8315049,32.0851354],[118.8314642,32.0851096],[118.8314845,32.0850809]]]}},{"type":"Feature","id":"way/1284585460","properties":{"natural":"water","osm_id":"way/1284585460","label":"","category":"water"},"geometry":{"type":"Polygon","coordinates":[[[118.8610801,32.0851318],[118.8611524,32.0851994],[118.8611229,32.085263],[118.8611738,32.0853369],[118.8612193,32.0853498],[118.8613331,32.0856322],[118.8614193,32.0858936],[118.8614191,32.0859761],[118.8614112,32.0860482],[118.8613549,32.0861788],[118.86125,32.0863231],[118.8611752,32.0864231],[118.861068,32.0864819],[118.8609512,32.086489],[118.8608305,32.086472],[118.8607628,32.0864333],[118.8607557,32.0863811],[118.8609082,32.0861822],[118.8608925,32.0859649],[118.8609132,32.0858035],[118.8608678,32.0855355],[118.860725,32.0854114],[118.8605813,32.0853012],[118.8605408,32.0852115],[118.860603,32.0851429],[118.860779,32.0851165],[118.8609104,32.0851087],[118.8610801,32.0851318]]]}},{"type":"Feature","id":"way/1284585462","properties":{"name":"友谊水库","natural":"water","osm_id":"way/1284585462","label":"友谊水库","category":"water"},"geometry":{"type":"Polygon","coordinates":[[[118.8634719,32.082903],[118.8636583,32.082975],[118.8636547,32.0833648],[118.863466,32.0835277],[118.8632536,32.0834888],[118.8631156,32.0833608],[118.8630602,32.0832369],[118.8631109,32.0830799],[118.8631923,32.08292],[118.863348,32.082897],[118.8634719,32.082903]]]}},{"type":"Feature","id":"way/1307941523","properties":{"natural":"water","osm_id":"way/1307941523","label":"","category":"water"},"geometry":{"type":"Polygon","coordinates":[[[118.858497,32.0984756],[118.8585252,32.0984416],[118.8585064,32.0983972],[118.8585091,32.0983632],[118.8585077,32.0983109],[118.8584876,32.0982609],[118.8584729,32.0982121],[118.8584608,32.0981734],[118.8584501,32.0981382],[118.858438,32.0981087],[118.8584393,32.0980564],[118.8584608,32.0980246],[118.8585185,32.0980019],[118.8585775,32.0979973],[118.858619,32.0979962],[118.8586968,32.0980007],[118.858729,32.0980405],[118.8587558,32.098078],[118.8588215,32.0980962],[118.8588537,32.0981166],[118.858898,32.098145],[118.8589436,32.0981348],[118.859012,32.0981428],[118.8590428,32.0981689],[118.8590468,32.0982087],[118.8590844,32.0982336],[118.8591394,32.098228],[118.8591675,32.0982314],[118.8592259,32.0982024],[118.8592668,32.0982609],[118.8592272,32.0982785],[118.8592581,32.0983353],[118.8591716,32.0983677],[118.8591146,32.0984052],[118.8590938,32.0984268],[118.8590026,32.0984347],[118.8588309,32.0984416],[118.858727,32.0984438],[118.8586257,32.0984472],[118.8585607,32.0984586],[118.858497,32.0984756]]]}},{"type":"Feature","id":"way/1307999624","properties":{"natural":"water","osm_id":"way/1307999624","label":"","category":"water"},"geometry":{"type":"Polygon","coordinates":[[[118.8641444,32.0981757],[118.8641218,32.0981753],[118.8641114,32.0981841],[118.864118,32.0982131],[118.8641361,32.0982267],[118.864173,32.0982203],[118.8641863,32.0982259],[118.8642053,32.0982468],[118.8642138,32.0982717],[118.8642252,32.0983199],[118.864228,32.0983352],[118.8642299,32.0983553],[118.8642489,32.0983697],[118.8642736,32.0983842],[118.8642963,32.0984002],[118.8643162,32.0984099],[118.8644205,32.0984002],[118.8644205,32.0984308],[118.8645106,32.0984099],[118.864559,32.0983946],[118.8645732,32.0983777],[118.8645751,32.0983601],[118.8646036,32.0983496],[118.8646538,32.0983336],[118.8647174,32.0983183],[118.8647544,32.0983175],[118.8647562,32.0983014],[118.8650161,32.0983231],[118.8650142,32.0983336],[118.8650256,32.0983352],[118.8651462,32.098345],[118.8651945,32.0983427],[118.8652186,32.0983223],[118.865232,32.0982768],[118.8652401,32.098203],[118.8652461,32.0981382],[118.8652635,32.0981263],[118.8654982,32.0981365],[118.8654855,32.0981683],[118.8655043,32.09817],[118.8655378,32.0981746],[118.865578,32.0981791],[118.8656209,32.0981768],[118.8656357,32.0981814],[118.8656491,32.0982018],[118.8656558,32.0982291],[118.8656209,32.0982496],[118.8655552,32.0982791],[118.8655137,32.0983018],[118.865405,32.0983314],[118.8653111,32.0983723],[118.8652736,32.0983938],[118.8652253,32.0984336],[118.8651998,32.0984404],[118.8651837,32.0984313],[118.8651663,32.0984041],[118.865122,32.0983847],[118.8650604,32.0983745],[118.8649759,32.0983711],[118.8648887,32.0983632],[118.8647962,32.0983598],[118.8647358,32.0983688],[118.8646781,32.0983938],[118.8646178,32.0984359],[118.8645306,32.0984768],[118.8644139,32.0984881],[118.8643214,32.0984904],[118.8642584,32.0984665],[118.864194,32.098445],[118.8641189,32.0984188],[118.864076,32.0983916],[118.8640653,32.0983643],[118.8640639,32.0983279],[118.8640586,32.098295],[118.8640438,32.0982689],[118.8640277,32.098245],[118.8640089,32.0982007],[118.8639902,32.0981837],[118.8639781,32.0981541],[118.8639821,32.0981189],[118.8640022,32.0980962],[118.8640344,32.0980848],[118.8640706,32.098086],[118.8640961,32.0980962],[118.8641243,32.09812],[118.8641363,32.0981405],[118.8641444,32.0981757]]]}},{"type":"Feature","id":"way/1367372697","properties":{"natural":"water","osm_id":"way/1367372697","label":"","category":"water"},"geometry":{"type":"Polygon","coordinates":[[[118.8877626,32.0908441],[118.8877679,32.0908248],[118.8877787,32.0908058],[118.8877917,32.0907879],[118.8878095,32.0907711],[118.8878189,32.0907623],[118.8878316,32.090753],[118.8878447,32.0907461],[118.8878551,32.0907399],[118.8878705,32.0907305],[118.8878873,32.090724],[118.8879007,32.0907254],[118.8879155,32.0907413],[118.8879285,32.0907598],[118.8879396,32.0907785],[118.8879466,32.0907981],[118.887952,32.0908189],[118.887953,32.0908407],[118.8879537,32.0908626],[118.8879497,32.0908833],[118.8879312,32.0908927],[118.8879041,32.090893],[118.8878779,32.0908924],[118.8878524,32.0908873],[118.887828,32.0908819],[118.8878048,32.0908714],[118.8877814,32.0908598],[118.8877626,32.0908441]]]}},{"type":"Feature","id":"way/1367372863","properties":{"natural":"water","osm_id":"way/1367372863","label":"","category":"water"},"geometry":{"type":"Polygon","coordinates":[[[118.8795087,32.0928654],[118.879494,32.0928603],[118.8794879,32.0928536],[118.87949,32.0928478],[118.8794947,32.092841],[118.8794997,32.0928337],[118.8795017,32.0928254],[118.879501,32.0928166],[118.879497,32.0928088],[118.8794902,32.0928027],[118.8794727,32.0927922],[118.8794598,32.0927776],[118.8794535,32.0927633],[118.8794518,32.0927481],[118.8794506,32.0927386],[118.879445,32.0927302],[118.879436,32.0927244],[118.8794249,32.0927223],[118.8794082,32.092722],[118.8793874,32.092724],[118.8793951,32.092719],[118.8793978,32.0927112],[118.8793951,32.0927042],[118.8793884,32.0926995],[118.8793773,32.0926995],[118.8793666,32.0927024],[118.8793549,32.0927083],[118.8793471,32.0927132],[118.8793408,32.0927149],[118.8793185,32.0927146],[118.8792972,32.092709],[118.8792787,32.0926984],[118.8792626,32.0926806],[118.8792546,32.0926592],[118.8792549,32.0926342],[118.8792573,32.0926013],[118.8792533,32.0925876],[118.8792442,32.0925828],[118.8792301,32.0925842],[118.8792164,32.0925873],[118.8792166,32.0925601],[118.8792197,32.0925331],[118.8792311,32.0924893],[118.8792492,32.0924217],[118.8792687,32.0923707],[118.8792928,32.0923212],[118.8793304,32.0922439],[118.879376,32.0921758],[118.8794222,32.092132],[118.8794906,32.0920962],[118.8795369,32.0920803],[118.8795818,32.0920833],[118.8796247,32.0920947],[118.8796636,32.0921138],[118.8796954,32.0921387],[118.8797201,32.0921687],[118.8797367,32.0922025],[118.8797495,32.0922502],[118.8797294,32.0923087],[118.879707,32.0923237],[118.8796886,32.0923422],[118.8796748,32.0923634],[118.8796663,32.0923865],[118.8796635,32.0924149],[118.8796685,32.0924431],[118.8796811,32.0924695],[118.8797045,32.0925117],[118.8797347,32.0925507],[118.8797765,32.0925901],[118.8798252,32.0926234],[118.8798376,32.092666],[118.8798413,32.0927098],[118.8798385,32.0927417],[118.8798311,32.0927731],[118.8798192,32.0928035],[118.8798106,32.0928315],[118.8797952,32.0928572],[118.8797736,32.0928796],[118.8797436,32.0928993],[118.879709,32.0929124],[118.8796717,32.0929182],[118.8796335,32.0929109],[118.8796013,32.0928989],[118.8795725,32.0928944],[118.8795456,32.0928915],[118.8795435,32.092878],[118.8795329,32.0928677],[118.8795211,32.0928642],[118.8795087,32.0928654]]]}},{"type":"Feature","id":"way/1368431240","properties":{"natural":"water","osm_id":"way/1368431240","label":"","category":"water"},"geometry":{"type":"Polygon","coordinates":[[[118.8692362,32.0872551],[118.8692298,32.087249],[118.8692258,32.0872415],[118.8692249,32.0872312],[118.8692285,32.0872213],[118.8692231,32.0872106],[118.8692249,32.087199],[118.8692332,32.0871898],[118.8692437,32.0871857],[118.8692553,32.0871858],[118.8692657,32.0871901],[118.8692773,32.0871857],[118.8692899,32.0871864],[118.8692994,32.0871909],[118.869306,32.0871983],[118.8693162,32.0871957],[118.8693267,32.0871971],[118.8693355,32.0872023],[118.8693408,32.0872103],[118.8693414,32.0872194],[118.8693371,32.0872279],[118.8693447,32.087232],[118.8693502,32.0872381],[118.8693531,32.087245],[118.8693532,32.0872523],[118.8693477,32.0872572],[118.8693455,32.0872636],[118.8693481,32.0872718],[118.8693556,32.0872773],[118.8693503,32.087288],[118.8693398,32.0872955],[118.8693245,32.0872979],[118.86931,32.0872932],[118.8692981,32.0872963],[118.8692858,32.0872949],[118.8692762,32.08729],[118.8692694,32.0872824],[118.8692579,32.0872846],[118.8692465,32.0872821],[118.8692379,32.0872753],[118.869234,32.0872654],[118.8692362,32.0872551]]]}},{"type":"Feature","id":"way/1368431241","properties":{"natural":"water","osm_id":"way/1368431241","label":"","category":"water"},"geometry":{"type":"Polygon","coordinates":[[[118.8690877,32.0876389],[118.8690751,32.0876415],[118.8690642,32.0876474],[118.8690559,32.0876562],[118.8690515,32.0876667],[118.8690314,32.0876792],[118.8690019,32.087686],[118.8689866,32.0876843],[118.868972,32.0876884],[118.868961,32.0876974],[118.868956,32.0877075],[118.8689558,32.0877184],[118.8689603,32.0877287],[118.8689496,32.0877592],[118.8689341,32.0877883],[118.8689155,32.0878138],[118.8688932,32.0878372],[118.8688811,32.0878452],[118.8688662,32.0878484],[118.868851,32.0878463],[118.8688383,32.0878391],[118.86883,32.0878283],[118.8688275,32.0878156],[118.8688204,32.0877796],[118.8688066,32.0877451],[118.8687864,32.0877129],[118.8687605,32.0876838],[118.8687255,32.087656],[118.8686852,32.0876338],[118.868641,32.0876181],[118.8685942,32.0876093],[118.868579,32.0876043],[118.8685667,32.0875952],[118.8685586,32.0875832],[118.8685558,32.0875681],[118.8685598,32.0875532],[118.86857,32.0875406],[118.8686753,32.0874991],[118.8686914,32.0875062],[118.8687095,32.0875076],[118.8687269,32.0875031],[118.868741,32.0874935],[118.8687489,32.0874822],[118.8687522,32.0874695],[118.8687504,32.0874565],[118.8687853,32.0874162],[118.8688203,32.087383],[118.8688613,32.0873553],[118.8689073,32.0873338],[118.8689437,32.0873223],[118.8689814,32.0873147],[118.86902,32.0873111],[118.8690703,32.0873242],[118.869091,32.0873338],[118.8691159,32.0873389],[118.8691668,32.0873844],[118.8691662,32.087402],[118.8691749,32.0874151],[118.869199,32.0874423],[118.869205,32.0874707],[118.869205,32.0875184],[118.869191,32.0875548],[118.8691781,32.0875744],[118.8691621,32.0875923],[118.8691461,32.0876083],[118.8691273,32.0876218],[118.8691082,32.0876316],[118.8690877,32.0876389]]]}},{"type":"Feature","id":"way/1368438369","properties":{"name":"观涟湖","natural":"water","osm_id":"way/1368438369","label":"观涟湖","category":"water"},"geometry":{"type":"Polygon","coordinates":[[[118.8771249,32.0716802],[118.8770579,32.0716496],[118.8769962,32.07162],[118.8769332,32.0716018],[118.8768527,32.0715677],[118.8767937,32.0715189],[118.8768165,32.0714586],[118.8768755,32.0713995],[118.8769291,32.0713382],[118.8770056,32.0712893],[118.8770404,32.0712166],[118.8771021,32.0711711],[118.8771424,32.0711586],[118.8771719,32.0710916],[118.8772014,32.0710529],[118.8772242,32.0710541],[118.8772872,32.071095],[118.8773449,32.0711325],[118.8774066,32.0711575],[118.8774495,32.0711461],[118.8775447,32.0712098],[118.877593,32.0712904],[118.8775514,32.0713211],[118.8774683,32.0713348],[118.8774119,32.0714223],[118.8773771,32.0714768],[118.8771249,32.0716802]]]}},{"type":"Feature","id":"way/1368780438","properties":{"building":"yes","natural":"water","osm_id":"way/1368780438","label":"","category":"water"},"geometry":{"type":"Polygon","coordinates":[[[118.8728636,32.080882],[118.8727329,32.0807291],[118.8729226,32.0806127],[118.8729617,32.0806228],[118.8729964,32.080641],[118.8730245,32.0806661],[118.8730443,32.0806968],[118.8730541,32.0807307],[118.8730533,32.0807656],[118.8728636,32.080882]]]}},{"type":"Feature","id":"way/1425041344","properties":{"natural":"water","osm_id":"way/1425041344","label":"","category":"water"},"geometry":{"type":"Polygon","coordinates":[[[118.8972871,32.0949139],[118.8972053,32.0948491],[118.8971677,32.0947548],[118.8971704,32.0946799],[118.8972053,32.0945924],[118.8972589,32.0945106],[118.8973126,32.0944594],[118.8973823,32.0944219],[118.8974601,32.0944095],[118.8976519,32.0944628],[118.8977806,32.0945333],[118.8978785,32.0946242],[118.8979,32.0946662],[118.8979,32.0946912],[118.8978571,32.0947571],[118.8976277,32.0948775],[118.8975459,32.0949094],[118.8974038,32.0949025],[118.8972871,32.0949139]]]}},{"type":"Feature","id":"way/1443739032","properties":{"natural":"water","osm_id":"way/1443739032","label":"","category":"water"},"geometry":{"type":"Polygon","coordinates":[[[118.7933879,32.0945916],[118.7933767,32.0945778],[118.7933615,32.0945709],[118.7933483,32.0945623],[118.7933452,32.0945494],[118.7933554,32.0945322],[118.7933676,32.0945235],[118.7933798,32.0945106],[118.793393,32.094496],[118.7934306,32.0944994],[118.7934479,32.094508],[118.7934601,32.0945235],[118.793456,32.0945468],[118.7934387,32.0945657],[118.7934235,32.0945847],[118.7934082,32.0945941],[118.7933879,32.0945916]]]}},{"type":"Feature","id":"way/1482894593","properties":{"natural":"water","osm_id":"way/1482894593","label":"","category":"water"},"geometry":{"type":"Polygon","coordinates":[[[118.7928685,32.0469044],[118.7928319,32.0469317],[118.7927941,32.0469331],[118.7927824,32.0469145],[118.7927438,32.046912],[118.7927394,32.0468926],[118.7927298,32.0468808],[118.7926944,32.0468792],[118.7927021,32.0467032],[118.7927325,32.046689],[118.7927377,32.046675],[118.7928203,32.0466606],[118.7928648,32.046704],[118.7928651,32.0468543],[118.7928685,32.0469044]]]}},{"type":"Feature","id":"way/1525414427","properties":{"natural":"water","osm_id":"way/1525414427","label":"","category":"water"},"geometry":{"type":"Polygon","coordinates":[[[118.783847,32.0915501],[118.7837831,32.0914701],[118.7835843,32.0915774],[118.7833375,32.0916894],[118.7831353,32.0917679],[118.7828561,32.0918475],[118.782683,32.0918917],[118.7826052,32.0918826],[118.7825355,32.0918599],[118.7824523,32.0918213],[118.7823658,32.0917625],[118.7822431,32.0917326],[118.7820144,32.0917119],[118.781658,32.0916769],[118.7810287,32.0916268],[118.780635,32.0915999],[118.7801581,32.0915456],[118.7799984,32.0915191],[118.779726,32.0914971],[118.779529,32.0914131],[118.779464,32.0913741],[118.779334,32.0913221],[118.779017,32.0911981],[118.778591,32.0910551],[118.778481,32.0910011],[118.778346,32.0909381],[118.778259,32.0909091],[118.7781566,32.0908847],[118.7780092,32.0908574],[118.7778262,32.0908312],[118.7756814,32.0908181],[118.7738164,32.0908668],[118.7718448,32.0909468],[118.7702331,32.0910358],[118.7696611,32.0910596],[118.7694537,32.0910864],[118.7682057,32.0914064],[118.7681267,32.0913623],[118.7680569,32.0913395],[118.7678987,32.0913668],[118.7668315,32.0916861],[118.7663451,32.0918534],[118.7658334,32.0920508],[118.7652953,32.0921952],[118.7641698,32.0924271],[118.763622,32.0925689],[118.7631994,32.0926325],[118.7630171,32.0926461],[118.7627704,32.0926637],[118.7620944,32.0926143],[118.7618047,32.0925689],[118.7603714,32.0923474],[118.759895,32.0922417],[118.7597448,32.0921917],[118.7595677,32.0921099],[118.7593907,32.0920826],[118.7591545,32.0920751],[118.7588301,32.0920462],[118.7588358,32.0920244],[118.7585324,32.0920315],[118.7585351,32.0920644],[118.7582827,32.0920785],[118.7581354,32.092078],[118.7581409,32.0920531],[118.7580508,32.0920519],[118.757917,32.0921121],[118.758052,32.0918881],[118.7580603,32.091744],[118.7581193,32.0916099],[118.7582535,32.0913282],[118.7583929,32.0910487],[118.7585458,32.0908351],[118.7586147,32.0913835],[118.7584932,32.0916541],[118.7585114,32.0917977],[118.7585337,32.0918372],[118.7585772,32.091875],[118.758853,32.0918757],[118.7593585,32.0918554],[118.7598832,32.0919908],[118.7610384,32.0923064],[118.7618886,32.0923961],[118.7626197,32.0924681],[118.7630091,32.0924455],[118.7633354,32.0924045],[118.765441,32.0919861],[118.7668285,32.0915372],[118.7672114,32.0914705],[118.7680221,32.0912373],[118.768427,32.0911741],[118.769217,32.0909491],[118.769347,32.0909311],[118.769543,32.0909101],[118.7725143,32.0908366],[118.773004,32.0907939],[118.7739834,32.0907125],[118.7743449,32.0907166],[118.7760862,32.0906878],[118.7776219,32.0906999],[118.7779342,32.0906991],[118.7781368,32.0907172],[118.7783254,32.0907653],[118.778652,32.0908991],[118.779025,32.0910421],[118.779605,32.0911911],[118.7797514,32.0912804],[118.7799316,32.0913425],[118.780577,32.0913995],[118.7812449,32.0914813],[118.7817376,32.0915073],[118.7819064,32.0915163],[118.7824517,32.0915957],[118.7826022,32.0916787],[118.7827179,32.0916895],[118.7829377,32.091631],[118.7830663,32.0915879],[118.7832192,32.0915338],[118.7834605,32.0914113],[118.783728,32.0912591],[118.783778,32.0912331],[118.784083,32.0910871],[118.7842223,32.0910226],[118.7842387,32.0909509],[118.7842306,32.0908805],[118.7842065,32.0906805],[118.7842107,32.0905219],[118.7842065,32.0904101],[118.7841461,32.0901914],[118.7840952,32.089942],[118.784025,32.0896941],[118.783973,32.0893561],[118.7839195,32.0891648],[118.7838954,32.0890512],[118.7839103,32.0889492],[118.783955,32.0888521],[118.784042,32.0887371],[118.78437,32.0885551],[118.7847911,32.0882926],[118.7849575,32.0881968],[118.785045,32.0881141],[118.7850612,32.0880257],[118.7851748,32.0877287],[118.785208,32.0876312],[118.7852982,32.087565],[118.7853411,32.0874855],[118.7853357,32.0874423],[118.7853477,32.0871499],[118.785392,32.0870628],[118.7853652,32.0869719],[118.785689,32.0869191],[118.7858304,32.0869598],[118.7857383,32.0871129],[118.785502,32.087465],[118.7854564,32.0875832],[118.785388,32.0879171],[118.78532,32.0880621],[118.785231,32.0882031],[118.785136,32.0883381],[118.785073,32.0883991],[118.784999,32.0884401],[118.78447,32.0887131],[118.784259,32.0888111],[118.784203,32.0888461],[118.784175,32.0888701],[118.784157,32.0889131],[118.784133,32.0889821],[118.784129,32.0890931],[118.7842107,32.0893254],[118.784275,32.0897233],[118.78441,32.0903186],[118.7844317,32.0905205],[118.7844747,32.0907487],[118.7845042,32.0909032],[118.7844809,32.091048],[118.7844413,32.0911067],[118.7843409,32.0911588],[118.7842156,32.0912372],[118.784182,32.0913091],[118.784166,32.0913961],[118.783847,32.0915501]]]}},{"type":"Feature","id":"way/1525414428","properties":{"natural":"water","osm_id":"way/1525414428","label":"","category":"water"},"geometry":{"type":"Polygon","coordinates":[[[118.784166,32.0913961],[118.784171,32.091365],[118.784216,32.091467],[118.784362,32.091675],[118.784592,32.091985],[118.78475,32.092261],[118.7848,32.092417],[118.784804,32.092474],[118.78477,32.092793],[118.784778,32.09289],[118.784828,32.093255],[118.784874,32.093461],[118.785117,32.094232],[118.785484,32.095136],[118.785777,32.09577],[118.785846,32.095874],[118.785942,32.095955],[118.786143,32.096013],[118.786749,32.096013],[118.787387,32.096024],[118.787547,32.096028],[118.787845,32.096063],[118.788047,32.096098],[118.789394,32.096339],[118.790232,32.096456],[118.791384,32.096627],[118.792294,32.096705],[118.792491,32.096697],[118.792784,32.096732],[118.793125,32.096794],[118.793472,32.096892],[118.794531,32.09707],[118.794624,32.09707],[118.794681,32.097057],[118.794804,32.097022],[118.795025,32.096926],[118.795147,32.096896],[118.795212,32.096894],[118.795414,32.096898],[118.795609,32.09695],[118.795832,32.097074],[118.795932,32.097161],[118.796271,32.097569],[118.796299,32.097606],[118.796572,32.098],[118.796798,32.098322],[118.797187,32.098929],[118.79726,32.09901],[118.797377,32.099077],[118.79779,32.099205],[118.79787,32.099231],[118.798133,32.099303],[118.798415,32.099385],[118.798853,32.099515],[118.799309,32.09965],[118.799819,32.099776],[118.800826,32.100082],[118.800876,32.100097],[118.801238,32.100234],[118.801349,32.100312],[118.801483,32.100459],[118.801609,32.1006],[118.801956,32.100919],[118.802113,32.101047],[118.802532,32.10146],[118.802581,32.101505],[118.80287,32.1018],[118.803081,32.102039],[118.80328,32.102287],[118.803469,32.102593],[118.803729,32.10307],[118.803942,32.10347],[118.80391,32.10352],[118.803439,32.102751],[118.802989,32.102161],[118.802707,32.101792],[118.802627,32.101703],[118.802173,32.101241],[118.801444,32.100631],[118.801238,32.100442],[118.801112,32.100329],[118.800982,32.100257],[118.800724,32.100168],[118.800296,32.100045],[118.79945,32.099834],[118.798272,32.099465],[118.797866,32.099316],[118.797477,32.099211],[118.797241,32.099149],[118.797119,32.09906],[118.796965,32.098808],[118.796386,32.097909],[118.796138,32.097556],[118.795958,32.097356],[118.79572,32.097163],[118.795453,32.097033],[118.795227,32.096983],[118.795116,32.096974],[118.794979,32.097033],[118.794849,32.097167],[118.794715,32.097194],[118.794631,32.097196],[118.794158,32.097111],[118.793663,32.097037],[118.793491,32.097003],[118.793381,32.096972],[118.792984,32.096892],[118.792777,32.096864],[118.791988,32.096801],[118.790659,32.096679],[118.789581,32.096528],[118.789412,32.096491],[118.78881,32.096373],[118.788439,32.096321],[118.787346,32.096245],[118.786178,32.096211],[118.786104,32.096211],[118.785926,32.096182],[118.785822,32.096128],[118.785694,32.095948],[118.785499,32.09559],[118.785065,32.094611],[118.784828,32.09391],[118.784705,32.093468],[118.784607,32.093177],[118.784572,32.093023],[118.784553,32.09284],[118.784553,32.092654],[118.784557,32.0925],[118.784544,32.092406],[118.784511,32.092307],[118.784446,32.092176],[118.784277,32.091929],[118.7839485,32.0915456],[118.783847,32.0915501],[118.784166,32.0913961]]]}},{"type":"Feature","id":"way/1525414501","properties":{"natural":"water","osm_id":"way/1525414501","label":"","category":"water"},"geometry":{"type":"Polygon","coordinates":[[[118.875419,32.017074],[118.875343,32.017104],[118.875079,32.017317],[118.874697,32.01759],[118.874439,32.017781],[118.874052,32.018035],[118.873744,32.018185],[118.873564,32.018244],[118.87339,32.018293],[118.873126,32.018328],[118.872898,32.018372],[118.872666,32.01843],[118.872162,32.018612],[118.871997,32.018688],[118.87186,32.018769],[118.871711,32.018901],[118.87152,32.019127],[118.871318,32.01947],[118.871261,32.019602],[118.871127,32.020064],[118.870997,32.020674],[118.870986,32.021013],[118.87101,32.021215],[118.871105,32.021608],[118.871212,32.022022],[118.871389,32.022827],[118.871403,32.022871],[118.871452,32.023083],[118.871474,32.023261],[118.871448,32.023348],[118.871403,32.02342],[118.871307,32.023498],[118.870662,32.023902],[118.869912,32.024241],[118.869912,32.024115],[118.870255,32.023982],[118.871066,32.0235],[118.871233,32.023392],[118.871311,32.023331],[118.871348,32.023274],[118.871363,32.023222],[118.871359,32.023162],[118.871327,32.023044],[118.871253,32.022786],[118.871188,32.022545],[118.871151,32.022389],[118.871101,32.022124],[118.871012,32.021723],[118.870921,32.021395],[118.87086,32.021154],[118.87084,32.020921],[118.870895,32.020609],[118.871116,32.019713],[118.87117,32.019539],[118.871253,32.019307],[118.871333,32.019138],[118.871459,32.018968],[118.871626,32.018799],[118.871863,32.018599],[118.871912,32.018573],[118.872069,32.018504],[118.872199,32.018461],[118.872511,32.018343],[118.87326,32.018155],[118.873432,32.018111],[118.873753,32.01797],[118.874252,32.017664],[118.875218,32.01705],[118.875304,32.016978],[118.875419,32.017074]]]}},{"type":"Feature","id":"way/1525414503","properties":{"natural":"water","osm_id":"way/1525414503","label":"","category":"water"},"geometry":{"type":"Polygon","coordinates":[[[118.88003,32.034697],[118.880397,32.034973],[118.880755,32.035216],[118.880931,32.035359],[118.881007,32.035435],[118.881031,32.035481],[118.881027,32.035515],[118.880985,32.035567],[118.880905,32.035626],[118.880833,32.035659],[118.880729,32.035613],[118.880588,32.035483],[118.880527,32.035407],[118.880458,32.03527],[118.880417,32.035172],[118.880356,32.035094],[118.880161,32.034975],[118.880059,32.034934],[118.879955,32.034921],[118.87992,32.034919],[118.879842,32.034899],[118.879757,32.034847],[118.879701,32.03478],[118.87962,32.034723],[118.879573,32.034702],[118.879494,32.03468],[118.879425,32.034678],[118.879369,32.034695],[118.87931,32.034702],[118.87926,32.034684],[118.879238,32.034667],[118.879193,32.034626],[118.879173,32.034589],[118.879184,32.034543],[118.879238,32.034461],[118.879334,32.03433],[118.879395,32.034272],[118.879429,32.034261],[118.879486,32.034281],[118.87959,32.034346],[118.879764,32.034469],[118.88003,32.034697]]]}},{"type":"Feature","id":"way/1525414507","properties":{"natural":"water","osm_id":"way/1525414507","label":"","category":"water"},"geometry":{"type":"Polygon","coordinates":[[[118.8917845,32.0262529],[118.8919198,32.0265048],[118.8920197,32.0266843],[118.8921325,32.0269227],[118.8922138,32.0271272],[118.8922727,32.0274112],[118.892231,32.027792],[118.892272,32.027981],[118.892322,32.028146],[118.892348,32.028198],[118.892358,32.0283773],[118.8925096,32.0286243],[118.8927003,32.0288608],[118.8932222,32.0292349],[118.8937801,32.0295449],[118.8940532,32.0296664],[118.8943046,32.0297593],[118.8947574,32.0299144],[118.895362,32.0301064],[118.8962445,32.0303953],[118.8983127,32.0310638],[118.90047,32.03172],[118.901321,32.032011],[118.901492,32.032086],[118.901679,32.032206],[118.902026,32.03246],[118.902896,32.033211],[118.904239,32.034506],[118.905628,32.035997],[118.90652,32.036958],[118.9067,32.037121],[118.906922,32.03729],[118.907265,32.037564],[118.907534,32.037759],[118.907832,32.038024],[118.908904,32.039146],[118.909663,32.03999],[118.910776,32.04119],[118.911959,32.04246],[118.912853,32.043404],[118.912979,32.043532],[118.913027,32.04361],[118.913066,32.043699],[118.913077,32.043792],[118.91299,32.043818],[118.912955,32.043723],[118.912901,32.04364],[118.912838,32.043564],[118.912311,32.043026],[118.911308,32.041939],[118.910473,32.041053],[118.908752,32.03928],[118.90786,32.038325],[118.907686,32.038113],[118.907543,32.037967],[118.907291,32.037757],[118.906939,32.037518],[118.90667,32.037277],[118.906284,32.036962],[118.905937,32.0366],[118.90494,32.035526],[118.904083,32.034623],[118.902861,32.033419],[118.902482,32.033096],[118.902232,32.032874],[118.901824,32.032534],[118.901679,32.032432],[118.901492,32.032312],[118.90129,32.032193],[118.901008,32.032073],[118.900516,32.031902],[118.89912,32.031453],[118.896796,32.03073],[118.8949169,32.030089],[118.894567,32.0299737],[118.894199,32.029875],[118.893928,32.029756],[118.8935924,32.0295895],[118.8930345,32.029294],[118.8925866,32.0289392],[118.8923816,32.0287333],[118.89222,32.028426],[118.892155,32.028313],[118.8920638,32.028146],[118.8920027,32.0279102],[118.8920045,32.0276432],[118.8920474,32.0275022],[118.8920934,32.0273626],[118.8920875,32.0272722],[118.8919957,32.0270741],[118.8918805,32.0269],[118.8916743,32.0265368],[118.891543,32.0263589],[118.8917845,32.0262529]]]}},{"type":"Feature","id":"way/1525414508","properties":{"natural":"water","osm_id":"way/1525414508","label":"","category":"water"},"geometry":{"type":"Polygon","coordinates":[[[118.872965,32.029784],[118.872978,32.029814],[118.873043,32.029866],[118.87316,32.029945],[118.87334,32.030064],[118.874148,32.030611],[118.874556,32.030878],[118.874671,32.030991],[118.874755,32.03111],[118.874801,32.03129],[118.874777,32.031503],[118.874745,32.031752],[118.874777,32.031967],[118.874827,32.032169],[118.874827,32.032466],[118.874755,32.032835],[118.874731,32.033178],[118.874745,32.033432],[118.874783,32.03361],[118.874855,32.03384],[118.874909,32.034055],[118.874915,32.034296],[118.874911,32.034326],[118.874874,32.034519],[118.874863,32.034573],[118.874813,32.034743],[118.874755,32.034929],[118.874738,32.034992],[118.874623,32.035394],[118.874488,32.035876],[118.874427,32.036047],[118.874345,32.036218],[118.874245,32.036388],[118.874191,32.036483],[118.874156,32.036544],[118.873813,32.037069],[118.873783,32.037117],[118.873687,32.037312],[118.873576,32.037675],[118.873505,32.037898],[118.873383,32.03823],[118.873325,32.038352],[118.873249,32.038456],[118.873184,32.038508],[118.873123,32.038543],[118.873053,32.038619],[118.872991,32.038712],[118.872973,32.038747],[118.872917,32.038933],[118.872865,32.039194],[118.872817,32.039705],[118.872809,32.040037],[118.872776,32.04016],[118.872718,32.040193],[118.872622,32.040219],[118.87257,32.040223],[118.87231,32.040206],[118.87165,32.040188],[118.871337,32.040188],[118.871196,32.040232],[118.871044,32.040401],[118.870899,32.040607],[118.87081,32.040794],[118.870764,32.040937],[118.870723,32.041206],[118.870678,32.041697],[118.870604,32.042213],[118.870517,32.042615],[118.870365,32.043123],[118.870239,32.043498],[118.870024,32.043951],[118.869912,32.044127],[118.869912,32.043873],[118.869972,32.043839],[118.87015,32.043472],[118.870272,32.043164],[118.87033,32.042999],[118.870491,32.042391],[118.870558,32.041918],[118.870613,32.041313],[118.870669,32.040946],[118.870738,32.040733],[118.870838,32.04051],[118.871016,32.040267],[118.871138,32.04016],[118.871264,32.040108],[118.871444,32.040089],[118.871659,32.040089],[118.872017,32.040089],[118.872557,32.040108],[118.872676,32.040089],[118.872711,32.040037],[118.872728,32.039902],[118.872728,32.039715],[118.87273,32.039476],[118.872754,32.039278],[118.872795,32.039079],[118.872836,32.03882],[118.872867,32.038738],[118.872936,32.038608],[118.873006,32.038508],[118.873099,32.038421],[118.873179,32.038347],[118.873208,32.038315],[118.873284,32.038191],[118.873294,32.038169],[118.873409,32.037957],[118.873459,32.037842],[118.873494,32.03774],[118.87354,32.037551],[118.873581,32.037343],[118.87362,32.037212],[118.873668,32.03705],[118.873681,32.037017],[118.873859,32.036724],[118.873882,32.036696],[118.874089,32.036377],[118.874282,32.036045],[118.87439,32.035776],[118.874488,32.035376],[118.874577,32.035027],[118.874649,32.034775],[118.874738,32.034474],[118.874768,32.034285],[118.874783,32.0341],[118.874768,32.033957],[118.874703,32.033723],[118.874603,32.033493],[118.874571,32.033354],[118.874554,32.033215],[118.874549,32.0331],[118.874575,32.032787],[118.874656,32.032466],[118.874682,32.03228],[118.874675,32.032073],[118.87461,32.031913],[118.874599,32.03175],[118.874634,32.031529],[118.874619,32.031307],[118.874571,32.031169],[118.874519,32.031069],[118.874449,32.030999],[118.874297,32.03088],[118.874091,32.030741],[118.873594,32.030379],[118.873039,32.030023],[118.872843,32.029908],[118.872776,32.029888],[118.872965,32.029784]]]}},{"type":"Feature","id":"way/1525414509","properties":{"natural":"water","osm_id":"way/1525414509","label":"","category":"water"},"geometry":{"type":"Polygon","coordinates":[[[118.8833691,32.0365947],[118.8832865,32.0367065],[118.8830513,32.0369341],[118.8829627,32.0369793],[118.8827889,32.0371409],[118.8826104,32.0373068],[118.8824293,32.0374944],[118.882257,32.037686],[118.8822064,32.0377673],[118.8821664,32.0378635],[118.8821564,32.0379854],[118.882034,32.038111],[118.882023,32.038204],[118.881999,32.038404],[118.881977,32.03864],[118.881953,32.038838],[118.881967,32.0389943],[118.882032,32.0390736],[118.8820401,32.0391714],[118.8819194,32.0392896],[118.8818389,32.039326],[118.8817519,32.0393469],[118.8816445,32.039334],[118.8815617,32.0393103],[118.8814446,32.039301],[118.8813668,32.0393033],[118.881281,32.039326],[118.881222,32.0393988],[118.8810289,32.0396853],[118.8809216,32.0398581],[118.8808948,32.0399672],[118.8808961,32.0400308],[118.8809109,32.0400945],[118.8812788,32.0411462],[118.8816261,32.0421127],[118.8817265,32.0423934],[118.8817933,32.04263],[118.8818692,32.0428846],[118.8820103,32.0433015],[118.882083,32.0436368],[118.8821608,32.0439733],[118.8822212,32.0444197],[118.8822573,32.0446644],[118.8822627,32.0447576],[118.8822329,32.0449023],[118.8823163,32.0455284],[118.8823814,32.0461673],[118.8824092,32.0463989],[118.882456,32.0467124],[118.8824126,32.0467155],[118.8823496,32.0462347],[118.882295,32.0457241],[118.8822269,32.0451936],[118.8822037,32.0450055],[118.8821635,32.0447417],[118.8821071,32.0447508],[118.8821098,32.044719],[118.8821447,32.0446826],[118.8821507,32.0446448],[118.8820562,32.0438814],[118.8819582,32.0434677],[118.881896,32.0432634],[118.8818845,32.0432026],[118.8818317,32.0430284],[118.8817786,32.0428794],[118.8816758,32.0425884],[118.88156,32.0422499],[118.8812779,32.0413689],[118.8812121,32.0412619],[118.8810482,32.0407296],[118.8809216,32.0403764],[118.880796,32.0400385],[118.880804,32.0399063],[118.8808376,32.0398225],[118.880986,32.0395898],[118.8811791,32.0392942],[118.8812274,32.0392692],[118.8812998,32.0392191],[118.8812917,32.0391737],[118.8812301,32.0391373],[118.881273,32.03906],[118.8814473,32.0391305],[118.8815734,32.0391396],[118.8817075,32.0391441],[118.881804,32.0391168],[118.88185,32.0390716],[118.881888,32.038807],[118.881908,32.038603],[118.881932,32.038365],[118.881951,32.038167],[118.881953,32.038113],[118.8819677,32.0378163],[118.8820688,32.0375653],[118.8822063,32.0374255],[118.8825246,32.0371488],[118.8828292,32.0368375],[118.8831463,32.0365232],[118.8832172,32.0364231],[118.8832139,32.0363347],[118.8831642,32.0361874],[118.8830882,32.0359743],[118.8830899,32.0356878],[118.8831206,32.0355483],[118.883209,32.035326],[118.883551,32.0348424],[118.88399,32.0341556],[118.884071,32.033686],[118.8847142,32.0328458],[118.8846708,32.0327635],[118.8844782,32.0324729],[118.884387,32.0322364],[118.8843656,32.0321319],[118.8843334,32.031959],[118.8843387,32.0318181],[118.8843915,32.0315973],[118.8844627,32.0314789],[118.8846772,32.0312157],[118.8848916,32.0309559],[118.8850159,32.0308104],[118.8850847,32.0307083],[118.8853581,32.03037],[118.8854892,32.0301994],[118.8858667,32.0297571],[118.8859708,32.0296352],[118.8860836,32.0295174],[118.886337,32.0292681],[118.8865006,32.0290621],[118.8866968,32.0289028],[118.886896,32.028654],[118.8870424,32.0284663],[118.8871909,32.0282404],[118.8873316,32.0279292],[118.8877076,32.0269473],[118.8879651,32.0267017],[118.8880671,32.026549],[118.8881797,32.026206],[118.8883401,32.026065],[118.8883889,32.0263788],[118.8882835,32.0265407],[118.8880938,32.0267836],[118.8879543,32.0270883],[118.8877988,32.027202],[118.88776,32.027306],[118.8876168,32.0275905],[118.8875215,32.0278706],[118.887374,32.028261],[118.887198,32.0285118],[118.8870392,32.0287353],[118.8868385,32.0289575],[118.8865426,32.029283],[118.8862398,32.0296189],[118.8860084,32.029821],[118.8856316,32.0302809],[118.8850951,32.0309222],[118.8846052,32.0315622],[118.8845104,32.0317498],[118.8844997,32.0319408],[118.8845694,32.0321864],[118.8848376,32.0326594],[118.8848913,32.0328049],[118.8848752,32.0329732],[118.8846499,32.0334643],[118.8842905,32.0339873],[118.884092,32.0343466],[118.8838164,32.0347315],[118.883277,32.035561],[118.8832606,32.0356828],[118.883245,32.0357925],[118.8832502,32.0359014],[118.8833122,32.0360519],[118.8833691,32.0365947]]]}},{"type":"Feature","id":"way/1525414526","properties":{"name":"白水河","natural":"water","osm_id":"way/1525414526","label":"白水河","category":"water"},"geometry":{"type":"Polygon","coordinates":[[[118.8833122,32.0360519],[118.8833443,32.036132],[118.8834014,32.0362038],[118.8835283,32.0363131],[118.8838052,32.0364911],[118.8846527,32.037095],[118.8864113,32.038389],[118.8867259,32.0386257],[118.8870317,32.038894],[118.8870746,32.0390168],[118.8871336,32.0391396],[118.8872087,32.0392396],[118.8877505,32.0396671],[118.889633,32.040951],[118.892276,32.042915],[118.893023,32.043462],[118.893478,32.043801],[118.893958,32.044135],[118.895286,32.045118],[118.896121,32.045717],[118.896468,32.045979],[118.896575,32.046064],[118.896629,32.046155],[118.896694,32.04635],[118.896733,32.04666],[118.896739,32.046817],[118.896766,32.047075],[118.896824,32.047325],[118.897015,32.047808],[118.897158,32.048234],[118.897312,32.048802],[118.897484,32.04979],[118.897586,32.050382],[118.897697,32.051003],[118.897786,32.051459],[118.897846,32.051823],[118.897896,32.052129],[118.897888,32.052409],[118.897864,32.052674],[118.897858,32.052971],[118.897879,32.053149],[118.897914,32.053379],[118.89799,32.053941],[118.898066,32.054356],[118.89852,32.05701],[118.89927,32.060929],[118.899921,32.064946],[118.899945,32.065116],[118.899975,32.065341],[118.899993,32.065508],[118.900585,32.06808],[118.901069,32.070441],[118.90119,32.070912],[118.901223,32.071276],[118.90119,32.071656],[118.901084,32.07214],[118.900906,32.072715],[118.900767,32.073169],[118.900691,32.073546],[118.900646,32.074015],[118.90057,32.074516],[118.900435,32.07497],[118.900268,32.075332],[118.900116,32.075272],[118.900329,32.074319],[118.900435,32.073713],[118.900524,32.073305],[118.900752,32.072639],[118.900917,32.072066],[118.900993,32.07171],[118.901008,32.071454],[118.901008,32.071302],[118.900958,32.071029],[118.900867,32.070582],[118.900661,32.069528],[118.900344,32.067765],[118.899856,32.065515],[118.899836,32.065337],[118.899806,32.065126],[118.89978,32.064944],[118.899452,32.063208],[118.899094,32.061224],[118.898918,32.060178],[118.898636,32.058705],[118.898261,32.056678],[118.897929,32.054851],[118.897778,32.05398],[118.897717,32.053468],[118.897682,32.053195],[118.897686,32.052932],[118.897723,32.052357],[118.897725,32.052166],[118.897686,32.051875],[118.897499,32.050916],[118.897312,32.04994],[118.897202,32.049284],[118.897128,32.04882],[118.897076,32.048633],[118.89703,32.048464],[118.896881,32.048019],[118.89669,32.047518],[118.896603,32.047331],[118.896538,32.047094],[118.896512,32.046919],[118.896483,32.046454],[118.896453,32.046261],[118.896401,32.046157],[118.896355,32.046114],[118.896286,32.046053],[118.895772,32.045652],[118.894984,32.045064],[118.894713,32.044853],[118.894618,32.044771],[118.894314,32.044552],[118.893984,32.044356],[118.892897,32.043575],[118.891731,32.042718],[118.888754,32.040587],[118.8872339,32.0394407],[118.8870799,32.0392669],[118.8870048,32.0391123],[118.8854921,32.0380073],[118.884281,32.0371185],[118.8840314,32.0369365],[118.8835828,32.0366098],[118.8834295,32.036518],[118.8833691,32.0365947],[118.8833122,32.0360519]]]}},{"type":"Feature","id":"way/1525414555","properties":{"natural":"water","osm_id":"way/1525414555","label":"","category":"water"},"geometry":{"type":"Polygon","coordinates":[[[118.869912,32.024241],[118.869278,32.024564],[118.869174,32.024633],[118.869107,32.024696],[118.869053,32.024766],[118.869011,32.024859],[118.868966,32.024978],[118.868918,32.025169],[118.868851,32.025349],[118.868786,32.025451],[118.868755,32.025493],[118.868699,32.025556],[118.868556,32.025627],[118.868493,32.025647],[118.868339,32.025658],[118.868248,32.025653],[118.868117,32.025612],[118.86803,32.025558],[118.86792,32.025462],[118.866718,32.024173],[118.866622,32.024063],[118.866607,32.024034],[118.86657,32.023948],[118.866561,32.023921],[118.866557,32.023887],[118.866572,32.023837],[118.866616,32.023806],[118.866698,32.023767],[118.866863,32.023707],[118.867683,32.023422],[118.869014,32.023019],[118.869244,32.022941],[118.869335,32.022891],[118.869346,32.022849],[118.869339,32.022793],[118.8693,32.022743],[118.869194,32.022565],[118.867775,32.020211],[118.867354,32.019507],[118.866583,32.018199],[118.866547,32.018127],[118.866458,32.018004],[118.866427,32.017975],[118.866371,32.017936],[118.866191,32.017895],[118.866145,32.017873],[118.866069,32.017813],[118.86603,32.017754],[118.866004,32.017652],[118.865965,32.017376],[118.865702,32.014078],[118.86537,32.010163],[118.8652241,32.0082268],[118.86531,32.0082024],[118.865386,32.008878],[118.865798,32.013685],[118.866115,32.017322],[118.866119,32.017361],[118.866145,32.017578],[118.866169,32.017656],[118.866186,32.017698],[118.866221,32.017741],[118.86634,32.0178],[118.866451,32.017847],[118.866538,32.017908],[118.86661,32.017977],[118.866831,32.018372],[118.867031,32.018707],[118.867308,32.019152],[118.867384,32.01929],[118.868553,32.021254],[118.869324,32.022524],[118.869487,32.022802],[118.869506,32.02286],[118.869502,32.022897],[118.869465,32.022951],[118.869424,32.022982],[118.869259,32.02306],[118.868152,32.023414],[118.866867,32.023806],[118.866767,32.02385],[118.866748,32.023867],[118.866722,32.023924],[118.866722,32.023967],[118.866737,32.024019],[118.866794,32.024108],[118.866932,32.024282],[118.867744,32.025139],[118.868057,32.025467],[118.868102,32.025501],[118.868167,32.02553],[118.868206,32.02554],[118.868369,32.02553],[118.86851,32.025506],[118.868625,32.025449],[118.868695,32.025382],[118.868736,32.025308],[118.868771,32.025193],[118.868777,32.024996],[118.868805,32.02485],[118.868836,32.02477],[118.868877,32.024701],[118.868957,32.02462],[118.869278,32.024442],[118.869912,32.024115],[118.869912,32.024241]]]}},{"type":"Feature","id":"way/1525414556","properties":{"natural":"water","osm_id":"way/1525414556","label":"","category":"water"},"geometry":{"type":"Polygon","coordinates":[[[118.865763,32.028796],[118.865223,32.028746],[118.865268,32.028195],[118.865898,32.028193],[118.865763,32.028796]]]}},{"type":"Feature","id":"way/1525414557","properties":{"natural":"water","osm_id":"way/1525414557","label":"","category":"water"},"geometry":{"type":"Polygon","coordinates":[[[118.865036,32.028193],[118.864947,32.029198],[118.864398,32.029143],[118.864483,32.028193],[118.865036,32.028193]]]}},{"type":"Feature","id":"way/1525414559","properties":{"natural":"water","osm_id":"way/1525414559","label":"","category":"water"},"geometry":{"type":"Polygon","coordinates":[[[118.848969,32.031181],[118.849207,32.031183],[118.849316,32.031196],[118.849361,32.031211],[118.849396,32.031252],[118.849418,32.031339],[118.849411,32.031396],[118.849316,32.031552],[118.849286,32.031571],[118.848276,32.031574],[118.848224,32.031541],[118.848224,32.031291],[118.848231,32.031222],[118.848261,32.031189],[118.848324,32.031176],[118.848537,32.031174],[118.848969,32.031181]]]}},{"type":"Feature","id":"way/1525414560","properties":{"natural":"water","osm_id":"way/1525414560","label":"","category":"water"},"geometry":{"type":"Polygon","coordinates":[[[118.848511,32.031919],[118.84845,32.031992],[118.848422,32.032079],[118.848457,32.032667],[118.848496,32.03286],[118.848548,32.032999],[118.848643,32.033175],[118.848602,32.033229],[118.848224,32.033236],[118.848166,32.033203],[118.848235,32.03181],[118.848259,32.031708],[118.848315,32.031654],[118.848956,32.031671],[118.849014,32.031719],[118.849025,32.031845],[118.848986,32.03189],[118.848923,32.031899],[118.848587,32.031882],[118.848511,32.031919]]]}},{"type":"Feature","id":"way/1525414563","properties":{"natural":"water","osm_id":"way/1525414563","label":"","category":"water"},"geometry":{"type":"Polygon","coordinates":[[[118.866932,32.036344],[118.866707,32.036257],[118.867115,32.035526],[118.867642,32.034616],[118.867768,32.034423],[118.86802,32.034484],[118.867829,32.035055],[118.867694,32.035055],[118.866932,32.036344]]]}},{"type":"Feature","id":"way/1525414564","properties":{"natural":"water","osm_id":"way/1525414564","label":"","category":"water"},"geometry":{"type":"Polygon","coordinates":[[[118.869919,32.030524],[118.868869,32.030775],[118.867992,32.031042],[118.867423,32.031296],[118.867091,32.031476],[118.86687,32.031648],[118.866733,32.031802],[118.866649,32.031915],[118.866377,32.032351],[118.865919,32.033123],[118.865344,32.034185],[118.865001,32.034901],[118.864964,32.035029],[118.864964,32.035096],[118.864986,32.035133],[118.865172,32.035228],[118.865498,32.035374],[118.866084,32.03561],[118.866203,32.035686],[118.866234,32.035747],[118.866179,32.035914],[118.866132,32.036068],[118.866084,32.036077],[118.865876,32.035994],[118.865706,32.035934],[118.86563,32.035919],[118.865589,32.035942],[118.865535,32.036023],[118.865313,32.036392],[118.864981,32.036936],[118.864899,32.037073],[118.864604,32.037696],[118.864547,32.037824],[118.864541,32.037889],[118.864563,32.037943],[118.864608,32.037984],[118.864704,32.038037],[118.864773,32.038089],[118.864803,32.038132],[118.864803,32.038204],[118.864743,32.03831],[118.86428,32.039117],[118.863959,32.039632],[118.863731,32.040002],[118.863666,32.040106],[118.86348,32.040356],[118.863263,32.040245],[118.863781,32.039187],[118.864307,32.038156],[118.864417,32.037906],[118.86484,32.037008],[118.865201,32.036433],[118.865478,32.035977],[118.8655,32.035921],[118.865494,32.035877],[118.865485,32.03586],[118.865437,32.035819],[118.865116,32.035656],[118.864764,32.035539],[118.864684,32.035484],[118.864662,32.035435],[118.864662,32.035367],[118.864704,32.035252],[118.865248,32.034161],[118.865387,32.033872],[118.86565,32.033399],[118.866568,32.03186],[118.866816,32.03158],[118.866905,32.031504],[118.867328,32.031259],[118.867886,32.031021],[118.868988,32.030671],[118.869513,32.030547],[118.869919,32.030469],[118.869919,32.030524]]]}},{"type":"Feature","id":"way/1525414565","properties":{"natural":"water","osm_id":"way/1525414565","label":"","category":"water"},"geometry":{"type":"Polygon","coordinates":[[[118.8257926,32.0146054],[118.8266354,32.0146109],[118.8273221,32.0147185],[118.8278207,32.0148594],[118.8288708,32.0151053],[118.828975,32.015087],[118.8296,32.015109],[118.829724,32.015106],[118.830142,32.015095],[118.830264,32.015095],[118.830353,32.015122],[118.830379,32.015135],[118.830444,32.015191],[118.830464,32.015241],[118.830481,32.015378],[118.830481,32.015519],[118.830475,32.015766],[118.830516,32.015818],[118.830546,32.01584],[118.83062,32.015866],[118.830657,32.015872],[118.830776,32.015888],[118.830898,32.015872],[118.832141,32.015888],[118.832863,32.015941],[118.833625,32.016037],[118.834239,32.01613],[118.834742,32.016204],[118.836945,32.016632],[118.837546,32.016747],[118.837733,32.016812],[118.837833,32.016914],[118.837887,32.017009],[118.837939,32.017235],[118.838058,32.017758],[118.838084,32.017975],[118.83816,32.018669],[118.838206,32.019099],[118.83818,32.019531],[118.838134,32.019854],[118.83799,32.020948],[118.837976,32.021085],[118.837985,32.021174],[118.838009,32.021283],[118.838131,32.021686],[118.838183,32.02194],[118.838272,32.022348],[118.838309,32.022504],[118.838404,32.022823],[118.838473,32.022977],[118.838591,32.023201],[118.838608,32.023236],[118.838734,32.023446],[118.839114,32.024043],[118.839274,32.024303],[118.839313,32.024457],[118.839194,32.025108],[118.839111,32.025621],[118.839122,32.025655],[118.839153,32.025673],[118.839218,32.025697],[118.840939,32.025909],[118.841785,32.026009],[118.843901,32.026335],[118.845291,32.026591],[118.845397,32.026615],[118.845584,32.026674],[118.845729,32.026737],[118.84587,32.026819],[118.845935,32.026891],[118.84597,32.026984],[118.845978,32.027149],[118.84595,32.028162],[118.845824,32.029874],[118.845809,32.030154],[118.845787,32.030413],[118.845772,32.030656],[118.845763,32.030766],[118.845779,32.030827],[118.845809,32.030851],[118.845863,32.030868],[118.846749,32.030836],[118.847914,32.030849],[118.849861,32.030875],[118.851477,32.030916],[118.85184,32.030923],[118.853077,32.03091],[118.853443,32.03091],[118.853656,32.030936],[118.853773,32.030996],[118.853836,32.03109],[118.853854,32.031194],[118.854075,32.032713],[118.854095,32.03273],[118.854136,32.032743],[118.854251,32.032748],[118.854377,32.032756],[118.854613,32.032756],[118.855397,32.032756],[118.855664,32.032769],[118.85577,32.032808],[118.855822,32.032889],[118.855842,32.032991],[118.85585,32.033158],[118.855842,32.033488],[118.855822,32.033855],[118.855831,32.034298],[118.855842,32.034799],[118.855857,32.035229],[118.855891,32.035528],[118.855922,32.035741],[118.856002,32.036012],[118.856059,32.036331],[118.856124,32.036742],[118.856167,32.037182],[118.856167,32.037484],[118.856098,32.038612],[118.856063,32.038868],[118.855998,32.039109],[118.855857,32.039469],[118.855656,32.039868],[118.855541,32.040122],[118.855354,32.040413],[118.855167,32.040671],[118.854937,32.040934],[118.85403,32.042012],[118.853976,32.042071],[118.853919,32.042045],[118.854538,32.041301],[118.854616,32.041201],[118.854918,32.040804],[118.855154,32.040487],[118.855421,32.040103],[118.855731,32.039487],[118.855917,32.038972],[118.855998,32.038638],[118.856037,32.038224],[118.856032,32.038022],[118.856059,32.03782],[118.856072,32.037588],[118.856087,32.037388],[118.856093,32.037262],[118.856041,32.036811],[118.855957,32.03636],[118.855887,32.036054],[118.855852,32.035956],[118.855811,32.035869],[118.855776,32.035765],[118.855761,32.035609],[118.855735,32.035183],[118.855735,32.034806],[118.855746,32.033171],[118.855744,32.03308],[118.855746,32.032978],[118.855726,32.032895],[118.855709,32.032878],[118.855614,32.032847],[118.854683,32.032819],[118.854327,32.032821],[118.85411,32.032832],[118.854075,32.032824],[118.854038,32.032808],[118.854014,32.032785],[118.854008,32.032748],[118.853899,32.032183],[118.853741,32.031168],[118.853713,32.031083],[118.853676,32.031053],[118.853632,32.03104],[118.853511,32.03102],[118.853289,32.031025],[118.852135,32.031053],[118.849741,32.031009],[118.847552,32.03097],[118.846942,32.030972],[118.846529,32.03097],[118.846323,32.030979],[118.8459,32.031018],[118.845779,32.031005],[118.845733,32.030981],[118.845687,32.030942],[118.845668,32.030853],[118.845677,32.030647],[118.845709,32.029549],[118.845818,32.028058],[118.84582,32.027991],[118.845844,32.027461],[118.845848,32.027227],[118.84582,32.027095],[118.845766,32.026997],[118.845671,32.026915],[118.845538,32.026841],[118.845343,32.026782],[118.845072,32.026735],[118.843849,32.026552],[118.843486,32.026487],[118.842013,32.02625],[118.841575,32.026204],[118.840637,32.026085],[118.839854,32.025966],[118.839259,32.025894],[118.839079,32.025868],[118.839031,32.025848],[118.839007,32.025835],[118.838977,32.025781],[118.838966,32.025716],[118.839046,32.025072],[118.839164,32.02451],[118.839174,32.02441],[118.839159,32.024351],[118.839144,32.02429],[118.839083,32.024193],[118.838745,32.0237],[118.838523,32.023286],[118.838454,32.023179],[118.838332,32.022919],[118.838291,32.022793],[118.838161,32.022313],[118.838005,32.021691],[118.837909,32.021387],[118.837848,32.021154],[118.837833,32.021066],[118.837902,32.020627],[118.838028,32.019772],[118.838054,32.019557],[118.838058,32.019412],[118.837989,32.018624],[118.837982,32.018567],[118.837878,32.017712],[118.837813,32.017391],[118.837765,32.0171],[118.837746,32.017044],[118.837722,32.017003],[118.837642,32.016946],[118.837511,32.016896],[118.837323,32.016849],[118.836181,32.016636],[118.835391,32.016493],[118.834721,32.01638],[118.833685,32.016215],[118.833115,32.016139],[118.832583,32.016096],[118.832394,32.016074],[118.832191,32.016029],[118.832085,32.016029],[118.831249,32.016029],[118.830661,32.016055],[118.830433,32.01605],[118.830323,32.016029],[118.830273,32.015983],[118.830242,32.015938],[118.830214,32.015814],[118.830203,32.015658],[118.830197,32.015345],[118.830169,32.015278],[118.830101,32.015256],[118.830006,32.015252],[118.829821,32.015271],[118.829559,32.015302],[118.829383,32.015302],[118.829136,32.015267],[118.8288262,32.0152989],[118.8282872,32.0152068],[118.8271777,32.0150625],[118.8261751,32.01485],[118.825762,32.0147599],[118.8257786,32.0146758],[118.8257926,32.0146054]]]}},{"type":"Feature","id":"way/1525414566","properties":{"natural":"water","osm_id":"way/1525414566","label":"","category":"water"},"geometry":{"type":"Polygon","coordinates":[[[118.869912,32.044127],[118.869801,32.044392],[118.869721,32.044544],[118.869662,32.044622],[118.869617,32.044663],[118.86958,32.044676],[118.869515,32.044676],[118.869471,32.044663],[118.869435,32.044644],[118.86935,32.044577],[118.869148,32.044381],[118.868775,32.044088],[118.868478,32.043882],[118.868369,32.043789],[118.868423,32.043713],[118.868762,32.043856],[118.86922,32.044014],[118.86953,32.044132],[118.869658,32.04416],[118.869708,32.044158],[118.869751,32.044134],[118.869808,32.04408],[118.869912,32.043873],[118.869912,32.044127]]]}},{"type":"Feature","id":"way/1525414567","properties":{"natural":"water","osm_id":"way/1525414567","label":"","category":"water"},"geometry":{"type":"Polygon","coordinates":[[[118.815772,32.034036],[118.8157125,32.0341084],[118.815701,32.034631],[118.8157044,32.034808],[118.8157155,32.0349279],[118.8157194,32.0350857],[118.8157365,32.0352952],[118.815755,32.035729],[118.8157494,32.0357993],[118.8157533,32.0359397],[118.8158109,32.0359993],[118.8158923,32.0360326],[118.8159865,32.0360844],[118.8160553,32.0361438],[118.8160971,32.0364017],[118.8161259,32.0367716],[118.816169,32.037589],[118.816174,32.037682],[118.816158,32.037779],[118.816132,32.037825],[118.816083,32.037927],[118.815987,32.038062],[118.815959,32.038092],[118.815928,32.038153],[118.815918,32.038214],[118.815918,32.038322],[118.815928,32.03847],[118.815933,32.038498],[118.815952,32.038565],[118.815987,32.038598],[118.816024,32.038615],[118.8160651,32.0386592],[118.8161691,32.0386462],[118.8162151,32.0386572],[118.8162351,32.0386802],[118.8162501,32.0387632],[118.8162765,32.0390789],[118.8163472,32.0398368],[118.8163901,32.0404634],[118.8164398,32.0409192],[118.8164445,32.0410677],[118.8164655,32.0411879],[118.8164796,32.0412427],[118.816513,32.041286],[118.816563,32.041329],[118.816585,32.041338],[118.816639,32.041345],[118.8170031,32.0413379],[118.8171081,32.0413509],[118.8171641,32.0413879],[118.8171941,32.0414269],[118.8172051,32.0414749],[118.8172104,32.041541],[118.8173318,32.0427046],[118.8174591,32.0438749],[118.8176535,32.0454549],[118.8177764,32.0464234],[118.8177744,32.0464696],[118.8177652,32.0465107],[118.817741,32.046557],[118.8176553,32.0464376],[118.817655,32.0463445],[118.817644,32.0462484],[118.8176214,32.0460276],[118.8175571,32.0454844],[118.8172468,32.0428035],[118.8170976,32.041613],[118.8170734,32.0414321],[118.8170031,32.0414156],[118.8168548,32.0414232],[118.8167041,32.0414273],[118.8165132,32.0414397],[118.816428,32.041403],[118.816383,32.041314],[118.816357,32.04106],[118.816318,32.04052],[118.816228,32.039409],[118.8161735,32.0389792],[118.8161496,32.0387874],[118.8161421,32.0387462],[118.816037,32.03871],[118.815918,32.038674],[118.815848,32.038585],[118.815811,32.038346],[118.815811,32.038129],[118.815837,32.03804],[118.815937,32.037899],[118.816009,32.037773],[118.816063,32.037604],[118.81607,32.037354],[118.8160162,32.0366793],[118.815983,32.036221],[118.8159306,32.0361529],[118.8158428,32.0361104],[118.8157678,32.0360659],[118.8157055,32.0360188],[118.8156696,32.0359411],[118.8156611,32.0355942],[118.8156566,32.0353477],[118.815651,32.0351648],[118.8156537,32.0349948],[118.8156419,32.0347795],[118.8156369,32.0343595],[118.8156412,32.0341468],[118.815579,32.034066],[118.815772,32.034036]]]}},{"type":"Feature","id":"way/1525414569","properties":{"natural":"water","osm_id":"way/1525414569","label":"","category":"water"},"geometry":{"type":"Polygon","coordinates":[[[118.81142,32.061675],[118.811374,32.061714],[118.811363,32.061742],[118.811359,32.061803],[118.811363,32.061826],[118.811352,32.061868],[118.811318,32.061892],[118.811233,32.061892],[118.811101,32.061842],[118.811012,32.061835],[118.81094,32.06182],[118.81091,32.061805],[118.810875,32.061768],[118.81086,32.061718],[118.810849,32.061638],[118.810849,32.061564],[118.810866,32.061488],[118.810886,32.061445],[118.81092,32.061397],[118.810951,32.061375],[118.811022,32.061353],[118.811142,32.061343],[118.81137,32.061356],[118.811489,32.061392],[118.811571,32.061434],[118.81171,32.061533],[118.81173,32.061564],[118.811721,32.061594],[118.811695,32.06164],[118.811667,32.061655],[118.811595,32.06167],[118.811496,32.06167],[118.81142,32.061675]]]}},{"type":"Feature","id":"way/1525414570","properties":{"natural":"water","osm_id":"way/1525414570","label":"","category":"water"},"geometry":{"type":"Polygon","coordinates":[[[118.813976,32.061935],[118.813956,32.061941],[118.813946,32.061959],[118.81395,32.061998],[118.813956,32.06202],[118.813976,32.062039],[118.814022,32.06207],[118.814078,32.062093],[118.814121,32.062115],[118.814147,32.062139],[118.814178,32.062176],[118.814182,32.062204],[118.814178,32.062219],[118.814152,32.062256],[118.814132,32.062263],[118.814102,32.062267],[118.814063,32.062267],[118.813956,32.062267],[118.813891,32.062263],[118.81387,32.06225],[118.813841,32.062228],[118.813835,32.062211],[118.813831,32.062169],[118.813811,32.062139],[118.81377,32.062104],[118.813705,32.062074],[118.813668,32.062067],[118.813614,32.062043],[118.813598,32.06203],[118.813575,32.062011],[118.813568,32.061976],[118.813575,32.061937],[118.81359,32.061902],[118.813609,32.061857],[118.813624,32.061807],[118.813635,32.061764],[118.813648,32.061714],[118.813668,32.061679],[118.813685,32.061659],[118.81372,32.061649],[118.813915,32.061614],[118.813972,32.061607],[118.814017,32.061614],[118.814041,32.061629],[118.814076,32.061657],[118.814102,32.061694],[118.814124,32.06174],[118.814137,32.061785],[118.814147,32.061861],[118.814143,32.061902],[118.814132,32.06192],[118.814093,32.061931],[118.814037,32.061931],[118.813976,32.061935]]]}},{"type":"Feature","id":"way/1525414571","properties":{"natural":"water","osm_id":"way/1525414571","label":"","category":"water"},"geometry":{"type":"Polygon","coordinates":[[[118.7903331,32.0501411],[118.790262,32.0502244],[118.7902517,32.0503087],[118.7902649,32.0503638],[118.7902872,32.0504308],[118.7904446,32.0507627],[118.7904863,32.0508766],[118.7905661,32.051151],[118.7906527,32.0513836],[118.7907173,32.051536],[118.790747,32.0516445],[118.7907704,32.0517762],[118.7907912,32.0519969],[118.7908069,32.0522007],[118.7908296,32.0523486],[118.7909181,32.0525749],[118.7909835,32.0527303],[118.7910032,32.0527911],[118.7910457,32.0529117],[118.7911163,32.0531018],[118.7912574,32.0535743],[118.7915241,32.0544559],[118.7916335,32.0549872],[118.7917401,32.0555749],[118.7917673,32.0559132],[118.7918366,32.0562272],[118.7918736,32.0563424],[118.7919188,32.0564526],[118.792007,32.0567362],[118.7920339,32.056831],[118.79206,32.0569285],[118.7920958,32.057072],[118.7921719,32.0573474],[118.7922378,32.0576326],[118.7923309,32.0581902],[118.7923881,32.0585179],[118.7924286,32.0587782],[118.792481,32.0590454],[118.7925419,32.0591721],[118.7925623,32.0592613],[118.792698,32.0597537],[118.7927719,32.059984],[118.7928204,32.0601783],[118.7928778,32.0604592],[118.7931017,32.0613297],[118.7932225,32.0617355],[118.7934337,32.0624532],[118.7935322,32.0627682],[118.7935931,32.062927],[118.7935801,32.0629602],[118.7935469,32.062965],[118.7935144,32.0629442],[118.7934763,32.0628292],[118.7934064,32.062599],[118.7933503,32.062419],[118.7931893,32.0618828],[118.7930339,32.0613437],[118.7929065,32.0608223],[118.7928383,32.0605694],[118.7928115,32.0604757],[118.792768,32.0602752],[118.792753,32.0602228],[118.7927009,32.0600266],[118.7926204,32.0597562],[118.7925616,32.0595433],[118.792498,32.0593053],[118.7924645,32.0591873],[118.7924435,32.059106],[118.7924328,32.0590823],[118.7924214,32.0590724],[118.7924111,32.0590694],[118.7923951,32.0590665],[118.7923411,32.0588049],[118.7923231,32.0587012],[118.7922924,32.05856],[118.7922823,32.0585095],[118.792253,32.0583828],[118.79222,32.0581896],[118.7921977,32.0580994],[118.7921771,32.0579618],[118.792128,32.0576306],[118.7921015,32.0574615],[118.7920989,32.0573919],[118.7921025,32.0573508],[118.7920978,32.0573131],[118.7920362,32.0571101],[118.7918608,32.0565248],[118.7918431,32.0564488],[118.7918242,32.0563869],[118.7917889,32.0563043],[118.7917486,32.0562252],[118.7916837,32.0559956],[118.7916711,32.0558973],[118.7916696,32.0557582],[118.7916424,32.0557321],[118.7916215,32.0556392],[118.7916418,32.05557],[118.7915425,32.0549998],[118.791378,32.0542994],[118.7912283,32.0537774],[118.791126,32.0533939],[118.7910202,32.0530295],[118.7909112,32.0527326],[118.7908414,32.0525598],[118.7907884,32.0524188],[118.7907697,32.0523808],[118.7907512,32.0523604],[118.790727,32.0522095],[118.7907065,32.0520035],[118.7906739,32.0517882],[118.7906559,32.0516578],[118.7906285,32.0515319],[118.7906107,32.0514732],[118.7905758,32.051373],[118.7904444,32.0510738],[118.7903233,32.0507891],[118.7900705,32.0503463],[118.7900443,32.0502048],[118.7903331,32.0501411]]]}},{"type":"Feature","id":"way/1525414573","properties":{"natural":"water","osm_id":"way/1525414573","label":"","category":"water"},"geometry":{"type":"Polygon","coordinates":[[[118.806457,32.076589],[118.806465,32.076681],[118.806481,32.076937],[118.80653,32.077141],[118.806648,32.077423],[118.806769,32.077731],[118.806893,32.077994],[118.807171,32.07843],[118.807335,32.078745],[118.807353,32.078879],[118.807312,32.079255],[118.807322,32.079315],[118.807368,32.079376],[118.807509,32.079543],[118.807884,32.080053],[118.808288,32.08058],[118.808711,32.081169],[118.808781,32.081264],[118.809063,32.082241],[118.809195,32.082438],[118.809273,32.082538],[118.809482,32.082742],[118.809718,32.082976],[118.809879,32.083117],[118.810235,32.083382],[118.810428,32.083516],[118.810584,32.08369],[118.81076,32.083948],[118.810894,32.084178],[118.810946,32.084267],[118.811222,32.084734],[118.811344,32.084949],[118.811389,32.085025],[118.811509,32.085281],[118.811556,32.085376],[118.8115,32.085376],[118.811489,32.085352],[118.811394,32.085142],[118.810886,32.084332],[118.810723,32.08407],[118.81069,32.084002],[118.810363,32.083586],[118.809859,32.083215],[118.809571,32.082981],[118.80936,32.082805],[118.809158,32.082581],[118.809074,32.082475],[118.808943,32.082228],[118.808857,32.081965],[118.808811,32.081711],[118.8087,32.081401],[118.80852,32.081041],[118.807826,32.080114],[118.807251,32.079406],[118.807197,32.079241],[118.807236,32.078957],[118.807205,32.078712],[118.807084,32.078497],[118.806774,32.078015],[118.806496,32.077284],[118.80645,32.077201],[118.806396,32.077047],[118.80637,32.076882],[118.806344,32.076724],[118.806344,32.076589],[118.806396,32.076574],[118.806457,32.076589]]]}},{"type":"Feature","id":"way/1526011615","properties":{"natural":"water","osm_id":"way/1526011615","label":"","category":"water"},"geometry":{"type":"Polygon","coordinates":[[[118.8084036,32.0420589],[118.8083303,32.0421476],[118.808299,32.042271],[118.808273,32.042523],[118.808273,32.042859],[118.80846,32.044973],[118.808479,32.045366],[118.808572,32.046361],[118.808619,32.046732],[118.808648,32.04693],[118.8087,32.047086],[118.80878,32.047173],[118.808823,32.047195],[118.808936,32.047223],[118.809151,32.047253],[118.810243,32.04718],[118.8124093,32.0470015],[118.8126218,32.047088],[118.8140645,32.0469715],[118.8141272,32.0469558],[118.8142682,32.0469258],[118.8143222,32.0469088],[118.8143632,32.0468798],[118.8146212,32.0468258],[118.8159157,32.0466514],[118.8169406,32.0465523],[118.8173828,32.0464946],[118.8175917,32.0464652],[118.8176553,32.0464376],[118.817741,32.046557],[118.817699,32.046576],[118.817589,32.046598],[118.817509,32.0466202],[118.8168948,32.04671],[118.8165546,32.0467598],[118.8146481,32.0469755],[118.813576,32.0471504],[118.8113022,32.0473381],[118.8095051,32.0474426],[118.8092395,32.0473928],[118.8089385,32.0474005],[118.8087169,32.0474142],[118.8082381,32.0474494],[118.8083488,32.0473702],[118.808417,32.0472744],[118.8084034,32.0470386],[118.808177,32.044491],[118.808025,32.043261],[118.808006,32.043005],[118.8079434,32.0427021],[118.8078306,32.0420993],[118.808003,32.0420843],[118.8080366,32.042052],[118.8081479,32.0420566],[118.808286,32.0420316],[118.8083678,32.0420157],[118.8084108,32.0419964],[118.8084416,32.0420032],[118.8084336,32.042035],[118.8084036,32.0420589]]]}}]}