{"type":"FeatureCollection","metadata":{"source":"OpenStreetMap","attribution":"© OpenStreetMap contributors","license":"ODbL 1.0","licenseUrl":"https://opendatacommons.org/licenses/odbl/1-0/","snapshotAt":"2026-09-11T23:34:33Z","scope":"Xuanwu District area query; complete intersecting objects; not a cadastral survey"},"features":[{"type":"Feature","id":"relation/1847257","properties":{"name":"中山小区","name:en":"Zhong shan xiao qu Residence","landuse":"residential","osm_id":"relation/1847257","label":"中山小区","category":"residential","kind":"residential"},"geometry":{"type":"Polygon","coordinates":[[[118.8478786,32.0360803],[118.8478795,32.0360325],[118.8478758,32.0358275],[118.8490323,32.0358354],[118.8490115,32.0344796],[118.8489847,32.0339437],[118.850128,32.0339401],[118.8501172,32.0344376],[118.8512557,32.0344277],[118.8512604,32.0344696],[118.8512642,32.0345011],[118.8510516,32.0345094],[118.851043,32.0359928],[118.8497247,32.0359875],[118.8496694,32.0359863],[118.8496414,32.0365886],[118.8487662,32.0365801],[118.848102,32.0365737],[118.8481065,32.0360812],[118.8478786,32.0360803]]]}},{"type":"Feature","id":"relation/1929259","properties":{"name":"南京理工大学附属中学","amenity":"school","osm_id":"relation/1929259","label":"南京理工大学附属中学","category":"civic","kind":"school"},"geometry":{"type":"Polygon","coordinates":[[[118.8438619,32.0303967],[118.8438378,32.0303888],[118.843842,32.0298271],[118.8439151,32.0298234],[118.8439151,32.0296156],[118.8442333,32.0296047],[118.8442466,32.0289728],[118.8453136,32.0290141],[118.8452844,32.0292996],[118.8452415,32.0293948],[118.8451896,32.0299137],[118.8451823,32.0300131],[118.8451668,32.0302275],[118.8450938,32.0310651],[118.8438669,32.0310401],[118.8437708,32.0309746],[118.8437805,32.0306321],[118.8438622,32.0305501],[118.8438663,32.0304707],[118.8438619,32.0303967]]]}},{"type":"Feature","id":"relation/2137425","properties":{"name":"熊猫通信工业园","landuse":"industrial","osm_id":"relation/2137425","label":"熊猫通信工业园","category":"industrial","kind":"industrial"},"geometry":{"type":"Polygon","coordinates":[[[118.8493218,32.0222635],[118.8508606,32.0224589],[118.8508955,32.0242504],[118.8506593,32.0242509],[118.8506797,32.0249663],[118.8481378,32.0249273],[118.848148,32.0237392],[118.8482401,32.0236828],[118.8482605,32.0235137],[118.8482503,32.0233836],[118.848148,32.0232969],[118.8482043,32.0221911],[118.8493218,32.0222635]]]}},{"type":"Feature","id":"relation/2137488","properties":{"landuse":"residential","osm_id":"relation/2137488","label":"","category":"residential","kind":"residential"},"geometry":{"type":"Polygon","coordinates":[[[118.8559218,32.0252628],[118.8551178,32.0251579],[118.8550589,32.0241811],[118.8548746,32.0238449],[118.8547804,32.0230034],[118.8541635,32.0230068],[118.8541937,32.0221479],[118.8542236,32.0212951],[118.8573239,32.0225899],[118.8572798,32.0234967],[118.85605,32.0235137],[118.8558377,32.0236733],[118.8559218,32.0252628]]]}},{"type":"Feature","id":"relation/2137506","properties":{"name":"紫金南苑","landuse":"residential","osm_id":"relation/2137506","label":"紫金南苑","category":"residential","kind":"residential"},"geometry":{"type":"Polygon","coordinates":[[[118.8411229,32.0252812],[118.8411226,32.0250666],[118.8417565,32.025074],[118.8417492,32.024622],[118.8420695,32.0246314],[118.8420745,32.0238905],[118.8419979,32.0238887],[118.8420036,32.0234096],[118.8434537,32.022889],[118.8434433,32.0226743],[118.8440443,32.0226726],[118.8445083,32.0226713],[118.8444771,32.0230684],[118.8445583,32.0234956],[118.8446297,32.0238713],[118.8450079,32.0244713],[118.8450079,32.0246625],[118.8454925,32.0252387],[118.8455595,32.0253184],[118.8454663,32.0254247],[118.8449094,32.025406],[118.8446273,32.0254206],[118.8436608,32.025379],[118.8421939,32.0253041],[118.8411229,32.0252812]]]}},{"type":"Feature","id":"relation/2189395","properties":{"name":"小卫街小区","landuse":"residential","osm_id":"relation/2189395","label":"小卫街小区","category":"residential","kind":"residential"},"geometry":{"type":"Polygon","coordinates":[[[118.848456,32.0404862],[118.8480452,32.0406766],[118.8480018,32.0407823],[118.8477767,32.0413298],[118.8475412,32.0412431],[118.847473,32.0413514],[118.8470207,32.0420697],[118.8455471,32.0416657],[118.8459032,32.0406998],[118.8467772,32.040977],[118.8469026,32.0407378],[118.8466314,32.0402649],[118.8467212,32.0402235],[118.8468135,32.0401631],[118.8461472,32.0389942],[118.8477671,32.0385735],[118.849091,32.0381643],[118.8492777,32.038638],[118.8488275,32.0387779],[118.8489545,32.0390931],[118.8482643,32.0393299],[118.848456,32.0404862]]]}},{"type":"Feature","id":"relation/2189396","properties":{"amenity":"school","osm_id":"relation/2189396","label":"","category":"civic","kind":"school"},"geometry":{"type":"Polygon","coordinates":[[[118.849091,32.0381643],[118.8505268,32.0377643],[118.8511312,32.0377237],[118.8511619,32.0381809],[118.8512136,32.0389497],[118.8498179,32.039656],[118.8496999,32.0397157],[118.8486946,32.0404275],[118.848456,32.0404862],[118.8482643,32.0393299],[118.8489545,32.0390931],[118.8488275,32.0387779],[118.8492777,32.038638],[118.849091,32.0381643]]]}},{"type":"Feature","id":"relation/2196059","properties":{"name":"南京理工大学","name:en":"Nanjing University of Science and Technology","amenity":"university","source":"bing","osm_id":"relation/2196059","label":"南京理工大学","category":"civic","kind":"university"},"geometry":{"type":"MultiPolygon","coordinates":[[[[118.8518873,32.0256219],[118.8518928,32.0253719],[118.8524336,32.0253317],[118.8529306,32.0253272],[118.8531816,32.0253249],[118.8532366,32.0253258],[118.8533808,32.025328],[118.8537539,32.0253403],[118.8547608,32.02546],[118.8558511,32.0256105],[118.8568783,32.0257615],[118.8582596,32.0259645],[118.8581265,32.0271936],[118.8580189,32.0280187],[118.8579062,32.0287787],[118.857855,32.0291522],[118.8578191,32.0298731],[118.8579369,32.0301033],[118.8584787,32.0301474],[118.8582473,32.0331054],[118.8556989,32.0329484],[118.8556881,32.0338174],[118.8556844,32.0349842],[118.8544836,32.0350605],[118.8533809,32.0350569],[118.8528338,32.035497],[118.8524535,32.035497],[118.8523846,32.0366853],[118.8522216,32.0374161],[118.8517145,32.0373516],[118.8516638,32.0370292],[118.8515169,32.0370252],[118.851358,32.0370255],[118.8512362,32.0370258],[118.8510218,32.0370231],[118.8509856,32.037149],[118.8509204,32.0373486],[118.850569,32.0374008],[118.8505582,32.0372073],[118.8499496,32.0372687],[118.8495077,32.0374161],[118.8491383,32.0374161],[118.8491202,32.0376648],[118.8486973,32.0376541],[118.8486905,32.037739],[118.8478379,32.0379596],[118.8476728,32.0379751],[118.847617,32.0380179],[118.8476206,32.0381776],[118.8460703,32.0386719],[118.8459109,32.0384509],[118.8455088,32.0376802],[118.8455378,32.0372012],[118.8456646,32.0358256],[118.8457551,32.0345605],[118.8458348,32.0333261],[118.8459073,32.0322083],[118.8459689,32.0314437],[118.8460594,32.0313731],[118.8460619,32.0312791],[118.8460522,32.0312011],[118.8459797,32.0311704],[118.8460043,32.0308195],[118.8461465,32.029136],[118.8462443,32.0274347],[118.8463384,32.0259054],[118.8464761,32.0258317],[118.847867,32.0258348],[118.8480054,32.0258964],[118.8481755,32.0257844],[118.8488817,32.0257744],[118.8493966,32.0257345],[118.851076,32.0254737],[118.8511467,32.0256207],[118.8513592,32.0256206],[118.8517292,32.0256206],[118.8518873,32.0256219]]],[[[118.8508955,32.0242504],[118.8510859,32.0242525],[118.8510726,32.0233019],[118.8529986,32.0233099],[118.8530123,32.0234229],[118.8530704,32.0234182],[118.8534156,32.0234118],[118.8534467,32.0230736],[118.8534565,32.0229141],[118.8522856,32.0229103],[118.8521424,32.0227065],[118.8522804,32.0221428],[118.8525055,32.0214013],[118.8531795,32.0214384],[118.8532619,32.0220589],[118.8541937,32.0221479],[118.8541635,32.0230068],[118.8547804,32.0230034],[118.8548746,32.0238449],[118.8550589,32.0241811],[118.8551178,32.0251579],[118.8537747,32.0249936],[118.8535019,32.024977],[118.8528911,32.0249836],[118.8525044,32.0249862],[118.8519981,32.0250269],[118.8509635,32.0251916],[118.8506798,32.0252416],[118.8506797,32.0249663],[118.8506593,32.0242509],[118.8508955,32.0242504]]]]}},{"type":"Feature","id":"relation/2598326","properties":{"leisure":"track","osm_id":"relation/2598326","label":"","category":"other","kind":"track"},"geometry":{"type":"Polygon","coordinates":[[[118.7801076,32.0508723],[118.7800456,32.0508664],[118.7799463,32.0508386],[118.7798703,32.0507891],[118.7798177,32.0507217],[118.7797955,32.0506524],[118.7797943,32.050582],[118.77982,32.0505206],[118.7798586,32.0504691],[118.7799051,32.0504223],[118.7799743,32.0503829],[118.7800854,32.0503651],[118.7809842,32.0503651],[118.7810415,32.0503888],[118.7811058,32.0504394],[118.7811502,32.0504879],[118.7811876,32.0505474],[118.7811923,32.0505939],[118.7811911,32.0506435],[118.7811736,32.050694],[118.7811397,32.0507544],[118.7810964,32.0507921],[118.7810964,32.0508545],[118.7801076,32.0508723]],[[118.7801017,32.050797],[118.780243,32.0507953],[118.7807753,32.0507888],[118.7809129,32.0507871],[118.7809538,32.0507832],[118.7810006,32.0507643],[118.7810579,32.0507237],[118.7810871,32.0506781],[118.7811,32.0506326],[118.7811011,32.0505929],[118.7810929,32.0505543],[118.7810672,32.0505117],[118.7810251,32.0504641],[118.7809644,32.0504384],[118.7807718,32.0504392],[118.7802394,32.0504416],[118.7800748,32.0504423],[118.7800176,32.0504592],[118.779965,32.0504859],[118.7799217,32.0505236],[118.7798972,32.0505602],[118.7798878,32.0506118],[118.779896,32.0506643],[118.7799217,32.0507118],[118.7799708,32.0507623],[118.7800293,32.0507911],[118.7801017,32.050797]]]}},{"type":"Feature","id":"relation/8703814","properties":{"leisure":"pitch","osm_id":"relation/8703814","label":"","category":"other","kind":"pitch"},"geometry":{"type":"Polygon","coordinates":[[[118.8121965,32.0740134],[118.812166,32.0740569],[118.8121204,32.0740895],[118.8120646,32.0741076],[118.812005,32.0741092],[118.811948,32.0740942],[118.8119009,32.0740649],[118.8118674,32.0740244],[118.811851,32.0739769],[118.8118535,32.0739275],[118.8121965,32.0740134]]]}},{"type":"Feature","id":"relation/9589025","properties":{"leisure":"pitch","osm_id":"relation/9589025","label":"","category":"other","kind":"pitch"},"geometry":{"type":"Polygon","coordinates":[[[118.8118535,32.0739275],[118.8119755,32.0735435],[118.8123185,32.0736294],[118.8121965,32.0740134],[118.8118535,32.0739275]]]}},{"type":"Feature","id":"relation/9589026","properties":{"leisure":"pitch","osm_id":"relation/9589026","label":"","category":"other","kind":"pitch"},"geometry":{"type":"Polygon","coordinates":[[[118.8123185,32.0736294],[118.8119755,32.0735435],[118.8119965,32.0734973],[118.812034,32.0734593],[118.8120838,32.0734336],[118.8121408,32.0734227],[118.8121989,32.0734279],[118.812253,32.0734493],[118.8122958,32.0734845],[118.8123226,32.0735297],[118.8123305,32.0735799],[118.8123185,32.0736294]]]}},{"type":"Feature","id":"relation/9589027","properties":{"landuse":"residential","osm_id":"relation/9589027","label":"","category":"residential","kind":"residential"},"geometry":{"type":"Polygon","coordinates":[[[118.8117145,32.0740944],[118.8118889,32.0734649],[118.8120445,32.073358],[118.8123905,32.0734262],[118.8124226,32.0734876],[118.8122349,32.0741467],[118.8121759,32.0741922],[118.8117145,32.0740944]],[[118.8118535,32.0739275],[118.811851,32.0739769],[118.8118674,32.0740244],[118.8119009,32.0740649],[118.811948,32.0740942],[118.812005,32.0741092],[118.8120646,32.0741076],[118.8121204,32.0740895],[118.812166,32.0740569],[118.8121965,32.0740134],[118.8123185,32.0736294],[118.8123305,32.0735799],[118.8123226,32.0735297],[118.8122958,32.0734845],[118.812253,32.0734493],[118.8121989,32.0734279],[118.8121408,32.0734227],[118.8120838,32.0734336],[118.812034,32.0734593],[118.8119965,32.0734973],[118.8119755,32.0735435],[118.8118535,32.0739275]]]}},{"type":"Feature","id":"relation/13449047","properties":{"name":"麒麟生态中央公园","leisure":"park","osm_id":"relation/13449047","label":"麒麟生态中央公园","category":"green","kind":"park"},"geometry":{"type":"MultiPolygon","coordinates":[[[[118.8783389,32.0293622],[118.8788811,32.0286935],[118.879066,32.0284323],[118.8803169,32.0269538],[118.8826585,32.0242215],[118.8827694,32.0242424],[118.8843725,32.0250847],[118.8853195,32.0256074],[118.8869026,32.0265101],[118.8868653,32.0265813],[118.8858005,32.0278997],[118.8858239,32.0279235],[118.8844069,32.0297523],[118.8843575,32.029816],[118.8838921,32.0303742],[118.8826576,32.0318549],[118.8825829,32.0318905],[118.8824802,32.0318668],[118.8783986,32.0294517],[118.8783389,32.0293622]]],[[[118.882856,32.0238764],[118.8843196,32.0221047],[118.8863726,32.0229388],[118.8888647,32.0239281],[118.8870272,32.0262408],[118.8869662,32.0262408],[118.8850757,32.0252378],[118.8829332,32.0240418],[118.882856,32.0239729],[118.882856,32.0238764]]],[[[118.8849283,32.0217898],[118.8848564,32.0216898],[118.8848725,32.0215738],[118.8850818,32.0213022],[118.8854835,32.020771],[118.8861546,32.0200105],[118.8868627,32.0191736],[118.887485,32.0183368],[118.8882226,32.0174771],[118.8887323,32.0176227],[118.8901109,32.0183277],[118.8913126,32.0189985],[118.8921756,32.0194838],[118.8922217,32.0195339],[118.8922392,32.0196089],[118.8922137,32.0196817],[118.8918637,32.0201094],[118.8908645,32.0212452],[118.8905878,32.0216124],[118.8892628,32.0233703],[118.8889468,32.0234021],[118.8849283,32.0217898]]],[[[118.8885638,32.0170551],[118.8904091,32.0148991],[118.8942608,32.017046],[118.8934447,32.0180713],[118.8925013,32.0192565],[118.8885638,32.0170551]]]]}},{"type":"Feature","id":"relation/14416173","properties":{"name":"南京外国语学校（大行宫校区）","amenity":"school","osm_id":"relation/14416173","label":"南京外国语学校大行宫校区","category":"civic","kind":"school"},"geometry":{"type":"Polygon","coordinates":[[[118.7889236,32.0460503],[118.7889347,32.0460474],[118.7891255,32.0459982],[118.7890584,32.0457998],[118.7893052,32.0457383],[118.7894377,32.0461582],[118.7896818,32.0460986],[118.7897462,32.0460828],[118.7899549,32.0467858],[118.7898909,32.0468022],[118.789679,32.0468566],[118.7896518,32.0467935],[118.7891972,32.0469167],[118.7891889,32.0469189],[118.7889236,32.0460503]],[[118.7896705,32.046755],[118.7896859,32.0467975],[118.7897972,32.0467685],[118.7897626,32.0466731],[118.7896513,32.0467021],[118.7896387,32.0466654],[118.7897536,32.0466382],[118.7896695,32.0463649],[118.7895485,32.0463917],[118.7896387,32.0466654],[118.7891727,32.0467882],[118.7892055,32.0468776],[118.7896705,32.046755]],[[118.7890779,32.046246],[118.789088,32.0462531],[118.7891032,32.0462521],[118.7891088,32.0462393],[118.7891066,32.0462241],[118.7891066,32.0462069],[118.7891088,32.0461879],[118.7891161,32.0461731],[118.7891307,32.0461664],[118.7891307,32.0461521],[118.7891206,32.0461464],[118.7891111,32.0461464],[118.789092,32.0461574],[118.7890796,32.0461745],[118.7890729,32.0461988],[118.7890751,32.046226],[118.7890779,32.046246]],[[118.7892139,32.0466476],[118.789509,32.0465798],[118.7894329,32.0463242],[118.7891379,32.0463864],[118.7892139,32.0466476]],[[118.7891612,32.0467518],[118.789243,32.0467302],[118.7892174,32.0466609],[118.7891374,32.0466825],[118.7891612,32.0467518]],[[118.789066,32.0464611],[118.7891297,32.0464491],[118.7890907,32.0463246],[118.7890323,32.0463366],[118.789066,32.0464611]],[[118.7895802,32.0462348],[118.7896739,32.0462126],[118.7896509,32.0461269],[118.7895529,32.0461473],[118.7895802,32.0462348]],[[118.7895576,32.0462381],[118.7895295,32.0461511],[118.7894154,32.0461769],[118.7893544,32.0459791],[118.788948,32.046064],[118.7890228,32.0463122],[118.7890759,32.0463002],[118.7890319,32.046156],[118.7892917,32.0460951],[118.7893526,32.0462857],[118.7894405,32.0462653],[118.7895576,32.0462381]],[[118.789202,32.0459351],[118.7892516,32.0459226],[118.789305,32.0459091],[118.7892589,32.0457579],[118.7891609,32.0457811],[118.7890883,32.0457983],[118.7891052,32.0458635],[118.7891311,32.0458569],[118.7891774,32.0458452],[118.7891852,32.0458737],[118.7891939,32.0459054],[118.789202,32.0459351]]]}},{"type":"Feature","id":"relation/16272607","properties":{"name":"东南大学(四牌楼校区)","name:en":"Southeast University (Sipailou Campus)","amenity":"university","osm_id":"relation/16272607","label":"东南大学四牌楼校区","category":"civic","kind":"university"},"geometry":{"type":"MultiPolygon","coordinates":[[[[118.7930058,32.058477],[118.7929377,32.0582154],[118.7930036,32.058204],[118.7928392,32.0575228],[118.79281,32.0574018],[118.7929088,32.0573847],[118.792864,32.0571989],[118.7927208,32.0572237],[118.7925837,32.0567395],[118.7927638,32.0567017],[118.792729,32.0565595],[118.7929818,32.0565085],[118.7929305,32.0563122],[118.7930778,32.0562801],[118.7931628,32.0562643],[118.7929788,32.0554381],[118.7928704,32.0549256],[118.7939018,32.0547509],[118.7938701,32.0545599],[118.7948017,32.0543635],[118.7950694,32.0553283],[118.794007,32.055526],[118.7940409,32.0556801],[118.793908,32.0557093],[118.794251,32.0570394],[118.7945631,32.0581492],[118.7935627,32.0583557],[118.7930058,32.058477]]],[[[118.789665,32.0551013],[118.7896007,32.0551115],[118.7890355,32.0552011],[118.7890025,32.0552063],[118.7889771,32.0552103],[118.788639,32.0552646],[118.7886221,32.0551793],[118.7885836,32.054973],[118.7885619,32.0548576],[118.7885366,32.0547232],[118.7883549,32.0547477],[118.7882938,32.0544615],[118.7890856,32.0543447],[118.7890102,32.0540513],[118.7900425,32.0538497],[118.7900805,32.0540669],[118.7901407,32.0541118],[118.7901971,32.0544436],[118.7897383,32.0545223],[118.7897948,32.0547613],[118.7896067,32.0547955],[118.789665,32.0551013]]],[[[118.7855284,32.0573039],[118.7856059,32.0584804],[118.7829832,32.0586625],[118.7829221,32.0576336],[118.7827624,32.0576297],[118.7827361,32.0571156],[118.7827431,32.0571166],[118.7830725,32.0571099],[118.7830577,32.0568782],[118.7834894,32.056856],[118.7835162,32.0571338],[118.7840508,32.0571087],[118.7840171,32.0568394],[118.7841837,32.056832],[118.7840879,32.0560671],[118.7853764,32.0559104],[118.7855284,32.0573039]]],[[[118.7858616,32.0598819],[118.785825,32.0593479],[118.785801,32.0589562],[118.7857624,32.0579769],[118.7857643,32.0573186],[118.7870068,32.057205],[118.7868017,32.055719],[118.7885855,32.0554315],[118.7886217,32.0554551],[118.7888608,32.0554401],[118.7890506,32.0554261],[118.7890985,32.055354],[118.7904535,32.0551299],[118.7907488,32.0567387],[118.790775,32.0572217],[118.7908675,32.0587727],[118.7908393,32.0588706],[118.7907883,32.0589958],[118.7906917,32.0592131],[118.7903771,32.0594801],[118.7900564,32.0596884],[118.789908,32.0597016],[118.7895328,32.0597322],[118.7858616,32.0598819]]],[[[118.7906746,32.0548849],[118.7905623,32.0548223],[118.790469,32.0539075],[118.7911191,32.0538005],[118.7913797,32.0547591],[118.7906746,32.0548849]]]]}},{"type":"Feature","id":"relation/16455205","properties":{"natural":"wood","osm_id":"relation/16455205","label":"","category":"green","kind":"wood"},"geometry":{"type":"Polygon","coordinates":[[[118.8362817,32.0882944],[118.8312324,32.0871535],[118.8306127,32.0870135],[118.828623,32.085917],[118.8273834,32.0835969],[118.8280389,32.0816912],[118.8281044,32.0815008],[118.8282361,32.0811181],[118.8285843,32.080106],[118.8261806,32.0771972],[118.8254156,32.075661],[118.8253563,32.075542],[118.8237768,32.0747248],[118.822232,32.0758886],[118.8202939,32.0747089],[118.8206136,32.074492],[118.8219961,32.073554],[118.8210013,32.072708],[118.8205727,32.0728697],[118.8199422,32.0724732],[118.8189217,32.0725681],[118.8175178,32.0717503],[118.8163947,32.0707983],[118.8164097,32.0686235],[118.8159191,32.0669538],[118.8155526,32.0657066],[118.8144053,32.0643606],[118.8143267,32.0642684],[118.814778,32.0634383],[118.8151814,32.0622095],[118.8151814,32.0612411],[118.8151141,32.060411],[118.8160317,32.0605464],[118.8168923,32.0604997],[118.817147,32.0604297],[118.8173054,32.0603539],[118.8174018,32.0602663],[118.8177254,32.0599454],[118.8178466,32.059807],[118.8182004,32.0594028],[118.8165136,32.0579382],[118.8158119,32.0569099],[118.8146223,32.0551667],[118.8214796,32.0535208],[118.8228858,32.0530554],[118.8224171,32.0507283],[118.8260741,32.0477955],[118.8262207,32.0473568],[118.8229125,32.042282],[118.8257172,32.042194],[118.8266812,32.0427627],[118.8271538,32.0429631],[118.8273846,32.0430609],[118.8279839,32.0432596],[118.8334254,32.0441161],[118.8381093,32.0432072],[118.8389624,32.0430417],[118.8387915,32.0454681],[118.840513,32.0459036],[118.8413854,32.0461082],[118.842398,32.0465174],[118.8430601,32.0469267],[118.8424996,32.0485838],[118.8434953,32.0491246],[118.8434772,32.0486025],[118.8438508,32.048015],[118.8439908,32.0465888],[118.8451045,32.0456182],[118.8458616,32.0455298],[118.845704,32.0446806],[118.8457818,32.0438355],[118.8463582,32.0438156],[118.8465683,32.0427064],[118.8467397,32.0427227],[118.8475626,32.0413234],[118.8477963,32.0414223],[118.8480766,32.0408215],[118.8487074,32.0405045],[118.8497355,32.0397451],[118.8512512,32.038973],[118.8511683,32.038147],[118.8519083,32.0380149],[118.852438,32.0381468],[118.8527418,32.0384902],[118.8533494,32.0385957],[118.854102,32.0386113],[118.8541184,32.0386995],[118.8542141,32.0392132],[118.85366,32.0397638],[118.8534257,32.0400376],[118.8529625,32.0405789],[118.8511058,32.0427485],[118.8511193,32.0428611],[118.8511526,32.0431381],[118.855067,32.0423254],[118.8552821,32.0422807],[118.8569444,32.0419681],[118.8579284,32.0418616],[118.8588389,32.041763],[118.8596224,32.0417213],[118.8598318,32.0417772],[118.8596599,32.0426475],[118.8589123,32.0448195],[118.8587506,32.0449636],[118.858643,32.0451287],[118.8586628,32.0453853],[118.8587817,32.04557],[118.8586003,32.046231],[118.8586327,32.0472808],[118.8586629,32.0482593],[118.8587821,32.0490899],[118.8590692,32.0504073],[118.8592396,32.0511895],[118.8596079,32.0520594],[118.8594831,32.0521616],[118.8594184,32.0523007],[118.8595479,32.0525975],[118.8598054,32.052672],[118.8599671,32.0526366],[118.8600786,32.052503],[118.860283,32.0523625],[118.8608232,32.0522359],[118.8612336,32.0520373],[118.8618238,32.0518074],[118.8621114,32.0517275],[118.8630676,32.0521173],[118.8638314,32.0524268],[118.8645018,32.0525491],[118.8651601,32.0525498],[118.8655876,32.0524544],[118.8660442,32.0520671],[118.8665903,32.0516357],[118.8672598,32.0513351],[118.8683816,32.051046],[118.8695366,32.0507864],[118.8692095,32.0487192],[118.8694208,32.0486321],[118.8698437,32.0486993],[118.8701895,32.0489076],[118.8705465,32.0490726],[118.8708147,32.0494709],[118.8713175,32.0494013],[118.8715704,32.0493905],[118.8717325,32.0490871],[118.8723482,32.0486895],[118.8739589,32.0492202],[118.8743095,32.0493367],[118.8742935,32.0493751],[118.8739468,32.0493358],[118.8739451,32.0493701],[118.8739473,32.0494085],[118.8742866,32.0494447],[118.8749945,32.0495867],[118.8758723,32.0497654],[118.8766552,32.0500151],[118.8776102,32.0503889],[118.8781633,32.0506865],[118.8784436,32.0508744],[118.8788752,32.0511638],[118.8794783,32.051608],[118.8796553,32.0517861],[118.8798303,32.0520905],[118.879958,32.0524398],[118.8800581,32.0535139],[118.8812984,32.0563275],[118.883214,32.0606731],[118.8830913,32.062603],[118.882789,32.063247],[118.8820052,32.0647803],[118.879909,32.0690442],[118.8714986,32.0742821],[118.8708127,32.0785004],[118.8685794,32.0822627],[118.8660859,32.0841902],[118.8645114,32.0849009],[118.8643003,32.0849962],[118.8633744,32.0854141],[118.8618227,32.0845874],[118.8612657,32.0836192],[118.8588459,32.0832368],[118.858481,32.0832938],[118.8582025,32.0836029],[118.8575207,32.0861739],[118.8583369,32.0862634],[118.8600764,32.0868728],[118.8616018,32.0876302],[118.8601003,32.0890119],[118.8600448,32.0890438],[118.8597926,32.0893486],[118.8585659,32.0908781],[118.8555586,32.0946276],[118.8549739,32.0947049],[118.8528657,32.0945867],[118.852796,32.094214],[118.8525975,32.0934233],[118.8527584,32.0929052],[118.8531822,32.0929188],[118.8535201,32.0927598],[118.8534665,32.0924643],[118.8529086,32.0924325],[118.8527745,32.0922644],[118.8528603,32.0915145],[118.8533324,32.0915054],[118.8534021,32.0914236],[118.8533485,32.0911055],[118.8528657,32.0908419],[118.8521683,32.0907283],[118.8522059,32.0909737],[118.8518614,32.0911457],[118.8513958,32.0913782],[118.8508755,32.0907192],[118.8507234,32.0907893],[118.8504517,32.0909146],[118.8504999,32.0910153],[118.8506716,32.0913736],[118.8505697,32.0916917],[118.8499099,32.0920008],[118.8500279,32.0924553],[118.850162,32.0928007],[118.8499099,32.092937],[118.8497329,32.0926189],[118.8490355,32.092787],[118.8487709,32.092603],[118.8486761,32.0925371],[118.8479787,32.0927598],[118.8484937,32.0933233],[118.8483918,32.0940277],[118.8465464,32.0937596],[118.8448083,32.0932824],[118.842743,32.0925814],[118.8418123,32.0922292],[118.8382743,32.089902],[118.8373447,32.0887483],[118.8362817,32.0882944]],[[118.8440442,32.0503949],[118.8480063,32.0512169],[118.8482228,32.0502573],[118.8479441,32.0502001],[118.8464371,32.0498911],[118.8462192,32.0498464],[118.8439387,32.0493788],[118.8440442,32.0503949]],[[118.8504093,32.0527264],[118.851995,32.0525245],[118.8520936,32.0506095],[118.8522621,32.0490705],[118.8505901,32.0491714],[118.8500519,32.0490113],[118.8500683,32.0501916],[118.8502286,32.0516297],[118.8504093,32.0527264]],[[118.8548416,32.0549988],[118.8547676,32.0549169],[118.8544903,32.0549848],[118.8539604,32.0549988],[118.8538002,32.0551659],[118.8538844,32.0553852],[118.8540199,32.055488],[118.8542582,32.0554967],[118.8542931,32.0556272],[118.8542746,32.0559458],[118.8543137,32.0561756],[118.8543322,32.0564924],[118.854441,32.0566212],[118.85463,32.0564872],[118.854784,32.0561181],[118.8548498,32.0556673],[118.8548436,32.0552477],[118.8548416,32.0549988]],[[118.839187,32.0629046],[118.8391827,32.0628582],[118.8392073,32.0628212],[118.839257,32.0627909],[118.8393218,32.0627617],[118.8393972,32.0627676],[118.8395253,32.0629243],[118.8395685,32.0629375],[118.8396738,32.0629495],[118.8397186,32.062965],[118.8397635,32.062962],[118.8398507,32.0630402],[118.8398984,32.0630817],[118.8399457,32.0630815],[118.8399489,32.0630265],[118.8398929,32.0629931],[118.8398589,32.0629412],[118.8398186,32.0628633],[118.839814,32.0627784],[118.8398723,32.0626322],[118.8399453,32.0623726],[118.8399618,32.0622293],[118.8399502,32.0620758],[118.8398897,32.0618271],[118.8397551,32.0615473],[118.839696,32.0614734],[118.8396102,32.0614166],[118.8394842,32.0613768],[118.8381383,32.0615235],[118.8380787,32.0615825],[118.8380693,32.0616393],[118.8380787,32.06172],[118.8381578,32.0619178],[118.8382235,32.0619894],[118.8382879,32.0620417],[118.8385347,32.0621212],[118.8386218,32.0621576],[118.838713,32.0622224],[118.8387492,32.0622803],[118.8387479,32.0623508],[118.8385644,32.0626988],[118.8385783,32.0627579],[118.8386444,32.062796],[118.8387039,32.0628209],[118.8388483,32.0628186],[118.8389123,32.0628628],[118.8389869,32.062871],[118.8390283,32.0628786],[118.8390587,32.0629152],[118.8390734,32.0629542],[118.8391068,32.0629736],[118.8391703,32.0629752],[118.8391979,32.0629399],[118.839187,32.0629046]],[[118.8497513,32.0573807],[118.8497746,32.0574139],[118.8498743,32.0575564],[118.8500183,32.0576397],[118.8502079,32.0576665],[118.8504187,32.0576486],[118.8505802,32.0575653],[118.8506786,32.0574403],[118.8507523,32.0573093],[118.8507488,32.0571664],[118.8507172,32.0570265],[118.850661,32.056964],[118.8503871,32.0570861],[118.8501623,32.0571009],[118.8500429,32.0571873],[118.8500183,32.0572706],[118.8497513,32.0573807]],[[118.8617993,32.0583361],[118.8619171,32.0582826],[118.8620092,32.0582004],[118.8620664,32.058098],[118.862083,32.0579856],[118.8620572,32.0578744],[118.8619917,32.0577757],[118.861893,32.0576992],[118.8617711,32.0576527],[118.8616382,32.0576409],[118.8614971,32.0576685],[118.8613752,32.0577349],[118.8612871,32.0578322],[118.8612429,32.0579491],[118.861248,32.0580718],[118.8613017,32.0581858],[118.8613977,32.0582777],[118.8615246,32.0583367],[118.8616677,32.0583558],[118.8617993,32.0583361]],[[118.8626257,32.0583975],[118.8633088,32.0583521],[118.8633933,32.0581027],[118.86337,32.0578435],[118.8633114,32.0575125],[118.863256,32.0569576],[118.8623523,32.0570326],[118.8624431,32.0574645],[118.8625658,32.0581634],[118.8625481,32.0582744],[118.8626257,32.0583975]],[[118.8607299,32.0540734],[118.8609676,32.0540969],[118.8612361,32.0540812],[118.8616467,32.0540184],[118.8617517,32.0539609],[118.8617455,32.0537306],[118.8616405,32.0536417],[118.8613905,32.0536103],[118.860983,32.0536207],[118.8607206,32.0536547],[118.8604675,32.0537175],[118.8605045,32.053851],[118.8605817,32.0539922],[118.8607299,32.0540734]],[[118.8743373,32.0513924],[118.8747343,32.051447],[118.8750132,32.0511833],[118.8752063,32.0509287],[118.8755067,32.0507195],[118.8758468,32.0503985],[118.8756644,32.0502439],[118.875099,32.0500375],[118.8744628,32.0498347],[118.8742407,32.0498738],[118.8739618,32.0504467],[118.8736292,32.0508559],[118.8738652,32.0509651],[118.8744017,32.0509651],[118.8743266,32.0512106],[118.8743373,32.0513924]],[[118.8681573,32.0542625],[118.8683187,32.0539107],[118.8682956,32.0538033],[118.8684109,32.0537056],[118.8684455,32.0535688],[118.8684916,32.0534711],[118.8684109,32.0532464],[118.8683763,32.0529435],[118.8678921,32.0530314],[118.8677999,32.0532073],[118.8678921,32.0535492],[118.8678806,32.0537153],[118.867823,32.0538717],[118.8680305,32.0539303],[118.8680996,32.0540671],[118.868042,32.0542136],[118.8681573,32.0542625]],[[118.8663705,32.0518883],[118.8663705,32.0521619],[118.8664397,32.0523182],[118.8665319,32.0524257],[118.8668201,32.052455],[118.8670622,32.0525429],[118.8672005,32.0526308],[118.8673273,32.0525234],[118.8675578,32.052455],[118.8674373,32.051918],[118.8672245,32.0514201],[118.8667859,32.0515858],[118.8663705,32.0518883]],[[118.8690666,32.0787387],[118.8686053,32.0778206],[118.8683156,32.0778933],[118.867114,32.0775024],[118.8668243,32.0773751],[118.8666312,32.0777024],[118.8666205,32.0780115],[118.8665025,32.0781387],[118.8666205,32.0784296],[118.8665835,32.0785837],[118.8659767,32.0792387],[118.8661162,32.0795387],[118.8663952,32.0794933],[118.8666527,32.0795751],[118.8671462,32.079466],[118.8672535,32.0795023],[118.8682727,32.0792751],[118.8682942,32.0791114],[118.8685838,32.0790296],[118.8687233,32.0791024],[118.8690666,32.0787387]],[[118.858134,32.0836022],[118.8578228,32.0833749],[118.8575637,32.0833914],[118.8573937,32.0834022],[118.8570182,32.0837749],[118.8570289,32.0839476],[118.85672,32.0846471],[118.8565752,32.0848153],[118.8564008,32.0849335],[118.856315,32.084963],[118.8561594,32.084938],[118.8560522,32.0847903],[118.8560146,32.0846858],[118.8558617,32.084629],[118.8558537,32.0845244],[118.8557678,32.0844722],[118.855741,32.0844676],[118.8556981,32.0846131],[118.855572,32.0846153],[118.8554111,32.0845153],[118.8552314,32.0845358],[118.8551643,32.0846335],[118.8550758,32.0847221],[118.8550624,32.0847517],[118.8552502,32.0849062],[118.8553521,32.0851153],[118.8553253,32.0852675],[118.8553011,32.0853403],[118.8553119,32.0854653],[118.855269,32.0857061],[118.8553414,32.0858129],[118.8553655,32.0859379],[118.8553655,32.0859607],[118.8555908,32.0861493],[118.8558108,32.086222],[118.857455,32.0861834],[118.8574898,32.0858857],[118.8576726,32.0853293],[118.8577031,32.0851976],[118.858134,32.0836022]],[[118.8330817,32.0562815],[118.8306034,32.0520895],[118.8275805,32.0531807],[118.8263816,32.0542037],[118.8253704,32.0554222],[118.8246086,32.0559586],[118.8237396,32.0563769],[118.8237584,32.0569861],[118.8241982,32.0588456],[118.8257003,32.0589275],[118.8272667,32.0604005],[118.8278246,32.0602914],[118.8273418,32.0584819],[118.8298309,32.0584887],[118.829788,32.0596003],[118.831644,32.0599913],[118.8322663,32.0610915],[118.8320196,32.0625099],[118.8307643,32.0623917],[118.8305712,32.0630737],[118.8318908,32.0633282],[118.832674,32.0638374],[118.8332212,32.0632009],[118.8329101,32.0621735],[118.8328591,32.0618325],[118.8328993,32.0614188],[118.8330924,32.0610483],[118.8334438,32.0606505],[118.8336825,32.0594276],[118.8321054,32.0569089],[118.8330817,32.0562815]],[[118.8479262,32.0620957],[118.8472512,32.062078],[118.8472222,32.0624323],[118.8473648,32.0626856],[118.8474507,32.0630048],[118.8474766,32.0640953],[118.847484,32.0645027],[118.8478861,32.0645175],[118.8479091,32.0645865],[118.8479485,32.0646832],[118.8480103,32.0647573],[118.8480551,32.0648062],[118.8481336,32.0648544],[118.8482174,32.0648833],[118.848298,32.0648836],[118.8483651,32.0648726],[118.8484621,32.0648347],[118.8485534,32.0647549],[118.8486191,32.064639],[118.8486712,32.0645219],[118.8491602,32.0645382],[118.8491931,32.0641632],[118.8492619,32.0634047],[118.8493171,32.0629904],[118.8494304,32.0627262],[118.8496004,32.0625279],[118.8496347,32.06215],[118.8489206,32.0621208],[118.8489278,32.0617252],[118.8488359,32.0615035],[118.849049,32.0588095],[118.8495953,32.0588849],[118.8496456,32.0585606],[118.8495452,32.0583715],[118.8493608,32.0582024],[118.8488163,32.0579822],[118.8485293,32.0580085],[118.8482635,32.0581067],[118.8478402,32.0582363],[118.8478942,32.0583223],[118.8477905,32.0583663],[118.8476131,32.0585461],[118.8477531,32.0588064],[118.8482284,32.0587914],[118.8480688,32.0614746],[118.8479638,32.0617132],[118.8479262,32.0620957]],[[118.8550899,32.0576728],[118.8555513,32.0590034],[118.8561807,32.0591307],[118.8570712,32.0588882],[118.8570855,32.0576001],[118.8557794,32.0568104],[118.8556121,32.0565187],[118.8554701,32.0562439],[118.8551416,32.0560428],[118.8550403,32.0563197],[118.8548568,32.056639],[118.8544734,32.0568804],[118.8542419,32.056914],[118.8543727,32.0572053],[118.8550899,32.0576728]]]}},{"type":"Feature","id":"relation/17939214","properties":{"leisure":"pitch","osm_id":"relation/17939214","label":"","category":"other","kind":"pitch"},"geometry":{"type":"Polygon","coordinates":[[[118.8614823,32.0970078],[118.8615319,32.0965442],[118.8615442,32.0965048],[118.8615661,32.0964684],[118.8615967,32.0964368],[118.8616344,32.0964114],[118.8616777,32.0963934],[118.8617245,32.0963835],[118.8617726,32.0963824],[118.8618228,32.0963906],[118.8620056,32.0964135],[118.8619798,32.0965908],[118.8619168,32.0970532],[118.8618923,32.0972629],[118.861812,32.097257],[118.8618158,32.097225],[118.86167,32.0972134],[118.861623,32.0972034],[118.8615798,32.0971848],[118.8615424,32.0971587],[118.8615127,32.0971262],[118.8614923,32.097089],[118.8614819,32.0970489],[118.8614823,32.0970078]],[[118.8615426,32.0970135],[118.8615418,32.0970428],[118.8615488,32.0970716],[118.8615633,32.0970982],[118.8615847,32.0971214],[118.8616117,32.0971398],[118.8616429,32.0971525],[118.8616768,32.0971589],[118.8617164,32.097158],[118.8617543,32.0971484],[118.861788,32.0971308],[118.8618152,32.0971064],[118.861834,32.0970768],[118.861843,32.0970441],[118.8619041,32.0965795],[118.861899,32.0965358],[118.8618887,32.0965077],[118.8618709,32.0964824],[118.8618465,32.0964613],[118.861817,32.0964457],[118.861784,32.0964363],[118.8617457,32.0964339],[118.8617078,32.09644],[118.8616732,32.0964542],[118.8616441,32.0964755],[118.8616224,32.0965025],[118.8616016,32.0965511],[118.8615426,32.0970135]]]}},{"type":"Feature","id":"relation/18172071","properties":{"leisure":"track","osm_id":"relation/18172071","label":"","category":"other","kind":"track"},"geometry":{"type":"Polygon","coordinates":[[[118.8390132,32.0350317],[118.8388729,32.0349782],[118.8384447,32.0337417],[118.8384795,32.0336639],[118.8385081,32.033624],[118.8385362,32.0335916],[118.8385589,32.0335638],[118.8385923,32.0335299],[118.8386221,32.0335019],[118.8386494,32.0334806],[118.8386895,32.0334529],[118.8387198,32.033437],[118.8387532,32.0334235],[118.8388003,32.0334075],[118.8388487,32.0333945],[118.8388891,32.0333874],[118.838928,32.0333816],[118.8389653,32.0333774],[118.8390168,32.0333742],[118.8390908,32.0333795],[118.839154,32.0333937],[118.8392049,32.0334117],[118.8392554,32.0334341],[118.8393079,32.0334583],[118.8393596,32.0334891],[118.8394281,32.0335446],[118.8397449,32.034474],[118.8397495,32.034524],[118.8397366,32.0345931],[118.839716,32.0346549],[118.8396781,32.0347228],[118.8396296,32.0347797],[118.8395879,32.0348238],[118.8395479,32.0348549],[118.8395047,32.0348787],[118.8394584,32.0349019],[118.8394024,32.0349206],[118.8393453,32.0349299],[118.8392757,32.034934],[118.8392011,32.0349301],[118.8391422,32.0349226],[118.8390791,32.0349067],[118.8390189,32.0348874],[118.8389515,32.0348614],[118.8390132,32.0350317]],[[118.8389177,32.0347103],[118.8389357,32.0347313],[118.8389624,32.0347546],[118.8390003,32.0347753],[118.8390446,32.0347975],[118.8391009,32.0348197],[118.8391538,32.0348325],[118.8392006,32.0348422],[118.8392451,32.034845],[118.8392985,32.0348439],[118.8393463,32.0348382],[118.8393865,32.0348288],[118.8394263,32.0348152],[118.8394703,32.0347938],[118.8395092,32.0347674],[118.8395457,32.0347357],[118.8395726,32.0347012],[118.839598,32.0346602],[118.8396212,32.0346202],[118.8396351,32.0345829],[118.8396431,32.0345458],[118.8396421,32.0345005],[118.8393449,32.0336601],[118.8393165,32.0336078],[118.8392879,32.0335721],[118.8392549,32.0335496],[118.8392097,32.0335283],[118.8391586,32.0335047],[118.839092,32.033486],[118.8390231,32.0334796],[118.8389544,32.0334797],[118.8388843,32.0334897],[118.8388149,32.0335103],[118.8387534,32.0335402],[118.8387168,32.0335724],[118.8386853,32.0336049],[118.8386509,32.0336446],[118.8386228,32.0336877],[118.8386044,32.0337337],[118.838597,32.0337716],[118.8385984,32.0338181],[118.8386079,32.033873],[118.8388997,32.0346787],[118.8389177,32.0347103]]]}},{"type":"Feature","id":"relation/18303734","properties":{"name":"中山植物园","leisure":"garden","osm_id":"relation/18303734","label":"中山植物园","category":"green","kind":"garden"},"geometry":{"type":"Polygon","coordinates":[[[118.8330817,32.0562815],[118.8321054,32.0569089],[118.8336825,32.0594276],[118.8334438,32.0606505],[118.8330924,32.0610483],[118.8328993,32.0614188],[118.8328591,32.0618325],[118.8329101,32.0621735],[118.8332212,32.0632009],[118.832674,32.0638374],[118.8318908,32.0633282],[118.8305712,32.0630737],[118.8307643,32.0623917],[118.8320196,32.0625099],[118.8322663,32.0610915],[118.831644,32.0599913],[118.829788,32.0596003],[118.8298309,32.0584887],[118.8273418,32.0584819],[118.8278246,32.0602914],[118.8272667,32.0604005],[118.8257003,32.0589275],[118.8241982,32.0588456],[118.8237584,32.0569861],[118.8237396,32.0563769],[118.8246086,32.0559586],[118.8253704,32.0554222],[118.8263816,32.0542037],[118.8275805,32.0531807],[118.8306034,32.0520895],[118.8330817,32.0562815]]]}},{"type":"Feature","id":"relation/18303766","properties":{"natural":"wood","osm_id":"relation/18303766","label":"","category":"green","kind":"wood"},"geometry":{"type":"Polygon","coordinates":[[[118.8474766,32.0640953],[118.8474507,32.0630048],[118.8473648,32.0626856],[118.8472222,32.0624323],[118.8472512,32.062078],[118.8479262,32.0620957],[118.8482618,32.0621156],[118.8482523,32.0623053],[118.8481764,32.0623052],[118.8481315,32.0636579],[118.8481076,32.0641361],[118.8475311,32.0641147],[118.8475176,32.064375],[118.8481094,32.0643971],[118.8481158,32.0642735],[118.8490944,32.0643101],[118.8491015,32.0641732],[118.8485082,32.064151],[118.8485412,32.0635365],[118.8486393,32.062117],[118.8489206,32.0621208],[118.8496347,32.06215],[118.8496004,32.0625279],[118.8494304,32.0627262],[118.8493171,32.0629904],[118.8492619,32.0634047],[118.8491931,32.0641632],[118.8491602,32.0645382],[118.8486712,32.0645219],[118.8486191,32.064639],[118.8485534,32.0647549],[118.8484621,32.0648347],[118.8483651,32.0648726],[118.848298,32.0648836],[118.8482174,32.0648833],[118.8481336,32.0648544],[118.8480551,32.0648062],[118.8480103,32.0647573],[118.8479485,32.0646832],[118.8479091,32.0645865],[118.8478861,32.0645175],[118.847484,32.0645027],[118.8474766,32.0640953]]]}},{"type":"Feature","id":"relation/19164684","properties":{"leisure":"pitch","osm_id":"relation/19164684","label":"","category":"other","kind":"pitch"},"geometry":{"type":"Polygon","coordinates":[[[118.8937184,32.0969021],[118.8937377,32.096882],[118.893924,32.0966889],[118.8941738,32.0968617],[118.8944792,32.0970729],[118.8942736,32.0972861],[118.8941836,32.0972239],[118.8939506,32.0970627],[118.8937184,32.0969021]],[[118.8942927,32.097064],[118.8943947,32.0971345],[118.8944371,32.0970904],[118.8943352,32.09702],[118.8942927,32.097064]],[[118.8941841,32.0971759],[118.8942834,32.0972444],[118.894318,32.0972083],[118.8942188,32.0971399],[118.8941841,32.0971759]],[[118.8942371,32.0971214],[118.8943394,32.0971935],[118.894378,32.0971542],[118.8942757,32.0970821],[118.8942371,32.0971214]],[[118.8940329,32.0970595],[118.8941757,32.0971589],[118.8942339,32.0970989],[118.8940911,32.0969995],[118.8940329,32.0970595]],[[118.894106,32.0969834],[118.8942491,32.0970826],[118.894307,32.0970227],[118.8941639,32.0969234],[118.894106,32.0969834]],[[118.8937446,32.0969033],[118.8938626,32.0969845],[118.8940493,32.0967898],[118.8939313,32.0967086],[118.8937446,32.0969033]],[[118.8938747,32.096993],[118.8939956,32.0970762],[118.89418,32.0968836],[118.8940591,32.0968004],[118.8938747,32.096993]]]}},{"type":"Feature","id":"way/62354287","properties":{"name":"玄武湖公园","name:en":"Xuanwu Lake Park","leisure":"park","source":"bing","osm_id":"way/62354287","label":"玄武湖公园","category":"green","kind":"park"},"geometry":{"type":"Polygon","coordinates":[[[118.8002157,32.0815118],[118.7999996,32.0816346],[118.7980604,32.082737],[118.7948569,32.0847585],[118.7924006,32.0860798],[118.791218,32.0867672],[118.7899194,32.0873778],[118.7883235,32.0882529],[118.787743,32.0887826],[118.7871637,32.0889548],[118.7867372,32.088658],[118.7862262,32.0884142],[118.7858478,32.0882985],[118.7852185,32.088381],[118.7840637,32.0886319],[118.7835469,32.0884623],[118.7834063,32.0881703],[118.7831206,32.0878442],[118.78275,32.0875856],[118.7824087,32.0874916],[118.7819982,32.0874742],[118.7815495,32.0874574],[118.7814112,32.0836809],[118.7809376,32.0814292],[118.781134,32.0793457],[118.7817187,32.0761948],[118.7822459,32.0733173],[118.7822871,32.0731467],[118.7824546,32.0724538],[118.7826235,32.0716857],[118.7828255,32.0707927],[118.7829851,32.070047],[118.7831022,32.0694765],[118.7831374,32.0693366],[118.7832005,32.0690863],[118.7832498,32.0687758],[118.7832807,32.0684448],[118.7833049,32.0682884],[118.7833233,32.0682065],[118.7833768,32.0681198],[118.7833804,32.0681162],[118.7834484,32.0680489],[118.7835363,32.0679964],[118.7836178,32.0679612],[118.7837141,32.0679319],[118.7838274,32.0679034],[118.784139,32.0678639],[118.7843657,32.0678375],[118.7845777,32.0678129],[118.7848685,32.067775],[118.7851495,32.0677524],[118.7856414,32.0677388],[118.7861535,32.0677035],[118.786466,32.0676779],[118.7868587,32.0676655],[118.787309,32.0676374],[118.7874745,32.0676246],[118.7876751,32.0676092],[118.7878984,32.0675728],[118.7880833,32.0675375],[118.7882516,32.0674933],[118.788419,32.0674268],[118.7885184,32.0673836],[118.7886143,32.0673419],[118.7887772,32.0672546],[118.7889592,32.0671283],[118.7891011,32.066965],[118.7892093,32.0668089],[118.7892765,32.0667119],[118.7894013,32.0665633],[118.7895109,32.066456],[118.7896275,32.0663334],[118.7897948,32.0662008],[118.7902539,32.0657725],[118.7903821,32.0656529],[118.7907592,32.0652921],[118.7910969,32.0649471],[118.7915323,32.064526],[118.7916348,32.0644649],[118.7916495,32.0643498],[118.7916598,32.0642633],[118.7916708,32.0641746],[118.7918353,32.0641786],[118.7921136,32.0641935],[118.7924701,32.0642059],[118.7928748,32.0641999],[118.7932597,32.0641746],[118.7936528,32.0641459],[118.7947742,32.0640045],[118.7952876,32.0639187],[118.7958919,32.0638127],[118.7964677,32.0636962],[118.7968489,32.0636217],[118.7973283,32.0635339],[118.7982467,32.0633882],[118.7990327,32.0632543],[118.7997962,32.0631683],[118.799918,32.0631546],[118.8001659,32.0634292],[118.800269,32.0635307],[118.8003746,32.063573],[118.8005441,32.0635962],[118.8012208,32.0636674],[118.8015122,32.0636414],[118.8021022,32.0635185],[118.8028885,32.0633101],[118.8036913,32.0630892],[118.8038484,32.0630257],[118.8041909,32.0629286],[118.8045731,32.0629784],[118.8049282,32.0627197],[118.8054847,32.0620853],[118.8056311,32.0619185],[118.8059994,32.061363],[118.8064396,32.0611719],[118.8077067,32.0608765],[118.8080733,32.0617832],[118.8091065,32.0644254],[118.8091834,32.0646221],[118.8065246,32.0668388],[118.8069985,32.0672295],[118.8073704,32.0674243],[118.8070001,32.0688116],[118.8069501,32.0689987],[118.8067268,32.0698353],[118.8065582,32.0704943],[118.807202,32.070613],[118.8071403,32.0709301],[118.8083567,32.071185],[118.8082898,32.0712894],[118.807986,32.071764],[118.8067457,32.0715617],[118.8050153,32.0712735],[118.804922,32.0718456],[118.8046019,32.0725389],[118.8042692,32.0732596],[118.8037282,32.0740274],[118.8032107,32.074992],[118.8020305,32.0769139],[118.801271,32.0781618],[118.8000749,32.0782444],[118.7994554,32.0783337],[118.7995519,32.0787837],[118.7995883,32.0789641],[118.7996646,32.0793428],[118.7999656,32.0798665],[118.800009,32.079953],[118.8002157,32.0815118]]]}},{"type":"Feature","id":"way/89931222","properties":{"name":"南京钟山国际高尔夫俱乐部","leisure":"golf_course","osm_id":"way/89931222","label":"南京钟山国际高尔夫俱乐部","category":"other","kind":"golf_course"},"geometry":{"type":"Polygon","coordinates":[[[118.8709442,32.0805432],[118.872701,32.0794285],[118.872875,32.0794588],[118.8730077,32.0794167],[118.873284,32.0792361],[118.8740341,32.0786205],[118.8769523,32.0765842],[118.8779716,32.074766],[118.8796238,32.0726205],[118.8806431,32.0704385],[118.881281,32.0683152],[118.8824294,32.0651334],[118.882606,32.0650648],[118.8868229,32.0672019],[118.8869888,32.0674424],[118.8870186,32.0676223],[118.8857211,32.0698743],[118.8832824,32.0730205],[118.8810293,32.0760296],[118.8798599,32.0775206],[118.8782291,32.079666],[118.8762764,32.0820022],[118.875533,32.083195],[118.8754177,32.0832836],[118.8751951,32.0834927],[118.875187,32.083604],[118.8750905,32.0838268],[118.8749349,32.0841063],[118.8748646,32.0841831],[118.8744974,32.0843544],[118.874428,32.0845222],[118.873795,32.0844699],[118.8737145,32.0844426],[118.8736756,32.0844472],[118.8733886,32.0845812],[118.8733309,32.0846301],[118.8732478,32.084754],[118.8731088,32.0851338],[118.8731213,32.0858174],[118.8732532,32.086631],[118.8732561,32.0872397],[118.8732907,32.0874173],[118.8732827,32.0875219],[118.8732344,32.0876877],[118.8731394,32.0879139],[118.8727301,32.0883922],[118.8724029,32.0888762],[118.8723224,32.0890649],[118.872309,32.0893466],[118.8721964,32.0898102],[118.8721776,32.0899875],[118.8721749,32.0902351],[118.8721263,32.0906308],[118.8720328,32.0909896],[118.8719255,32.0912418],[118.8716653,32.0917554],[118.8716143,32.0919303],[118.871609,32.0920826],[118.8715692,32.092389],[118.8710242,32.0937403],[118.87098,32.0938232],[118.8708284,32.094047],[118.8708124,32.0941197],[118.8707748,32.0942231],[118.8704402,32.0948629],[118.8691789,32.0952556],[118.8687063,32.0950795],[118.8680744,32.094292],[118.8675816,32.0939594],[118.8664707,32.0933107],[118.8655081,32.0912291],[118.8652311,32.0905153],[118.8647397,32.0895612],[118.8637657,32.0895246],[118.8630225,32.0897847],[118.862588,32.0899574],[118.8616385,32.090839],[118.8607836,32.0913804],[118.85982,32.0918707],[118.8589053,32.0916117],[118.8588819,32.09146],[118.8590561,32.091174],[118.860939,32.0888221],[118.8618065,32.0877022],[118.8631589,32.0861101],[118.8636486,32.0856602],[118.8643536,32.0852607],[118.8657369,32.084643],[118.8671268,32.0838146],[118.8681429,32.082879],[118.8693198,32.0818032],[118.8709442,32.0805432]]]}},{"type":"Feature","id":"way/91198730","properties":{"name":"南京林业大学","name:en":"Nanjing Forestry University","amenity":"university","osm_id":"way/91198730","label":"南京林业大学","category":"civic","kind":"university"},"geometry":{"type":"Polygon","coordinates":[[[118.8114229,32.0854403],[118.8097304,32.0847153],[118.808569,32.0840233],[118.8075766,32.0831563],[118.8076825,32.0830757],[118.8076618,32.0830558],[118.807625,32.0830141],[118.8075739,32.0829632],[118.8074599,32.0830245],[118.8062819,32.0815662],[118.805294,32.0803093],[118.8050406,32.079902],[118.8054758,32.0785629],[118.8055328,32.0783867],[118.8057125,32.0778565],[118.8055073,32.0777855],[118.806088,32.0766906],[118.8063642,32.0768611],[118.8069892,32.0781065],[118.8083732,32.0783384],[118.8085529,32.0778134],[118.8136595,32.0789297],[118.8146732,32.079068],[118.8152588,32.079148],[118.8162471,32.0793143],[118.8158506,32.0806663],[118.8162271,32.0807334],[118.8168196,32.0808963],[118.8176697,32.0809627],[118.8176481,32.08117],[118.81777,32.0812818],[118.8179374,32.0815368],[118.8183156,32.082014],[118.8184015,32.0820714],[118.818329,32.0822401],[118.8181788,32.0825094],[118.8168377,32.0835389],[118.816666,32.0833389],[118.8162798,32.0835025],[118.8160438,32.0837207],[118.816194,32.0840116],[118.8159112,32.08418],[118.8154728,32.0843484],[118.8150263,32.0844889],[118.814364,32.0847223],[118.8136834,32.0847934],[118.8134194,32.0850269],[118.8128718,32.0848756],[118.8125898,32.0850179],[118.8123077,32.0850162],[118.8120268,32.0849228],[118.811956,32.0850176],[118.8119108,32.085078],[118.8116788,32.0850226],[118.811371,32.0850306],[118.8113073,32.0850322],[118.8114229,32.0854403]]]}},{"type":"Feature","id":"way/91199785","properties":{"name":"后山","landuse":"forest","osm_id":"way/91199785","label":"后山","category":"green","kind":"forest"},"geometry":{"type":"Polygon","coordinates":[[[118.8113073,32.0850322],[118.8111144,32.0847346],[118.8108727,32.0843647],[118.8108158,32.0842828],[118.8109418,32.0842251],[118.8110394,32.0843644],[118.8111166,32.084364],[118.8114518,32.0842619],[118.8117147,32.0843395],[118.8121814,32.0843355],[118.8128788,32.0839775],[118.812691,32.0837207],[118.8136888,32.0831525],[118.813984,32.0829733],[118.8140431,32.0828578],[118.8138986,32.0826903],[118.8143445,32.0824735],[118.8146717,32.0822099],[118.814679,32.0821232],[118.8146878,32.082019],[118.8146664,32.0816417],[118.815024,32.081078],[118.8153906,32.0807872],[118.8157839,32.080746],[118.8162271,32.0807334],[118.8168196,32.0808963],[118.8176697,32.0809627],[118.8176481,32.08117],[118.81777,32.0812818],[118.8179374,32.0815368],[118.8183156,32.082014],[118.8184015,32.0820714],[118.818329,32.0822401],[118.8181788,32.0825094],[118.8168377,32.0835389],[118.816666,32.0833389],[118.8162798,32.0835025],[118.8160438,32.0837207],[118.816194,32.0840116],[118.8159112,32.08418],[118.8154728,32.0843484],[118.8150263,32.0844889],[118.814364,32.0847223],[118.8136834,32.0847934],[118.8134194,32.0850269],[118.8128718,32.0848756],[118.8125898,32.0850179],[118.8123077,32.0850162],[118.8120268,32.0849228],[118.811956,32.0850176],[118.8119108,32.085078],[118.8116788,32.0850226],[118.811371,32.0850306],[118.8113073,32.0850322]]]}},{"type":"Feature","id":"way/91201659","properties":{"landuse":"residential","osm_id":"way/91201659","label":"","category":"residential","kind":"residential"},"geometry":{"type":"Polygon","coordinates":[[[118.8062805,32.0766664],[118.8072086,32.0743199],[118.807859,32.0732465],[118.8086623,32.0719208],[118.8105063,32.0683365],[118.8130152,32.0699474],[118.814545,32.0711354],[118.815101,32.0715794],[118.8151828,32.0717836],[118.8145493,32.0726603],[118.8138732,32.073498],[118.8150418,32.0742321],[118.8173741,32.0755028],[118.8185114,32.0745391],[118.8201971,32.0758836],[118.8190692,32.0767749],[118.8188536,32.0769453],[118.8185852,32.0767212],[118.8180925,32.0777288],[118.8180403,32.0777096],[118.8175319,32.0776119],[118.8170846,32.0771008],[118.8165373,32.07703],[118.8157484,32.0772703],[118.8156885,32.0774648],[118.8164922,32.0776922],[118.8164138,32.07822],[118.8163834,32.078419],[118.8162816,32.0790878],[118.8162471,32.0793143],[118.8152588,32.079148],[118.8146732,32.079068],[118.8136595,32.0789297],[118.8097453,32.0779928],[118.8085336,32.0777028],[118.8083657,32.0780523],[118.8077469,32.0778994],[118.807687,32.0777759],[118.8067583,32.0776106],[118.8062805,32.0766664]]]}},{"type":"Feature","id":"way/91203400","properties":{"name":"后宰门","landuse":"residential","osm_id":"way/91203400","label":"后宰门","category":"residential","kind":"residential"},"geometry":{"type":"Polygon","coordinates":[[[118.8187265,32.0471971],[118.8188212,32.0483079],[118.8170171,32.0485014],[118.8168383,32.047279],[118.8187265,32.0471971]]]}},{"type":"Feature","id":"way/91206229","properties":{"landuse":"commercial","osm_id":"way/91206229","label":"","category":"commercial","kind":"commercial"},"geometry":{"type":"Polygon","coordinates":[[[118.7833345,32.0467756],[118.7830251,32.0450231],[118.7831705,32.0449908],[118.7845059,32.0446942],[118.7852601,32.046316],[118.7834771,32.0467416],[118.7833345,32.0467756]]]}},{"type":"Feature","id":"way/91828655","properties":{"name":"北极阁公园","natural":"wood","osm_id":"way/91828655","label":"北极阁公园","category":"green","kind":"wood"},"geometry":{"type":"Polygon","coordinates":[[[118.7865291,32.0635551],[118.7858747,32.063546],[118.7855895,32.0633911],[118.7854563,32.0633187],[118.7850378,32.0631278],[118.7849645,32.0630864],[118.7847482,32.0629641],[118.7842546,32.0626914],[118.7841142,32.0626695],[118.7838469,32.0626277],[118.7837182,32.0625732],[118.7835251,32.0624368],[118.7831817,32.0622913],[118.7830876,32.0621464],[118.7836498,32.0619805],[118.78398,32.0616994],[118.7844766,32.0613598],[118.784822,32.0610807],[118.7850378,32.0608547],[118.7854348,32.0606183],[118.7856279,32.060391],[118.7858208,32.0603229],[118.7860142,32.0602546],[118.7870738,32.0602062],[118.7890977,32.0601138],[118.7892006,32.0601091],[118.7892006,32.0603637],[118.7891684,32.0606092],[118.7893937,32.0606547],[118.7898336,32.0609547],[118.7894809,32.0613333],[118.7892964,32.0616837],[118.7891021,32.0619587],[118.7890183,32.0623293],[118.7891475,32.0625307],[118.7891792,32.0626459],[118.7890396,32.0627777],[118.78875,32.0631187],[118.7884711,32.0632733],[118.78822,32.0632533],[118.7881277,32.063246],[118.7876557,32.0632187],[118.7872051,32.0632551],[118.7865291,32.0635551]]]}},{"type":"Feature","id":"way/91828656","properties":{"name":"九华山公园","name:en":"Jiuhuashan Park","leisure":"park","osm_id":"way/91828656","label":"九华山公园","category":"green","kind":"park"},"geometry":{"type":"Polygon","coordinates":[[[118.800423,32.0633915],[118.8001145,32.063008],[118.7999402,32.062946],[118.7997149,32.0626368],[118.8008521,32.0621367],[118.8011425,32.0619878],[118.8016675,32.0617185],[118.8024186,32.0614821],[118.802837,32.0610638],[118.8038133,32.0603091],[118.8039099,32.0599454],[118.8041888,32.059809],[118.8048969,32.0597454],[118.8050364,32.0603182],[118.8047253,32.0610093],[118.8045214,32.0618731],[118.8037704,32.0627823],[118.8025044,32.0632369],[118.8012062,32.0635097],[118.800423,32.0633915]]]}},{"type":"Feature","id":"way/92361437","properties":{"name":"白马公园","name:en":"Pegasus Park","leisure":"park","osm_id":"way/92361437","label":"白马公园","category":"green","kind":"park"},"geometry":{"type":"Polygon","coordinates":[[[118.8104219,32.0660836],[118.8100571,32.0651562],[118.8095743,32.0637014],[118.8088233,32.0615829],[118.808759,32.0613465],[118.8090915,32.0611465],[118.8091988,32.0609283],[118.8094027,32.0609555],[118.8104015,32.0609817],[118.8120849,32.0615193],[118.8125891,32.061392],[118.8126642,32.0610646],[118.8127715,32.0608828],[118.8142058,32.0607895],[118.8141556,32.0617102],[118.8141341,32.0624922],[118.8141019,32.0627195],[118.8135655,32.0642924],[118.8128037,32.0648925],[118.8125999,32.0649834],[118.811924,32.0647107],[118.8116557,32.0647379],[118.8113982,32.0650925],[118.8114412,32.0651925],[118.8110549,32.0657199],[118.8107438,32.0659745],[118.8104219,32.0660836]]]}},{"type":"Feature","id":"way/94496828","properties":{"leisure":"pitch","osm_id":"way/94496828","label":"","category":"other","kind":"pitch"},"geometry":{"type":"Polygon","coordinates":[[[118.8102324,32.0444991],[118.8100771,32.0429762],[118.8110373,32.0429031],[118.8112126,32.0444114],[118.8102324,32.0444991]]]}},{"type":"Feature","id":"way/94496833","properties":{"leisure":"pitch","osm_id":"way/94496833","label":"","category":"other","kind":"pitch"},"geometry":{"type":"Polygon","coordinates":[[[118.7973652,32.0476242],[118.7972579,32.0476242],[118.7971828,32.0475878],[118.7971291,32.0470149],[118.7971613,32.046924],[118.7972793,32.0469058],[118.7973652,32.0469149],[118.7974725,32.0469967],[118.7975261,32.0474696],[118.7974939,32.0475787],[118.7973652,32.0476242]]]}},{"type":"Feature","id":"way/94670980","properties":{"name":"兴卫永寿陵园","landuse":"cemetery","osm_id":"way/94670980","label":"兴卫永寿陵园","category":"civic","kind":"cemetery"},"geometry":{"type":"Polygon","coordinates":[[[118.8401693,32.1019633],[118.8406615,32.1003807],[118.8407795,32.1003421],[118.8410504,32.1003989],[118.8410022,32.1005466],[118.8420053,32.1007397],[118.8415815,32.1022496],[118.8412328,32.1021814],[118.8408601,32.1021065],[118.8401693,32.1019633]]]}},{"type":"Feature","id":"way/94674169","properties":{"name":"营苑西村","landuse":"residential","osm_id":"way/94674169","label":"营苑西村","category":"residential","kind":"residential"},"geometry":{"type":"Polygon","coordinates":[[[118.8234667,32.1059623],[118.8214073,32.1055929],[118.821473,32.1035885],[118.8234935,32.1041371],[118.8233453,32.1045365],[118.8233158,32.1048637],[118.8231817,32.105359],[118.823458,32.1054181],[118.8235116,32.1056544],[118.8234667,32.1059623]]]}},{"type":"Feature","id":"way/94674198","properties":{"name":"兴贤佳园","landuse":"residential","osm_id":"way/94674198","label":"兴贤佳园","category":"residential","kind":"residential"},"geometry":{"type":"Polygon","coordinates":[[[118.8349324,32.1074106],[118.8337897,32.1070056],[118.8338755,32.1065331],[118.834529,32.1054228],[118.8331219,32.1047644],[118.8325452,32.1042247],[118.8320516,32.1035158],[118.8336073,32.1023525],[118.836774,32.1040919],[118.8367885,32.1041934],[118.8349324,32.1074106]]]}},{"type":"Feature","id":"way/95045341","properties":{"name":"南京市第十三中学","amenity":"school","osm_id":"way/95045341","label":"南京市第十三中学","category":"civic","kind":"school"},"geometry":{"type":"Polygon","coordinates":[[[118.7871283,32.0671486],[118.7865404,32.0666476],[118.7848813,32.0654913],[118.7852648,32.0648468],[118.785496,32.064622],[118.7860353,32.0647699],[118.7867532,32.065072],[118.787732,32.0658746],[118.7872491,32.0662484],[118.7876062,32.0667016],[118.7875703,32.0669021],[118.7871283,32.0671486]]]}},{"type":"Feature","id":"way/95763452","properties":{"leisure":"pitch","osm_id":"way/95763452","label":"","category":"other","kind":"pitch"},"geometry":{"type":"Polygon","coordinates":[[[118.8152136,32.0735494],[118.8150114,32.07382],[118.8143758,32.0734141],[118.8151002,32.0725208],[118.8151904,32.0724036],[118.8153114,32.0724118],[118.8158024,32.0727913],[118.8156152,32.0730299],[118.8152136,32.0735494]]]}},{"type":"Feature","id":"way/95763693","properties":{"name":"银杏广场","landuse":"recreation_ground","osm_id":"way/95763693","label":"银杏广场","category":"green","kind":"recreation_ground"},"geometry":{"type":"Polygon","coordinates":[[[118.8508112,32.0293789],[118.8508286,32.0284329],[118.8508651,32.0283472],[118.8518883,32.0283391],[118.8520262,32.0283996],[118.85202,32.0293903],[118.8508112,32.0293789]]]}},{"type":"Feature","id":"way/95763697","properties":{"name":"南京理工大学 第二运动场","name:en":"NJUST No.2 Stadium","leisure":"stadium","osm_id":"way/95763697","label":"南京理工大学第二运动场","category":"other","kind":"stadium"},"geometry":{"type":"Polygon","coordinates":[[[118.846383,32.029501],[118.8464119,32.0278447],[118.8475173,32.0278536],[118.8474929,32.0295175],[118.846383,32.029501]]]}},{"type":"Feature","id":"way/99979575","properties":{"name":"小营操场","leisure":"pitch","osm_id":"way/99979575","label":"小营操场","category":"other","kind":"pitch"},"geometry":{"type":"Polygon","coordinates":[[[118.7942229,32.0544634],[118.7940835,32.0544657],[118.7939654,32.0544384],[118.7938608,32.0543907],[118.7937884,32.0543384],[118.7937591,32.0542726],[118.7935239,32.0533959],[118.7935457,32.053258],[118.7936476,32.0531489],[118.7937496,32.0530761],[118.7938193,32.0530534],[118.794003,32.0530289],[118.7941049,32.0530494],[118.7942203,32.0530812],[118.794349,32.0531381],[118.7944134,32.0532722],[118.7946253,32.0540815],[118.7946092,32.0541497],[118.7945797,32.0542179],[118.7945489,32.054281],[118.794463,32.0543674],[118.7943275,32.0544316],[118.7942229,32.0544634]]]}},{"type":"Feature","id":"way/99979601","properties":{"leisure":"pitch","osm_id":"way/99979601","label":"","category":"other","kind":"pitch"},"geometry":{"type":"Polygon","coordinates":[[[118.7955842,32.0589454],[118.7954018,32.0588954],[118.7953106,32.0588227],[118.7952409,32.0587227],[118.7952677,32.0579498],[118.7952945,32.0578134],[118.7953696,32.0577452],[118.7954555,32.0576906],[118.7955833,32.057657],[118.7957321,32.0576603],[118.7959379,32.0576665],[118.7959329,32.0588636],[118.7958202,32.0588909],[118.7956861,32.0589364],[118.7955842,32.0589454]]]}},{"type":"Feature","id":"way/133117876","properties":{"name":"时间广场","name:en":"Time Square","leisure":"park","source":"bing,Survey","osm_id":"way/133117876","label":"时间广场","category":"green","kind":"park"},"geometry":{"type":"Polygon","coordinates":[[[118.8515673,32.0332097],[118.8515405,32.0321865],[118.8523827,32.0321956],[118.8523167,32.0333698],[118.8517497,32.0333825],[118.8515673,32.0332097]]]}},{"type":"Feature","id":"way/133117877","properties":{"landuse":"forest","source":"bing,Survey","osm_id":"way/133117877","label":"","category":"green","kind":"forest"},"geometry":{"type":"Polygon","coordinates":[[[118.8511516,32.0334824],[118.8501518,32.0334379],[118.8502413,32.0319924],[118.8512411,32.0320369],[118.851164,32.0332818],[118.8511516,32.0334824]]]}},{"type":"Feature","id":"way/133608172","properties":{"leisure":"track","source":"bing","osm_id":"way/133608172","label":"","category":"other","kind":"track"},"geometry":{"type":"Polygon","coordinates":[[[118.8472606,32.0293089],[118.8471329,32.0293927],[118.846932,32.0294407],[118.8467413,32.0293883],[118.8466022,32.0293009],[118.8465019,32.0291483],[118.8465247,32.0282674],[118.8465885,32.0280913],[118.8467562,32.0279526],[118.8469679,32.0279187],[118.8472154,32.0279796],[118.8473671,32.028132],[118.8473911,32.0283046],[118.8473671,32.0291339],[118.8472606,32.0293089]]]}},{"type":"Feature","id":"way/135989978","properties":{"name":"银城东苑","landuse":"residential","source":"bing","osm_id":"way/135989978","label":"银城东苑","category":"residential","kind":"residential"},"geometry":{"type":"Polygon","coordinates":[[[118.8399078,32.0311509],[118.8398592,32.0299035],[118.8398349,32.0262127],[118.8416111,32.0264537],[118.8429115,32.0266302],[118.8428628,32.0275993],[118.8440242,32.0276303],[118.8439694,32.0290066],[118.8442127,32.0290169],[118.8442127,32.0295891],[118.8438174,32.0295891],[118.8438235,32.0302592],[118.8437314,32.0302592],[118.8436411,32.0302592],[118.8436289,32.0310942],[118.8399078,32.0311509]]]}},{"type":"Feature","id":"way/136278952","properties":{"landuse":"forest","source":"bing","osm_id":"way/136278952","label":"","category":"green","kind":"forest"},"geometry":{"type":"Polygon","coordinates":[[[118.8501447,32.0344228],[118.8501403,32.0336085],[118.8510286,32.0336067],[118.851222,32.0338134],[118.8512192,32.0344033],[118.8501447,32.0344228]]]}},{"type":"Feature","id":"way/137071688","properties":{"name":"银城东苑西华园","landuse":"residential","source":"bing","osm_id":"way/137071688","label":"银城东苑西华园","category":"residential","kind":"residential"},"geometry":{"type":"Polygon","coordinates":[[[118.8395384,32.0283245],[118.8390094,32.0283142],[118.838848,32.0282287],[118.8387359,32.0280783],[118.8386324,32.0277115],[118.838621,32.0272485],[118.8387064,32.0268695],[118.8388652,32.0266341],[118.8395384,32.026577],[118.8395384,32.0283245]]]}},{"type":"Feature","id":"way/137078642","properties":{"name":"南京理工大学实验小学","amenity":"school","source":"bing","osm_id":"way/137078642","label":"南京理工大学实验小学","category":"civic","kind":"school"},"geometry":{"type":"Polygon","coordinates":[[[118.8436973,32.0325004],[118.8437263,32.0320326],[118.8437544,32.0314662],[118.84378,32.0314067],[118.84384,32.0313575],[118.8439019,32.0313465],[118.8449727,32.0313768],[118.8453469,32.0313991],[118.8453466,32.0319692],[118.8453203,32.0325567],[118.8452646,32.0325998],[118.8438208,32.0326082],[118.8436973,32.0325004]]]}},{"type":"Feature","id":"way/137378406","properties":{"name":"银城东苑 紫荆园","landuse":"residential","osm_id":"way/137378406","label":"银城东苑紫荆园","category":"residential","kind":"residential"},"geometry":{"type":"Polygon","coordinates":[[[118.8425775,32.0256433],[118.8441622,32.0257176],[118.8441359,32.0260038],[118.8447734,32.0260165],[118.8447734,32.0261023],[118.8455046,32.0261564],[118.8456246,32.0263058],[118.8455159,32.0266364],[118.8416724,32.0260578],[118.8416536,32.0256],[118.8423894,32.0256345],[118.8424079,32.0257274],[118.8424791,32.0257243],[118.8425541,32.025721],[118.8425775,32.0256433]]]}},{"type":"Feature","id":"way/137388563","properties":{"name":"南京理工大学医院","amenity":"hospital","source":"bing","osm_id":"way/137388563","label":"南京理工大学医院","category":"civic","kind":"hospital"},"geometry":{"type":"Polygon","coordinates":[[[118.8459606,32.0329093],[118.8468411,32.0329241],[118.8468374,32.0330813],[118.8459569,32.0330665],[118.8459606,32.0329093]]]}},{"type":"Feature","id":"way/139850960","properties":{"name":"学生浴室","building":"yes","leisure":"sauna","source":"bing","osm_id":"way/139850960","label":"学生浴室","category":"other","kind":"sauna"},"geometry":{"type":"Polygon","coordinates":[[[118.8464606,32.0306094],[118.8464593,32.0306851],[118.846458,32.0307583],[118.8461389,32.0307544],[118.8461414,32.0306055],[118.8464606,32.0306094]]]}},{"type":"Feature","id":"way/140265536","properties":{"landuse":"industrial","source":"bing","osm_id":"way/140265536","label":"","category":"industrial","kind":"industrial"},"geometry":{"type":"Polygon","coordinates":[[[118.8573328,32.0318033],[118.8579585,32.0317895],[118.8579715,32.0322148],[118.8573458,32.0322286],[118.8573328,32.0318033]]]}},{"type":"Feature","id":"way/140809505","properties":{"landuse":"recreation_ground","leisure":"park","source":"bing","osm_id":"way/140809505","label":"","category":"green","kind":"recreation_ground"},"geometry":{"type":"Polygon","coordinates":[[[118.7793893,32.0722208],[118.7794433,32.0714965],[118.781325,32.0717296],[118.7812709,32.0720834],[118.7817278,32.0721542],[118.7816492,32.0724415],[118.7806814,32.0723124],[118.7800476,32.0723166],[118.7793893,32.0722208]]]}},{"type":"Feature","id":"way/140809506","properties":{"name":"大钟亭公园","leisure":"park","source":"bing","osm_id":"way/140809506","label":"大钟亭公园","category":"green","kind":"park"},"geometry":{"type":"Polygon","coordinates":[[[118.7791485,32.0623021],[118.779819,32.0622667],[118.7797554,32.0627328],[118.7795114,32.0626835],[118.7793509,32.0626974],[118.7791708,32.0626405],[118.7791485,32.0623021]]]}},{"type":"Feature","id":"way/142379430","properties":{"name":"东元山庄","landuse":"residential","source":"bing","osm_id":"way/142379430","label":"东元山庄","category":"residential","kind":"residential"},"geometry":{"type":"Polygon","coordinates":[[[118.8436055,32.0375147],[118.8444982,32.0375553],[118.844385,32.0389655],[118.8443548,32.0389745],[118.8435312,32.0392911],[118.8435924,32.0385299],[118.8436055,32.0375147]]]}},{"type":"Feature","id":"way/142701522","properties":{"name":"下马坊遗址公园","name:en":"Xiamafang Ruins Park","leisure":"park","source":"bing","osm_id":"way/142701522","label":"下马坊遗址公园","category":"green","kind":"park"},"geometry":{"type":"Polygon","coordinates":[[[118.8431007,32.0400096],[118.8431254,32.0401305],[118.8430904,32.040629],[118.8430437,32.0408073],[118.8430047,32.0410846],[118.8430281,32.041517],[118.8431377,32.0418921],[118.8430837,32.0421908],[118.8433758,32.0421809],[118.844139,32.0421955],[118.8441115,32.0425597],[118.8440013,32.0425573],[118.8438967,32.0426087],[118.8438746,32.0427744],[118.8440784,32.0427931],[118.8440261,32.0432296],[118.8439875,32.0436404],[118.8437314,32.0436381],[118.8436901,32.0436661],[118.8436874,32.0438132],[118.8437177,32.0438482],[118.8439077,32.0439229],[118.8439065,32.044132],[118.8435906,32.0456454],[118.8450674,32.0456072],[118.8439795,32.0465525],[118.8438045,32.0479811],[118.8434331,32.0486151],[118.8434625,32.049072],[118.8425491,32.0485808],[118.8431024,32.0468817],[118.8424635,32.0464709],[118.841395,32.0460461],[118.8397207,32.0456353],[118.838867,32.0454298],[118.8389992,32.0439126],[118.839236,32.0436885],[118.8391644,32.043189],[118.8390157,32.0429695],[118.8384963,32.0430722],[118.837918,32.0415409],[118.8398622,32.0408826],[118.8421534,32.0401263],[118.8427262,32.040131],[118.8431007,32.0400096]]]}},{"type":"Feature","id":"way/142742730","properties":{"landuse":"recreation_ground","osm_id":"way/142742730","label":"","category":"green","kind":"recreation_ground"},"geometry":{"type":"Polygon","coordinates":[[[118.8520464,32.0394623],[118.8520308,32.0394289],[118.8520161,32.0394002],[118.8520666,32.0393874],[118.8520797,32.0394164],[118.8520931,32.0394505],[118.8520464,32.0394623]]]}},{"type":"Feature","id":"way/147223843","properties":{"landuse":"commercial","source":"bing","osm_id":"way/147223843","label":"","category":"commercial","kind":"commercial"},"geometry":{"type":"Polygon","coordinates":[[[118.8435575,32.0398459],[118.8458036,32.0391108],[118.8463153,32.0401511],[118.8458225,32.0403399],[118.8456898,32.0402797],[118.8448701,32.0402355],[118.8448511,32.040352],[118.843965,32.0403198],[118.8439176,32.040605],[118.8435053,32.040593],[118.8435575,32.0398459]]]}},{"type":"Feature","id":"way/154993943","properties":{"name":"怡园","name:en":"Yi Garden","leisure":"park","osm_id":"way/154993943","label":"怡园","category":"green","kind":"park"},"geometry":{"type":"Polygon","coordinates":[[[118.8486969,32.0333311],[118.8485204,32.0327905],[118.8484442,32.0323518],[118.8489697,32.0323178],[118.8489536,32.0325762],[118.849443,32.0325592],[118.8495673,32.0326102],[118.8500005,32.0326374],[118.8499604,32.0333277],[118.8486969,32.0333311]]]}},{"type":"Feature","id":"way/155392030","properties":{"name":"苏宁人才发展中心","landuse":"commercial","osm_id":"way/155392030","label":"苏宁人才发展中心","category":"commercial","kind":"commercial"},"geometry":{"type":"Polygon","coordinates":[[[118.8879378,32.0890653],[118.8879407,32.0888704],[118.8888422,32.0888635],[118.8888122,32.0891426],[118.888017,32.0890723],[118.8879378,32.0890653]]]}},{"type":"Feature","id":"way/155585064","properties":{"landuse":"meadow","osm_id":"way/155585064","label":"","category":"green","kind":"meadow"},"geometry":{"type":"Polygon","coordinates":[[[118.8617993,32.0583361],[118.8616677,32.0583558],[118.8615246,32.0583367],[118.8613977,32.0582777],[118.8613017,32.0581858],[118.861248,32.0580718],[118.8612429,32.0579491],[118.8612871,32.0578322],[118.8613752,32.0577349],[118.8614971,32.0576685],[118.8616382,32.0576409],[118.8617711,32.0576527],[118.861893,32.0576992],[118.8619917,32.0577757],[118.8620572,32.0578744],[118.862083,32.0579856],[118.8620664,32.058098],[118.8620092,32.0582004],[118.8619171,32.0582826],[118.8617993,32.0583361]]]}},{"type":"Feature","id":"way/155883025","properties":{"landuse":"flowerbed","osm_id":"way/155883025","label":"","category":"other","kind":"flowerbed"},"geometry":{"type":"Polygon","coordinates":[[[118.7791006,32.043893],[118.779133,32.0438892],[118.7791729,32.0438899],[118.7791024,32.0439436],[118.7790299,32.0440127],[118.7790193,32.0439941],[118.7790197,32.0439657],[118.7790328,32.043944],[118.7790489,32.0439266],[118.7790746,32.043901],[118.7791006,32.043893]]]}},{"type":"Feature","id":"way/155900468","properties":{"landuse":"village_green","osm_id":"way/155900468","label":"","category":"green","kind":"village_green"},"geometry":{"type":"Polygon","coordinates":[[[118.7786356,32.0612619],[118.7785941,32.0612213],[118.7785654,32.0611596],[118.7785632,32.0605525],[118.7785853,32.0605002],[118.7786293,32.0604442],[118.7786845,32.0604031],[118.7787638,32.0603694],[118.7788277,32.0603545],[118.7788782,32.0603488],[118.7789199,32.0603501],[118.7789456,32.0603587],[118.7789869,32.0603759],[118.7790415,32.0604014],[118.7790856,32.060436],[118.7791153,32.0604761],[118.779144,32.0605154],[118.7791583,32.0605499],[118.7791612,32.0610614],[118.7791601,32.0611165],[118.7791446,32.0611567],[118.7791259,32.0611987],[118.7791038,32.0612295],[118.7790851,32.0612473],[118.7790443,32.0612809],[118.7789947,32.0613061],[118.7789523,32.061321],[118.778933,32.0613262],[118.7789011,32.0613337],[118.778879,32.0613379],[118.7788388,32.0613365],[118.7787914,32.0613295],[118.7787532,32.0613192],[118.7787087,32.061304],[118.7786752,32.0612882],[118.7786356,32.0612619]]]}},{"type":"Feature","id":"way/156209624","properties":{"name":"鼓楼医院","name:en":"Gulou Hospital","amenity":"hospital","osm_id":"way/156209624","label":"鼓楼医院","category":"civic","kind":"hospital"},"geometry":{"type":"Polygon","coordinates":[[[118.7786667,32.0569725],[118.778649,32.0582115],[118.7786317,32.0587186],[118.7795701,32.0587174],[118.7795669,32.0595065],[118.7786815,32.05953],[118.7786815,32.0600176],[118.7785719,32.0602033],[118.7783035,32.0603658],[118.7776186,32.0604726],[118.7775392,32.0603565],[118.777468,32.0602636],[118.7773694,32.0601522],[118.7770982,32.0600477],[118.7768708,32.0600268],[118.7764692,32.0600032],[118.776492,32.0598899],[118.7765745,32.0596565],[118.7766473,32.0594508],[118.7768004,32.0590181],[118.7768412,32.058849],[118.7770399,32.0579638],[118.7771981,32.0571914],[118.7774662,32.0559438],[118.7787304,32.0560626],[118.7786667,32.0569725]]]}},{"type":"Feature","id":"way/158292683","properties":{"name":"钟鼎山庄","landuse":"residential","osm_id":"way/158292683","label":"钟鼎山庄","category":"residential","kind":"residential"},"geometry":{"type":"Polygon","coordinates":[[[118.8599677,32.0408987],[118.8590723,32.0409441],[118.8571897,32.0411871],[118.8546022,32.0418503],[118.8523322,32.0423297],[118.8520223,32.0419291],[118.8531302,32.0408127],[118.8538274,32.0399262],[118.8542613,32.0395912],[118.8557488,32.0399262],[118.8560896,32.0390527],[118.8562523,32.0382121],[118.8576003,32.0383763],[118.8579257,32.0385142],[118.8600252,32.0395912],[118.8599677,32.0408987]]]}},{"type":"Feature","id":"way/158808272","properties":{"leisure":"track","osm_id":"way/158808272","label":"","category":"other","kind":"track"},"geometry":{"type":"Polygon","coordinates":[[[118.8338434,32.1061521],[118.8337683,32.1061976],[118.8336717,32.1062112],[118.8335803,32.1061951],[118.8335108,32.1061249],[118.833484,32.1060522],[118.8334891,32.1059724],[118.8336393,32.1056316],[118.83372,32.1055751],[118.8338005,32.105566],[118.8338753,32.105568],[118.8339668,32.105616],[118.8340148,32.105668],[118.8340311,32.1057477],[118.8338434,32.1061521]]]}},{"type":"Feature","id":"way/158808276","properties":{"leisure":"track","osm_id":"way/158808276","label":"","category":"other","kind":"track"},"geometry":{"type":"Polygon","coordinates":[[[118.8256736,32.1039801],[118.8255664,32.1040619],[118.8254591,32.1040846],[118.8253089,32.1040619],[118.8252123,32.1039665],[118.8251908,32.1038574],[118.8253137,32.1035277],[118.8254108,32.1033121],[118.8255283,32.1032233],[118.8255932,32.1032212],[118.8256892,32.1032233],[118.8258024,32.1032848],[118.8258668,32.1033575],[118.8258936,32.1034393],[118.8256736,32.1039801]]]}},{"type":"Feature","id":"way/158808786","properties":{"name":"兴贤家园","landuse":"residential","osm_id":"way/158808786","label":"兴贤家园","category":"residential","kind":"residential"},"geometry":{"type":"Polygon","coordinates":[[[118.829445,32.106761],[118.8294557,32.1057068],[118.8292626,32.1046162],[118.8305726,32.1041491],[118.8317297,32.1036347],[118.8326202,32.1047889],[118.8321498,32.1066847],[118.8309894,32.1066156],[118.829445,32.106761]]]}},{"type":"Feature","id":"way/159180219","properties":{"landuse":"forest","source":"bing","osm_id":"way/159180219","label":"","category":"green","kind":"forest"},"geometry":{"type":"Polygon","coordinates":[[[118.8493741,32.0316452],[118.8493877,32.031143],[118.850164,32.0311318],[118.8501583,32.0316529],[118.8493741,32.0316452]]]}},{"type":"Feature","id":"way/159180220","properties":{"name":"电光学子林","landuse":"forest","source":"bing","osm_id":"way/159180220","label":"电光学子林","category":"green","kind":"forest"},"geometry":{"type":"Polygon","coordinates":[[[118.8526391,32.0319342],[118.8526373,32.0311681],[118.8537358,32.0311773],[118.8538767,32.0319354],[118.8526391,32.0319342]]]}},{"type":"Feature","id":"way/159607313","properties":{"name":"南京农业大学校医院","building":"yes","amenity":"hospital","source":"bing","osm_id":"way/159607313","label":"南京农业大学校医院","category":"civic","kind":"hospital"},"geometry":{"type":"Polygon","coordinates":[[[118.8419614,32.0355408],[118.8423736,32.035441],[118.8424692,32.0357217],[118.8424177,32.0357363],[118.8424386,32.0358132],[118.842349,32.0358299],[118.8422926,32.0356479],[118.8422546,32.0356541],[118.8422472,32.0356209],[118.842035,32.0356666],[118.8420252,32.0356313],[118.8419872,32.0356385],[118.8419614,32.0355408]]]}},{"type":"Feature","id":"way/160197442","properties":{"name":"金轮翠庭园","landuse":"residential","source":"bing","osm_id":"way/160197442","label":"金轮翠庭园","category":"residential","kind":"residential"},"geometry":{"type":"Polygon","coordinates":[[[118.8370604,32.0404199],[118.8373079,32.0413265],[118.8361037,32.0415145],[118.8357764,32.0405801],[118.8370604,32.0404199]]]}},{"type":"Feature","id":"way/160736273","properties":{"landuse":"grass","osm_id":"way/160736273","label":"","category":"green","kind":"grass"},"geometry":{"type":"Polygon","coordinates":[[[118.8038935,32.0793047],[118.8040173,32.07926],[118.8041298,32.0792436],[118.8042465,32.0792481],[118.8044753,32.0793272],[118.8045744,32.0794048],[118.8046571,32.0795188],[118.8046791,32.0795713],[118.8046974,32.0796519],[118.8046968,32.0797464],[118.8046688,32.0798495],[118.8045932,32.0799689],[118.8045382,32.080022],[118.8044612,32.0800748],[118.8042664,32.0801427],[118.8041754,32.0801509],[118.8040664,32.0801435],[118.8039574,32.080116],[118.803855,32.080068],[118.8037732,32.0800078],[118.8037031,32.0799288],[118.8036523,32.0798324],[118.8036381,32.0797851],[118.8036314,32.0796453],[118.8036754,32.0795099],[118.8037568,32.0794014],[118.8038935,32.0793047]]]}},{"type":"Feature","id":"way/160743332","properties":{"landuse":"grass","osm_id":"way/160743332","label":"","category":"green","kind":"grass"},"geometry":{"type":"Polygon","coordinates":[[[118.8015568,32.0794221],[118.8016219,32.0793579],[118.8017356,32.0792641],[118.8018745,32.0791834],[118.8020192,32.0791282],[118.8021387,32.079106],[118.802231,32.0790994],[118.8023457,32.0791101],[118.8024273,32.0791332],[118.8025516,32.0791752],[118.8026478,32.079227],[118.8026993,32.0792608],[118.8027051,32.0792723],[118.8026984,32.079278],[118.8026428,32.0792628],[118.8025844,32.0792483],[118.8024472,32.0792285],[118.8023021,32.0792164],[118.8021641,32.0792218],[118.8019786,32.0792461],[118.8018049,32.0793002],[118.8016631,32.0793677],[118.8015825,32.0794328],[118.8015619,32.0794354],[118.8015585,32.0794305],[118.8015568,32.0794221]]]}},{"type":"Feature","id":"way/160743333","properties":{"landuse":"grass","osm_id":"way/160743333","label":"","category":"green","kind":"grass"},"geometry":{"type":"Polygon","coordinates":[[[118.8015129,32.0795819],[118.8016531,32.0794969],[118.8017657,32.0794469],[118.8018976,32.0794061],[118.8020406,32.0794101],[118.8021635,32.079406],[118.8023067,32.0794155],[118.8024444,32.0794517],[118.8025522,32.0795031],[118.8026618,32.0795478],[118.8026733,32.0795781],[118.8025412,32.0795584],[118.8023478,32.0795337],[118.8020981,32.0794736],[118.8020603,32.0794728],[118.801967,32.0795065],[118.8019029,32.0795403],[118.8017523,32.0796333],[118.8017134,32.0796588],[118.8016882,32.0796712],[118.8016493,32.0796687],[118.8015823,32.0796465],[118.8015201,32.0796193],[118.8014987,32.0796004],[118.8015129,32.0795819]]]}},{"type":"Feature","id":"way/160743339","properties":{"landuse":"grass","osm_id":"way/160743339","label":"","category":"green","kind":"grass"},"geometry":{"type":"Polygon","coordinates":[[[118.8011602,32.0786174],[118.8013567,32.0786584],[118.8016782,32.0787446],[118.8018815,32.0788075],[118.8020821,32.078882],[118.8022346,32.0789448],[118.8022635,32.0789658],[118.8022717,32.0789809],[118.8022662,32.0789972],[118.8022401,32.079003],[118.8021756,32.0790089],[118.8021055,32.0790123],[118.8019915,32.0790391],[118.8018733,32.0790752],[118.8017854,32.0791183],[118.8016617,32.0791974],[118.8015861,32.0792591],[118.8015106,32.0793313],[118.8014254,32.0794221],[118.8013457,32.0795222],[118.8012358,32.0796142],[118.8012097,32.0796305],[118.8011863,32.0796037],[118.8012482,32.0795525],[118.8012949,32.0794966],[118.8013471,32.0794128],[118.8013814,32.0793197],[118.8014034,32.0792347],[118.801413,32.0791544],[118.8014062,32.0790834],[118.8013979,32.0790147],[118.8013801,32.0789495],[118.801354,32.0788808],[118.8013127,32.0788156],[118.8012537,32.0787353],[118.8012056,32.0786876],[118.8011589,32.0786471],[118.8011468,32.0786349],[118.8011492,32.0786241],[118.8011602,32.0786174]]]}},{"type":"Feature","id":"way/161841787","properties":{"name":"公交一公司","landuse":"industrial","source":"bing","osm_id":"way/161841787","label":"公交一公司","category":"industrial","kind":"industrial"},"geometry":{"type":"Polygon","coordinates":[[[118.8023549,32.0907553],[118.8023699,32.0889068],[118.8038772,32.0889156],[118.8038621,32.0907641],[118.8023549,32.0907553]]]}},{"type":"Feature","id":"way/164745798","properties":{"leisure":"pitch","source":"bing","osm_id":"way/164745798","label":"","category":"other","kind":"pitch"},"geometry":{"type":"Polygon","coordinates":[[[118.8529978,32.0242335],[118.8529926,32.0239806],[118.8534106,32.0239744],[118.8534158,32.0242273],[118.8529978,32.0242335]]]}},{"type":"Feature","id":"way/165518585","properties":{"name":"铁路体育馆","building":"yes","leisure":"sports_centre","source":"bing","osm_id":"way/165518585","label":"铁路体育馆","category":"other","kind":"sports_centre"},"geometry":{"type":"Polygon","coordinates":[[[118.8198282,32.088368],[118.8193506,32.0882177],[118.8196214,32.0875962],[118.8201044,32.0877454],[118.8198282,32.088368]]]}},{"type":"Feature","id":"way/192948356","properties":{"leisure":"pitch","osm_id":"way/192948356","label":"","category":"other","kind":"pitch"},"geometry":{"type":"Polygon","coordinates":[[[118.7807753,32.0507888],[118.7807718,32.0504392],[118.7809644,32.0504384],[118.7810251,32.0504641],[118.7810672,32.0505117],[118.7810929,32.0505543],[118.7811011,32.0505929],[118.7811,32.0506326],[118.7810871,32.0506781],[118.7810579,32.0507237],[118.7810006,32.0507643],[118.7809538,32.0507832],[118.7809129,32.0507871],[118.7807753,32.0507888]]]}},{"type":"Feature","id":"way/192948357","properties":{"leisure":"pitch","osm_id":"way/192948357","label":"","category":"other","kind":"pitch"},"geometry":{"type":"Polygon","coordinates":[[[118.7802394,32.0504416],[118.780243,32.0507953],[118.7801017,32.050797],[118.7800293,32.0507911],[118.7799708,32.0507623],[118.7799217,32.0507118],[118.779896,32.0506643],[118.7798878,32.0506118],[118.7798972,32.0505602],[118.7799217,32.0505236],[118.779965,32.0504859],[118.7800176,32.0504592],[118.7800748,32.0504423],[118.7802394,32.0504416]]]}},{"type":"Feature","id":"way/192948360","properties":{"leisure":"pitch","osm_id":"way/192948360","label":"","category":"other","kind":"pitch"},"geometry":{"type":"Polygon","coordinates":[[[118.780243,32.0507953],[118.7802394,32.0504416],[118.7807718,32.0504392],[118.7807753,32.0507888],[118.780243,32.0507953]]]}},{"type":"Feature","id":"way/223942718","properties":{"name":"南京外国语学校","name:en":"Nanjing Foreign Language School","amenity":"school","osm_id":"way/223942718","label":"南京外国语学校","category":"civic","kind":"school"},"geometry":{"type":"Polygon","coordinates":[[[118.7948898,32.0590052],[118.7946215,32.0578989],[118.7951875,32.0577253],[118.7955586,32.0576369],[118.796036,32.0575706],[118.7959562,32.057272],[118.7966578,32.0571495],[118.7967501,32.0574437],[118.7968061,32.0577053],[118.7968904,32.0577044],[118.797196,32.0577083],[118.7972418,32.0577507],[118.7973539,32.0588073],[118.7967858,32.0588546],[118.7967322,32.0591365],[118.7965909,32.0591474],[118.7964962,32.0591547],[118.7964747,32.059282],[118.7956051,32.0593802],[118.7955864,32.0592606],[118.7955535,32.0590511],[118.7955461,32.0590037],[118.7955413,32.0589728],[118.7948898,32.0590052]]]}},{"type":"Feature","id":"way/236874028","properties":{"name":"体育场","leisure":"pitch","osm_id":"way/236874028","label":"体育场","category":"other","kind":"pitch"},"geometry":{"type":"Polygon","coordinates":[[[118.7869016,32.0590496],[118.7868455,32.0584116],[118.7867895,32.0577737],[118.7878032,32.0576893],[118.7879252,32.0589933],[118.7869016,32.0590496]]]}},{"type":"Feature","id":"way/236946064","properties":{"landuse":"grass","osm_id":"way/236946064","label":"","category":"green","kind":"grass"},"geometry":{"type":"Polygon","coordinates":[[[118.7889996,32.0567513],[118.7889823,32.0564876],[118.7889714,32.0563212],[118.7894097,32.0562943],[118.7894597,32.056327],[118.7894937,32.0567197],[118.7889996,32.0567513]]]}},{"type":"Feature","id":"way/236946065","properties":{"landuse":"grass","osm_id":"way/236946065","label":"","category":"green","kind":"grass"},"geometry":{"type":"Polygon","coordinates":[[[118.7896141,32.0562827],[118.7899389,32.0562635],[118.7899798,32.0566869],[118.7896096,32.0567062],[118.7895755,32.0563308],[118.7896141,32.0562827]]]}},{"type":"Feature","id":"way/236946066","properties":{"landuse":"grass","osm_id":"way/236946066","label":"","category":"green","kind":"grass"},"geometry":{"type":"Polygon","coordinates":[[[118.7889791,32.0562346],[118.7889577,32.0559478],[118.7894301,32.0559112],[118.7894483,32.0561634],[118.7894097,32.0562077],[118.7889791,32.0562346]]]}},{"type":"Feature","id":"way/236946067","properties":{"landuse":"grass","osm_id":"way/236946067","label":"","category":"green","kind":"grass"},"geometry":{"type":"Polygon","coordinates":[[[118.7895437,32.0559074],[118.7899116,32.0558843],[118.7899343,32.0561749],[118.7896096,32.0561942],[118.7895573,32.0561576],[118.7895437,32.0559074]]]}},{"type":"Feature","id":"way/236946068","properties":{"name":"樱花","landuse":"forest","osm_id":"way/236946068","label":"樱花","category":"green","kind":"forest"},"geometry":{"type":"Polygon","coordinates":[[[118.7900509,32.0560575],[118.7900329,32.0558645],[118.7903228,32.0558451],[118.7903408,32.0560381],[118.7900509,32.0560575]]]}},{"type":"Feature","id":"way/236950762","properties":{"name":"南京师范大学附属小学","amenity":"school","osm_id":"way/236950762","label":"南京师范大学附属小学","category":"civic","kind":"school"},"geometry":{"type":"Polygon","coordinates":[[[118.7857643,32.0573186],[118.7856085,32.0558982],[118.7868017,32.055719],[118.7870068,32.057205],[118.7857643,32.0573186]]]}},{"type":"Feature","id":"way/237042944","properties":{"leisure":"garden","osm_id":"way/237042944","label":"","category":"green","kind":"garden"},"geometry":{"type":"Polygon","coordinates":[[[118.7896166,32.057732],[118.7892009,32.0574491],[118.7892009,32.0573297],[118.7895984,32.0573124],[118.7896166,32.057732]]]}},{"type":"Feature","id":"way/237057067","properties":{"natural":"grassland","osm_id":"way/237057067","label":"","category":"green","kind":"grassland"},"geometry":{"type":"Polygon","coordinates":[[[118.788649,32.0563317],[118.7886028,32.0563042],[118.7885888,32.0561317],[118.7888621,32.0561093],[118.7888745,32.0563161],[118.788649,32.0563317]]]}},{"type":"Feature","id":"way/237063306","properties":{"leisure":"garden","osm_id":"way/237063306","label":"","category":"green","kind":"garden"},"geometry":{"type":"Polygon","coordinates":[[[118.787907,32.0556633],[118.7879274,32.0558975],[118.7879282,32.0559124],[118.7882013,32.055896],[118.7882162,32.0560741],[118.7878896,32.0560936],[118.7878541,32.0556668],[118.787907,32.0556633]]]}},{"type":"Feature","id":"way/237174413","properties":{"natural":"wood","osm_id":"way/237174413","label":"","category":"green","kind":"wood"},"geometry":{"type":"Polygon","coordinates":[[[118.7886149,32.0564619],[118.7886537,32.0564276],[118.7888739,32.0564109],[118.7888875,32.0566792],[118.7888493,32.0567085],[118.7886347,32.0567224],[118.7886149,32.0564619]]]}},{"type":"Feature","id":"way/237174417","properties":{"name":"网球场","leisure":"pitch","osm_id":"way/237174417","label":"网球场","category":"other","kind":"pitch"},"geometry":{"type":"Polygon","coordinates":[[[118.7871909,32.0581253],[118.7871688,32.0579194],[118.7872903,32.0579101],[118.7873123,32.058116],[118.7871909,32.0581253]]]}},{"type":"Feature","id":"way/237174418","properties":{"name":"网球场","leisure":"pitch","osm_id":"way/237174418","label":"网球场","category":"other","kind":"pitch"},"geometry":{"type":"Polygon","coordinates":[[[118.787356,32.0581088],[118.7873356,32.0579016],[118.7874428,32.057894],[118.7874632,32.0581012],[118.787356,32.0581088]]]}},{"type":"Feature","id":"way/237174419","properties":{"name":"网球场","leisure":"pitch","osm_id":"way/237174419","label":"网球场","category":"other","kind":"pitch"},"geometry":{"type":"Polygon","coordinates":[[[118.787507,32.0581025],[118.787484,32.0578987],[118.787596,32.0578896],[118.787619,32.0580934],[118.787507,32.0581025]]]}},{"type":"Feature","id":"way/237174420","properties":{"name":"篮球场","leisure":"pitch","osm_id":"way/237174420","label":"篮球场","category":"other","kind":"pitch"},"geometry":{"type":"Polygon","coordinates":[[[118.7870414,32.0584519],[118.787013,32.0581994],[118.7871687,32.0581869],[118.7871971,32.0584393],[118.7870414,32.0584519]]]}},{"type":"Feature","id":"way/237174421","properties":{"name":"篮球场","leisure":"pitch","osm_id":"way/237174421","label":"篮球场","category":"other","kind":"pitch"},"geometry":{"type":"Polygon","coordinates":[[[118.7872281,32.0584361],[118.7871992,32.0581822],[118.7873557,32.0581695],[118.7873846,32.0584234],[118.7872281,32.0584361]]]}},{"type":"Feature","id":"way/237174422","properties":{"name":"篮球场","leisure":"pitch","osm_id":"way/237174422","label":"篮球场","category":"other","kind":"pitch"},"geometry":{"type":"Polygon","coordinates":[[[118.7874117,32.058421],[118.7873821,32.0581658],[118.7875377,32.0581529],[118.7875673,32.0584081],[118.7874117,32.058421]]]}},{"type":"Feature","id":"way/237174423","properties":{"name":"篮球场","leisure":"pitch","osm_id":"way/237174423","label":"篮球场","category":"other","kind":"pitch"},"geometry":{"type":"Polygon","coordinates":[[[118.7875966,32.0584045],[118.787567,32.0581484],[118.7877216,32.0581355],[118.7877512,32.0583917],[118.7875966,32.0584045]]]}},{"type":"Feature","id":"way/237174424","properties":{"name":"篮球场","leisure":"pitch","osm_id":"way/237174424","label":"篮球场","category":"other","kind":"pitch"},"geometry":{"type":"Polygon","coordinates":[[[118.7870708,32.0587239],[118.7870423,32.0584785],[118.7871988,32.0584654],[118.7872273,32.0587109],[118.7870708,32.0587239]]]}},{"type":"Feature","id":"way/237174425","properties":{"name":"篮球场","leisure":"pitch","osm_id":"way/237174425","label":"篮球场","category":"other","kind":"pitch"},"geometry":{"type":"Polygon","coordinates":[[[118.7872565,32.0587079],[118.7872297,32.058467],[118.787386,32.0584545],[118.7874128,32.0586954],[118.7872565,32.0587079]]]}},{"type":"Feature","id":"way/237174426","properties":{"name":"篮球场","leisure":"pitch","osm_id":"way/237174426","label":"篮球场","category":"other","kind":"pitch"},"geometry":{"type":"Polygon","coordinates":[[[118.7874382,32.0586956],[118.7874126,32.0584458],[118.7875674,32.0584344],[118.787593,32.0586842],[118.7874382,32.0586956]]]}},{"type":"Feature","id":"way/237174427","properties":{"name":"篮球场","leisure":"pitch","osm_id":"way/237174427","label":"篮球场","category":"other","kind":"pitch"},"geometry":{"type":"Polygon","coordinates":[[[118.7876244,32.058682],[118.787601,32.0584309],[118.7877573,32.0584204],[118.7877807,32.0586715],[118.7876244,32.058682]]]}},{"type":"Feature","id":"way/237311547","properties":{"leisure":"garden","osm_id":"way/237311547","label":"","category":"green","kind":"garden"},"geometry":{"type":"Polygon","coordinates":[[[118.7881367,32.0568908],[118.7881321,32.0568372],[118.7881938,32.0568192],[118.7882472,32.0568331],[118.7882811,32.0568514],[118.788315,32.0568801],[118.7883249,32.0569332],[118.7881816,32.0569448],[118.7881737,32.0568868],[118.7881367,32.0568908]]]}},{"type":"Feature","id":"way/237311548","properties":{"leisure":"garden","osm_id":"way/237311548","label":"","category":"green","kind":"garden"},"geometry":{"type":"Polygon","coordinates":[[[118.7884279,32.0569248],[118.7884383,32.0568709],[118.7884583,32.056837],[118.7884906,32.0568148],[118.7885338,32.0568017],[118.7887171,32.0567861],[118.788848,32.056773],[118.7888989,32.056803],[118.7889189,32.0570968],[118.7887532,32.0571282],[118.7887283,32.0568438],[118.7885942,32.0568542],[118.7886013,32.0569107],[118.7884279,32.0569248]]]}},{"type":"Feature","id":"way/237311549","properties":{"leisure":"garden","osm_id":"way/237311549","label":"","category":"green","kind":"garden"},"geometry":{"type":"Polygon","coordinates":[[[118.7881833,32.0566981],[118.788179,32.0566478],[118.7885276,32.0566263],[118.788517,32.0565028],[118.7885574,32.0565003],[118.7885723,32.0566741],[118.7881833,32.0566981]]]}},{"type":"Feature","id":"way/237311550","properties":{"name":"螭首","landuse":"grass","osm_id":"way/237311550","label":"螭首","category":"green","kind":"grass"},"geometry":{"type":"Polygon","coordinates":[[[118.7884315,32.0567794],[118.7884231,32.0568061],[118.7884,32.0568257],[118.7883685,32.0568328],[118.7883371,32.0568257],[118.788314,32.0568061],[118.7883056,32.0567794],[118.788314,32.0567528],[118.7883371,32.0567332],[118.7883685,32.0567261],[118.7884,32.0567332],[118.7884231,32.0567528],[118.7884315,32.0567794]]]}},{"type":"Feature","id":"way/237311551","properties":{"leisure":"garden","osm_id":"way/237311551","label":"","category":"green","kind":"garden"},"geometry":{"type":"Polygon","coordinates":[[[118.7885024,32.056334],[118.7884895,32.0561845],[118.7884663,32.0561853],[118.7884632,32.0561383],[118.7885218,32.0561331],[118.7885403,32.0563315],[118.7885024,32.056334]]]}},{"type":"Feature","id":"way/237311556","properties":{"leisure":"garden","osm_id":"way/237311556","label":"","category":"green","kind":"garden"},"geometry":{"type":"Polygon","coordinates":[[[118.7883595,32.0558876],[118.7887863,32.0558542],[118.7888039,32.0560161],[118.7883771,32.0560495],[118.7883595,32.0558876]]]}},{"type":"Feature","id":"way/237318480","properties":{"name":"东南大学校医院","building":"yes","amenity":"hospital","osm_id":"way/237318480","label":"东南大学校医院","category":"civic","kind":"hospital"},"geometry":{"type":"Polygon","coordinates":[[[118.7905463,32.0539184],[118.7910673,32.053837],[118.7911129,32.0540405],[118.7910192,32.0540588],[118.7910072,32.054012],[118.7905847,32.0540791],[118.7905463,32.0539184]]]}},{"type":"Feature","id":"way/237318481","properties":{"name":"成贤街92号小区","landuse":"residential","osm_id":"way/237318481","label":"成贤街号小区","category":"residential","kind":"residential"},"geometry":{"type":"Polygon","coordinates":[[[118.7907208,32.0557938],[118.790552,32.0550816],[118.7913986,32.0549375],[118.7915674,32.0556497],[118.7907208,32.0557938]]]}},{"type":"Feature","id":"way/242183085","properties":{"leisure":"garden","osm_id":"way/242183085","label":"","category":"green","kind":"garden"},"geometry":{"type":"Polygon","coordinates":[[[118.7883952,32.0578371],[118.7883852,32.0576833],[118.7883828,32.0576455],[118.7886741,32.0576319],[118.7886866,32.0578235],[118.7883952,32.0578371]]]}},{"type":"Feature","id":"way/258847777","properties":{"name":"南京外国语学校体育馆","building":"yes","height":"20","leisure":"sports_centre","osm_id":"way/258847777","label":"南京外国语学校体育馆","category":"other","kind":"sports_centre"},"geometry":{"type":"Polygon","coordinates":[[[118.7948986,32.0585585],[118.7948732,32.0581613],[118.7951774,32.0581473],[118.7952028,32.0585445],[118.7948986,32.0585585]]]}},{"type":"Feature","id":"way/261057631","properties":{"leisure":"pitch","osm_id":"way/261057631","label":"","category":"other","kind":"pitch"},"geometry":{"type":"Polygon","coordinates":[[[118.7935603,32.0623278],[118.7931251,32.0609007],[118.794061,32.0606957],[118.794183,32.0610958],[118.7944963,32.0621227],[118.7935603,32.0623278]]]}},{"type":"Feature","id":"way/261057633","properties":{"landuse":"grass","osm_id":"way/261057633","label":"","category":"green","kind":"grass"},"geometry":{"type":"Polygon","coordinates":[[[118.8062288,32.0537399],[118.8061008,32.0527687],[118.8065801,32.0527233],[118.8066145,32.0529844],[118.8064654,32.0529985],[118.8065039,32.0532912],[118.806653,32.0532771],[118.8067081,32.0536945],[118.8062288,32.0537399]]]}},{"type":"Feature","id":"way/261057634","properties":{"landuse":"grass","osm_id":"way/261057634","label":"","category":"green","kind":"grass"},"geometry":{"type":"Polygon","coordinates":[[[118.8068094,32.0536687],[118.8067662,32.0532907],[118.8068878,32.0532807],[118.806851,32.052958],[118.8067125,32.0529693],[118.8066814,32.0526964],[118.8071326,32.0526594],[118.8072436,32.0536332],[118.8068094,32.0536687]]]}},{"type":"Feature","id":"way/261057635","properties":{"landuse":"grass","osm_id":"way/261057635","label":"","category":"green","kind":"grass"},"geometry":{"type":"Polygon","coordinates":[[[118.8061113,32.0526394],[118.8060322,32.0520573],[118.8064756,32.052014],[118.8065547,32.0525962],[118.8061113,32.0526394]]]}},{"type":"Feature","id":"way/261057636","properties":{"landuse":"grass","osm_id":"way/261057636","label":"","category":"green","kind":"grass"},"geometry":{"type":"Polygon","coordinates":[[[118.8066805,32.0525973],[118.806616,32.0520101],[118.8070798,32.0519735],[118.8071444,32.0525607],[118.8066805,32.0525973]]]}},{"type":"Feature","id":"way/272579917","properties":{"name":"范鸿仙墓","leisure":"park","osm_id":"way/272579917","label":"范鸿仙墓","category":"green","kind":"park"},"geometry":{"type":"Polygon","coordinates":[[[118.8766945,32.0553646],[118.8765935,32.055288],[118.8765513,32.055175],[118.8766115,32.0550416],[118.8768522,32.0549426],[118.876894,32.054983],[118.8774541,32.0555244],[118.8771468,32.0557681],[118.8766945,32.0553646]]]}},{"type":"Feature","id":"way/275865269","properties":{"name":"大院操场","leisure":"park","osm_id":"way/275865269","label":"大院操场","category":"green","kind":"park"},"geometry":{"type":"Polygon","coordinates":[[[118.7973975,32.0520223],[118.7970113,32.0504219],[118.7982129,32.0501945],[118.7986098,32.051795],[118.7973975,32.0520223]]]}},{"type":"Feature","id":"way/283933263","properties":{"name":"Swimming Pool of NFU","leisure":"sports_centre","osm_id":"way/283933263","label":"","category":"other","kind":"sports_centre"},"geometry":{"type":"Polygon","coordinates":[[[118.8107085,32.0836335],[118.810544,32.083437],[118.8103936,32.0832631],[118.8103033,32.0831657],[118.810344,32.0831357],[118.8103847,32.0831027],[118.8104272,32.0830712],[118.810505,32.0830217],[118.810567,32.0829812],[118.8106572,32.0829333],[118.8107209,32.0828958],[118.8107439,32.0829108],[118.8108767,32.0830652],[118.8110076,32.0832211],[118.8111315,32.0833726],[118.8110554,32.0834295],[118.8109598,32.083497],[118.8109421,32.0835165],[118.81082,32.0835855],[118.8107085,32.0836335]]]}},{"type":"Feature","id":"way/319998727","properties":{"name":"南京博物院","name:en":"NanJing Museum","landuse":"commercial","tourism":"museum","osm_id":"way/319998727","label":"南京博物院","category":"commercial","kind":"commercial"},"geometry":{"type":"Polygon","coordinates":[[[118.8192698,32.0446877],[118.8191876,32.0439876],[118.8177269,32.0441063],[118.8176484,32.0433659],[118.8190876,32.0432289],[118.8188803,32.0413701],[118.8189496,32.0413642],[118.8201465,32.041262],[118.820209,32.0412567],[118.8206663,32.0412177],[118.8209509,32.0437058],[118.8210499,32.0445708],[118.8192698,32.0446877]]]}},{"type":"Feature","id":"way/333038082","properties":{"landuse":"residential","osm_id":"way/333038082","label":"","category":"residential","kind":"residential"},"geometry":{"type":"Polygon","coordinates":[[[118.7892318,32.0469504],[118.7896279,32.0468429],[118.789665,32.0469413],[118.7892689,32.0470488],[118.7892318,32.0469504]]]}},{"type":"Feature","id":"way/335163146","properties":{"name":"新体育馆","building":"yes","leisure":"sports_centre","osm_id":"way/335163146","label":"新体育馆","category":"other","kind":"sports_centre"},"geometry":{"type":"Polygon","coordinates":[[[118.8100225,32.0832601],[118.8093781,32.082453],[118.8100692,32.0820335],[118.8107604,32.0828091],[118.8100225,32.0832601]]]}},{"type":"Feature","id":"way/363607514","properties":{"name":"东部战区司令部","name:en":"People's Liberation Army Eastern Theater Command Headquaters","landuse":"military","osm_id":"way/363607514","label":"东部战区司令部","category":"other","kind":"military"},"geometry":{"type":"Polygon","coordinates":[[[118.8047958,32.056825],[118.8046433,32.0562984],[118.8038238,32.0565051],[118.803637,32.0559754],[118.8031415,32.0542503],[118.8033207,32.0541857],[118.8031377,32.0537302],[118.8027337,32.0537948],[118.8022909,32.0520861],[118.8024393,32.0520198],[118.8024228,32.0519121],[118.8023854,32.0517776],[118.8021967,32.0517274],[118.8021404,32.0515823],[118.8024336,32.0515141],[118.8024221,32.0507873],[118.8020867,32.0484741],[118.801454,32.048542],[118.8013968,32.0481963],[118.8013667,32.0480178],[118.8018034,32.0480133],[118.8033827,32.0480315],[118.8034097,32.047794],[118.8035013,32.0477848],[118.8036199,32.0477163],[118.8057653,32.0477985],[118.8058138,32.0479402],[118.8060528,32.0479545],[118.806218,32.0479539],[118.8062773,32.0477985],[118.8077619,32.0478735],[118.8077565,32.0485497],[118.8088627,32.0485024],[118.8108883,32.048367],[118.8108829,32.0482527],[118.8110607,32.048234],[118.8110661,32.0477954],[118.8125107,32.0477268],[118.8124945,32.0481061],[118.8122575,32.0485954],[118.8117076,32.0488421],[118.8115459,32.0490523],[118.8114166,32.0492716],[118.8116834,32.0511546],[118.8116241,32.0511569],[118.8116138,32.0511872],[118.8116214,32.0512483],[118.8117427,32.0512492],[118.8118849,32.0522396],[118.8120257,32.0530356],[118.8119691,32.0530562],[118.8120232,32.0533145],[118.8120755,32.0533057],[118.8124414,32.0549468],[118.8109107,32.0555756],[118.8107811,32.0555918],[118.8107277,32.0555885],[118.8096681,32.055834],[118.8087877,32.0560066],[118.8087943,32.0563305],[118.8075819,32.0566012],[118.8076111,32.0570575],[118.8072507,32.057124],[118.8069968,32.0571752],[118.8067578,32.0572366],[118.8067678,32.0576845],[118.8060962,32.0578632],[118.8058265,32.057935],[118.8058932,32.0581719],[118.8059602,32.0584774],[118.8055209,32.0585892],[118.8056916,32.0592044],[118.8055491,32.0592199],[118.8054832,32.0592299],[118.8054617,32.0591454],[118.8041195,32.0593464],[118.8040332,32.0592459],[118.8038877,32.0585058],[118.8033379,32.0585743],[118.8031873,32.0572659],[118.8040334,32.057098],[118.8039991,32.0569768],[118.8047958,32.056825]]]}},{"type":"Feature","id":"way/377250695","properties":{"leisure":"pitch","osm_id":"way/377250695","label":"","category":"other","kind":"pitch"},"geometry":{"type":"Polygon","coordinates":[[[118.8090156,32.0584288],[118.8089408,32.0581016],[118.8093247,32.0580386],[118.8093995,32.0583658],[118.8090156,32.0584288]]]}},{"type":"Feature","id":"way/377250696","properties":{"leisure":"pitch","osm_id":"way/377250696","label":"","category":"other","kind":"pitch"},"geometry":{"type":"Polygon","coordinates":[[[118.8091025,32.0585705],[118.8090718,32.0584458],[118.8093623,32.0583944],[118.8093931,32.0585191],[118.8091025,32.0585705]]]}},{"type":"Feature","id":"way/377250697","properties":{"leisure":"pitch","osm_id":"way/377250697","label":"","category":"other","kind":"pitch"},"geometry":{"type":"Polygon","coordinates":[[[118.8089838,32.0580604],[118.8089527,32.0579293],[118.8092368,32.0578809],[118.8092679,32.058012],[118.8089838,32.0580604]]]}},{"type":"Feature","id":"way/377250698","properties":{"building":"yes","leisure":"sports_centre","osm_id":"way/377250698","label":"","category":"other","kind":"sports_centre"},"geometry":{"type":"Polygon","coordinates":[[[118.8089916,32.0587132],[118.8087825,32.057766],[118.8093162,32.0576035],[118.8095581,32.0586227],[118.8089916,32.0587132]]]}},{"type":"Feature","id":"way/378332618","properties":{"leisure":"pitch","osm_id":"way/378332618","label":"","category":"other","kind":"pitch"},"geometry":{"type":"Polygon","coordinates":[[[118.8014477,32.0568999],[118.8013911,32.0565399],[118.8023396,32.0564079],[118.8023821,32.0568039],[118.8014477,32.0568999]]]}},{"type":"Feature","id":"way/380371966","properties":{"name":"设计场地","leisure":"park","osm_id":"way/380371966","label":"设计场地","category":"green","kind":"park"},"geometry":{"type":"Polygon","coordinates":[[[118.8077487,32.0797946],[118.8075496,32.0798093],[118.8072367,32.0793701],[118.807232,32.0790496],[118.8076757,32.0791445],[118.8078158,32.0795283],[118.8077487,32.0797946]]]}},{"type":"Feature","id":"way/383999627","properties":{"name":"网球场（南林）","leisure":"pitch","osm_id":"way/383999627","label":"网球场南林","category":"other","kind":"pitch"},"geometry":{"type":"Polygon","coordinates":[[[118.8107676,32.0837132],[118.8110311,32.0835386],[118.8114094,32.0833109],[118.8117251,32.0836558],[118.8111094,32.0839895],[118.8109972,32.0838901],[118.8109372,32.0839299],[118.8107676,32.0837132]]]}},{"type":"Feature","id":"way/384000006","properties":{"name":"篮球场（南林）","leisure":"pitch","osm_id":"way/384000006","label":"篮球场南林","category":"other","kind":"pitch"},"geometry":{"type":"Polygon","coordinates":[[[118.8120166,32.0824623],[118.8127921,32.0820416],[118.8134034,32.0828064],[118.812632,32.0832549],[118.8120166,32.0824623]]]}},{"type":"Feature","id":"way/384126617","properties":{"name":"排球场（南林）","leisure":"pitch","osm_id":"way/384126617","label":"排球场南林","category":"other","kind":"pitch"},"geometry":{"type":"Polygon","coordinates":[[[118.8120324,32.0828907],[118.8122325,32.082767],[118.8126056,32.0832481],[118.8124127,32.0833718],[118.812149,32.0830382],[118.8120324,32.0828907]]]}},{"type":"Feature","id":"way/384126643","properties":{"name":"新操场","leisure":"pitch","osm_id":"way/384126643","label":"新操场","category":"other","kind":"pitch"},"geometry":{"type":"Polygon","coordinates":[[[118.8139741,32.0824922],[118.8138003,32.0825903],[118.8136581,32.0824252],[118.8134053,32.0824029],[118.8133865,32.0823735],[118.8133369,32.0822959],[118.8133674,32.0810463],[118.8133685,32.0810019],[118.813142,32.0810063],[118.813379,32.0808457],[118.8145481,32.0809037],[118.8145438,32.0809864],[118.8145358,32.0811424],[118.8145375,32.081225],[118.8145204,32.0812944],[118.8144585,32.0822022],[118.8144059,32.0823182],[118.8143164,32.0823806],[118.814211,32.0824431],[118.8140636,32.0824922],[118.8139741,32.0824922]]]}},{"type":"Feature","id":"way/384126644","properties":{"name":"门球场","leisure":"pitch","osm_id":"way/384126644","label":"门球场","category":"other","kind":"pitch"},"geometry":{"type":"Polygon","coordinates":[[[118.8147575,32.0809926],[118.8147511,32.0810996],[118.8147186,32.0811257],[118.8146889,32.0811606],[118.8146829,32.0812209],[118.8146765,32.0813029],[118.8145949,32.0812983],[118.8145204,32.0812944],[118.8145358,32.0811424],[118.8145438,32.0809864],[118.8147575,32.0809926]]]}},{"type":"Feature","id":"way/384126645","properties":{"leisure":"pitch","osm_id":"way/384126645","label":"","category":"other","kind":"pitch"},"geometry":{"type":"Polygon","coordinates":[[[118.8134317,32.0827924],[118.8132396,32.0825239],[118.8134053,32.0824029],[118.8136581,32.0824252],[118.8138003,32.0825903],[118.8134317,32.0827924]]]}},{"type":"Feature","id":"way/384126652","properties":{"name":"南京林业大学玄武公寓","landuse":"residential","osm_id":"way/384126652","label":"南京林业大学玄武公寓","category":"residential","kind":"residential"},"geometry":{"type":"Polygon","coordinates":[[[118.8154601,32.0865309],[118.8152136,32.0869903],[118.8114229,32.0854403],[118.8113073,32.0850322],[118.8133463,32.0856074],[118.8154601,32.0865309]]]}},{"type":"Feature","id":"way/384126658","properties":{"name":"后街商业区","landuse":"retail","osm_id":"way/384126658","label":"后街商业区","category":"commercial","kind":"retail"},"geometry":{"type":"Polygon","coordinates":[[[118.8121395,32.0783898],[118.8122993,32.0777751],[118.8128455,32.0778771],[118.8126857,32.0784918],[118.8121395,32.0783898]]]}},{"type":"Feature","id":"way/384126662","properties":{"name":"老操场","leisure":"pitch","osm_id":"way/384126662","label":"老操场","category":"other","kind":"pitch"},"geometry":{"type":"Polygon","coordinates":[[[118.8112721,32.083215],[118.8112423,32.0832006],[118.8111997,32.0832222],[118.8108181,32.082742],[118.8103312,32.0821291],[118.810201,32.0819954],[118.8111024,32.0814669],[118.8120638,32.0827179],[118.8119064,32.0827785],[118.8118921,32.0828391],[118.8118664,32.0828949],[118.8118263,32.0829579],[118.8117519,32.0830307],[118.8116661,32.083084],[118.8115774,32.0831301],[118.8114286,32.0831519],[118.8113284,32.0831398],[118.8112721,32.083215]]]}},{"type":"Feature","id":"way/385355834","properties":{"leisure":"pitch","osm_id":"way/385355834","label":"","category":"other","kind":"pitch"},"geometry":{"type":"Polygon","coordinates":[[[118.8004351,32.0494816],[118.8001353,32.049535],[118.8000923,32.0493521],[118.8003929,32.0492995],[118.8004351,32.0494816]]]}},{"type":"Feature","id":"way/385355835","properties":{"leisure":"pitch","osm_id":"way/385355835","label":"","category":"other","kind":"pitch"},"geometry":{"type":"Polygon","coordinates":[[[118.8000923,32.0493521],[118.8000489,32.0491813],[118.8003527,32.0491244],[118.8003929,32.0492995],[118.8000923,32.0493521]]]}},{"type":"Feature","id":"way/385355836","properties":{"leisure":"pitch","osm_id":"way/385355836","label":"","category":"other","kind":"pitch"},"geometry":{"type":"Polygon","coordinates":[[[118.7992193,32.0494023],[118.7991828,32.0494066],[118.799163,32.0493977],[118.7991415,32.0493761],[118.7991228,32.0493488],[118.7991147,32.0493227],[118.7991147,32.0492954],[118.7991228,32.0492693],[118.7991388,32.0492477],[118.799163,32.0492283],[118.7998344,32.0491118],[118.7998637,32.0491137],[118.7998906,32.0491235],[118.799914,32.0491408],[118.7999247,32.0491568],[118.7999314,32.0491744],[118.7999354,32.0491914],[118.7999392,32.0492071],[118.7999409,32.0492251],[118.7999401,32.049242],[118.7999339,32.049257],[118.7999255,32.0492727],[118.7999131,32.049287],[118.7998976,32.0492964],[118.7998711,32.0493045],[118.7992193,32.0494023]]]}},{"type":"Feature","id":"way/398446048","properties":{"name":"体育馆","building":"yes","leisure":"sports_hall","osm_id":"way/398446048","label":"体育馆","category":"other","kind":"sports_hall"},"geometry":{"type":"Polygon","coordinates":[[[118.8377652,32.0337241],[118.8376552,32.0333958],[118.8381255,32.0332825],[118.8382356,32.0336108],[118.8377652,32.0337241]]]}},{"type":"Feature","id":"way/406706267","properties":{"leisure":"playground","osm_id":"way/406706267","label":"","category":"other","kind":"playground"},"geometry":{"type":"Polygon","coordinates":[[[118.7901074,32.0566316],[118.7900645,32.0560861],[118.7902523,32.0560724],[118.7902523,32.0561133],[118.7905688,32.0560906],[118.7906024,32.0565808],[118.7902684,32.0565998],[118.7902714,32.056621],[118.7901074,32.0566316]]]}},{"type":"Feature","id":"way/429825937","properties":{"landuse":"grass","osm_id":"way/429825937","label":"","category":"green","kind":"grass"},"geometry":{"type":"Polygon","coordinates":[[[118.8665793,32.0856307],[118.8665847,32.0855625],[118.866777,32.0854755],[118.8668395,32.0853557],[118.8670836,32.0851625],[118.8672123,32.0851216],[118.8673357,32.0851262],[118.8675074,32.0850626],[118.8676629,32.0849853],[118.8681779,32.0846399],[118.8683228,32.0846126],[118.8687895,32.0846126],[118.8689398,32.0846549],[118.8690396,32.0847052],[118.8690796,32.0847504],[118.8691274,32.0848535],[118.8691596,32.0849398],[118.8691435,32.0849989],[118.8689933,32.0850807],[118.868768,32.0851807],[118.8686553,32.0851853],[118.8684783,32.0852307],[118.8681296,32.0853216],[118.8673947,32.0855398],[118.8671748,32.0855716],[118.8668583,32.085667],[118.8667081,32.0856943],[118.8665793,32.0856307]]]}},{"type":"Feature","id":"way/430281273","properties":{"landuse":"grass","osm_id":"way/430281273","label":"","category":"green","kind":"grass"},"geometry":{"type":"Polygon","coordinates":[[[118.8713568,32.0863225],[118.8712456,32.0862867],[118.8711838,32.0862668],[118.8711127,32.0862021],[118.8710993,32.0861236],[118.8710162,32.0856612],[118.8709679,32.0855283],[118.8709168,32.0854337],[118.8708709,32.0853489],[118.8708365,32.0852851],[118.8708029,32.0851862],[118.8707782,32.0850749],[118.87076,32.0849931],[118.8707105,32.0848776],[118.8706716,32.0847412],[118.8706485,32.0844803],[118.8706627,32.0843933],[118.870797,32.0843639],[118.8710161,32.0842323],[118.8712096,32.083932],[118.8712719,32.083831],[118.8712843,32.083737],[118.8712226,32.0836535],[118.8711271,32.0835804],[118.8711676,32.0834896],[118.8712411,32.0833246],[118.8714167,32.0832567],[118.8715369,32.0831914],[118.87158,32.0831157],[118.8715554,32.0830374],[118.8715523,32.0829669],[118.8716108,32.0828442],[118.8716324,32.082732],[118.871731,32.0825832],[118.8719095,32.0824139],[118.8720576,32.0823926],[118.8721439,32.0824527],[118.8724396,32.0828207],[118.8723595,32.0828625],[118.8723472,32.0830635],[118.8722517,32.0831993],[118.8721534,32.0832776],[118.8720453,32.0833637],[118.8720033,32.0834336],[118.8719867,32.0835282],[118.8719005,32.0836378],[118.871841,32.0837756],[118.8718441,32.0838927],[118.8717981,32.0839915],[118.8717269,32.0840808],[118.8716074,32.0842144],[118.87154,32.0842905],[118.8714383,32.0844654],[118.8713366,32.0845541],[118.8713274,32.0846168],[118.8714999,32.0847603],[118.8715862,32.0848334],[118.8716232,32.0849848],[118.871577,32.0852328],[118.8715634,32.0853414],[118.8714689,32.0854475],[118.8714044,32.085533],[118.8713917,32.0856368],[118.8714106,32.0858411],[118.8714383,32.0862196],[118.8714113,32.0862783],[118.8713568,32.0863225]]]}},{"type":"Feature","id":"way/430281274","properties":{"landuse":"grass","osm_id":"way/430281274","label":"","category":"green","kind":"grass"},"geometry":{"type":"Polygon","coordinates":[[[118.8690214,32.0846257],[118.8689666,32.0845759],[118.8689612,32.0845385],[118.8690783,32.0844028],[118.8690904,32.0843551],[118.8690515,32.0843176],[118.8690568,32.0842506],[118.8689938,32.0842063],[118.8690079,32.0840591],[118.8690973,32.0839651],[118.8691496,32.0838555],[118.8691281,32.0837589],[118.8693807,32.0832551],[118.8695471,32.0831663],[118.8697104,32.0830306],[118.8699045,32.0824275],[118.8702681,32.082203],[118.8703605,32.0821717],[118.8704529,32.082049],[118.8705269,32.0818715],[118.8707025,32.0816339],[118.870835,32.0814355],[118.8710414,32.0812058],[118.8713094,32.0810805],[118.8716083,32.0810831],[118.8718671,32.081258],[118.8719719,32.0814094],[118.8719595,32.0815243],[118.8716884,32.0817723],[118.8715344,32.0818532],[118.8714789,32.0819002],[118.8714666,32.0819785],[118.8713526,32.0820595],[118.8712632,32.0820882],[118.8711893,32.0821508],[118.8711739,32.0822291],[118.8711893,32.0822866],[118.8710784,32.0824302],[118.8710106,32.082485],[118.8707764,32.0826181],[118.8706563,32.0826912],[118.8706039,32.0828009],[118.8705022,32.0830097],[118.8705517,32.0831242],[118.8705104,32.0831878],[118.8704355,32.0832518],[118.8703912,32.0832632],[118.8702727,32.083212],[118.8701772,32.0832486],[118.8700447,32.0833608],[118.8699445,32.0834731],[118.8699199,32.0835461],[118.8699064,32.0835672],[118.8696846,32.0836998],[118.8696309,32.0837848],[118.8695725,32.0838778],[118.8694627,32.0839926],[118.869388,32.0841192],[118.8693437,32.0842834],[118.8692946,32.0843981],[118.8691895,32.0844694],[118.8691335,32.0845544],[118.8690214,32.0846257]]]}},{"type":"Feature","id":"way/430281275","properties":{"landuse":"grass","osm_id":"way/430281275","label":"","category":"green","kind":"grass"},"geometry":{"type":"Polygon","coordinates":[[[118.8705104,32.0831878],[118.8705517,32.0831242],[118.8706113,32.0831252],[118.8707387,32.0830007],[118.8709086,32.0829348],[118.8711599,32.0826844],[118.8713917,32.082434],[118.8714051,32.0823679],[118.8714004,32.0823273],[118.8714377,32.0822769],[118.8715282,32.0822237],[118.8716946,32.0821206],[118.8717728,32.0820919],[118.8718219,32.0820978],[118.8719211,32.0821671],[118.8719783,32.0822482],[118.8719806,32.0823046],[118.8719792,32.082329],[118.8718482,32.0823875],[118.8716718,32.0824921],[118.8715362,32.0826174],[118.8711449,32.0830925],[118.8709847,32.0834371],[118.8711676,32.0834896],[118.8711271,32.0835804],[118.8710402,32.0835572],[118.8708461,32.0835833],[118.8707721,32.0836773],[118.870689,32.083753],[118.8706705,32.0838496],[118.8706735,32.0839383],[118.870575,32.0840192],[118.8704948,32.0843064],[118.8704456,32.0845544],[118.8704979,32.0847737],[118.8706181,32.0849929],[118.87076,32.0849931],[118.8707782,32.0850749],[118.8707105,32.0850791],[118.8706859,32.0851809],[118.8706828,32.0852984],[118.8707537,32.0853793],[118.8708709,32.0853489],[118.8709168,32.0854337],[118.8708499,32.0854362],[118.8708191,32.0854789],[118.8708419,32.0855891],[118.870852,32.0856554],[118.8708834,32.0857016],[118.8709159,32.0858411],[118.87087,32.0859732],[118.8708307,32.0860371],[118.8707054,32.0860955],[118.8706246,32.0860811],[118.8706581,32.0860373],[118.8706407,32.0860021],[118.8705837,32.0859749],[118.8705328,32.0859578],[118.8704824,32.0859129],[118.8704127,32.0858766],[118.8703671,32.0858948],[118.8702216,32.0857538],[118.8702451,32.08565],[118.8702625,32.0856084],[118.8702947,32.0855414],[118.8702759,32.0855084],[118.8702344,32.0854555],[118.8702491,32.0853993],[118.8702933,32.0853653],[118.870292,32.0853175],[118.8702343,32.0852903],[118.8701485,32.0851403],[118.8701509,32.0849921],[118.8701445,32.0848596],[118.8701257,32.0847585],[118.8700535,32.0846534],[118.8699946,32.0846303],[118.8699554,32.0844892],[118.8699876,32.0844176],[118.8700064,32.0843381],[118.8699809,32.084246],[118.8699299,32.0841688],[118.8699463,32.0840946],[118.8700184,32.0839912],[118.8700144,32.0838927],[118.8701131,32.0838908],[118.8702437,32.0838052],[118.8703086,32.0837037],[118.8703215,32.08357],[118.8704268,32.0834507],[118.8704033,32.0833938],[118.8705482,32.0832757],[118.8705482,32.0832188],[118.8705104,32.0831878]]]}},{"type":"Feature","id":"way/435240929","properties":{"landuse":"commercial","osm_id":"way/435240929","label":"","category":"commercial","kind":"commercial"},"geometry":{"type":"Polygon","coordinates":[[[118.7830251,32.0450231],[118.7832399,32.0465943],[118.7807646,32.04742],[118.780494,32.0468887],[118.7799704,32.0458662],[118.7805327,32.0456867],[118.7814166,32.0454045],[118.7815637,32.0453694],[118.7830251,32.0450231]]]}},{"type":"Feature","id":"way/439252994","properties":{"name":"和平公园","leisure":"park","osm_id":"way/439252994","label":"和平公园","category":"green","kind":"park"},"geometry":{"type":"Polygon","coordinates":[[[118.791366,32.0601134],[118.7913182,32.0599461],[118.7912182,32.059596],[118.7911868,32.0594579],[118.7912037,32.0593853],[118.7912496,32.0593466],[118.7925371,32.0590518],[118.7927484,32.0598442],[118.791366,32.0601134]]]}},{"type":"Feature","id":"way/444227091","properties":{"leisure":"pitch","osm_id":"way/444227091","label":"","category":"other","kind":"pitch"},"geometry":{"type":"Polygon","coordinates":[[[118.7869328,32.0444729],[118.7873341,32.0443625],[118.7873578,32.0444244],[118.7876661,32.0452292],[118.7872648,32.0453396],[118.7870786,32.0448534],[118.7869328,32.0444729]]]}},{"type":"Feature","id":"way/444227092","properties":{"name":"南京市第九中学","amenity":"school","osm_id":"way/444227092","label":"南京市第九中学","category":"civic","kind":"school"},"geometry":{"type":"Polygon","coordinates":[[[118.78848,32.0450568],[118.788547,32.0453437],[118.7862459,32.0458532],[118.7860149,32.0450918],[118.7870786,32.0448534],[118.7869328,32.0444729],[118.7868646,32.0443228],[118.7872929,32.0442658],[118.7873341,32.0443625],[118.7873578,32.0444244],[118.787845,32.0443108],[118.7880007,32.0447398],[118.7881352,32.0447188],[118.7882449,32.0451058],[118.78848,32.0450568]]]}},{"type":"Feature","id":"way/468699904","properties":{"landuse":"commercial","osm_id":"way/468699904","label":"","category":"commercial","kind":"commercial"},"geometry":{"type":"Polygon","coordinates":[[[118.7867253,32.0507704],[118.78993,32.0502251],[118.7899904,32.0507314],[118.7871868,32.0512465],[118.7868716,32.0513044],[118.7867253,32.0507704]]]}},{"type":"Feature","id":"way/474529094","properties":{"landuse":"military","osm_id":"way/474529094","label":"","category":"other","kind":"military"},"geometry":{"type":"Polygon","coordinates":[[[118.7855591,32.0557114],[118.7852481,32.0541387],[118.7864267,32.0539495],[118.7865924,32.0547713],[118.7872319,32.0546659],[118.7873905,32.0554344],[118.7855591,32.0557114]]]}},{"type":"Feature","id":"way/490849114","properties":{"landuse":"military","osm_id":"way/490849114","label":"","category":"other","kind":"military"},"geometry":{"type":"Polygon","coordinates":[[[118.7977292,32.0593715],[118.7974011,32.0569634],[118.7973841,32.0568238],[118.7973172,32.0568208],[118.7973031,32.056679],[118.797289,32.0565355],[118.7974913,32.0565149],[118.7974104,32.0555565],[118.7976289,32.0555273],[118.7976086,32.0553181],[118.8008433,32.0550366],[118.8009952,32.0558336],[118.8010824,32.0563669],[118.8011774,32.0567529],[118.8011983,32.0569968],[118.8012679,32.0575945],[118.8012948,32.0579194],[118.8013277,32.0582788],[118.8013546,32.0585839],[118.8006782,32.0586744],[118.800717,32.0588994],[118.7999863,32.0589772],[118.7981548,32.0591265],[118.798167,32.0593243],[118.7977292,32.0593715]]]}},{"type":"Feature","id":"way/501714999","properties":{"name":"东部战区空军机关","landuse":"military","osm_id":"way/501714999","label":"东部战区空军机关","category":"other","kind":"military"},"geometry":{"type":"Polygon","coordinates":[[[118.7967724,32.0504196],[118.7983546,32.0501582],[118.7990589,32.0529791],[118.79932,32.0529226],[118.799816,32.0548214],[118.797798,32.0550801],[118.7968762,32.0551668],[118.7957661,32.055301],[118.7957312,32.0551078],[118.7955917,32.0551124],[118.7955354,32.0549532],[118.7955917,32.0549305],[118.7957124,32.0548941],[118.7957634,32.0548532],[118.7957661,32.0547782],[118.7955125,32.0534074],[118.7949887,32.0534844],[118.7947047,32.052208],[118.7951366,32.0521307],[118.7950982,32.0519043],[118.7951384,32.0518983],[118.7950569,32.0514522],[118.7951083,32.0514463],[118.7951223,32.0514839],[118.7951807,32.051472],[118.795176,32.0514285],[118.7950896,32.0510937],[118.7967031,32.0507513],[118.7966868,32.0506128],[118.7966681,32.0505257],[118.7967265,32.0505237],[118.7967101,32.0504347],[118.7967724,32.0504196]]]}},{"type":"Feature","id":"way/525508998","properties":{"name":"华泰苑","landuse":"residential","osm_id":"way/525508998","label":"华泰苑","category":"residential","kind":"residential"},"geometry":{"type":"Polygon","coordinates":[[[118.8215551,32.0867565],[118.8220788,32.0860366],[118.8234053,32.0843048],[118.8240682,32.0846678],[118.8236087,32.0853056],[118.8233837,32.0856364],[118.8233292,32.0858763],[118.8232791,32.0860109],[118.8230524,32.0863453],[118.8228906,32.0865839],[118.8227725,32.0867582],[118.8225888,32.0872058],[118.8220721,32.0870137],[118.8215551,32.0867565]]]}},{"type":"Feature","id":"way/525508999","properties":{"name":"华侨新村","landuse":"residential","osm_id":"way/525508999","label":"华侨新村","category":"residential","kind":"residential"},"geometry":{"type":"Polygon","coordinates":[[[118.8225888,32.0872058],[118.8227304,32.0868203],[118.8228906,32.0865839],[118.8232298,32.0860836],[118.8233085,32.0859675],[118.8233837,32.0856364],[118.8240682,32.0846678],[118.8254245,32.0854213],[118.8254074,32.0854395],[118.8253407,32.0855105],[118.8252291,32.0857645],[118.8251369,32.0859741],[118.8249813,32.0865604],[118.8247793,32.0874258],[118.8247077,32.0877466],[118.8242035,32.0876694],[118.8233344,32.0874421],[118.8225888,32.0872058]]]}},{"type":"Feature","id":"way/525509000","properties":{"name":"南京市樱花小学","amenity":"school","osm_id":"way/525509000","label":"南京市樱花小学","category":"civic","kind":"school"},"geometry":{"type":"Polygon","coordinates":[[[118.8248619,32.0873621],[118.8251553,32.0861418],[118.8253851,32.0861773],[118.8256294,32.0861824],[118.8255936,32.087368],[118.8248619,32.0873621]]]}},{"type":"Feature","id":"way/525509003","properties":{"name":"怡静园","landuse":"residential","osm_id":"way/525509003","label":"怡静园","category":"residential","kind":"residential"},"geometry":{"type":"Polygon","coordinates":[[[118.8251113,32.0860704],[118.8252291,32.0857645],[118.8255866,32.0858373],[118.8258885,32.0858529],[118.8261936,32.0858294],[118.8266102,32.0857331],[118.8267073,32.0860055],[118.8264189,32.0861207],[118.8261075,32.0861807],[118.8258668,32.0861867],[118.8256335,32.0861819],[118.8255766,32.0861807],[118.8251113,32.0860704]]]}},{"type":"Feature","id":"way/525509004","properties":{"landuse":"residential","osm_id":"way/525509004","label":"","category":"residential","kind":"residential"},"geometry":{"type":"Polygon","coordinates":[[[118.8256046,32.0875967],[118.8256335,32.0861819],[118.8258668,32.0861867],[118.8261075,32.0861807],[118.8262168,32.0861596],[118.8264189,32.0861207],[118.8267073,32.0860055],[118.8268231,32.0863832],[118.8268963,32.0868637],[118.8269044,32.0871273],[118.8256046,32.0875967]]]}},{"type":"Feature","id":"way/525509005","properties":{"landuse":"residential","osm_id":"way/525509005","label":"","category":"residential","kind":"residential"},"geometry":{"type":"Polygon","coordinates":[[[118.8269044,32.0871273],[118.8268231,32.0863832],[118.8267073,32.0860055],[118.8266102,32.0857331],[118.826583,32.0856569],[118.8265666,32.0856108],[118.8263415,32.0849792],[118.8262536,32.0847327],[118.8264994,32.0845515],[118.8269018,32.084306],[118.8270695,32.0842025],[118.8274828,32.0847088],[118.8280937,32.0859109],[118.8283292,32.0865909],[118.8269044,32.0871273]]]}},{"type":"Feature","id":"way/525509006","properties":{"landuse":"residential","osm_id":"way/525509006","label":"","category":"residential","kind":"residential"},"geometry":{"type":"Polygon","coordinates":[[[118.8269011,32.0880366],[118.8269073,32.0872685],[118.8277705,32.0869791],[118.8283885,32.0871168],[118.8283111,32.0881768],[118.8278137,32.0881511],[118.8274189,32.0881016],[118.8269011,32.0880366]]]}},{"type":"Feature","id":"way/525509007","properties":{"name":"中国医学科学院皮肤病医院","amenity":"hospital","osm_id":"way/525509007","label":"中国医学科学院皮肤病医院","category":"civic","kind":"hospital"},"geometry":{"type":"Polygon","coordinates":[[[118.8228285,32.0844379],[118.8213479,32.084347],[118.8213758,32.0838621],[118.8214659,32.0822926],[118.8222169,32.0825017],[118.8224221,32.082335],[118.8232167,32.082244],[118.8239513,32.0822962],[118.8236761,32.0832016],[118.8235366,32.0836016],[118.8228285,32.0844379]]]}},{"type":"Feature","id":"way/525509008","properties":{"name":"钟山山庄","landuse":"residential","osm_id":"way/525509008","label":"钟山山庄","category":"residential","kind":"residential"},"geometry":{"type":"Polygon","coordinates":[[[118.8266884,32.0835677],[118.8260263,32.0832492],[118.8253793,32.0827793],[118.8251224,32.0823371],[118.8254508,32.0821973],[118.8254911,32.0822609],[118.8260295,32.0820048],[118.8257654,32.0815383],[118.8250435,32.0818626],[118.8250534,32.0815038],[118.8251287,32.0803454],[118.8258956,32.0803378],[118.8261506,32.081289],[118.8262951,32.0814338],[118.8270624,32.0809554],[118.8274008,32.081261],[118.8276905,32.0815951],[118.8272777,32.0821619],[118.8272962,32.0822269],[118.8273418,32.0822655],[118.8276315,32.0824268],[118.8273713,32.08282],[118.8274389,32.0828744],[118.827197,32.0830563],[118.8267544,32.0835427],[118.8266884,32.0835677]]]}},{"type":"Feature","id":"way/546947420","properties":{"name":"南京市口腔医院","amenity":"hospital","osm_id":"way/546947420","label":"南京市口腔医院","category":"civic","kind":"hospital"},"geometry":{"type":"Polygon","coordinates":[[[118.7791994,32.0639812],[118.7791461,32.0631073],[118.780007,32.0630933],[118.7799603,32.0639807],[118.7791994,32.0639812]]]}},{"type":"Feature","id":"way/572951930","properties":{"name":"沧波门公园","leisure":"park","osm_id":"way/572951930","label":"沧波门公园","category":"green","kind":"park"},"geometry":{"type":"Polygon","coordinates":[[[118.8904194,32.0245643],[118.8912931,32.0249524],[118.8919508,32.0252446],[118.8925555,32.0255687],[118.8930404,32.0258597],[118.8924553,32.0261878],[118.892112,32.0263243],[118.8913931,32.0266517],[118.8898519,32.0274649],[118.8894228,32.0275741],[118.88791,32.0284836],[118.8859322,32.030099],[118.8848807,32.0297079],[118.8865474,32.0277014],[118.8874916,32.0263916],[118.8881208,32.0254874],[118.8886288,32.0249453],[118.8888504,32.0247961],[118.8891224,32.0244177],[118.889327,32.0241677],[118.8899592,32.0243996],[118.8904194,32.0245643]]]}},{"type":"Feature","id":"way/577437469","properties":{"natural":"wood","place":"island","osm_id":"way/577437469","label":"","category":"green","kind":"wood"},"geometry":{"type":"Polygon","coordinates":[[[118.7831388,32.0847092],[118.7829886,32.0846728],[118.7828706,32.0846001],[118.7827955,32.0845456],[118.782774,32.0844274],[118.7828384,32.0842819],[118.7829993,32.0840547],[118.7830959,32.0839547],[118.783171,32.0839092],[118.7832997,32.0838365],[118.7836001,32.0837911],[118.7838255,32.083882],[118.7838362,32.0839911],[118.7838147,32.0841638],[118.7836967,32.0843547],[118.7835358,32.0844456],[118.7833748,32.0845183],[118.7832461,32.0846274],[118.7831388,32.0847092]]]}},{"type":"Feature","id":"way/583438487","properties":{"name":"江苏省农业科技成果展示中心","landuse":"industrial","osm_id":"way/583438487","label":"江苏省农业科技成果展示中心","category":"industrial","kind":"industrial"},"geometry":{"type":"Polygon","coordinates":[[[118.86736,32.0431324],[118.8674351,32.0428777],[118.8676067,32.0424957],[118.8679822,32.0417955],[118.8682612,32.0412589],[118.868744,32.0414954],[118.8694843,32.0420774],[118.8702567,32.0426776],[118.8705571,32.0428595],[118.8704391,32.0431324],[118.870246,32.0434961],[118.8700314,32.0437417],[118.8694928,32.0439572],[118.8690208,32.0438572],[118.8682826,32.0436325],[118.8678299,32.0433479],[118.86736,32.0431324]]]}},{"type":"Feature","id":"way/583438490","properties":{"name":"紫金公园游园","leisure":"park","osm_id":"way/583438490","label":"紫金公园游园","category":"green","kind":"park"},"geometry":{"type":"Polygon","coordinates":[[[118.8782419,32.0413596],[118.8782113,32.0418276],[118.8781966,32.0420706],[118.8781619,32.0422642],[118.8781001,32.0424616],[118.8780315,32.0425911],[118.877912,32.0426865],[118.8777677,32.0427469],[118.8775837,32.0427908],[118.8773506,32.0427984],[118.8769831,32.0427491],[118.8767588,32.0427256],[118.8766708,32.0427288],[118.8765725,32.0427423],[118.8764543,32.0427304],[118.8761679,32.042628],[118.8761338,32.0425773],[118.8765271,32.041892],[118.8759155,32.0416344],[118.8761576,32.0412134],[118.8763936,32.0408042],[118.8765653,32.0405313],[118.8767179,32.0404498],[118.8768426,32.0405035],[118.8770848,32.0406333],[118.8772458,32.0407099],[118.877394,32.0408406],[118.877548,32.0409825],[118.877681,32.041061],[118.8778183,32.04111],[118.8780264,32.0411896],[118.8781081,32.0412073],[118.8782419,32.0413596]]]}},{"type":"Feature","id":"way/583438493","properties":{"landuse":"residential","osm_id":"way/583438493","label":"","category":"residential","kind":"residential"},"geometry":{"type":"Polygon","coordinates":[[[118.8627053,32.0333882],[118.8628836,32.0333348],[118.8630392,32.033237],[118.8638076,32.0328618],[118.8638975,32.0330096],[118.8639873,32.0331233],[118.8640611,32.0332916],[118.8641671,32.0332904],[118.8642342,32.0333451],[118.864395,32.0333666],[118.865083,32.0336406],[118.8651085,32.0336713],[118.8653579,32.033727],[118.8647397,32.0351675],[118.86456,32.0351288],[118.8643347,32.0350697],[118.8641308,32.0349878],[118.8639431,32.034956],[118.8636266,32.0348514],[118.8634388,32.0347786],[118.8634603,32.0347059],[118.8634603,32.0346377],[118.8635032,32.0345376],[118.8634657,32.0344649],[118.863353,32.0343966],[118.8632028,32.0343921],[118.8630901,32.0343603],[118.8630043,32.0343193],[118.8630365,32.0341693],[118.8631062,32.0340146],[118.8630848,32.0338646],[118.8625322,32.0339646],[118.862543,32.0335792],[118.8627053,32.0333882]]]}},{"type":"Feature","id":"way/583438495","properties":{"name":"紫金华府","landuse":"residential","osm_id":"way/583438495","label":"紫金华府","category":"residential","kind":"residential"},"geometry":{"type":"Polygon","coordinates":[[[118.8716193,32.0416954],[118.8715764,32.0414135],[118.8716193,32.0410497],[118.8717802,32.0407405],[118.8719948,32.0405223],[118.8725205,32.0404313],[118.8728531,32.0403767],[118.8729797,32.0402558],[118.8731085,32.0399284],[118.8731085,32.0396283],[118.8731621,32.0391462],[118.8732608,32.0386397],[118.8733896,32.0387033],[118.8738402,32.0388488],[118.8742908,32.0391399],[118.8747629,32.0393763],[118.875192,32.0396037],[118.8755782,32.0398493],[118.8759967,32.0400493],[118.8762971,32.0401949],[118.8762649,32.0403495],[118.876104,32.0406951],[118.8758357,32.0410952],[118.8755353,32.0416136],[118.8753851,32.0419592],[118.8750525,32.042323],[118.8748058,32.0425594],[118.8744195,32.0430687],[118.8742672,32.0432842],[118.8740226,32.0430232],[118.8732694,32.0426112],[118.8724132,32.0422411],[118.8716193,32.0416954]]]}},{"type":"Feature","id":"way/583443727","properties":{"name":"麒麟郭台","leisure":"park","osm_id":"way/583443727","label":"麒麟郭台","category":"green","kind":"park"},"geometry":{"type":"Polygon","coordinates":[[[118.8750954,32.0272887],[118.8747339,32.0272769],[118.8746347,32.0272394],[118.8733266,32.026461],[118.8728504,32.026187],[118.8727958,32.0261412],[118.8728106,32.0260593],[118.8728817,32.0260082],[118.8730372,32.0259889],[118.873466,32.0259539],[118.8743766,32.0258982],[118.8769824,32.0259095],[118.8782363,32.0259448],[118.8787701,32.0260415],[118.8793696,32.0262063],[118.8799207,32.0264087],[118.8800052,32.0266634],[118.8794835,32.0273069],[118.8793284,32.0275124],[118.8792868,32.0275659],[118.8792153,32.0276003],[118.8791312,32.0276136],[118.8790281,32.0275907],[118.8785373,32.0274497],[118.878273,32.0273645],[118.8776114,32.0272773],[118.8767911,32.0272746],[118.8750954,32.0272887]]]}},{"type":"Feature","id":"way/588547558","properties":{"name":"常发广场","landuse":"retail","osm_id":"way/588547558","label":"常发广场","category":"commercial","kind":"retail"},"geometry":{"type":"Polygon","coordinates":[[[118.8045535,32.0888144],[118.8044785,32.088709],[118.8044999,32.0875534],[118.8044806,32.0869201],[118.8045991,32.0868816],[118.8049899,32.0869217],[118.8067336,32.0868092],[118.8068537,32.0872012],[118.8068531,32.0875788],[118.8070984,32.0877582],[118.8072537,32.0882678],[118.8073645,32.0884968],[118.8069725,32.0885405],[118.8065005,32.0886041],[118.8058353,32.0886768],[118.8053417,32.0887223],[118.8045535,32.0888144]]]}},{"type":"Feature","id":"way/590891898","properties":{"name":"南京农业大学(卫岗校区)","name:en":"Nanjing Agricultual University (Weigang Campus)","amenity":"university","osm_id":"way/590891898","label":"南京农业大学卫岗校区","category":"civic","kind":"university"},"geometry":{"type":"Polygon","coordinates":[[[118.8417116,32.0397887],[118.8413971,32.0398805],[118.8411443,32.0399482],[118.8411606,32.0401305],[118.8406442,32.0402875],[118.8401767,32.0388016],[118.8388267,32.0390956],[118.8380507,32.039264],[118.8377999,32.038412],[118.8366584,32.0386681],[118.836983,32.0397081],[118.8355582,32.0400301],[118.8350077,32.0382217],[118.8346656,32.0370978],[118.8341063,32.0352727],[118.834636,32.0351569],[118.8348451,32.0358175],[118.8351573,32.035895],[118.8352046,32.0360507],[118.835535,32.0359738],[118.8348869,32.0339197],[118.8351578,32.0338589],[118.834683,32.032225],[118.8332679,32.0325204],[118.8328738,32.0310982],[118.8342012,32.0312836],[118.8360346,32.0313151],[118.8360713,32.0313201],[118.8361081,32.0313323],[118.8361348,32.0313425],[118.8361578,32.031371],[118.8362623,32.0316966],[118.8366056,32.0316275],[118.836975,32.0315457],[118.8370326,32.0314088],[118.8391587,32.031463],[118.8391596,32.0319413],[118.8391597,32.0320243],[118.8391858,32.0327735],[118.8398014,32.0327674],[118.8425414,32.0327403],[118.842551,32.033132],[118.8426158,32.0331309],[118.8426661,32.0338204],[118.8426132,32.034534],[118.8426347,32.0350844],[118.8425424,32.0356],[118.8424365,32.0359041],[118.8422321,32.0361165],[118.8415617,32.0365856],[118.8411368,32.0368305],[118.8409115,32.0371862],[118.8417116,32.0397887]]]}},{"type":"Feature","id":"way/607013624","properties":{"name":"盛和家园","landuse":"residential","osm_id":"way/607013624","label":"盛和家园","category":"residential","kind":"residential"},"geometry":{"type":"Polygon","coordinates":[[[118.8858101,32.0377882],[118.8833667,32.0359793],[118.884284,32.0343831],[118.8856198,32.0353108],[118.8867034,32.0358702],[118.8858101,32.0377882]]]}},{"type":"Feature","id":"way/607013625","properties":{"name":"盛和家园南区","landuse":"residential","osm_id":"way/607013625","label":"盛和家园南区","category":"residential","kind":"residential"},"geometry":{"type":"Polygon","coordinates":[[[118.8851243,32.0335762],[118.8848958,32.0333418],[118.8851034,32.0331829],[118.885179,32.0328967],[118.8850953,32.0325104],[118.8860284,32.0312785],[118.8867905,32.0317238],[118.887106,32.0320895],[118.8874842,32.031852],[118.8875,32.031875],[118.8877708,32.031703],[118.8883433,32.0323875],[118.8865934,32.033569],[118.8878595,32.0348681],[118.8869823,32.0354825],[118.8866242,32.0351151],[118.8859374,32.0344105],[118.8855058,32.0339677],[118.8851243,32.0335762]]]}},{"type":"Feature","id":"way/607087442","properties":{"name":"南湾营福康苑","landuse":"residential","osm_id":"way/607087442","label":"南湾营福康苑","category":"residential","kind":"residential"},"geometry":{"type":"Polygon","coordinates":[[[118.8874167,32.0356678],[118.8877706,32.0351337],[118.8882661,32.0346177],[118.8889668,32.0341497],[118.8893278,32.0339696],[118.8896463,32.0340296],[118.8900569,32.0346177],[118.8894552,32.0361358],[118.8874167,32.0356678]]]}},{"type":"Feature","id":"way/618189693","properties":{"name":"苏宁易购","landuse":"retail","osm_id":"way/618189693","label":"苏宁易购","category":"commercial","kind":"retail"},"geometry":{"type":"Polygon","coordinates":[[[118.8855671,32.0881835],[118.8853113,32.0875585],[118.8853284,32.0874063],[118.8858139,32.0872381],[118.8862672,32.0871494],[118.8864576,32.0872472],[118.8865327,32.0874085],[118.8867017,32.087863],[118.8855671,32.0881835]]]}},{"type":"Feature","id":"way/624598742","properties":{"name":"锁金二小（小学）","landuse":"residential","osm_id":"way/624598742","label":"锁金二小小学","category":"residential","kind":"residential"},"geometry":{"type":"Polygon","coordinates":[[[118.812684,32.0764672],[118.8127672,32.0756399],[118.8135692,32.0758649],[118.8135584,32.0760422],[118.8139339,32.076124],[118.8137623,32.0767058],[118.812684,32.0764672]]]}},{"type":"Feature","id":"way/625909292","properties":{"landuse":"residential","osm_id":"way/625909292","label":"","category":"residential","kind":"residential"},"geometry":{"type":"Polygon","coordinates":[[[118.8115163,32.0740821],[118.8116402,32.0735633],[118.8120578,32.0733144],[118.8124188,32.0733924],[118.812479,32.0734463],[118.8122773,32.0741781],[118.8121923,32.0742201],[118.8115163,32.0740821]]]}},{"type":"Feature","id":"way/625990170","properties":{"leisure":"pitch","osm_id":"way/625990170","label":"","category":"other","kind":"pitch"},"geometry":{"type":"Polygon","coordinates":[[[118.8122855,32.0724454],[118.8122285,32.0724209],[118.8121835,32.0723824],[118.8121551,32.0723339],[118.8121461,32.0722803],[118.8121574,32.072227],[118.8121879,32.0721794],[118.8122346,32.0721423],[118.8127209,32.0721888],[118.8122855,32.0724454]]]}},{"type":"Feature","id":"way/625990171","properties":{"leisure":"pitch","osm_id":"way/625990171","label":"","category":"other","kind":"pitch"},"geometry":{"type":"Polygon","coordinates":[[[118.8127179,32.0725048],[118.8122855,32.0724454],[118.8127209,32.0721888],[118.8127786,32.0722193],[118.812821,32.0722643],[118.8128432,32.0723188],[118.8128427,32.0723765],[118.8128194,32.0724306],[118.8127762,32.0724751],[118.8127179,32.0725048]]]}},{"type":"Feature","id":"way/656141749","properties":{"landuse":"recreation_ground","osm_id":"way/656141749","label":"","category":"green","kind":"recreation_ground"},"geometry":{"type":"Polygon","coordinates":[[[118.8537231,32.0241147],[118.8537242,32.0241391],[118.8537163,32.0241626],[118.8537002,32.0241829],[118.8536775,32.024198],[118.8536505,32.0242063],[118.8536217,32.0242072],[118.853594,32.0242004],[118.8535679,32.0241849],[118.8535497,32.0241628],[118.8535415,32.0241367],[118.8535442,32.0241098],[118.8535576,32.0240854],[118.85358,32.0240662],[118.8536088,32.0240548],[118.8536405,32.0240523],[118.8536713,32.0240591],[118.8536952,32.0240726],[118.8537131,32.0240918],[118.8537231,32.0241147]]]}},{"type":"Feature","id":"way/656141750","properties":{"name":"南区运动场","leisure":"pitch","osm_id":"way/656141750","label":"南区运动场","category":"other","kind":"pitch"},"geometry":{"type":"Polygon","coordinates":[[[118.8511405,32.0243049],[118.8511528,32.0233966],[118.8526464,32.0234112],[118.8529693,32.0234186],[118.8529727,32.023592],[118.8528424,32.0239829],[118.8528362,32.0243001],[118.8511405,32.0243049]]]}},{"type":"Feature","id":"way/656141762","properties":{"landuse":"recreation_ground","osm_id":"way/656141762","label":"","category":"green","kind":"recreation_ground"},"geometry":{"type":"Polygon","coordinates":[[[118.8517652,32.024914],[118.851764,32.0247852],[118.8525982,32.0247796],[118.8525994,32.0249084],[118.8517652,32.024914]]]}},{"type":"Feature","id":"way/656141778","properties":{"name":"阳光体育长廊","leisure":"pitch","osm_id":"way/656141778","label":"阳光体育长廊","category":"other","kind":"pitch"},"geometry":{"type":"Polygon","coordinates":[[[118.8496079,32.0293713],[118.8496593,32.0282152],[118.8496966,32.0275817],[118.850243,32.0275659],[118.8502617,32.029395],[118.8496079,32.0293713]]]}},{"type":"Feature","id":"way/656192311","properties":{"landuse":"recreation_ground","osm_id":"way/656192311","label":"","category":"green","kind":"recreation_ground"},"geometry":{"type":"Polygon","coordinates":[[[118.8530666,32.0237822],[118.8530543,32.0237131],[118.8531103,32.0236736],[118.8534221,32.0236639],[118.8537126,32.0236862],[118.8538851,32.0237185],[118.8538737,32.0238765],[118.8538119,32.0239477],[118.8537563,32.0239054],[118.8537859,32.023879],[118.8536196,32.0237393],[118.8533825,32.023738],[118.853381,32.0237811],[118.8530666,32.0237822]]]}},{"type":"Feature","id":"way/656192314","properties":{"landuse":"recreation_ground","osm_id":"way/656192314","label":"","category":"green","kind":"recreation_ground"},"geometry":{"type":"Polygon","coordinates":[[[118.8535491,32.0233003],[118.853546,32.0234099],[118.8534985,32.0234132],[118.8535076,32.0231989],[118.8535508,32.0231985],[118.8537071,32.0231968],[118.8539165,32.0232094],[118.8543165,32.0233201],[118.8544087,32.0233636],[118.8544703,32.0234244],[118.8545064,32.0234832],[118.8545035,32.023581],[118.8544605,32.0235835],[118.8542973,32.0234399],[118.8540648,32.0234412],[118.853897,32.0233016],[118.8535491,32.0233003]]]}},{"type":"Feature","id":"way/656192315","properties":{"landuse":"recreation_ground","osm_id":"way/656192315","label":"","category":"green","kind":"recreation_ground"},"geometry":{"type":"Polygon","coordinates":[[[118.8534848,32.0236541],[118.8534963,32.0234632],[118.8534985,32.0234132],[118.853546,32.0234099],[118.8536784,32.0234086],[118.8536753,32.0234647],[118.8538139,32.0234647],[118.853817,32.0233916],[118.853893,32.0234558],[118.8538851,32.0237185],[118.8537332,32.0236889],[118.8537126,32.0236862],[118.8535805,32.0236684],[118.8534848,32.0236541]]]}},{"type":"Feature","id":"way/656192316","properties":{"landuse":"recreation_ground","osm_id":"way/656192316","label":"","category":"green","kind":"recreation_ground"},"geometry":{"type":"Polygon","coordinates":[[[118.8538851,32.0237185],[118.853893,32.0234558],[118.8540109,32.0235509],[118.8540795,32.0235496],[118.8540818,32.0236057],[118.8542203,32.0236057],[118.8542219,32.0235313],[118.8543697,32.0236527],[118.8544605,32.0235835],[118.8545035,32.023581],[118.8544981,32.0237592],[118.8543638,32.023878],[118.8541717,32.0238377],[118.8538851,32.0237185]]]}},{"type":"Feature","id":"way/656192317","properties":{"landuse":"recreation_ground","osm_id":"way/656192317","label":"","category":"green","kind":"recreation_ground"},"geometry":{"type":"Polygon","coordinates":[[[118.8538578,32.0241885],[118.8537905,32.0241642],[118.8537921,32.0240877],[118.8537941,32.024027],[118.8538119,32.0239477],[118.8538737,32.0238765],[118.8539928,32.023861],[118.8541717,32.0238377],[118.8541799,32.0240847],[118.8538596,32.0240809],[118.8538578,32.0241885]]]}},{"type":"Feature","id":"way/656192318","properties":{"landuse":"recreation_ground","osm_id":"way/656192318","label":"","category":"green","kind":"recreation_ground"},"geometry":{"type":"Polygon","coordinates":[[[118.8541806,32.0240409],[118.8541717,32.0238377],[118.8543638,32.023878],[118.8544146,32.0239292],[118.8544774,32.0239926],[118.854587,32.024103],[118.8545849,32.0241835],[118.8544195,32.0240438],[118.854335,32.0240428],[118.8541806,32.0240409]]]}},{"type":"Feature","id":"way/656192319","properties":{"landuse":"recreation_ground","osm_id":"way/656192319","label":"","category":"green","kind":"recreation_ground"},"geometry":{"type":"Polygon","coordinates":[[[118.853158,32.0243936],[118.8531576,32.0243043],[118.8534801,32.0242817],[118.8534794,32.024354],[118.8534786,32.0243977],[118.853158,32.0243936]]]}},{"type":"Feature","id":"way/656192320","properties":{"landuse":"recreation_ground","osm_id":"way/656192320","label":"","category":"green","kind":"recreation_ground"},"geometry":{"type":"Polygon","coordinates":[[[118.8535356,32.0243304],[118.8535356,32.0242468],[118.8536693,32.0242185],[118.8537602,32.0242208],[118.8539474,32.0243056],[118.8539559,32.0243762],[118.8539729,32.0245176],[118.8539876,32.0246178],[118.853998,32.0247337],[118.8539401,32.0247349],[118.8539426,32.0248157],[118.8538931,32.0248164],[118.8538719,32.0248737],[118.8538325,32.024892],[118.8537882,32.024888],[118.8537901,32.02457],[118.8538793,32.0244956],[118.8537172,32.024356],[118.853532,32.0243547],[118.8535356,32.0243304]]]}},{"type":"Feature","id":"way/656192321","properties":{"landuse":"recreation_ground","osm_id":"way/656192321","label":"","category":"green","kind":"recreation_ground"},"geometry":{"type":"Polygon","coordinates":[[[118.854031,32.0247329],[118.8540348,32.0246405],[118.854232,32.024637],[118.8542362,32.0247285],[118.854031,32.0247329]]]}},{"type":"Feature","id":"way/656192327","properties":{"natural":"wood","osm_id":"way/656192327","label":"","category":"green","kind":"wood"},"geometry":{"type":"Polygon","coordinates":[[[118.8517294,32.0258524],[118.8517292,32.0256206],[118.8518873,32.0256219],[118.8518928,32.0253719],[118.8524336,32.0253317],[118.8529306,32.0253272],[118.8529338,32.0255928],[118.8528849,32.0256029],[118.8527936,32.0256748],[118.852712,32.0257273],[118.8525196,32.0257798],[118.8524088,32.0257411],[118.8523109,32.0257577],[118.8523075,32.0258571],[118.8517294,32.0258524]]]}},{"type":"Feature","id":"way/656192331","properties":{"landuse":"recreation_ground","osm_id":"way/656192331","label":"","category":"green","kind":"recreation_ground"},"geometry":{"type":"Polygon","coordinates":[[[118.8538737,32.0238765],[118.8538851,32.0237185],[118.8541717,32.0238377],[118.8539928,32.023861],[118.8538737,32.0238765]]]}},{"type":"Feature","id":"way/656192342","properties":{"landuse":"recreation_ground","osm_id":"way/656192342","label":"","category":"green","kind":"recreation_ground"},"geometry":{"type":"Polygon","coordinates":[[[118.853101,32.0281015],[118.8531032,32.0278182],[118.853513,32.02783],[118.8535043,32.0281105],[118.853101,32.0281015]]]}},{"type":"Feature","id":"way/656192343","properties":{"landuse":"recreation_ground","osm_id":"way/656192343","label":"","category":"green","kind":"recreation_ground"},"geometry":{"type":"Polygon","coordinates":[[[118.8533073,32.027736],[118.8531051,32.0277333],[118.8531114,32.0274565],[118.8533138,32.0274678],[118.8533073,32.027736]]]}},{"type":"Feature","id":"way/656192344","properties":{"landuse":"recreation_ground","osm_id":"way/656192344","label":"","category":"green","kind":"recreation_ground"},"geometry":{"type":"Polygon","coordinates":[[[118.8533731,32.0275771],[118.8533791,32.027465],[118.8538519,32.0274705],[118.8538442,32.0275857],[118.8533731,32.0275771]]]}},{"type":"Feature","id":"way/656192345","properties":{"landuse":"recreation_ground","osm_id":"way/656192345","label":"","category":"green","kind":"recreation_ground"},"geometry":{"type":"Polygon","coordinates":[[[118.8536732,32.0281548],[118.8536834,32.0277527],[118.8538454,32.0277525],[118.8538389,32.028159],[118.8536732,32.0281548]]]}},{"type":"Feature","id":"way/656192352","properties":{"name":"南京理工大学体育馆","leisure":"sports_centre","osm_id":"way/656192352","label":"南京理工大学体育馆","category":"other","kind":"sports_centre"},"geometry":{"type":"Polygon","coordinates":[[[118.8462022,32.0324984],[118.8462201,32.0318884],[118.8469481,32.0319037],[118.8469525,32.031754],[118.8474841,32.0317652],[118.8474618,32.0325249],[118.8462022,32.0324984]]]}},{"type":"Feature","id":"way/656381945","properties":{"natural":"wood","osm_id":"way/656381945","label":"","category":"green","kind":"wood"},"geometry":{"type":"Polygon","coordinates":[[[118.8529765,32.0258621],[118.8529787,32.0255192],[118.8529885,32.0253267],[118.8532366,32.0253258],[118.8532065,32.0255762],[118.8531327,32.0258537],[118.8529765,32.0258621]]]}},{"type":"Feature","id":"way/656381946","properties":{"natural":"wood","osm_id":"way/656381946","label":"","category":"green","kind":"wood"},"geometry":{"type":"Polygon","coordinates":[[[118.851076,32.0254737],[118.8510776,32.0256507],[118.8510814,32.0258474],[118.8504911,32.0258428],[118.8496547,32.0258363],[118.8488337,32.0258216],[118.8488817,32.0257744],[118.8493966,32.0257345],[118.851076,32.0254737]]]}},{"type":"Feature","id":"way/656464089","properties":{"landuse":"residential","osm_id":"way/656464089","label":"","category":"residential","kind":"residential"},"geometry":{"type":"Polygon","coordinates":[[[118.77958,32.082732],[118.7795877,32.0825694],[118.7800445,32.0825824],[118.7800483,32.082732],[118.77958,32.082732]]]}},{"type":"Feature","id":"way/656464091","properties":{"landuse":"residential","osm_id":"way/656464091","label":"","category":"residential","kind":"residential"},"geometry":{"type":"Polygon","coordinates":[[[118.7801251,32.082732],[118.7801327,32.0825954],[118.7805319,32.0825889],[118.7805319,32.0827353],[118.7801251,32.082732]]]}},{"type":"Feature","id":"way/656464093","properties":{"landuse":"residential","osm_id":"way/656464093","label":"","category":"residential","kind":"residential"},"geometry":{"type":"Polygon","coordinates":[[[118.7795992,32.0824718],[118.779603,32.0823255],[118.7800521,32.0823222],[118.7800598,32.0824718],[118.7795992,32.0824718]]]}},{"type":"Feature","id":"way/656464095","properties":{"landuse":"residential","osm_id":"way/656464095","label":"","category":"residential","kind":"residential"},"geometry":{"type":"Polygon","coordinates":[[[118.7801404,32.0824816],[118.7801443,32.0823515],[118.7805473,32.0823482],[118.7805473,32.0824751],[118.7801404,32.0824816]]]}},{"type":"Feature","id":"way/668611036","properties":{"landuse":"forest","leisure":"park","osm_id":"way/668611036","label":"","category":"green","kind":"forest"},"geometry":{"type":"Polygon","coordinates":[[[118.8080297,32.0970815],[118.8079868,32.0973996],[118.8079536,32.0976678],[118.8084589,32.0977268],[118.8087475,32.0978223],[118.8088011,32.0981858],[118.808652,32.0986721],[118.808416,32.099172],[118.8082336,32.0996173],[118.8080619,32.0999809],[118.8079332,32.1000081],[118.8076864,32.0999627],[118.8073646,32.0997627],[118.807032,32.099581],[118.8068925,32.0993992],[118.8066565,32.0992265],[118.8064741,32.0990356],[118.8061629,32.0989084],[118.8058625,32.0987357],[118.8057874,32.098663],[118.8058733,32.0984449],[118.8059269,32.0982722],[118.8058518,32.0979995],[118.8057123,32.0977632],[118.8055621,32.0975905],[118.8055943,32.0974269],[118.8058947,32.097336],[118.8062917,32.0972542],[118.8063346,32.0971724],[118.8065599,32.0968452],[118.8065599,32.0967089],[118.806517,32.0964453],[118.8068174,32.0962999],[118.8073431,32.0962726],[118.8075099,32.0962367],[118.8077068,32.0962681],[118.8080083,32.0962908],[118.8082551,32.0963181],[118.8081907,32.0966725],[118.808136,32.0968679],[118.8080297,32.0970815]]]}},{"type":"Feature","id":"way/685028159","properties":{"name":"创意中央产业园","landuse":"commercial","osm_id":"way/685028159","label":"创意中央产业园","category":"commercial","kind":"commercial"},"geometry":{"type":"Polygon","coordinates":[[[118.7791642,32.0899695],[118.7791588,32.0899013],[118.7791696,32.0897968],[118.7791749,32.0896786],[118.7791642,32.0894832],[118.7792554,32.0894605],[118.7794431,32.0894468],[118.7796041,32.0894559],[118.7797114,32.0894559],[118.7798186,32.0894559],[118.7798455,32.0892514],[118.7798777,32.0890469],[118.7798777,32.0889196],[118.7799152,32.0888378],[118.7800225,32.0887787],[118.7801459,32.0887787],[118.7803283,32.0887924],[118.7804424,32.0887984],[118.7805858,32.088806],[118.7806918,32.0888181],[118.7807337,32.0888229],[118.7808647,32.0888378],[118.7809452,32.0889151],[118.7809988,32.0890287],[118.7810632,32.0892287],[118.7811276,32.0893923],[118.7811329,32.089565],[118.781149,32.0897286],[118.781208,32.089865],[118.7814363,32.0899522],[118.7815299,32.0900558],[118.7815889,32.0902194],[118.7815996,32.0903422],[118.7815382,32.0904703],[118.7814738,32.090493],[118.7812939,32.0904921],[118.7810364,32.0905058],[118.780755,32.0905158],[118.7804516,32.0905058],[118.7801781,32.0905103],[118.7799045,32.0905012],[118.7796738,32.0904876],[118.7794592,32.0904876],[118.7794485,32.0904012],[118.7794861,32.0902604],[118.7794861,32.0901967],[118.779489,32.0899886],[118.7793788,32.0899831],[118.7791642,32.0899695]]]}},{"type":"Feature","id":"way/685028508","properties":{"name":"环亚凯瑟琳广场","landuse":"retail","osm_id":"way/685028508","label":"环亚凯瑟琳广场","category":"commercial","kind":"retail"},"geometry":{"type":"Polygon","coordinates":[[[118.7819644,32.0619055],[118.7819698,32.0616827],[118.7819912,32.0614145],[118.7819859,32.0612145],[118.7820449,32.0607871],[118.7820824,32.0605734],[118.7823989,32.0605098],[118.7829622,32.0604598],[118.7837239,32.0604598],[118.7845745,32.0604652],[118.7852153,32.0602916],[118.7854727,32.0603643],[118.7854137,32.0605189],[118.7849446,32.0607926],[118.7847783,32.0610381],[118.784612,32.0612336],[118.7841507,32.0614472],[118.7836464,32.06177],[118.7831046,32.0620792],[118.7826242,32.062001],[118.7822648,32.0619873],[118.7819644,32.0619055]]]}},{"type":"Feature","id":"way/695582070","properties":{"name":"东方城","landuse":"residential","osm_id":"way/695582070","label":"东方城","category":"residential","kind":"residential"},"geometry":{"type":"Polygon","coordinates":[[[118.8289162,32.0871596],[118.831704,32.0877543],[118.8318505,32.0877559],[118.8319097,32.0876934],[118.8333813,32.0880046],[118.8327518,32.0898534],[118.8305044,32.0891494],[118.829335,32.0888414],[118.8290995,32.089475],[118.8301514,32.0901016],[118.830105,32.0901664],[118.8297774,32.0907997],[118.829663,32.0910116],[118.8296191,32.091079],[118.8286189,32.0907816],[118.8284348,32.0907042],[118.8283965,32.0906282],[118.8286282,32.0894031],[118.8283438,32.0889908],[118.8284063,32.0887691],[118.8289162,32.0871596]]]}},{"type":"Feature","id":"way/696404760","properties":{"name":"樱花小学东方城分校","amenity":"school","osm_id":"way/696404760","label":"樱花小学东方城分校","category":"civic","kind":"school"},"geometry":{"type":"Polygon","coordinates":[[[118.8296545,32.090778],[118.8289782,32.0906094],[118.829281,32.0896867],[118.8300038,32.0901151],[118.8296545,32.090778]]]}},{"type":"Feature","id":"way/697540146","properties":{"name":"东方城幼儿园","amenity":"school","osm_id":"way/697540146","label":"东方城幼儿园","category":"civic","kind":"school"},"geometry":{"type":"Polygon","coordinates":[[[118.8301802,32.0885498],[118.83049,32.088585],[118.8303994,32.0890282],[118.8300075,32.0889645],[118.8300201,32.0888204],[118.8300561,32.0887889],[118.8301021,32.0887778],[118.8301205,32.0886585],[118.8301658,32.0886535],[118.8301802,32.0885498]]]}},{"type":"Feature","id":"way/749756609","properties":{"name":"南京天文光学技术研究所","landuse":"commercial","amenity":"research_institute","osm_id":"way/749756609","label":"南京天文光学技术研究所","category":"commercial","kind":"commercial"},"geometry":{"type":"Polygon","coordinates":[[[118.8198282,32.076802],[118.8205666,32.077467],[118.8201762,32.0779071],[118.8197607,32.0783492],[118.8203215,32.0786623],[118.8202222,32.0788194],[118.8205666,32.0789036],[118.8204739,32.0791],[118.8193613,32.0793441],[118.8179705,32.0791785],[118.8180798,32.0783087],[118.8180925,32.0777288],[118.8191999,32.0769151],[118.8203083,32.0761006],[118.820507,32.0762717],[118.8198282,32.076802]]]}},{"type":"Feature","id":"way/758671168","properties":{"name":"南京市中西医结合医院","amenity":"hospital","osm_id":"way/758671168","label":"南京市中西医结合医院","category":"civic","kind":"hospital"},"geometry":{"type":"Polygon","coordinates":[[[118.8522345,32.0374198],[118.852424,32.0365976],[118.8524826,32.0355269],[118.8528706,32.0355269],[118.8532442,32.0352331],[118.8533515,32.0352262],[118.8533577,32.0359514],[118.8530239,32.0359896],[118.8530465,32.036372],[118.8528886,32.0363529],[118.8526992,32.0370259],[118.8534705,32.0371368],[118.8533938,32.0375727],[118.8522345,32.0374198]]]}},{"type":"Feature","id":"way/772441275","properties":{"name":"绿地","natural":"wood","osm_id":"way/772441275","label":"绿地","category":"green","kind":"wood"},"geometry":{"type":"Polygon","coordinates":[[[118.8163242,32.0806279],[118.8165796,32.0791633],[118.8166141,32.0791605],[118.8166887,32.0791782],[118.8167244,32.0792169],[118.8167305,32.0792968],[118.8165292,32.0805864],[118.8165015,32.0806906],[118.8164456,32.0807508],[118.8163047,32.0807396],[118.8163242,32.0806279]]]}},{"type":"Feature","id":"way/772764884","properties":{"natural":"wood","osm_id":"way/772764884","label":"","category":"green","kind":"wood"},"geometry":{"type":"Polygon","coordinates":[[[118.8165515,32.0807367],[118.8165967,32.0804291],[118.8174695,32.0804883],[118.817562,32.0806106],[118.8175597,32.0808227],[118.8165515,32.0807367]]]}},{"type":"Feature","id":"way/779263296","properties":{"name":"李文忠墓","leisure":"park","osm_id":"way/779263296","label":"李文忠墓","category":"green","kind":"park"},"geometry":{"type":"Polygon","coordinates":[[[118.8245696,32.0814587],[118.8241595,32.0814399],[118.8233096,32.0814086],[118.8226556,32.0813836],[118.8222529,32.081371],[118.8219462,32.0813554],[118.8219646,32.0809077],[118.822796,32.0809046],[118.8235018,32.0809108],[118.8243923,32.0808607],[118.8247248,32.0808294],[118.8246694,32.0814556],[118.8245696,32.0814587]]]}},{"type":"Feature","id":"way/788885556","properties":{"name":"龙悦山庄","landuse":"residential","osm_id":"way/788885556","label":"龙悦山庄","category":"residential","kind":"residential"},"geometry":{"type":"Polygon","coordinates":[[[118.833741,32.0891589],[118.8356324,32.0897255],[118.8358205,32.0899347],[118.8357236,32.0909531],[118.8339461,32.0909106],[118.8339274,32.090322],[118.8337048,32.0898308],[118.8336886,32.0894334],[118.833741,32.0891589]]]}},{"type":"Feature","id":"way/788885557","properties":{"name":"松林谷","landuse":"residential","osm_id":"way/788885557","label":"松林谷","category":"residential","kind":"residential"},"geometry":{"type":"Polygon","coordinates":[[[118.833796,32.0891095],[118.8340904,32.088836],[118.8342802,32.0884208],[118.8343563,32.088257],[118.8357892,32.0886295],[118.8365331,32.088943],[118.836489,32.0891172],[118.8363018,32.0891146],[118.8361422,32.0890609],[118.83581,32.0897476],[118.833796,32.0891095]]]}},{"type":"Feature","id":"way/790719621","properties":{"leisure":"pitch","osm_id":"way/790719621","label":"","category":"other","kind":"pitch"},"geometry":{"type":"Polygon","coordinates":[[[118.8293124,32.0905545],[118.829283,32.0905916],[118.8292478,32.0906114],[118.8292068,32.0906199],[118.8291813,32.0906189],[118.8291413,32.0906076],[118.8290976,32.0905737],[118.8290809,32.0905409],[118.8290784,32.0905052],[118.8290862,32.0904788],[118.8292974,32.0898799],[118.8293339,32.0898549],[118.829374,32.0898437],[118.8294189,32.0898452],[118.8294578,32.0898592],[118.8294921,32.0898876],[118.8295094,32.0899202],[118.8295132,32.089948],[118.8293124,32.0905545]]]}},{"type":"Feature","id":"way/791233541","properties":{"name":"南京军区档案馆","landuse":"civic_admin","amenity":"archive","osm_id":"way/791233541","label":"南京军区档案馆","category":"other","kind":"civic_admin"},"geometry":{"type":"Polygon","coordinates":[[[118.8158083,32.0429857],[118.8157369,32.0422741],[118.8160547,32.0422511],[118.8159736,32.0414433],[118.8170379,32.0413665],[118.8171905,32.0428859],[118.8158083,32.0429857]]]}},{"type":"Feature","id":"way/791242028","properties":{"leisure":"pitch","osm_id":"way/791242028","label":"","category":"other","kind":"pitch"},"geometry":{"type":"Polygon","coordinates":[[[118.8198506,32.0466594],[118.8196148,32.0465491],[118.8194684,32.0463906],[118.8194684,32.0461701],[118.8195172,32.0459426],[118.8195904,32.0457979],[118.8197693,32.0457014],[118.8207125,32.0456049],[118.8209483,32.0456945],[118.8210621,32.045791],[118.8211841,32.0459495],[118.8212166,32.0461839],[118.8211759,32.0463424],[118.8210702,32.0464871],[118.8208507,32.0465974],[118.8198506,32.0466594]]]}},{"type":"Feature","id":"way/791253997","properties":{"name":"南京市第五十四中学","amenity":"school","osm_id":"way/791253997","label":"南京市第五十四中学","category":"civic","kind":"school"},"geometry":{"type":"Polygon","coordinates":[[[118.8159661,32.0494585],[118.8158306,32.0507053],[118.8149807,32.0507845],[118.8148499,32.0495773],[118.8159661,32.0494585]]]}},{"type":"Feature","id":"way/791253998","properties":{"name":"南京市海英小学","amenity":"school","osm_id":"way/791253998","label":"南京市海英小学","category":"civic","kind":"school"},"geometry":{"type":"Polygon","coordinates":[[[118.81676,32.0513755],[118.8167546,32.0512982],[118.8171945,32.0512618],[118.8182218,32.051205],[118.8182593,32.0516324],[118.8171489,32.0517119],[118.8171435,32.0513618],[118.81676,32.0513755]]]}},{"type":"Feature","id":"way/791253999","properties":{"name":"南京市雨花小学","amenity":"school","osm_id":"way/791253999","label":"南京市雨花小学","category":"civic","kind":"school"},"geometry":{"type":"Polygon","coordinates":[[[118.8107431,32.0553188],[118.8107002,32.0547732],[118.8115424,32.0546732],[118.8116175,32.0552324],[118.8112795,32.055387],[118.8110811,32.0554143],[118.8107431,32.0553188]]]}},{"type":"Feature","id":"way/791254000","properties":{"name":"明中山王徐达墓","leisure":"park","osm_id":"way/791254000","label":"明中山王徐达墓","category":"green","kind":"park"},"geometry":{"type":"Polygon","coordinates":[[[118.8191999,32.0769151],[118.8190692,32.0767749],[118.8202136,32.0758695],[118.8204015,32.0760324],[118.8191999,32.0769151]]]}},{"type":"Feature","id":"way/791617219","properties":{"name":"梅花山","name:en":"Meihua Mountain","landuse":"forest","osm_id":"way/791617219","label":"梅花山","category":"green","kind":"forest"},"geometry":{"type":"Polygon","coordinates":[[[118.8351295,32.0550245],[118.8353455,32.0551039],[118.8354689,32.0552039],[118.8355547,32.0554222],[118.8357264,32.0561041],[118.8358051,32.0563922],[118.8358283,32.0564769],[118.8358122,32.0566724],[118.8358699,32.0569289],[118.8358766,32.0569589],[118.8346937,32.056957],[118.8346589,32.0552789],[118.83508,32.0551334],[118.8351295,32.0550245]]]}},{"type":"Feature","id":"way/791961131","properties":{"landuse":"residential","osm_id":"way/791961131","label":"","category":"residential","kind":"residential"},"geometry":{"type":"Polygon","coordinates":[[[118.8179832,32.0458816],[118.817774,32.0441356],[118.8190668,32.0440128],[118.8191664,32.0447499],[118.8194048,32.0465137],[118.8180476,32.0467228],[118.8179832,32.0458816]]]}},{"type":"Feature","id":"way/795150942","properties":{"building":"yes","landuse":"military","osm_id":"way/795150942","label":"","category":"other","kind":"military"},"geometry":{"type":"Polygon","coordinates":[[[118.8059755,32.0550714],[118.805905,32.0543734],[118.8076101,32.0542498],[118.8076547,32.054691],[118.8070647,32.0547338],[118.8070907,32.0549904],[118.8059755,32.0550714]]]}},{"type":"Feature","id":"way/838151395","properties":{"name":"金陵书苑","landuse":"residential","osm_id":"way/838151395","label":"金陵书苑","category":"residential","kind":"residential"},"geometry":{"type":"Polygon","coordinates":[[[118.806485,32.0590518],[118.8065049,32.0585804],[118.8068227,32.0585748],[118.8070445,32.0587909],[118.8070545,32.0589929],[118.806485,32.0590518]]]}},{"type":"Feature","id":"way/854390967","properties":{"landuse":"residential","osm_id":"way/854390967","label":"","category":"residential","kind":"residential"},"geometry":{"type":"Polygon","coordinates":[[[118.7947861,32.0629478],[118.794183,32.0610958],[118.7948262,32.0608946],[118.794409,32.0597388],[118.7961643,32.0596344],[118.7973291,32.062873],[118.7949064,32.0632673],[118.7947861,32.0629478]]]}},{"type":"Feature","id":"way/857245093","properties":{"name":"台城健身中心","building":"yes","leisure":"fitness_centre","osm_id":"way/857245093","label":"台城健身中心","category":"other","kind":"fitness_centre"},"geometry":{"type":"Polygon","coordinates":[[[118.7940223,32.0630864],[118.7938328,32.0623924],[118.7944229,32.0622408],[118.7946446,32.0629561],[118.7940223,32.0630864]]]}},{"type":"Feature","id":"way/857245095","properties":{"name":"兰园","building:levels":"6","landuse":"residential","osm_id":"way/857245095","label":"兰园","category":"residential","kind":"residential"},"geometry":{"type":"Polygon","coordinates":[[[118.794612,32.0578478],[118.7943888,32.0571094],[118.7951084,32.0569345],[118.7950152,32.0565026],[118.7964229,32.056073],[118.7966789,32.0571129],[118.7959334,32.0572556],[118.7959936,32.0575288],[118.794612,32.0578478]]]}},{"type":"Feature","id":"way/857492847","properties":{"name":"1912","name:en":"1912","landuse":"retail","osm_id":"way/857492847","label":"","category":"commercial","kind":"retail"},"geometry":{"type":"Polygon","coordinates":[[[118.7905794,32.0450765],[118.7907389,32.0456459],[118.7912473,32.0479194],[118.7932596,32.0478767],[118.7932885,32.0483793],[118.7932518,32.0483802],[118.7913465,32.0484248],[118.7905687,32.0485112],[118.7899008,32.0454147],[118.7900162,32.0452578],[118.7905794,32.0450765]]]}},{"type":"Feature","id":"way/858156401","properties":{"leisure":"pitch","osm_id":"way/858156401","label":"","category":"other","kind":"pitch"},"geometry":{"type":"Polygon","coordinates":[[[118.8249086,32.0667415],[118.8249776,32.0665112],[118.825137,32.0665455],[118.825068,32.0667758],[118.8249086,32.0667415]]]}},{"type":"Feature","id":"way/858156402","properties":{"name":"森林摩尔","landuse":"retail","osm_id":"way/858156402","label":"森林摩尔","category":"commercial","kind":"retail"},"geometry":{"type":"Polygon","coordinates":[[[118.8602642,32.0412492],[118.860248,32.0397401],[118.8603451,32.0397127],[118.8622468,32.0403609],[118.8630034,32.0407382],[118.8628173,32.0411738],[118.8625826,32.0415956],[118.8612596,32.041359],[118.8602642,32.0412492]]]}},{"type":"Feature","id":"way/858156403","properties":{"name":"钟鼎名悦广场","landuse":"retail","osm_id":"way/858156403","label":"钟鼎名悦广场","category":"commercial","kind":"retail"},"geometry":{"type":"Polygon","coordinates":[[[118.8543419,32.0394966],[118.854462,32.0392347],[118.8545993,32.0380317],[118.856007,32.0382112],[118.8559784,32.0387157],[118.8559269,32.0389776],[118.8555721,32.0398119],[118.8543419,32.0394966]]]}},{"type":"Feature","id":"way/858156404","properties":{"name":"阳光聚宝山庄海棠街区","landuse":"residential","osm_id":"way/858156404","label":"阳光聚宝山庄海棠街区","category":"residential","kind":"residential"},"geometry":{"type":"Polygon","coordinates":[[[118.8554929,32.0971165],[118.856368,32.0958583],[118.8586251,32.0961003],[118.8588023,32.0977365],[118.8580343,32.0974497],[118.8571452,32.0971884],[118.8554929,32.0971165]]]}},{"type":"Feature","id":"way/858156405","properties":{"name":"紫金墨香苑","landuse":"residential","osm_id":"way/858156405","label":"紫金墨香苑","category":"residential","kind":"residential"},"geometry":{"type":"Polygon","coordinates":[[[118.826988,32.0981352],[118.8285085,32.0977642],[118.8286095,32.0979028],[118.8295526,32.0977724],[118.8296489,32.0978621],[118.8297547,32.0981841],[118.8298846,32.0981882],[118.8300097,32.0987384],[118.8302311,32.0987262],[118.8312993,32.0994232],[118.8315206,32.0998227],[118.8322808,32.1000061],[118.8321461,32.1005767],[118.8325455,32.1010251],[118.8323338,32.1015183],[118.8305919,32.1012085],[118.8292399,32.1011596],[118.8292305,32.1004047],[118.8291075,32.1002277],[118.8289587,32.1001623],[118.8276856,32.1002059],[118.826988,32.0981352]]]}},{"type":"Feature","id":"way/858156407","properties":{"landuse":"residential","osm_id":"way/858156407","label":"","category":"residential","kind":"residential"},"geometry":{"type":"Polygon","coordinates":[[[118.8126585,32.0933385],[118.8125331,32.09327],[118.8124239,32.0913093],[118.8122054,32.0905003],[118.8138076,32.0902192],[118.815863,32.0912955],[118.8172792,32.0919194],[118.8160087,32.0925433],[118.8126585,32.0933385]]]}},{"type":"Feature","id":"way/858156408","properties":{"name":"中海玄武公馆C区","landuse":"residential","osm_id":"way/858156408","label":"中海玄武公馆区","category":"residential","kind":"residential"},"geometry":{"type":"Polygon","coordinates":[[[118.8154542,32.0983223],[118.815453,32.0987638],[118.8154015,32.0988559],[118.8135418,32.0988607],[118.8134159,32.0987638],[118.8132226,32.0978724],[118.8145879,32.0978542],[118.8145933,32.0983177],[118.8154542,32.0983223]]]}},{"type":"Feature","id":"way/858156409","properties":{"name":"中海玄武公馆A区","landuse":"residential","osm_id":"way/858156409","label":"中海玄武公馆区","category":"residential","kind":"residential"},"geometry":{"type":"Polygon","coordinates":[[[118.8135991,32.0995491],[118.8135247,32.0992146],[118.8136677,32.099108],[118.8154702,32.0991467],[118.8155045,32.100504],[118.8153786,32.1005912],[118.8135991,32.0995491]]]}},{"type":"Feature","id":"way/858156410","properties":{"name":"中海玄武公馆B区","landuse":"residential","osm_id":"way/858156410","label":"中海玄武公馆区","category":"residential","kind":"residential"},"geometry":{"type":"Polygon","coordinates":[[[118.8159108,32.1009693],[118.8157677,32.1008869],[118.8157505,32.099234],[118.8158764,32.0991225],[118.8185772,32.0991661],[118.8187146,32.0992728],[118.818726,32.1008239],[118.8185887,32.1009451],[118.8159108,32.1009693]]]}},{"type":"Feature","id":"way/858156411","properties":{"landuse":"residential","osm_id":"way/858156411","label":"","category":"residential","kind":"residential"},"geometry":{"type":"Polygon","coordinates":[[[118.8157268,32.0981415],[118.8186965,32.0981173],[118.8187146,32.0987929],[118.8186058,32.0988801],[118.815865,32.0988801],[118.8157277,32.0987589],[118.8157268,32.0981415]]]}},{"type":"Feature","id":"way/858156412","properties":{"name":"南京市科利华中学铁北分校","amenity":"school","osm_id":"way/858156412","label":"南京市科利华中学铁北分校","category":"civic","kind":"school"},"geometry":{"type":"Polygon","coordinates":[[[118.8157268,32.0981415],[118.8157153,32.0969006],[118.8157725,32.0968327],[118.8158584,32.0968085],[118.8185935,32.0969539],[118.818645,32.0969879],[118.8186851,32.0970654],[118.8186965,32.0981173],[118.8157268,32.0981415]]]}},{"type":"Feature","id":"way/858156413","properties":{"amenity":"school","osm_id":"way/858156413","label":"","category":"civic","kind":"school"},"geometry":{"type":"Polygon","coordinates":[[[118.8180685,32.1053226],[118.8180874,32.104681],[118.8176067,32.1046853],[118.817602,32.1041655],[118.8187145,32.1041696],[118.8189881,32.1041696],[118.81966,32.1041781],[118.8196654,32.1052613],[118.8191007,32.1052511],[118.8186206,32.105292],[118.8180685,32.1053226]]]}},{"type":"Feature","id":"way/858156414","properties":{"name":"北京东路小学（红山分校）","amenity":"school","osm_id":"way/858156414","label":"北京东路小学红山分校","category":"civic","kind":"school"},"geometry":{"type":"Polygon","coordinates":[[[118.8121558,32.090421],[118.8118217,32.0889614],[118.8118869,32.088924],[118.8119905,32.0889303],[118.8122665,32.0890227],[118.8137388,32.0901438],[118.8121558,32.090421]]]}},{"type":"Feature","id":"way/858434740","properties":{"landuse":"grass","osm_id":"way/858434740","label":"","category":"green","kind":"grass"},"geometry":{"type":"Polygon","coordinates":[[[118.8124185,32.042566],[118.8129572,32.0425255],[118.8129855,32.0427949],[118.8124467,32.0428355],[118.8124185,32.042566]]]}},{"type":"Feature","id":"way/859299096","properties":{"leisure":"pitch","osm_id":"way/859299096","label":"","category":"other","kind":"pitch"},"geometry":{"type":"Polygon","coordinates":[[[118.7947902,32.058076],[118.7947265,32.057874],[118.7951772,32.0577421],[118.795222,32.057976],[118.7947902,32.058076]]]}},{"type":"Feature","id":"way/859299097","properties":{"leisure":"pitch","osm_id":"way/859299097","label":"","category":"other","kind":"pitch"},"geometry":{"type":"Polygon","coordinates":[[[118.7949782,32.0588792],[118.794894,32.0586198],[118.795198,32.0585833],[118.7951733,32.0588705],[118.7949782,32.0588792]]]}},{"type":"Feature","id":"way/863056908","properties":{"name":"南京市第九初级中学","amenity":"school","osm_id":"way/863056908","label":"南京市第九初级中学","category":"civic","kind":"school"},"geometry":{"type":"Polygon","coordinates":[[[118.7861969,32.0494754],[118.7860297,32.0488988],[118.7870893,32.0486204],[118.7872515,32.0492819],[118.7861969,32.0494754]]]}},{"type":"Feature","id":"way/878490868","properties":{"name":"恒大翡翠华庭","landuse":"residential","osm_id":"way/878490868","label":"恒大翡翠华庭","category":"residential","kind":"residential"},"geometry":{"type":"Polygon","coordinates":[[[118.8198134,32.1052384],[118.8196654,32.1052613],[118.81966,32.1041781],[118.8189881,32.1041696],[118.818925,32.1023529],[118.8188129,32.1022955],[118.8174422,32.1018663],[118.8168398,32.1014944],[118.8168025,32.1012492],[118.8205058,32.1012195],[118.820877,32.1027247],[118.820905,32.1032271],[118.820884,32.1052347],[118.8198134,32.1052384]]]}},{"type":"Feature","id":"way/878490869","properties":{"landuse":"residential","osm_id":"way/878490869","label":"","category":"residential","kind":"residential"},"geometry":{"type":"Polygon","coordinates":[[[118.821344,32.1026971],[118.8212633,32.1022302],[118.821793,32.1022657],[118.8217585,32.1027776],[118.821344,32.1026971]]]}},{"type":"Feature","id":"way/878490870","properties":{"name":"月苑综合楼","landuse":"residential","osm_id":"way/878490870","label":"月苑综合楼","category":"residential","kind":"residential"},"geometry":{"type":"Polygon","coordinates":[[[118.8212609,32.1021287],[118.8210997,32.1013598],[118.8211241,32.1012289],[118.8212122,32.1011812],[118.8215994,32.1011899],[118.8215464,32.1021339],[118.8212609,32.1021287]]]}},{"type":"Feature","id":"way/878490871","properties":{"name":"月苑小区","landuse":"residential","osm_id":"way/878490871","label":"月苑小区","category":"residential","kind":"residential"},"geometry":{"type":"Polygon","coordinates":[[[118.8217591,32.1030034],[118.8217585,32.1027776],[118.821793,32.1022657],[118.8217992,32.102158],[118.8215464,32.1021339],[118.8215994,32.1011899],[118.8230505,32.1012014],[118.8230163,32.102035],[118.8240007,32.1020952],[118.8239944,32.1021713],[118.8244688,32.1022826],[118.8244191,32.1024894],[118.8252104,32.1027553],[118.8251219,32.1032051],[118.8252748,32.1032438],[118.8250038,32.1040049],[118.8217591,32.1030034]]]}},{"type":"Feature","id":"way/878490872","properties":{"name":"南京市第十三中学红山校区","amenity":"school","osm_id":"way/878490872","label":"南京市第十三中学红山校区","category":"civic","kind":"school"},"geometry":{"type":"Polygon","coordinates":[[[118.825029,32.1040675],[118.8253617,32.1031111],[118.8255032,32.1031291],[118.8256059,32.1029133],[118.8265968,32.1031771],[118.8266605,32.103291],[118.8267526,32.1035878],[118.8268092,32.1038876],[118.826795,32.1041514],[118.8266535,32.1045502],[118.825029,32.1040675]]]}},{"type":"Feature","id":"way/878490873","properties":{"name":"南京市第十三中学红山校区","amenity":"school","osm_id":"way/878490873","label":"南京市第十三中学红山校区","category":"civic","kind":"school"},"geometry":{"type":"Polygon","coordinates":[[[118.8337219,32.1066477],[118.8326036,32.1063719],[118.8327593,32.1056044],[118.8334671,32.1057453],[118.8336264,32.1053376],[118.834267,32.1055924],[118.8337219,32.1066477]]]}},{"type":"Feature","id":"way/883982976","properties":{"leisure":"park","osm_id":"way/883982976","label":"","category":"green","kind":"park"},"geometry":{"type":"Polygon","coordinates":[[[118.9032687,32.0331547],[118.9032402,32.0332822],[118.9031833,32.0333374],[118.9027239,32.0335717],[118.9020084,32.0329927],[118.9012319,32.0325792],[118.9005164,32.0322517],[118.8997358,32.0319174],[118.8948491,32.0302941],[118.8937474,32.0299115],[118.8928448,32.02946],[118.8912593,32.0285915],[118.8914382,32.0283675],[118.891304,32.0272128],[118.8924058,32.0267372],[118.892483,32.0268096],[118.8926212,32.0267613],[118.8932026,32.0282882],[118.898317,32.0305181],[118.9008945,32.0315693],[118.9017401,32.0318588],[118.9018133,32.0318313],[118.9020125,32.0319967],[118.9032687,32.0331547]]]}},{"type":"Feature","id":"way/883982979","properties":{"leisure":"park","osm_id":"way/883982979","label":"","category":"green","kind":"park"},"geometry":{"type":"Polygon","coordinates":[[[118.8790031,32.0211481],[118.8789143,32.021061],[118.8789377,32.0209937],[118.8790171,32.0209383],[118.88032,32.019988],[118.8805395,32.0201622],[118.8811279,32.0206611],[118.8817864,32.0210571],[118.882683,32.0214768],[118.8838832,32.0219796],[118.8825149,32.0235832],[118.8824542,32.0236346],[118.8823608,32.023603],[118.8790031,32.0211481]]]}},{"type":"Feature","id":"way/883982980","properties":{"leisure":"park","osm_id":"way/883982980","label":"","category":"green","kind":"park"},"geometry":{"type":"Polygon","coordinates":[[[118.8799404,32.0196511],[118.8784973,32.0206845],[118.8784273,32.0206648],[118.878077,32.020447],[118.8775727,32.0199362],[118.8757467,32.0180435],[118.8747006,32.0169546],[118.8740281,32.0163924],[118.8730474,32.0157232],[118.8715997,32.0149352],[118.8709133,32.0146303],[118.870493,32.0143333],[118.8702361,32.0141314],[118.8700166,32.0138106],[118.8699045,32.0134542],[118.8699092,32.0124603],[118.8699326,32.0123851],[118.8700166,32.0123415],[118.8713149,32.0123019],[118.8714923,32.0124286],[118.8720247,32.013478],[118.8732389,32.0144957],[118.8740795,32.0141472],[118.8748921,32.0152955],[118.8752797,32.0158024],[118.875658,32.0161746],[118.8799404,32.0196511]]]}},{"type":"Feature","id":"way/884301627","properties":{"leisure":"park","osm_id":"way/884301627","label":"","category":"green","kind":"park"},"geometry":{"type":"Polygon","coordinates":[[[118.864214,32.0402961],[118.8651796,32.038559],[118.8654317,32.0386863],[118.8652493,32.0390365],[118.8655658,32.039182],[118.8648255,32.040428],[118.864214,32.0402961]]]}},{"type":"Feature","id":"way/884301630","properties":{"name":"龟山公园","leisure":"park","osm_id":"way/884301630","label":"龟山公园","category":"green","kind":"park"},"geometry":{"type":"Polygon","coordinates":[[[118.8935513,32.0950219],[118.8945158,32.0944863],[118.8960859,32.0933877],[118.8962865,32.0932523],[118.8970075,32.0927657],[118.8982269,32.0918091],[118.8990179,32.0910471],[118.8997157,32.0903599],[118.899741,32.090335],[118.9003084,32.0910588],[118.9006621,32.0916671],[118.9009943,32.0923345],[118.9002548,32.0925841],[118.8999012,32.0928701],[118.8996386,32.0935602],[118.8994671,32.0939778],[118.8990063,32.09445],[118.8985615,32.0946724],[118.8982737,32.0948113],[118.8985186,32.0952172],[118.8984222,32.0953715],[118.8980042,32.0953942],[118.8976827,32.0955122],[118.8975166,32.0957528],[118.8971522,32.0960888],[118.8962191,32.097076],[118.8960377,32.0969609],[118.8940657,32.0955758],[118.8935513,32.0950219]]]}},{"type":"Feature","id":"way/884923657","properties":{"name":"神策门公园","leisure":"park","osm_id":"way/884923657","label":"神策门公园","category":"green","kind":"park"},"geometry":{"type":"Polygon","coordinates":[[[118.7792262,32.0908061],[118.7802805,32.0909682],[118.7805898,32.0910158],[118.7806459,32.0907982],[118.7806505,32.0907468],[118.7808877,32.0907577],[118.7815682,32.0907487],[118.7816272,32.0909487],[118.7825284,32.0908715],[118.7825928,32.0908942],[118.7826397,32.090957],[118.7827001,32.0910442],[118.7829093,32.0910214],[118.7830166,32.0909987],[118.7830181,32.0908942],[118.7830143,32.0906888],[118.78294,32.0904455],[118.7830498,32.0904196],[118.7832848,32.0893399],[118.7833545,32.0890581],[118.7835208,32.0886036],[118.7835469,32.0884623],[118.7840637,32.0886319],[118.784522,32.0887843],[118.7843492,32.0889545],[118.7843258,32.0891285],[118.7844332,32.0898209],[118.7845827,32.0904184],[118.7845827,32.0906439],[118.7844519,32.0910633],[118.7844005,32.0911582],[118.7832377,32.0917161],[118.78264,32.091902],[118.782285,32.0919297],[118.7820142,32.0919099],[118.781706,32.0918743],[118.7815799,32.0918189],[118.7804217,32.0916923],[118.780347,32.0917359],[118.7797913,32.0916567],[118.779497,32.0915816],[118.7794177,32.0914945],[118.7793289,32.0913956],[118.7792729,32.0912769],[118.7792402,32.0911503],[118.7792262,32.0908061]]]}},{"type":"Feature","id":"way/906830066","properties":{"name":"南京理工大学游泳馆","leisure":"sports_centre","osm_id":"way/906830066","label":"南京理工大学游泳馆","category":"other","kind":"sports_centre"},"geometry":{"type":"Polygon","coordinates":[[[118.8469908,32.033132],[118.846993,32.0326255],[118.8475299,32.0326311],[118.8475366,32.0331321],[118.8469908,32.033132]]]}},{"type":"Feature","id":"way/916563249","properties":{"natural":"wood","osm_id":"way/916563249","label":"","category":"green","kind":"wood"},"geometry":{"type":"Polygon","coordinates":[[[118.8714473,32.1048866],[118.8715912,32.1057446],[118.8701146,32.1061783],[118.8703163,32.1069323],[118.8686131,32.1066331],[118.8671075,32.1063703],[118.8681822,32.1036679],[118.8694079,32.1004781],[118.8698577,32.0995369],[118.8707572,32.0986404],[118.871542,32.0981847],[118.8724415,32.097998],[118.8723886,32.098745],[118.8736056,32.0993576],[118.8745932,32.0998955],[118.8745403,32.1001494],[118.8749964,32.1004758],[118.8748866,32.1011352],[118.8744441,32.1014738],[118.8742429,32.1017737],[118.8740283,32.1017555],[118.8738647,32.1019736],[118.8744434,32.1022966],[118.8750342,32.102503],[118.8753706,32.1025937],[118.875722,32.1026594],[118.8770594,32.1029424],[118.8771048,32.1030256],[118.8770297,32.1032301],[118.8771157,32.1032824],[118.8776533,32.1035484],[118.8778032,32.1039966],[118.8774504,32.1049602],[118.8765598,32.1050499],[118.875722,32.1052964],[118.8755694,32.10523],[118.8753957,32.1051544],[118.875025,32.1048064],[118.8747019,32.1045224],[118.874413,32.1044145],[118.8741544,32.1044172],[118.8740729,32.1044896],[118.8739233,32.1048673],[118.87402,32.105386],[118.8735615,32.1054234],[118.8730324,32.1052366],[118.8725121,32.1041609],[118.872177,32.1042356],[118.87208,32.1046838],[118.8714473,32.1048866]]]}},{"type":"Feature","id":"way/916563250","properties":{"natural":"wood","osm_id":"way/916563250","label":"","category":"green","kind":"wood"},"geometry":{"type":"Polygon","coordinates":[[[118.8656367,32.1061197],[118.8640826,32.1059728],[118.8617782,32.1057002],[118.8610078,32.1053623],[118.8602788,32.1049778],[118.8596735,32.1045525],[118.8585318,32.1041446],[118.8581122,32.104634],[118.856998,32.1037252],[118.8562896,32.1029328],[118.855925,32.1021987],[118.8554986,32.101249],[118.8552235,32.1004799],[118.8548865,32.0993379],[118.8544944,32.0985105],[118.854632,32.0977414],[118.8548796,32.0971588],[118.8552155,32.0972221],[118.855049,32.0977724],[118.8550349,32.0983042],[118.855108,32.0986472],[118.855236,32.0989871],[118.8557449,32.0998982],[118.8569155,32.09967],[118.8579815,32.0998506],[118.8580988,32.1002887],[118.8578371,32.1004799],[118.8577202,32.1007537],[118.8577821,32.1010625],[118.858236,32.1011849],[118.8587794,32.1012781],[118.8590889,32.1011324],[118.8591783,32.1006197],[118.8591302,32.0999264],[118.858906,32.0998992],[118.8587236,32.0996788],[118.8587283,32.0994263],[118.8589355,32.0991868],[118.8591055,32.0991305],[118.8594518,32.0991065],[118.8597832,32.0992437],[118.8599005,32.0997982],[118.8603475,32.0998506],[118.8605057,32.0995884],[118.8608496,32.0994661],[118.8612154,32.0998318],[118.861172,32.1000739],[118.8611141,32.1005576],[118.8612204,32.1009519],[118.861624,32.1009308],[118.8615649,32.1004158],[118.86173,32.1001886],[118.8619914,32.1001128],[118.8623025,32.1002695],[118.8626929,32.100544],[118.86278,32.1006046],[118.8629149,32.100536],[118.8631469,32.0999439],[118.8635252,32.0998273],[118.864378,32.0999905],[118.8649467,32.1003342],[118.8653891,32.1006547],[118.8655083,32.1009852],[118.8656008,32.1010171],[118.8659012,32.1007046],[118.8664483,32.1008644],[118.8676107,32.1008353],[118.8679477,32.1002294],[118.8681334,32.0989242],[118.8681884,32.0985805],[118.8692545,32.0988601],[118.8692201,32.0993146],[118.8690138,32.1000895],[118.8684979,32.1014238],[118.8676726,32.1037718],[118.8671017,32.105205],[118.8666409,32.1062187],[118.8656367,32.1061197]]]}},{"type":"Feature","id":"way/916706095","properties":{"leisure":"pitch","osm_id":"way/916706095","label":"","category":"other","kind":"pitch"},"geometry":{"type":"Polygon","coordinates":[[[118.8431073,32.0933845],[118.8427979,32.0932743],[118.842873,32.0931229],[118.8431824,32.0932331],[118.8431073,32.0933845]]]}},{"type":"Feature","id":"way/916706104","properties":{"landuse":"forest","osm_id":"way/916706104","label":"","category":"green","kind":"forest"},"geometry":{"type":"Polygon","coordinates":[[[118.8538849,32.0980905],[118.8538474,32.0979428],[118.8538018,32.0978337],[118.8537213,32.0977588],[118.8535765,32.0977451],[118.8533083,32.0975224],[118.8527986,32.0970362],[118.8525438,32.0967067],[118.852289,32.0965931],[118.8520583,32.0965954],[118.8518143,32.0966476],[118.8514629,32.0965931],[118.8512456,32.0964977],[118.8510311,32.0963227],[118.850559,32.0960659],[118.849411,32.0955615],[118.849073,32.0953934],[118.8486949,32.0952706],[118.8480119,32.0952231],[118.8478236,32.0949544],[118.8478258,32.0948116],[118.8469219,32.0946799],[118.8448593,32.0944208],[118.8434914,32.0942572],[118.8421985,32.0940959],[118.8413617,32.0940073],[118.8413697,32.0939164],[118.842271,32.0939891],[118.8433734,32.0941095],[118.8478473,32.0945867],[118.849301,32.0947094],[118.8498616,32.0948207],[118.8503256,32.0948707],[118.8506207,32.0949684],[118.8509265,32.095157],[118.8511303,32.0952411],[118.8515809,32.0952366],[118.8519403,32.0952343],[118.8521495,32.0952934],[118.8525143,32.0954047],[118.8526833,32.0953638],[118.8528576,32.0953775],[118.8524191,32.0957955],[118.8523145,32.0958069],[118.8520839,32.0960217],[118.8535591,32.0971157],[118.8535751,32.0971725],[118.8541853,32.0978792],[118.8540754,32.0982723],[118.8538849,32.0980905]]]}},{"type":"Feature","id":"way/916706108","properties":{"landuse":"forest","osm_id":"way/916706108","label":"","category":"green","kind":"forest"},"geometry":{"type":"Polygon","coordinates":[[[118.8338864,32.0956456],[118.8343906,32.0953865],[118.8341653,32.0948094],[118.8334626,32.0941504],[118.8336879,32.0938823],[118.8339132,32.0932597],[118.8349646,32.0934324],[118.8368905,32.0937096],[118.8396048,32.0940095],[118.8444114,32.0945549],[118.8478231,32.0949548],[118.8480109,32.0952229],[118.8479385,32.0959182],[118.8482147,32.0962773],[118.8482121,32.0964318],[118.8480243,32.0965658],[118.8479438,32.096734],[118.847917,32.0969862],[118.8486373,32.0994398],[118.84959,32.0995305],[118.8504356,32.0975315],[118.8506663,32.0972521],[118.8518679,32.0976065],[118.852222,32.097986],[118.8525197,32.0981837],[118.8538018,32.0981859],[118.8540593,32.0983995],[118.8540941,32.0991584],[118.8529944,32.1000582],[118.8534477,32.1004604],[118.8534424,32.1006035],[118.8526135,32.1006081],[118.8526082,32.1010443],[118.8521401,32.1014556],[118.8518585,32.1009569],[118.8515648,32.1008023],[118.8513999,32.1008182],[118.8512403,32.1011568],[118.8513985,32.1014249],[118.8512979,32.101459],[118.8513355,32.1015783],[118.8512832,32.1016907],[118.8511263,32.1016044],[118.8508567,32.1015351],[118.8506019,32.1015715],[118.8503297,32.1015078],[118.850158,32.1012693],[118.8504235,32.101217],[118.8504235,32.1011045],[118.8502827,32.1010602],[118.8501191,32.1009125],[118.8497248,32.1008216],[118.8496765,32.1006217],[118.8487324,32.1006808],[118.8486895,32.1005422],[118.8485017,32.1004354],[118.8483354,32.1004626],[118.8481477,32.1008762],[118.8481035,32.1011352],[118.8487069,32.1017691],[118.8491763,32.1017464],[118.8499381,32.1017339],[118.8500775,32.1024473],[118.8499984,32.1026178],[118.8506301,32.1029154],[118.8508929,32.1025462],[118.8510753,32.1022781],[118.8510606,32.102202],[118.8512202,32.1019736],[118.8515206,32.1018907],[118.8515943,32.1018202],[118.8516721,32.1016692],[118.8519604,32.1015499],[118.852057,32.1016532],[118.8521522,32.1016805],[118.8531446,32.1013352],[118.8533297,32.1014101],[118.8528181,32.1016089],[118.8526612,32.1016266],[118.8519819,32.1018657],[118.8518934,32.1017714],[118.8516346,32.1018964],[118.8517016,32.1019793],[118.8514207,32.1021628],[118.8515863,32.1025371],[118.8509506,32.1028336],[118.8511799,32.1031324],[118.8508245,32.1033141],[118.8497919,32.1028597],[118.8497449,32.1018736],[118.8493185,32.1018896],[118.8493386,32.1028392],[118.8496564,32.1031846],[118.8504933,32.1036322],[118.8501795,32.1039254],[118.8503686,32.10424],[118.851031,32.1041798],[118.8509626,32.1038765],[118.8527718,32.1032176],[118.8531849,32.1039174],[118.8521697,32.1042979],[118.8523587,32.104691],[118.8507736,32.104557],[118.8491428,32.1043343],[118.8471311,32.1039844],[118.8454682,32.1036118],[118.8430756,32.1029438],[118.8415092,32.102494],[118.8416688,32.1021282],[118.8426357,32.1010068],[118.8422522,32.1008875],[118.8423648,32.1005785],[118.8421288,32.1006217],[118.841925,32.100399],[118.8415816,32.1005035],[118.8412973,32.1005922],[118.8410157,32.1005388],[118.8410693,32.1003911],[118.8407756,32.1003286],[118.8406402,32.1003752],[118.8403089,32.1014249],[118.8402311,32.1014124],[118.840199,32.1015146],[118.8399227,32.1014601],[118.839798,32.10186],[118.8391838,32.1016317],[118.8385507,32.1012738],[118.8379043,32.1009443],[118.8373062,32.100549],[118.8367107,32.1000582],[118.8362011,32.0995447],[118.8355172,32.0987017],[118.8349646,32.0978042],[118.834278,32.0965817],[118.8338864,32.0956456]]]}},{"type":"Feature","id":"way/916706109","properties":{"landuse":"forest","osm_id":"way/916706109","label":"","category":"green","kind":"forest"},"geometry":{"type":"Polygon","coordinates":[[[118.8362816,32.1022235],[118.8364023,32.102144],[118.837038,32.1025348],[118.8379768,32.1029983],[118.8384408,32.1032187],[118.839114,32.1034914],[118.8387077,32.1042127],[118.8382718,32.103939],[118.8377863,32.1035868],[118.8373008,32.1031869],[118.8368073,32.1027302],[118.8362816,32.1022235]]]}},{"type":"Feature","id":"way/916706110","properties":{"landuse":"forest","osm_id":"way/916706110","label":"","category":"green","kind":"forest"},"geometry":{"type":"Polygon","coordinates":[[[118.8324702,32.0984132],[118.834219,32.0995356],[118.8355011,32.1002627],[118.8366008,32.1008671],[118.8374913,32.1012943],[118.8386178,32.1018168],[118.8394466,32.1021032],[118.8391864,32.1024485],[118.8388699,32.1026166],[118.8384783,32.1027598],[118.8383389,32.1029893],[118.8380679,32.1028734],[118.8369361,32.102269],[118.8356405,32.1013033],[118.8340956,32.0999537],[118.8323924,32.0984881],[118.8324702,32.0984132]]]}},{"type":"Feature","id":"way/916706111","properties":{"landuse":"forest","osm_id":"way/916706111","label":"","category":"green","kind":"forest"},"geometry":{"type":"Polygon","coordinates":[[[118.8301098,32.0955865],[118.8314885,32.0949412],[118.8316172,32.0942186],[118.8322771,32.0941368],[118.8328779,32.0947458],[118.8334948,32.0956229],[118.8338488,32.0962545],[118.8343853,32.0972043],[118.8351577,32.0985359],[118.8356137,32.0991812],[118.8363057,32.0999855],[118.8372767,32.1007626],[118.837506,32.1008944],[118.8374457,32.1009625],[118.8367483,32.1006183],[118.8352221,32.0997356],[118.8342458,32.099213],[118.8333875,32.0985995],[118.8319659,32.0976406],[118.8310915,32.0969998],[118.8311344,32.0967135],[118.8301098,32.0955865]]]}},{"type":"Feature","id":"way/916706112","properties":{"name":"苏宁钟山朝阳府","landuse":"residential","osm_id":"way/916706112","label":"苏宁钟山朝阳府","category":"residential","kind":"residential"},"geometry":{"type":"Polygon","coordinates":[[[118.8480779,32.0952707],[118.8483724,32.095276],[118.8486887,32.0953258],[118.8491272,32.0954897],[118.8493287,32.0956108],[118.8493833,32.0956986],[118.8493774,32.0957866],[118.8496943,32.0958512],[118.8500896,32.0960503],[118.851097,32.0965961],[118.8517806,32.0967799],[118.851931,32.0967928],[118.8520746,32.0966915],[118.8521827,32.0966738],[118.8522698,32.0966991],[118.8530008,32.0973038],[118.8534872,32.097734],[118.8536314,32.0978803],[118.8536516,32.098178],[118.8525291,32.0981745],[118.8522246,32.0979723],[118.8521536,32.0978951],[118.851998,32.0976997],[118.8519001,32.0975906],[118.8506609,32.0972271],[118.8504302,32.0975043],[118.849647,32.0973089],[118.8495398,32.0974952],[118.8491749,32.0983768],[118.849175,32.0985472],[118.8493895,32.0990585],[118.8496041,32.099263],[118.8495344,32.0994084],[118.8488585,32.0991902],[118.8490677,32.0988676],[118.8488585,32.0983495],[118.8486171,32.0981723],[118.8486439,32.097936],[118.8487887,32.0976724],[118.8487612,32.0974068],[118.848754,32.09728],[118.8489282,32.0971952],[118.8488746,32.0971038],[118.8485098,32.0969794],[118.8480055,32.0969226],[118.8479787,32.0967272],[118.8480645,32.0965681],[118.8482308,32.0964454],[118.8482416,32.0962727],[118.8481182,32.0961818],[118.8480645,32.0960091],[118.8479358,32.0958592],[118.8480779,32.0952707]]]}},{"type":"Feature","id":"way/924094769","properties":{"name":"花港·鸿福城锦山园","landuse":"residential","osm_id":"way/924094769","label":"花港鸿福城锦山园","category":"residential","kind":"residential"},"geometry":{"type":"Polygon","coordinates":[[[118.8916022,32.0311746],[118.89043,32.0300967],[118.89043,32.0298921],[118.8912106,32.0289484],[118.8912883,32.0289439],[118.8926851,32.029738],[118.89272,32.0297784],[118.8927233,32.0298261],[118.8919508,32.03117],[118.8916022,32.0311746]]]}},{"type":"Feature","id":"way/924094770","properties":{"name":"花港·鸿福城枫林园","landuse":"residential","osm_id":"way/924094770","label":"花港鸿福城枫林园","category":"residential","kind":"residential"},"geometry":{"type":"Polygon","coordinates":[[[118.8900572,32.029692],[118.8889065,32.028646],[118.8888958,32.0284709],[118.8895127,32.0281343],[118.8896307,32.0281071],[118.8897487,32.0281048],[118.8910067,32.0288415],[118.8903147,32.0296943],[118.8900572,32.029692]]]}},{"type":"Feature","id":"way/924094771","properties":{"name":"花港·鸿福城叠水园","landuse":"residential","osm_id":"way/924094771","label":"花港鸿福城叠水园","category":"residential","kind":"residential"},"geometry":{"type":"Polygon","coordinates":[[[118.8893169,32.0310086],[118.8881689,32.0298466],[118.887839,32.0292713],[118.8884103,32.0288597],[118.8886249,32.0288666],[118.8899392,32.0300899],[118.8899392,32.03019],[118.8893169,32.0310086]]]}},{"type":"Feature","id":"way/924094772","properties":{"name":"花港·鸿福城翠城园","landuse":"residential","osm_id":"way/924094772","label":"花港鸿福城翠城园","category":"residential","kind":"residential"},"geometry":{"type":"Polygon","coordinates":[[[118.8909852,32.0330778],[118.8903844,32.0322592],[118.8894993,32.031145],[118.8899821,32.0305311],[118.8904971,32.0305401],[118.8915861,32.0316771],[118.8916075,32.0318317],[118.8909852,32.0330778]]]}},{"type":"Feature","id":"way/924830056","properties":{"landuse":"commercial","osm_id":"way/924830056","label":"","category":"commercial","kind":"commercial"},"geometry":{"type":"Polygon","coordinates":[[[118.8720247,32.0223015],[118.8751039,32.0206914],[118.8752326,32.0207233],[118.875871,32.0216716],[118.8740578,32.0226813],[118.8731486,32.0230792],[118.8727382,32.0231065],[118.8725343,32.0229996],[118.8720247,32.0223015]]]}},{"type":"Feature","id":"way/924830110","properties":{"name":"华能紫金智谷","landuse":"commercial","osm_id":"way/924830110","label":"华能紫金智谷","category":"commercial","kind":"commercial"},"geometry":{"type":"Polygon","coordinates":[[[118.8752514,32.0276],[118.8752206,32.0275647],[118.8752273,32.0275278],[118.8752595,32.0274954],[118.8753077,32.0274738],[118.8773087,32.0274533],[118.8777781,32.0274715],[118.8781147,32.0275192],[118.8789301,32.0277637],[118.8789743,32.0278262],[118.8789622,32.0278785],[118.8785237,32.0284345],[118.8779698,32.0290871],[118.8779175,32.0290985],[118.8778773,32.029086],[118.8754097,32.0277023],[118.8752514,32.0276]]]}},{"type":"Feature","id":"way/924830117","properties":{"name":"江苏有线总部","landuse":"commercial","osm_id":"way/924830117","label":"江苏有线总部","category":"commercial","kind":"commercial"},"geometry":{"type":"Polygon","coordinates":[[[118.8770371,32.0256767],[118.8770042,32.0256261],[118.8770002,32.0242299],[118.8769841,32.023575],[118.8769251,32.0232339],[118.876791,32.0227927],[118.8789555,32.0215579],[118.8810074,32.0230781],[118.8801867,32.0241094],[118.8787852,32.0257671],[118.8787101,32.025816],[118.8786229,32.0258217],[118.8781334,32.0257512],[118.8777579,32.0257205],[118.877135,32.0257222],[118.8770827,32.0257046],[118.8770371,32.0256767]]]}},{"type":"Feature","id":"way/924830118","properties":{"name":"荔枝广场","landuse":"construction","osm_id":"way/924830118","label":"荔枝广场","category":"industrial","kind":"construction"},"geometry":{"type":"Polygon","coordinates":[[[118.8789401,32.0257856],[118.8811375,32.0231908],[118.8812902,32.023198],[118.8821286,32.0238683],[118.8822213,32.0239345],[118.8822693,32.0240542],[118.8803345,32.0262769],[118.8801594,32.0263322],[118.87961,32.0261037],[118.8789476,32.0259181],[118.8789582,32.025849],[118.8789401,32.0257856]]]}},{"type":"Feature","id":"way/936599048","properties":{"leisure":"track","osm_id":"way/936599048","label":"","category":"other","kind":"track"},"geometry":{"type":"Polygon","coordinates":[[[118.8438227,32.0319923],[118.8438565,32.0315473],[118.8439022,32.0314797],[118.8439788,32.0314487],[118.8441258,32.0314284],[118.8442039,32.0314392],[118.8442697,32.0314604],[118.8443294,32.0315],[118.8443582,32.0315672],[118.8443243,32.0320208],[118.8442863,32.0320728],[118.8442359,32.0321143],[118.8441578,32.0321375],[118.8440735,32.0321502],[118.8439296,32.0321183],[118.8438638,32.0320605],[118.8438227,32.0319923]]]}},{"type":"Feature","id":"way/938761059","properties":{"leisure":"stadium","osm_id":"way/938761059","label":"","category":"other","kind":"stadium"},"geometry":{"type":"Polygon","coordinates":[[[118.8388424,32.0349884],[118.8384028,32.0337421],[118.8383461,32.0337562],[118.8381869,32.0332299],[118.839091,32.0329868],[118.8392752,32.0329696],[118.8399288,32.0348449],[118.8389862,32.0350585],[118.8388424,32.0349884]]]}},{"type":"Feature","id":"way/943076166","properties":{"landuse":"grass","osm_id":"way/943076166","label":"","category":"green","kind":"grass"},"geometry":{"type":"Polygon","coordinates":[[[118.7962968,32.0590482],[118.7962952,32.0589684],[118.7963195,32.0589679],[118.7963201,32.0589989],[118.7963209,32.0590276],[118.7963213,32.0590481],[118.7962968,32.0590482]]]}},{"type":"Feature","id":"way/943076167","properties":{"landuse":"grass","osm_id":"way/943076167","label":"","category":"green","kind":"grass"},"geometry":{"type":"Polygon","coordinates":[[[118.7963213,32.0590481],[118.7963209,32.0590276],[118.7963738,32.0590269],[118.7963975,32.0590267],[118.7963979,32.0590474],[118.7963213,32.0590481]]]}},{"type":"Feature","id":"way/943076168","properties":{"landuse":"grass","osm_id":"way/943076168","label":"","category":"green","kind":"grass"},"geometry":{"type":"Polygon","coordinates":[[[118.7963738,32.0590269],[118.7963736,32.0589987],[118.7963721,32.0589672],[118.7963966,32.058966],[118.7963975,32.0590267],[118.7963738,32.0590269]]]}},{"type":"Feature","id":"way/943076169","properties":{"landuse":"grass","osm_id":"way/943076169","label":"","category":"green","kind":"grass"},"geometry":{"type":"Polygon","coordinates":[[[118.7963201,32.0589989],[118.7963195,32.0589679],[118.7963721,32.0589672],[118.7963736,32.0589987],[118.7963201,32.0589989]]]}},{"type":"Feature","id":"way/943076173","properties":{"landuse":"grass","osm_id":"way/943076173","label":"","category":"green","kind":"grass"},"geometry":{"type":"Polygon","coordinates":[[[118.7963029,32.0587782],[118.7963016,32.0587301],[118.7963542,32.0587006],[118.7964132,32.0587103],[118.7964416,32.0587369],[118.796446,32.0587786],[118.7963029,32.0587782]]]}},{"type":"Feature","id":"way/943076174","properties":{"landuse":"grass","osm_id":"way/943076174","label":"","category":"green","kind":"grass"},"geometry":{"type":"Polygon","coordinates":[[[118.7963511,32.058593],[118.7963083,32.058572],[118.7962827,32.0585451],[118.7962887,32.0585118],[118.7963434,32.0584915],[118.7964152,32.058506],[118.796446,32.058543],[118.7964306,32.0585828],[118.7963511,32.058593]]]}},{"type":"Feature","id":"way/943416391","properties":{"leisure":"track","osm_id":"way/943416391","label":"","category":"other","kind":"track"},"geometry":{"type":"Polygon","coordinates":[[[118.7955399,32.0588511],[118.7953965,32.0588017],[118.7953114,32.0587049],[118.7952934,32.0586422],[118.7953159,32.0578901],[118.795431,32.0577502],[118.7955809,32.0576908],[118.7957695,32.0577379],[118.7958323,32.0578219],[118.7958855,32.0579244],[118.7958759,32.0586703],[118.7957816,32.0587994],[118.7955399,32.0588511]]]}},{"type":"Feature","id":"way/944264350","properties":{"leisure":"garden","osm_id":"way/944264350","label":"","category":"green","kind":"garden"},"geometry":{"type":"Polygon","coordinates":[[[118.7967064,32.0578438],[118.7967233,32.0577047],[118.7968061,32.0577053],[118.797196,32.0577083],[118.7971924,32.057822],[118.79693,32.0578116],[118.7967064,32.0578438]]]}},{"type":"Feature","id":"way/959780566","properties":{"leisure":"park","osm_id":"way/959780566","label":"","category":"green","kind":"park"},"geometry":{"type":"Polygon","coordinates":[[[118.7911533,32.0622574],[118.7908739,32.0611993],[118.7908576,32.0611265],[118.7908977,32.0610504],[118.7909593,32.0609653],[118.7910095,32.0608918],[118.7910986,32.0608202],[118.7911647,32.060768],[118.7914067,32.0607196],[118.7915208,32.060737],[118.7916212,32.0607448],[118.7917216,32.0607912],[118.7918061,32.0608299],[118.7918654,32.060857],[118.7921644,32.0620388],[118.7921347,32.0620871],[118.7920891,32.0621239],[118.7912492,32.0622902],[118.7911853,32.0622883],[118.7911533,32.0622574]]]}},{"type":"Feature","id":"way/962588416","properties":{"landuse":"village_green","osm_id":"way/962588416","label":"","category":"green","kind":"village_green"},"geometry":{"type":"Polygon","coordinates":[[[118.818084,32.041463],[118.8181127,32.0414566],[118.8181422,32.0414588],[118.8181691,32.0414693],[118.8181902,32.0414869],[118.818203,32.0415096],[118.818206,32.0415346],[118.8181988,32.0415589],[118.8181824,32.0415798],[118.8181585,32.0415947],[118.8181302,32.0416019],[118.818104,32.0416011],[118.8180793,32.0415937],[118.8180584,32.0415803],[118.8180431,32.0415623],[118.818035,32.0415412],[118.8180348,32.041519],[118.8180424,32.0414977],[118.8180597,32.0414773],[118.818084,32.041463]]]}},{"type":"Feature","id":"way/962607668","properties":{"landuse":"village_green","osm_id":"way/962607668","label":"","category":"green","kind":"village_green"},"geometry":{"type":"Polygon","coordinates":[[[118.7915476,32.0437819],[118.7915365,32.0434841],[118.791875,32.0434815],[118.7918814,32.0437832],[118.7915476,32.0437819]]]}},{"type":"Feature","id":"way/965508874","properties":{"leisure":"track","osm_id":"way/965508874","label":"","category":"other","kind":"track"},"geometry":{"type":"Polygon","coordinates":[[[118.7828825,32.0494822],[118.7828236,32.049491],[118.7827635,32.0494843],[118.7827113,32.0494588],[118.7826844,32.0494213],[118.7825072,32.0489024],[118.7825278,32.0488246],[118.7825958,32.0487764],[118.7827018,32.0487455],[118.7827809,32.0487549],[118.7828299,32.0488005],[118.7830213,32.0493341],[118.783015,32.0493757],[118.7829944,32.0494199],[118.7829533,32.0494508],[118.7828825,32.0494822]]]}},{"type":"Feature","id":"way/965511090","properties":{"leisure":"pitch","layer":"1","osm_id":"way/965511090","label":"","category":"other","kind":"pitch"},"geometry":{"type":"Polygon","coordinates":[[[118.7842599,32.0610849],[118.7842833,32.060815],[118.7848203,32.0608485],[118.7847968,32.0611184],[118.7842599,32.0610849]]]}},{"type":"Feature","id":"way/965511091","properties":{"landuse":"grass","osm_id":"way/965511091","label":"","category":"green","kind":"grass"},"geometry":{"type":"Polygon","coordinates":[[[118.7920245,32.0444161],[118.7920208,32.0442484],[118.7920675,32.0442442],[118.7920699,32.0442234],[118.7926267,32.0442057],[118.7926329,32.0442296],[118.7926833,32.0442202],[118.7926882,32.0442994],[118.7920642,32.0444492],[118.7920687,32.0444151],[118.7920245,32.0444161]]]}},{"type":"Feature","id":"way/981895475","properties":{"name":"篮球场","leisure":"pitch","osm_id":"way/981895475","label":"篮球场","category":"other","kind":"pitch"},"geometry":{"type":"Polygon","coordinates":[[[118.7838636,32.0582385],[118.7834649,32.0582583],[118.7834168,32.0577409],[118.7838279,32.0577216],[118.7838636,32.0582385]]]}},{"type":"Feature","id":"way/982035129","properties":{"leisure":"park","osm_id":"way/982035129","label":"","category":"green","kind":"park"},"geometry":{"type":"Polygon","coordinates":[[[118.789546,32.0578256],[118.789418,32.0578303],[118.7894239,32.0579481],[118.7892249,32.0579552],[118.7892033,32.0575245],[118.789542,32.0577475],[118.789546,32.0578256]]]}},{"type":"Feature","id":"way/982266048","properties":{"leisure":"pitch","osm_id":"way/982266048","label":"","category":"other","kind":"pitch"},"geometry":{"type":"Polygon","coordinates":[[[118.7865609,32.0566889],[118.7864577,32.0566529],[118.7864092,32.0566118],[118.7863242,32.0561038],[118.7863879,32.056037],[118.7866186,32.0560215],[118.7866823,32.0560473],[118.7867248,32.0561218],[118.7867824,32.0565269],[118.7867794,32.0565976],[118.7866732,32.0566838],[118.7865609,32.0566889]]]}},{"type":"Feature","id":"way/982266618","properties":{"name":"桃李园","leisure":"park","osm_id":"way/982266618","label":"桃李园","category":"green","kind":"park"},"geometry":{"type":"Polygon","coordinates":[[[118.7896985,32.0585724],[118.7896792,32.0581969],[118.7898723,32.0581941],[118.7899142,32.0582241],[118.7899496,32.0583187],[118.7899592,32.0585642],[118.7896985,32.0585724]]]}},{"type":"Feature","id":"way/991480604","properties":{"name":"南京环境集团有限公司","landuse":"commercial","osm_id":"way/991480604","label":"南京环境集团有限公司","category":"commercial","kind":"commercial"},"geometry":{"type":"Polygon","coordinates":[[[118.8305014,32.1078332],[118.8304894,32.1073856],[118.8306597,32.107038],[118.8311009,32.1070266],[118.8311693,32.1072868],[118.831239,32.1072981],[118.8313074,32.1073368],[118.8313396,32.1073868],[118.831349,32.1078264],[118.8305014,32.1078332]]]}},{"type":"Feature","id":"way/991819837","properties":{"name":"月苑六村","landuse":"residential","osm_id":"way/991819837","label":"月苑六村","category":"residential","kind":"residential"},"geometry":{"type":"Polygon","coordinates":[[[118.8253945,32.0983518],[118.8253811,32.0982087],[118.8253543,32.0980451],[118.8252765,32.0978542],[118.8250136,32.097427],[118.8262099,32.0971907],[118.8264513,32.0980791],[118.8256171,32.0982677],[118.8253945,32.0983518]]]}},{"type":"Feature","id":"way/991819838","properties":{"landuse":"construction","osm_id":"way/991819838","label":"","category":"industrial","kind":"construction"},"geometry":{"type":"Polygon","coordinates":[[[118.8209555,32.1007171],[118.8209394,32.0992357],[118.8209957,32.0989062],[118.8220417,32.098888],[118.8232568,32.0986222],[118.823289,32.100674],[118.8232729,32.1007603],[118.8231495,32.1008603],[118.8231254,32.1009534],[118.8211539,32.1008648],[118.8209555,32.1007171]]]}},{"type":"Feature","id":"way/991819849","properties":{"name":"颐和家园·尚玄","landuse":"residential","osm_id":"way/991819849","label":"颐和家园尚玄","category":"residential","kind":"residential"},"geometry":{"type":"Polygon","coordinates":[[[118.8128981,32.0988244],[118.8111117,32.0985018],[118.8092637,32.0981428],[118.8092101,32.0980814],[118.8092396,32.0978292],[118.809261,32.0957887],[118.8097975,32.0958046],[118.8098726,32.0954888],[118.8122731,32.0959819],[118.8126218,32.0978633],[118.8128981,32.0988244]]]}},{"type":"Feature","id":"way/991819856","properties":{"name":"北苑之星","landuse":"residential","osm_id":"way/991819856","label":"北苑之星","category":"residential","kind":"residential"},"geometry":{"type":"Polygon","coordinates":[[[118.8187145,32.1041696],[118.817602,32.1041655],[118.8176067,32.1046853],[118.8170956,32.1046817],[118.8170904,32.1042911],[118.8165566,32.1042957],[118.8165137,32.1036118],[118.8162374,32.1036004],[118.816224,32.103355],[118.8168061,32.1024349],[118.8157694,32.1020713],[118.8157238,32.101985],[118.8157158,32.1013317],[118.8157453,32.1012931],[118.8158552,32.1012772],[118.8164628,32.1015215],[118.8173667,32.1020713],[118.818693,32.102503],[118.8187145,32.1041696]]]}},{"type":"Feature","id":"way/991819857","properties":{"name":"北苑三村","landuse":"residential","osm_id":"way/991819857","label":"北苑三村","category":"residential","kind":"residential"},"geometry":{"type":"Polygon","coordinates":[[[118.8164842,32.1054487],[118.8164788,32.1046774],[118.8170956,32.1046817],[118.8176067,32.1046853],[118.8180874,32.104681],[118.8180685,32.1053226],[118.8164842,32.1054487]]]}},{"type":"Feature","id":"way/991819858","properties":{"name":"北苑二村","landuse":"residential","osm_id":"way/991819858","label":"北苑二村","category":"residential","kind":"residential"},"geometry":{"type":"Polygon","coordinates":[[[118.8142231,32.1033687],[118.8141131,32.1032312],[118.8138744,32.1020168],[118.8137671,32.1013897],[118.8138288,32.1012931],[118.813971,32.1012374],[118.8155454,32.1012284],[118.815579,32.1012545],[118.8155857,32.1021315],[118.8165821,32.1024667],[118.8160148,32.1033925],[118.8142231,32.1033687]]]}},{"type":"Feature","id":"way/991819859","properties":{"name":"北苑一村","landuse":"residential","osm_id":"way/991819859","label":"北苑一村","category":"residential","kind":"residential"},"geometry":{"type":"Polygon","coordinates":[[[118.8144283,32.1055873],[118.8144538,32.1053613],[118.8142151,32.1053567],[118.8142902,32.1048205],[118.8143197,32.1044116],[118.8142768,32.1036072],[118.816039,32.103622],[118.8163394,32.1047092],[118.8163233,32.1054658],[118.8149782,32.1055419],[118.8144283,32.1055873]]]}},{"type":"Feature","id":"way/991819862","properties":{"name":"月苑四村","landuse":"residential","osm_id":"way/991819862","label":"月苑四村","category":"residential","kind":"residential"},"geometry":{"type":"Polygon","coordinates":[[[118.8233842,32.1003956],[118.8233802,32.0984859],[118.8238563,32.0987324],[118.8242117,32.0988687],[118.8244316,32.0988642],[118.8246408,32.0988096],[118.8248768,32.0987176],[118.8252,32.0987142],[118.8251974,32.099213],[118.8251571,32.0994016],[118.8250941,32.0995118],[118.8250056,32.099622],[118.8248044,32.099731],[118.8245469,32.0998469],[118.8243525,32.0999685],[118.8242197,32.1001105],[118.82415,32.1002366],[118.8241245,32.1004024],[118.8233842,32.1003956]]]}},{"type":"Feature","id":"way/991819863","properties":{"name":"月苑五村","landuse":"residential","osm_id":"way/991819863","label":"月苑五村","category":"residential","kind":"residential"},"geometry":{"type":"Polygon","coordinates":[[[118.8259328,32.1003846],[118.8258974,32.100257],[118.8258116,32.1001002],[118.82566,32.0999469],[118.8254106,32.0996413],[118.8253435,32.0994709],[118.8253382,32.0989403],[118.8253516,32.0986415],[118.8254321,32.0984961],[118.8256225,32.0984041],[118.8264942,32.0982268],[118.8271183,32.1001983],[118.8265631,32.1003483],[118.8259328,32.1003846]]]}},{"type":"Feature","id":"way/991819864","properties":{"landuse":"commercial","osm_id":"way/991819864","label":"","category":"commercial","kind":"commercial"},"geometry":{"type":"Polygon","coordinates":[[[118.8250726,32.1006092],[118.825074,32.0998321],[118.8252041,32.0998503],[118.825314,32.0998912],[118.8254535,32.099965],[118.8255984,32.1000866],[118.8256802,32.1002116],[118.8257325,32.1004138],[118.8257486,32.1006081],[118.8250726,32.1006092]]]}},{"type":"Feature","id":"way/991819866","properties":{"landuse":"retail","osm_id":"way/991819866","label":"","category":"commercial","kind":"retail"},"geometry":{"type":"Polygon","coordinates":[[[118.8267839,32.1014192],[118.8272989,32.1014272],[118.8274437,32.1015203],[118.8276288,32.1019282],[118.8267812,32.1018964],[118.8267839,32.1014192]]]}},{"type":"Feature","id":"way/991819867","properties":{"name":"紫萝苑","landuse":"residential","osm_id":"way/991819867","label":"紫萝苑","category":"residential","kind":"residential"},"geometry":{"type":"Polygon","coordinates":[[[118.8268563,32.1032869],[118.8267195,32.1030938],[118.8261563,32.1026212],[118.8260516,32.1014101],[118.8267839,32.1014192],[118.8267812,32.1018964],[118.8276288,32.1019282],[118.8279882,32.1030665],[118.8268563,32.1032869]]]}},{"type":"Feature","id":"way/991819868","properties":{"name":"雯锦雅苑","landuse":"residential","osm_id":"way/991819868","label":"雯锦雅苑","category":"residential","kind":"residential"},"geometry":{"type":"Polygon","coordinates":[[[118.8269556,32.104641],[118.8270441,32.1043048],[118.8270521,32.103964],[118.8269931,32.1035573],[118.8270467,32.1034755],[118.8280418,32.1033073],[118.828133,32.1033846],[118.8285515,32.1048796],[118.8285917,32.1051477],[118.8284469,32.105175],[118.8269556,32.104641]]]}},{"type":"Feature","id":"way/991819869","properties":{"name":"营苑东村","landuse":"residential","osm_id":"way/991819869","label":"营苑东村","category":"residential","kind":"residential"},"geometry":{"type":"Polygon","coordinates":[[[118.8267504,32.1066063],[118.8266484,32.1064768],[118.8268965,32.1051],[118.8269556,32.1050795],[118.8281813,32.1054771],[118.8280043,32.1064711],[118.8273861,32.1066586],[118.8267504,32.1066063]]]}},{"type":"Feature","id":"way/991819870","properties":{"landuse":"commercial","osm_id":"way/991819870","label":"","category":"commercial","kind":"commercial"},"geometry":{"type":"Polygon","coordinates":[[[118.8274612,32.1067211],[118.827893,32.1065586],[118.8287151,32.1066234],[118.8286816,32.1068108],[118.8285448,32.1068824],[118.8274612,32.1067211]]]}},{"type":"Feature","id":"way/991819871","properties":{"name":"美达浅草明苑","landuse":"residential","osm_id":"way/991819871","label":"美达浅草明苑","category":"residential","kind":"residential"},"geometry":{"type":"Polygon","coordinates":[[[118.826285,32.1091328],[118.8263011,32.1090373],[118.8260698,32.1090305],[118.8263279,32.1073686],[118.8264137,32.1069074],[118.8285729,32.1073674],[118.8287097,32.107447],[118.8288184,32.1090657],[118.826285,32.1091328]]]}},{"type":"Feature","id":"way/991819872","properties":{"name":"祥和佳园","landuse":"residential","osm_id":"way/991819872","label":"祥和佳园","category":"residential","kind":"residential"},"geometry":{"type":"Polygon","coordinates":[[[118.8214222,32.1063621],[118.8220806,32.1064734],[118.8221262,32.1063598],[118.8227203,32.1064496],[118.8236095,32.1065938],[118.8236564,32.1063996],[118.8249949,32.106654],[118.8264137,32.1069074],[118.8263279,32.1073686],[118.8243565,32.1072607],[118.8215254,32.1069914],[118.8214222,32.1063621]]]}},{"type":"Feature","id":"way/991819873","properties":{"name":"营苑西村北区","landuse":"residential","osm_id":"way/991819873","label":"营苑西村北区","category":"residential","kind":"residential"},"geometry":{"type":"Polygon","coordinates":[[[118.8214222,32.1063621],[118.8215066,32.1059895],[118.8227901,32.1062087],[118.8227203,32.1064496],[118.8221262,32.1063598],[118.8220806,32.1064734],[118.8214222,32.1063621]]]}},{"type":"Feature","id":"way/991819938","properties":{"name":"六角广场","landuse":"retail","osm_id":"way/991819938","label":"六角广场","category":"commercial","kind":"retail"},"geometry":{"type":"Polygon","coordinates":[[[118.8050392,32.0839154],[118.8050017,32.0835154],[118.8045027,32.0835745],[118.8044759,32.0827291],[118.8044357,32.0817132],[118.8044652,32.0812428],[118.8050821,32.0814201],[118.8053799,32.0815587],[118.8056213,32.0817451],[118.8061309,32.0825177],[118.8073057,32.0838495],[118.8066646,32.0841835],[118.8056266,32.083954],[118.8050392,32.0839154]]]}},{"type":"Feature","id":"way/992358630","properties":{"name":"中国人民解放军东部战区总医院","amenity":"hospital","osm_id":"way/992358630","label":"中国人民解放军东部战区总医院","category":"civic","kind":"hospital"},"geometry":{"type":"Polygon","coordinates":[[[118.8022261,32.0443579],[118.8020973,32.0424667],[118.8051428,32.0422474],[118.8057665,32.046775],[118.8040122,32.0468383],[118.8037373,32.0442429],[118.8022261,32.0443579]]]}},{"type":"Feature","id":"way/992360040","properties":{"name":"南京城际场","landuse":"railway","osm_id":"way/992360040","label":"南京城际场","category":"industrial","kind":"railway"},"geometry":{"type":"Polygon","coordinates":[[[118.7949131,32.0880347],[118.7953007,32.0886327],[118.7923569,32.0899966],[118.7911596,32.0905513],[118.7907756,32.0899899],[118.7949131,32.0880347]]]}},{"type":"Feature","id":"way/992360041","properties":{"name":"南京普速场","landuse":"railway","osm_id":"way/992360041","label":"南京普速场","category":"industrial","kind":"railway"},"geometry":{"type":"Polygon","coordinates":[[[118.7901998,32.0901722],[118.7897379,32.0895127],[118.7949311,32.0870369],[118.7954186,32.0877882],[118.7953329,32.08783],[118.7949131,32.0880347],[118.7901998,32.0901722]]]}},{"type":"Feature","id":"way/992989410","properties":{"landuse":"governmental","osm_id":"way/992989410","label":"","category":"other","kind":"governmental"},"geometry":{"type":"Polygon","coordinates":[[[118.7900921,32.0607721],[118.7901135,32.060721],[118.7901489,32.060674],[118.7906125,32.060576],[118.791185,32.0604549],[118.7926554,32.0601419],[118.7936617,32.0636173],[118.7920286,32.0638422],[118.7915693,32.0637643],[118.7900921,32.0607721]]]}},{"type":"Feature","id":"way/1002181759","properties":{"name":"南京新干线物流","landuse":"railway","osm_id":"way/1002181759","label":"南京新干线物流","category":"industrial","kind":"railway"},"geometry":{"type":"Polygon","coordinates":[[[118.879277,32.0971012],[118.8797229,32.0960728],[118.880183,32.0962167],[118.8807459,32.0964204],[118.8808608,32.0963246],[118.8844292,32.0979854],[118.8847985,32.0981495],[118.885644,32.0981476],[118.8857643,32.0984084],[118.8851414,32.0985703],[118.8847981,32.0986723],[118.8846176,32.0988162],[118.8838071,32.0989811],[118.8805167,32.0977587],[118.8806043,32.0975853],[118.8805865,32.097485],[118.8796894,32.0971527],[118.8794787,32.0971732],[118.879277,32.0971012]]]}},{"type":"Feature","id":"way/1002238823","properties":{"landuse":"commercial","osm_id":"way/1002238823","label":"","category":"commercial","kind":"commercial"},"geometry":{"type":"Polygon","coordinates":[[[118.8815144,32.0875469],[118.8811415,32.0864243],[118.8824156,32.0861561],[118.8827482,32.0862697],[118.8830405,32.0871651],[118.8815144,32.0875469]]]}},{"type":"Feature","id":"way/1002238824","properties":{"name":"苏宁总部","landuse":"commercial","osm_id":"way/1002238824","label":"苏宁总部","category":"commercial","kind":"commercial"},"geometry":{"type":"Polygon","coordinates":[[[118.8875762,32.089033],[118.8868707,32.0868833],[118.8880026,32.0865811],[118.8882896,32.0866197],[118.8885713,32.0871787],[118.8890272,32.088324],[118.8890326,32.0886513],[118.8889441,32.0889308],[118.8888462,32.0891614],[118.8887644,32.0891739],[118.8882682,32.0891148],[118.8877425,32.0891035],[118.8875762,32.089033]]]}},{"type":"Feature","id":"way/1002238825","properties":{"leisure":"pitch","osm_id":"way/1002238825","label":"","category":"other","kind":"pitch"},"geometry":{"type":"Polygon","coordinates":[[[118.8896441,32.0913058],[118.8894731,32.0912332],[118.8896461,32.0909406],[118.8898171,32.0910132],[118.8896441,32.0913058]]]}},{"type":"Feature","id":"way/1002238826","properties":{"leisure":"pitch","osm_id":"way/1002238826","label":"","category":"other","kind":"pitch"},"geometry":{"type":"Polygon","coordinates":[[[118.8896461,32.0909406],[118.8898044,32.0906728],[118.8899754,32.0907454],[118.8898171,32.0910132],[118.8896461,32.0909406]]]}},{"type":"Feature","id":"way/1002238830","properties":{"natural":"wood","osm_id":"way/1002238830","label":"","category":"green","kind":"wood"},"geometry":{"type":"Polygon","coordinates":[[[118.8809431,32.0962977],[118.8806132,32.0959433],[118.880648,32.0959114],[118.880015,32.0951968],[118.8798085,32.095382],[118.8794303,32.0951559],[118.8794624,32.094714],[118.8794732,32.0942845],[118.8795644,32.0941788],[118.8801626,32.0940164],[118.8808197,32.0939095],[118.8812998,32.0939618],[118.8816914,32.0940959],[118.882134,32.094339],[118.8826087,32.0945549],[118.88237,32.0949786],[118.8822238,32.0952672],[118.8821709,32.0957405],[118.8821916,32.0959756],[118.8824035,32.0960784],[118.8825926,32.0961183],[118.8828762,32.0960904],[118.8829574,32.0962443],[118.8835153,32.0961097],[118.8839545,32.0961977],[118.8843012,32.0956342],[118.8847733,32.096],[118.8847733,32.0961546],[118.8848859,32.0962023],[118.8847625,32.0963568],[118.8845587,32.0964818],[118.8843521,32.096425],[118.8842288,32.0965386],[118.8843146,32.096584],[118.8839686,32.0967431],[118.8837165,32.0969158],[118.8832873,32.0974247],[118.881906,32.0967885],[118.8809431,32.0962977]]]}},{"type":"Feature","id":"way/1002238831","properties":{"landuse":"commercial","osm_id":"way/1002238831","label":"","category":"commercial","kind":"commercial"},"geometry":{"type":"Polygon","coordinates":[[[118.8834617,32.097477],[118.8838264,32.0969862],[118.8840839,32.0968271],[118.8848591,32.0964954],[118.8852695,32.0964],[118.8858139,32.0965181],[118.8869616,32.0965322],[118.8869861,32.0966204],[118.8864577,32.0972112],[118.8859132,32.0977497],[118.8852158,32.09807],[118.8848993,32.0980769],[118.8846901,32.0980246],[118.8844272,32.0978656],[118.8840544,32.0977906],[118.8834617,32.097477]]]}},{"type":"Feature","id":"way/1002238834","properties":{"landuse":"commercial","osm_id":"way/1002238834","label":"","category":"commercial","kind":"commercial"},"geometry":{"type":"Polygon","coordinates":[[[118.8823271,32.0938391],[118.8827079,32.093279],[118.8828448,32.0929472],[118.8830016,32.0923825],[118.8832229,32.091911],[118.8835796,32.0914986],[118.8839807,32.0911248],[118.8842623,32.0907976],[118.8844246,32.0904999],[118.8845372,32.0901307],[118.8846405,32.0897716],[118.885248,32.0899306],[118.8853016,32.0902601],[118.8852829,32.090601],[118.8851461,32.0911259],[118.8849288,32.0914395],[118.8843226,32.0919667],[118.8838989,32.0926166],[118.8839498,32.0933233],[118.8836816,32.0939141],[118.8833463,32.0942118],[118.8829547,32.094264],[118.8825041,32.0940947],[118.8823271,32.0938391]]]}},{"type":"Feature","id":"way/1002238839","properties":{"name":"江苏省南京徐庄高新区","landuse":"commercial","osm_id":"way/1002238839","label":"江苏省南京徐庄高新区","category":"commercial","kind":"commercial"},"geometry":{"type":"Polygon","coordinates":[[[118.8803114,32.0979462],[118.8798957,32.0988096],[118.8787436,32.0985018],[118.8791245,32.0975043],[118.8803114,32.0979462]]]}},{"type":"Feature","id":"way/1002238840","properties":{"name":"苏宁·紫金嘉悦","landuse":"commercial","osm_id":"way/1002238840","label":"苏宁紫金嘉悦","category":"commercial","kind":"commercial"},"geometry":{"type":"Polygon","coordinates":[[[118.8814715,32.0993198],[118.8798957,32.0988096],[118.8803114,32.0979462],[118.8846311,32.0994902],[118.8847169,32.0996742],[118.883974,32.1005104],[118.8829681,32.0999491],[118.8814715,32.0993198]]]}},{"type":"Feature","id":"way/1002238842","properties":{"landuse":"commercial","osm_id":"way/1002238842","label":"","category":"commercial","kind":"commercial"},"geometry":{"type":"Polygon","coordinates":[[[118.8769975,32.0964931],[118.8769847,32.095707],[118.8775071,32.0957069],[118.8775165,32.0952013],[118.8788,32.0957069],[118.8789609,32.0959296],[118.878859,32.0965249],[118.87869,32.0971998],[118.8770163,32.0965931],[118.8769975,32.0964931]]]}},{"type":"Feature","id":"way/1002238843","properties":{"name":"中国邮政南京运输中心局","landuse":"industrial","osm_id":"way/1002238843","label":"中国邮政南京运输中心局","category":"industrial","kind":"industrial"},"geometry":{"type":"Polygon","coordinates":[[[118.8716626,32.0953956],[118.8724458,32.0951275],[118.8733095,32.0948594],[118.8734409,32.0951707],[118.8749014,32.0949855],[118.8758938,32.0948502],[118.8759367,32.0949332],[118.8764799,32.0949287],[118.8769734,32.095015],[118.8769847,32.095707],[118.8769975,32.0964931],[118.8751334,32.0977883],[118.8736635,32.0974043],[118.8731834,32.0970089],[118.8729635,32.0967772],[118.8727757,32.0965795],[118.8718745,32.0958887],[118.8716626,32.0953956]]]}},{"type":"Feature","id":"way/1002238851","properties":{"name":"江苏中星微电子研发测试基地","landuse":"commercial","osm_id":"way/1002238851","label":"江苏中星微电子研发测试基地","category":"commercial","kind":"commercial"},"geometry":{"type":"Polygon","coordinates":[[[118.8743985,32.0894091],[118.8742617,32.089216],[118.8747767,32.0879377],[118.8754204,32.0865061],[118.877137,32.0860311],[118.8773514,32.0866694],[118.8779631,32.0884899],[118.8743985,32.0894091]]]}},{"type":"Feature","id":"way/1003507997","properties":{"landuse":"farmland","osm_id":"way/1003507997","label":"","category":"other","kind":"farmland"},"geometry":{"type":"Polygon","coordinates":[[[118.8668293,32.0408062],[118.867237,32.0390259],[118.8673899,32.0391032],[118.8681811,32.0395966],[118.8680094,32.0404537],[118.8675052,32.0403833],[118.8673872,32.0409107],[118.8668293,32.0408062]]]}},{"type":"Feature","id":"way/1003507998","properties":{"landuse":"farmland","osm_id":"way/1003507998","label":"","category":"other","kind":"farmland"},"geometry":{"type":"Polygon","coordinates":[[[118.8701901,32.0307584],[118.8702263,32.0306743],[118.8717484,32.0303992],[118.8721575,32.0304151],[118.8723358,32.030356],[118.8728602,32.030572],[118.8731566,32.0300831],[118.873854,32.0304992],[118.8729608,32.032],[118.8742134,32.0327867],[118.8737521,32.0335553],[118.8728937,32.033171],[118.8717967,32.0322478],[118.8705361,32.0311427],[118.8701901,32.0307584]]]}},{"type":"Feature","id":"way/1003507999","properties":{"landuse":"farmland","osm_id":"way/1003507999","label":"","category":"other","kind":"farmland"},"geometry":{"type":"Polygon","coordinates":[[[118.8680725,32.0367283],[118.8674368,32.0364759],[118.8688691,32.0340316],[118.8696107,32.0343443],[118.8700882,32.0335791],[118.8683072,32.0328436],[118.8675401,32.0341078],[118.8659012,32.0333711],[118.8666576,32.0322023],[118.8667649,32.032075],[118.8671109,32.0317726],[118.8675696,32.0314497],[118.8680819,32.0312291],[118.8681462,32.0312337],[118.8683608,32.0313155],[118.8685191,32.0310631],[118.8691655,32.0308676],[118.86949,32.0307812],[118.8695383,32.0309199],[118.8696241,32.0311245],[118.8706246,32.0320091],[118.8708298,32.0321057],[118.8706984,32.0323467],[118.8712737,32.0325832],[118.871668,32.0329118],[118.8721213,32.0332779],[118.8734221,32.0340691],[118.8716358,32.0369591],[118.8705388,32.0364452],[118.8704449,32.0360792],[118.8696161,32.035779],[118.869018,32.0367726],[118.868672,32.0366817],[118.8685486,32.0368863],[118.8680725,32.0367283]]]}},{"type":"Feature","id":"way/1003508000","properties":{"landuse":"farmland","osm_id":"way/1003508000","label":"","category":"other","kind":"farmland"},"geometry":{"type":"Polygon","coordinates":[[[118.8670787,32.0362474],[118.8673054,32.0358563],[118.8676433,32.0359882],[118.8674127,32.036385],[118.8670787,32.0362474]]]}},{"type":"Feature","id":"way/1003508001","properties":{"landuse":"farmland","osm_id":"way/1003508001","label":"","category":"other","kind":"farmland"},"geometry":{"type":"Polygon","coordinates":[[[118.8648538,32.0404481],[118.8655633,32.0392226],[118.8661896,32.0394909],[118.8655592,32.0405674],[118.8648538,32.0404481]]]}},{"type":"Feature","id":"way/1003508002","properties":{"name":"圣和药业","landuse":"industrial","osm_id":"way/1003508002","label":"圣和药业","category":"industrial","kind":"industrial"},"geometry":{"type":"Polygon","coordinates":[[[118.8744119,32.0195589],[118.8744843,32.019477],[118.8758844,32.0187129],[118.8776225,32.0204845],[118.87766,32.0205982],[118.8776171,32.0207164],[118.8759997,32.0216352],[118.8754123,32.0207801],[118.8748518,32.0200615],[118.8744119,32.0195589]]]}},{"type":"Feature","id":"way/1015768056","properties":{"name":"湖景花园","landuse":"residential","osm_id":"way/1015768056","label":"湖景花园","category":"residential","kind":"residential"},"geometry":{"type":"Polygon","coordinates":[[[118.7847079,32.0908641],[118.7844342,32.0891044],[118.7849148,32.088645],[118.7856789,32.0884048],[118.7862646,32.08862],[118.7867018,32.0887807],[118.7873487,32.0891255],[118.7859007,32.0901956],[118.7847079,32.0908641]]]}},{"type":"Feature","id":"way/1015768057","properties":{"name":"韶山路106号院","landuse":"residential","osm_id":"way/1015768057","label":"韶山路号院","category":"residential","kind":"residential"},"geometry":{"type":"Polygon","coordinates":[[[118.7814561,32.0931107],[118.7818258,32.0925364],[118.7838963,32.0919308],[118.7839826,32.0922441],[118.7814561,32.0931107]]]}},{"type":"Feature","id":"way/1015768058","properties":{"name":"韶山路246号院","landuse":"residential","osm_id":"way/1015768058","label":"韶山路号院","category":"residential","kind":"residential"},"geometry":{"type":"Polygon","coordinates":[[[118.7846234,32.0920248],[118.7844139,32.0917325],[118.7870143,32.0901872],[118.7876675,32.0904378],[118.7846234,32.0920248]]]}},{"type":"Feature","id":"way/1021396002","properties":{"landuse":"industrial","osm_id":"way/1021396002","label":"","category":"industrial","kind":"industrial"},"geometry":{"type":"Polygon","coordinates":[[[118.8832283,32.0788929],[118.8812247,32.0777884],[118.8818014,32.076977],[118.8833946,32.0778634],[118.8832283,32.0788929]]]}},{"type":"Feature","id":"way/1021396003","properties":{"landuse":"industrial","osm_id":"way/1021396003","label":"","category":"industrial","kind":"industrial"},"geometry":{"type":"Polygon","coordinates":[[[118.8790521,32.0811542],[118.8789797,32.0810655],[118.8792801,32.0806656],[118.8799775,32.0794792],[118.8805461,32.0786793],[118.8807607,32.0785065],[118.8810477,32.0791633],[118.8809404,32.0793361],[118.8809377,32.079752],[118.8800096,32.0805338],[118.8799667,32.0805178],[118.879669,32.0807678],[118.8790521,32.0811542]]]}},{"type":"Feature","id":"way/1021396005","properties":{"name":"紫气路9号小区","landuse":"residential","osm_id":"way/1021396005","label":"紫气路号小区","category":"residential","kind":"residential"},"geometry":{"type":"Polygon","coordinates":[[[118.8812998,32.0855607],[118.881112,32.0844358],[118.8824317,32.084229],[118.8829493,32.0840881],[118.8831559,32.0839676],[118.8834451,32.0839933],[118.8833758,32.0843767],[118.8831773,32.0845244],[118.8834161,32.0850403],[118.8826302,32.0852948],[118.8820267,32.0854584],[118.8812998,32.0855607]]]}},{"type":"Feature","id":"way/1021396009","properties":{"name":"徐庄软件园人才公寓","landuse":"residential","osm_id":"way/1021396009","label":"徐庄软件园人才公寓","category":"residential","kind":"residential"},"geometry":{"type":"Polygon","coordinates":[[[118.8834161,32.0850403],[118.8831773,32.0845244],[118.8833758,32.0843767],[118.8834451,32.0839933],[118.8834724,32.0838427],[118.8840142,32.0832813],[118.884661,32.0840407],[118.8847169,32.0841063],[118.8844004,32.0841835],[118.8842529,32.0843381],[118.8840893,32.0846744],[118.8839284,32.0848085],[118.8834161,32.0850403]]]}},{"type":"Feature","id":"way/1021396014","properties":{"landuse":"industrial","osm_id":"way/1021396014","label":"","category":"industrial","kind":"industrial"},"geometry":{"type":"Polygon","coordinates":[[[118.8834241,32.0747861],[118.8839632,32.0740179],[118.8865918,32.0752293],[118.8871819,32.0759224],[118.8865408,32.0762497],[118.8834241,32.0747861]]]}},{"type":"Feature","id":"way/1021396086","properties":{"landuse":"retail","osm_id":"way/1021396086","label":"","category":"commercial","kind":"retail"},"geometry":{"type":"Polygon","coordinates":[[[118.8733642,32.106258],[118.8733223,32.105875],[118.8732104,32.1053998],[118.8738374,32.1054567],[118.8740712,32.1053613],[118.874082,32.1051704],[118.8755143,32.1052499],[118.8757986,32.1054817],[118.8757449,32.1063132],[118.8733642,32.106258]]]}},{"type":"Feature","id":"way/1021396087","properties":{"name":"南京港华燃气","landuse":"commercial","osm_id":"way/1021396087","label":"南京港华燃气","category":"commercial","kind":"commercial"},"geometry":{"type":"Polygon","coordinates":[[[118.8760722,32.1059906],[118.8758455,32.1055581],[118.8757691,32.1054124],[118.8765295,32.1050795],[118.8766569,32.1050739],[118.876901,32.105284],[118.876968,32.1053919],[118.8769371,32.1054851],[118.8768714,32.1055578],[118.8760722,32.1059906]]]}},{"type":"Feature","id":"way/1021396088","properties":{"name":"北京东路小学阳光分校","amenity":"school","osm_id":"way/1021396088","label":"北京东路小学阳光分校","category":"civic","kind":"school"},"geometry":{"type":"Polygon","coordinates":[[[118.8619061,32.0974781],[118.8616687,32.0974543],[118.8609526,32.0973941],[118.860976,32.0972219],[118.8607876,32.0972101],[118.860746,32.0967925],[118.8605858,32.0967391],[118.8605422,32.0962534],[118.8613079,32.0963261],[118.8620362,32.0963954],[118.8619061,32.0974781]]]}},{"type":"Feature","id":"way/1021396090","properties":{"landuse":"commercial","osm_id":"way/1021396090","label":"","category":"commercial","kind":"commercial"},"geometry":{"type":"Polygon","coordinates":[[[118.8593486,32.0985427],[118.8591582,32.0981791],[118.8594371,32.0980678],[118.8599708,32.0981677],[118.860152,32.0981268],[118.860054,32.098395],[118.859826,32.098479],[118.8597536,32.0985427],[118.8593486,32.0985427]]]}},{"type":"Feature","id":"way/1021396092","properties":{"natural":"wood","osm_id":"way/1021396092","label":"","category":"green","kind":"wood"},"geometry":{"type":"Polygon","coordinates":[[[118.8636804,32.0880468],[118.8638118,32.0879445],[118.863911,32.08784],[118.8640344,32.0877605],[118.86419,32.0877037],[118.8642544,32.0876128],[118.8643026,32.0875559],[118.8644099,32.0875196],[118.8645467,32.0874832],[118.8646245,32.0873923],[118.8648578,32.0872514],[118.865118,32.0870605],[118.8652387,32.0868742],[118.8653943,32.0867356],[118.8655525,32.0866629],[118.8657001,32.0866447],[118.8658959,32.0865356],[118.8662204,32.086372],[118.8663384,32.0863038],[118.8662606,32.0862175],[118.8663465,32.0861129],[118.8662472,32.0859175],[118.8661748,32.0857152],[118.8661346,32.0855539],[118.8660702,32.085413],[118.8657886,32.0852835],[118.8663384,32.0850267],[118.8665181,32.0849312],[118.866669,32.0852575],[118.866777,32.0854755],[118.8665847,32.0855625],[118.8665793,32.0856307],[118.8667081,32.0856943],[118.8667676,32.08583],[118.8666469,32.0858595],[118.867009,32.0866651],[118.8685057,32.0863788],[118.8701431,32.0859692],[118.8703135,32.0859266],[118.8703671,32.0858948],[118.8704127,32.0858766],[118.8704824,32.0859129],[118.8705328,32.0859578],[118.8705837,32.0859749],[118.8706407,32.0860021],[118.8706581,32.0860373],[118.8706246,32.0860811],[118.8704556,32.0861765],[118.8703537,32.0861561],[118.8700238,32.086147],[118.8698629,32.0862061],[118.8698065,32.0862924],[118.8696215,32.0863015],[118.8693345,32.0863424],[118.8692218,32.0864129],[118.8690314,32.0864583],[118.8688302,32.086497],[118.868452,32.0866265],[118.8683689,32.0866879],[118.868157,32.086631],[118.8680041,32.0866674],[118.8676286,32.0867129],[118.8675025,32.0867651],[118.8674757,32.0868901],[118.8673899,32.0870083],[118.8672209,32.0870787],[118.867135,32.087081],[118.8670653,32.0869946],[118.867009,32.0868515],[118.8668749,32.0867878],[118.8667408,32.0867401],[118.8665369,32.0866924],[118.8663572,32.0866969],[118.8661936,32.0867969],[118.8659656,32.0869469],[118.8658583,32.0870946],[118.8658556,32.0871719],[118.8657403,32.0873378],[118.8656974,32.087381],[118.8657027,32.0875446],[118.8656008,32.0877014],[118.865456,32.0879105],[118.8654318,32.0881241],[118.8654453,32.08824],[118.8653809,32.0882513],[118.865338,32.0880013],[118.8656035,32.0872355],[118.8653313,32.0871913],[118.8648324,32.0878275],[118.8637836,32.0880638],[118.8636804,32.0880468]]]}},{"type":"Feature","id":"way/1021396109","properties":{"natural":"wood","osm_id":"way/1021396109","label":"","category":"green","kind":"wood"},"geometry":{"type":"Polygon","coordinates":[[[118.8625324,32.0878332],[118.862578,32.0877537],[118.8628247,32.0876241],[118.8630769,32.087381],[118.8632727,32.0871242],[118.8635141,32.0869015],[118.8636669,32.086681],[118.8639325,32.0864447],[118.8641417,32.0863697],[118.8646191,32.0862561],[118.8650456,32.0861811],[118.8654238,32.0860425],[118.8658449,32.0859493],[118.8658503,32.086072],[118.8657189,32.0862464],[118.8656706,32.0863106],[118.8655391,32.0863833],[118.8652655,32.0864083],[118.8649678,32.0864424],[118.8643885,32.086547],[118.8639969,32.0867151],[118.8637742,32.0869015],[118.8635302,32.0871764],[118.8635141,32.0872423],[118.8635275,32.087306],[118.863329,32.0874105],[118.863093,32.0877741],[118.8625324,32.0878332]]]}},{"type":"Feature","id":"way/1021396110","properties":{"natural":"wood","osm_id":"way/1021396110","label":"","category":"green","kind":"wood"},"geometry":{"type":"Polygon","coordinates":[[[118.8598944,32.0915724],[118.8598622,32.0915622],[118.8598488,32.0915236],[118.8598609,32.0914588],[118.8598756,32.0913713],[118.8599601,32.0913054],[118.8600352,32.0911611],[118.8601238,32.0910634],[118.8602109,32.0910271],[118.8603048,32.0909112],[118.8603491,32.0909044],[118.8603786,32.0908544],[118.8604014,32.0907771],[118.8603745,32.0907214],[118.8603933,32.0906794],[118.8606508,32.0903772],[118.8608681,32.0901999],[118.8610116,32.0900454],[118.8611443,32.0898363],[118.8612986,32.0896273],[118.8613307,32.0894977],[118.8613535,32.0893273],[118.8613589,32.0892273],[118.8614206,32.0891273],[118.861493,32.0890717],[118.8615802,32.0889285],[118.8616915,32.0888217],[118.8617599,32.0887069],[118.8617197,32.0886569],[118.8617505,32.0886035],[118.8618068,32.0885729],[118.8618819,32.088574],[118.8619664,32.0885433],[118.8620134,32.0885263],[118.8619973,32.088582],[118.8619503,32.0886729],[118.8619423,32.0887433],[118.8618806,32.0888762],[118.8617438,32.0890342],[118.861654,32.0891932],[118.8616593,32.0892887],[118.8616996,32.0893569],[118.8616499,32.0894409],[118.8615346,32.0894955],[118.8615239,32.0895773],[118.8614058,32.0896909],[118.8614139,32.089825],[118.8611671,32.0901193],[118.8608091,32.0905124],[118.8607594,32.0906396],[118.860632,32.090851],[118.8604456,32.0910418],[118.8602673,32.091143],[118.8600916,32.0913293],[118.8599575,32.0915247],[118.8598944,32.0915724]]]}},{"type":"Feature","id":"way/1021396131","properties":{"name":"紫柚园","landuse":"residential","osm_id":"way/1021396131","label":"紫柚园","category":"residential","kind":"residential"},"geometry":{"type":"Polygon","coordinates":[[[118.8742644,32.0799951],[118.8735214,32.0790974],[118.874487,32.0784088],[118.8747659,32.0782906],[118.8751227,32.0786065],[118.8761285,32.0777793],[118.8769975,32.0772679],[118.8766354,32.0768884],[118.8769895,32.076627],[118.8776064,32.0754656],[118.8802389,32.07177],[118.8804227,32.0718143],[118.880412,32.0721246],[118.8809538,32.072286],[118.8802215,32.0732269],[118.8798273,32.0740451],[118.8798273,32.0745906],[118.8797763,32.0748429],[118.8791648,32.0752224],[118.8777298,32.0771134],[118.8772631,32.0778179],[118.8768688,32.0778815],[118.8764021,32.078202],[118.8749322,32.0794247],[118.8745835,32.0798338],[118.8742644,32.0799951]]]}},{"type":"Feature","id":"way/1021396135","properties":{"natural":"wood","osm_id":"way/1021396135","label":"","category":"green","kind":"wood"},"geometry":{"type":"Polygon","coordinates":[[[118.8644421,32.0956115],[118.8644582,32.0955138],[118.866097,32.095307],[118.8661265,32.0947639],[118.8660112,32.094748],[118.8660246,32.0944276],[118.8655686,32.0943731],[118.865515,32.0938368],[118.8651824,32.0936778],[118.8648391,32.0933778],[118.8646513,32.0930733],[118.8645279,32.0923462],[118.8646834,32.0923107],[118.8652039,32.0921917],[118.8651556,32.0919553],[118.8652629,32.0919099],[118.8650644,32.0914191],[118.8642651,32.0916645],[118.864308,32.0918554],[118.8637072,32.0919053],[118.863793,32.0922735],[118.8632673,32.0924984],[118.8632995,32.0926916],[118.8634336,32.0927916],[118.8636026,32.0928279],[118.863785,32.0927802],[118.8638788,32.0928688],[118.8638493,32.0929711],[118.8639137,32.0931029],[118.8641739,32.0936255],[118.864131,32.0939573],[118.8640344,32.0940368],[118.863726,32.0939504],[118.8635758,32.0934914],[118.862924,32.093246],[118.8629669,32.0930552],[118.8631305,32.092762],[118.8631573,32.0923257],[118.8630313,32.0923144],[118.8630339,32.0921121],[118.862578,32.092094],[118.8625377,32.0926893],[118.8621891,32.093037],[118.8620979,32.0933346],[118.8620549,32.0939482],[118.8619798,32.0941481],[118.8618404,32.0941527],[118.8618028,32.0939186],[118.8612664,32.0939118],[118.8602579,32.0940459],[118.8599414,32.0941481],[118.8600057,32.0944163],[118.8599923,32.094698],[118.8598824,32.0946889],[118.8598448,32.0944322],[118.8597777,32.0943163],[118.8593996,32.0943004],[118.8592306,32.0953343],[118.8581952,32.0951911],[118.8566262,32.0948094],[118.8563284,32.0947048],[118.8561997,32.0945958],[118.8561675,32.0944776],[118.856248,32.094339],[118.8571197,32.093471],[118.8574898,32.0930256],[118.8586915,32.0914168],[118.8590173,32.0916202],[118.859244,32.0916917],[118.8594639,32.0917077],[118.8596369,32.0917395],[118.8597831,32.0917985],[118.8599065,32.0917826],[118.8603383,32.0915304],[118.8611376,32.0910282],[118.8612449,32.0909055],[118.8614407,32.0908396],[118.8617331,32.090526],[118.8620549,32.0901215],[118.8622132,32.0899011],[118.8623956,32.0898238],[118.8625485,32.0898511],[118.8627174,32.0898784],[118.8628167,32.0898466],[118.8629267,32.089717],[118.8630018,32.0891694],[118.8629454,32.0888694],[118.8627362,32.0887422],[118.8622051,32.0885104],[118.8621086,32.0883081],[118.862122,32.088165],[118.8622239,32.0880695],[118.8625324,32.0878332],[118.863093,32.0877741],[118.8631654,32.0878196],[118.8631949,32.0880173],[118.8632968,32.0882127],[118.863388,32.088249],[118.8635167,32.0882286],[118.8636348,32.0880968],[118.8639432,32.0892966],[118.8643724,32.0891921],[118.8649088,32.0896102],[118.8654774,32.0910418],[118.8661587,32.0910509],[118.8668561,32.0932006],[118.8671812,32.093254],[118.8673952,32.0932892],[118.8675132,32.0933097],[118.8678539,32.0933778],[118.8679343,32.0933301],[118.867988,32.0932403],[118.8681355,32.093112],[118.8682133,32.0930961],[118.8682508,32.0931108],[118.8682401,32.0931608],[118.8681623,32.0932506],[118.8681167,32.0934221],[118.8681757,32.0934914],[118.8682857,32.0937778],[118.8685137,32.0939936],[118.8686076,32.09413],[118.8685647,32.0942731],[118.8687015,32.0943163],[118.8687873,32.0941868],[118.8690501,32.09413],[118.8692728,32.0941209],[118.8694337,32.0940391],[118.8695142,32.0939186],[118.8696805,32.0938255],[118.8699192,32.0937641],[118.870115,32.0936005],[118.8701686,32.0934437],[118.870351,32.0932415],[118.8704368,32.093112],[118.8706273,32.0930506],[118.8707212,32.0930665],[118.8708097,32.093012],[118.8707399,32.0929256],[118.8707265,32.0928007],[118.8708258,32.0926416],[118.8713032,32.0926939],[118.8709331,32.0936028],[118.8705415,32.0944049],[118.8708687,32.094564],[118.870241,32.0951888],[118.8695464,32.095616],[118.8685861,32.0960091],[118.8679665,32.0961477],[118.867355,32.0961773],[118.8669232,32.0960955],[118.8667783,32.095916],[118.8667944,32.0956251],[118.8666174,32.0954741],[118.8666207,32.0953774],[118.8644421,32.0956115]]]}},{"type":"Feature","id":"way/1021396137","properties":{"landuse":"grass","osm_id":"way/1021396137","label":"","category":"green","kind":"grass"},"geometry":{"type":"Polygon","coordinates":[[[118.8735777,32.0835972],[118.8741007,32.0820541],[118.8741758,32.0816178],[118.874597,32.0815246],[118.8749564,32.0815951],[118.8753507,32.0817246],[118.8757744,32.0819223],[118.87604,32.0821178],[118.8747498,32.084029],[118.8746104,32.0840995],[118.8745004,32.0841199],[118.8743046,32.0840995],[118.8741383,32.0840176],[118.8739827,32.0839926],[118.8737628,32.0838608],[118.8735777,32.0835972]]]}},{"type":"Feature","id":"way/1021396199","properties":{"landuse":"grass","osm_id":"way/1021396199","label":"","category":"green","kind":"grass"},"geometry":{"type":"Polygon","coordinates":[[[118.889852,32.0816598],[118.8898575,32.081584],[118.8898737,32.0815093],[118.8899005,32.0814368],[118.8899374,32.0813676],[118.8899838,32.0813027],[118.8900391,32.0812429],[118.8901026,32.0811893],[118.8901732,32.0811425],[118.8902499,32.0811032],[118.8903317,32.0810721],[118.8904173,32.0810496],[118.8905055,32.081036],[118.890595,32.0810315],[118.8906845,32.0810361],[118.8907726,32.0810499],[118.8908582,32.0810725],[118.8909399,32.0811038],[118.8910165,32.0811431],[118.8910871,32.08119],[118.8911504,32.0812438],[118.8912056,32.0813036],[118.8912519,32.0813686],[118.8912886,32.0814379],[118.8913152,32.0815104],[118.8913313,32.0815852],[118.8913366,32.081661],[118.8913311,32.0817368],[118.8913149,32.0818115],[118.8912881,32.081884],[118.8912513,32.0819532],[118.8912048,32.0820182],[118.8911495,32.0820779],[118.8910861,32.0821316],[118.8910154,32.0821783],[118.8909387,32.0822176],[118.8908569,32.0822487],[118.8907713,32.0822712],[118.8906831,32.0822848],[118.8905936,32.0822894],[118.8905042,32.0822847],[118.890416,32.0822709],[118.8903305,32.0822483],[118.8902488,32.082217],[118.8901721,32.0821777],[118.8901016,32.0821308],[118.8900383,32.082077],[118.889983,32.0820172],[118.8899367,32.0819522],[118.8899,32.0818829],[118.8898734,32.0818104],[118.8898573,32.0817357],[118.889852,32.0816598]]]}},{"type":"Feature","id":"way/1021396200","properties":{"landuse":"grass","osm_id":"way/1021396200","label":"","category":"green","kind":"grass"},"geometry":{"type":"Polygon","coordinates":[[[118.8982916,32.0860652],[118.897849,32.0858254],[118.8973837,32.0855039],[118.8961941,32.0848403],[118.8949791,32.0842256],[118.8939692,32.0836984],[118.8925838,32.082995],[118.8927622,32.0828484],[118.8936219,32.083337],[118.8952312,32.0841926],[118.896748,32.0849619],[118.8975848,32.085438],[118.8983694,32.0858652],[118.8984136,32.0858936],[118.8984378,32.0859391],[118.8984364,32.0859788],[118.8983855,32.086047],[118.8983425,32.0860652],[118.8982916,32.0860652]]]}},{"type":"Feature","id":"way/1021396201","properties":{"landuse":"grass","osm_id":"way/1021396201","label":"","category":"green","kind":"grass"},"geometry":{"type":"Polygon","coordinates":[[[118.8992505,32.086497],[118.8991874,32.0864629],[118.8991606,32.0864254],[118.8991606,32.0863799],[118.8991982,32.0863163],[118.8992411,32.0862981],[118.8993202,32.0863015],[118.8995267,32.0863902],[118.9002281,32.0867015],[118.9008746,32.0870355],[118.9013037,32.0872878],[118.9017878,32.0876037],[118.9022519,32.0878889],[118.90274,32.0881502],[118.9025027,32.0882354],[118.9019836,32.0880286],[118.9015156,32.0878071],[118.900951,32.0875128],[118.9003824,32.0871662],[118.8999304,32.0868844],[118.8997091,32.0867299],[118.8995697,32.0866629],[118.8992505,32.086497]]]}},{"type":"Feature","id":"way/1021396209","properties":{"name":"鱼跃科技中心","landuse":"commercial","osm_id":"way/1021396209","label":"鱼跃科技中心","category":"commercial","kind":"commercial"},"geometry":{"type":"Polygon","coordinates":[[[118.8821956,32.095966],[118.8821769,32.0957342],[118.8822439,32.0952775],[118.8826355,32.0946049],[118.8836011,32.0951161],[118.8843092,32.0955979],[118.8839512,32.0961921],[118.8835153,32.0961034],[118.8829587,32.0962386],[118.8828796,32.0960841],[118.882594,32.0961156],[118.8824069,32.0960756],[118.8821956,32.095966]]]}},{"type":"Feature","id":"way/1021844307","properties":{"name":"营苑新寓","landuse":"residential","osm_id":"way/1021844307","label":"营苑新寓","category":"residential","kind":"residential"},"geometry":{"type":"Polygon","coordinates":[[[118.8236243,32.1041616],[118.8266228,32.1049812],[118.8264137,32.1062224],[118.8263439,32.1064785],[118.8236564,32.1060042],[118.8236296,32.1054885],[118.823458,32.1046797],[118.8236243,32.1041616]]]}},{"type":"Feature","id":"way/1021844314","properties":{"name":"南京市月苑第一小学","amenity":"school","osm_id":"way/1021844314","label":"南京市月苑第一小学","category":"civic","kind":"school"},"geometry":{"type":"Polygon","coordinates":[[[118.8230505,32.1012014],[118.8240239,32.1012488],[118.8240615,32.1012943],[118.8244718,32.1013033],[118.8244531,32.102169],[118.8240007,32.1020952],[118.8230163,32.102035],[118.8230505,32.1012014]]]}},{"type":"Feature","id":"way/1021844316","properties":{"name":"墨香山庄","landuse":"residential","osm_id":"way/1021844316","label":"墨香山庄","category":"residential","kind":"residential"},"geometry":{"type":"Polygon","coordinates":[[[118.8289779,32.1042321],[118.8285434,32.1029711],[118.828294,32.1020486],[118.8284576,32.1019895],[118.8284039,32.1014374],[118.8301608,32.1014828],[118.8311908,32.1015374],[118.8318533,32.1016601],[118.8324246,32.1018237],[118.8329825,32.1020372],[118.8332105,32.1021645],[118.8332641,32.1022372],[118.8316172,32.1032255],[118.8309547,32.1036254],[118.8300857,32.1039958],[118.8291147,32.104282],[118.8289779,32.1042321]]]}},{"type":"Feature","id":"way/1022153743","properties":{"landuse":"residential","osm_id":"way/1022153743","label":"","category":"residential","kind":"residential"},"geometry":{"type":"Polygon","coordinates":[[[118.7970301,32.0978247],[118.7961772,32.0965522],[118.7967727,32.096225],[118.7972313,32.0962318],[118.7972849,32.0967948],[118.7975846,32.0970424],[118.7977731,32.0970264],[118.7978958,32.0967258],[118.7981862,32.096759],[118.7981825,32.0972913],[118.798901,32.0974575],[118.7990445,32.0976656],[118.7989023,32.098011],[118.79931,32.0982087],[118.799082,32.0985927],[118.7980735,32.0982405],[118.7972259,32.098036],[118.7970301,32.0978247]]]}},{"type":"Feature","id":"way/1022153748","properties":{"name":"万科红郡","landuse":"residential","osm_id":"way/1022153748","label":"万科红郡","category":"residential","kind":"residential"},"geometry":{"type":"Polygon","coordinates":[[[118.7922558,32.0967726],[118.7922397,32.0958637],[118.7926796,32.0957387],[118.7929049,32.0951661],[118.7940261,32.0954661],[118.7935245,32.0969658],[118.7922558,32.0967726]]]}},{"type":"Feature","id":"way/1022153765","properties":{"name":"十字街小区","landuse":"residential","osm_id":"way/1022153765","label":"十字街小区","category":"residential","kind":"residential"},"geometry":{"type":"Polygon","coordinates":[[[118.8042158,32.0965386],[118.8042694,32.0953865],[118.8050083,32.0954071],[118.8049856,32.0960682],[118.805235,32.0961023],[118.8054013,32.0961773],[118.8054335,32.096559],[118.8042158,32.0965386]]]}},{"type":"Feature","id":"way/1022153766","properties":{"name":"红山机电花园","landuse":"residential","osm_id":"way/1022153766","label":"红山机电花园","category":"residential","kind":"residential"},"geometry":{"type":"Polygon","coordinates":[[[118.8050392,32.0948389],[118.8059995,32.0948844],[118.8060182,32.0951184],[118.8071769,32.095182],[118.8071099,32.096225],[118.8067505,32.0962136],[118.8067853,32.0964454],[118.8064983,32.0966613],[118.8062596,32.0972339],[118.8055381,32.0973588],[118.8055247,32.0966045],[118.8054335,32.096559],[118.8054013,32.0961773],[118.805235,32.0961023],[118.8049856,32.0960682],[118.8050083,32.0954071],[118.8050392,32.0948389]]]}},{"type":"Feature","id":"way/1022153767","properties":{"name":"红山韵致居","landuse":"residential","osm_id":"way/1022153767","label":"红山韵致居","category":"residential","kind":"residential"},"geometry":{"type":"Polygon","coordinates":[[[118.804138,32.0978769],[118.8042158,32.0965386],[118.8054335,32.096559],[118.8055247,32.0966045],[118.8055381,32.0973588],[118.8055461,32.097881],[118.804138,32.0978769]]]}},{"type":"Feature","id":"way/1022153769","properties":{"landuse":"residential","osm_id":"way/1022153769","label":"","category":"residential","kind":"residential"},"geometry":{"type":"Polygon","coordinates":[[[118.8047791,32.0984472],[118.8044599,32.099606],[118.8042694,32.0995901],[118.8041353,32.098445],[118.8047791,32.0984472]]]}},{"type":"Feature","id":"way/1022153770","properties":{"landuse":"residential","osm_id":"way/1022153770","label":"","category":"residential","kind":"residential"},"geometry":{"type":"Polygon","coordinates":[[[118.8043633,32.1001264],[118.8044599,32.099606],[118.8047791,32.0984472],[118.8055864,32.0984541],[118.8056239,32.0987949],[118.8060638,32.098804],[118.8060343,32.0991925],[118.8060209,32.0993084],[118.8061711,32.0993379],[118.8060987,32.0998015],[118.8065439,32.0998742],[118.8064018,32.1005149],[118.8047871,32.1002854],[118.8043633,32.1001264]]]}},{"type":"Feature","id":"way/1022153795","properties":{"natural":"wood","osm_id":"way/1022153795","label":"","category":"green","kind":"wood"},"geometry":{"type":"Polygon","coordinates":[[[118.8257807,32.0955774],[118.8249734,32.0951184],[118.8253569,32.0947821],[118.8255367,32.0946753],[118.8258424,32.0946071],[118.8260007,32.0946617],[118.8262635,32.0946889],[118.8263869,32.0947707],[118.8262796,32.0954115],[118.8262394,32.0955251],[118.8259712,32.0954024],[118.8257807,32.0955774]]]}},{"type":"Feature","id":"way/1022153796","properties":{"name":"南京地铁曹后村车辆段","landuse":"construction","osm_id":"way/1022153796","label":"南京地铁曹后村车辆段","category":"industrial","kind":"construction"},"geometry":{"type":"Polygon","coordinates":[[[118.8180748,32.0907851],[118.8174927,32.0904215],[118.8137912,32.0880855],[118.8139307,32.0878923],[118.8182491,32.0895966],[118.8224709,32.0916917],[118.8248259,32.0930961],[118.82599,32.0940141],[118.8249278,32.0951048],[118.8224105,32.0935278],[118.8224709,32.0934557],[118.8211405,32.0926461],[118.8180748,32.0907851]]]}},{"type":"Feature","id":"way/1022153802","properties":{"name":"玄武宝龙城","landuse":"construction","osm_id":"way/1022153802","label":"玄武宝龙城","category":"industrial","kind":"construction"},"geometry":{"type":"Polygon","coordinates":[[[118.8128847,32.094514],[118.8128257,32.0934778],[118.813507,32.0934233],[118.8143009,32.0932415],[118.8156474,32.092887],[118.8165647,32.0925507],[118.8180721,32.092628],[118.818056,32.0923894],[118.8177073,32.0920121],[118.818343,32.0916463],[118.8193917,32.0922939],[118.8201454,32.0927279],[118.8203761,32.0929529],[118.8204378,32.0931483],[118.8204512,32.0947821],[118.8202527,32.0948957],[118.8128847,32.094514]]]}},{"type":"Feature","id":"way/1022153807","properties":{"landuse":"residential","osm_id":"way/1022153807","label":"","category":"residential","kind":"residential"},"geometry":{"type":"Polygon","coordinates":[[[118.8145879,32.0978542],[118.8154569,32.0978451],[118.8154542,32.0983223],[118.8145933,32.0983177],[118.8145879,32.0978542]]]}},{"type":"Feature","id":"way/1022153808","properties":{"landuse":"residential","osm_id":"way/1022153808","label":"","category":"residential","kind":"residential"},"geometry":{"type":"Polygon","coordinates":[[[118.8132226,32.0978724],[118.8129696,32.0967667],[118.8130841,32.0966649],[118.8154873,32.0967667],[118.8154569,32.0978451],[118.8145879,32.0978542],[118.8132226,32.0978724]]]}},{"type":"Feature","id":"way/1023090317","properties":{"leisure":"pitch","osm_id":"way/1023090317","label":"","category":"other","kind":"pitch"},"geometry":{"type":"Polygon","coordinates":[[[118.7965897,32.0546671],[118.7965441,32.0544216],[118.7967265,32.0544011],[118.7967428,32.0545099],[118.796764,32.0546512],[118.7965897,32.0546671]]]}},{"type":"Feature","id":"way/1023090331","properties":{"leisure":"pitch","osm_id":"way/1023090331","label":"","category":"other","kind":"pitch"},"geometry":{"type":"Polygon","coordinates":[[[118.7959625,32.0540812],[118.7959088,32.053788],[118.7963192,32.0537334],[118.7963648,32.0540312],[118.7959625,32.0540812]]]}},{"type":"Feature","id":"way/1023090332","properties":{"leisure":"pitch","osm_id":"way/1023090332","label":"","category":"other","kind":"pitch"},"geometry":{"type":"Polygon","coordinates":[[[118.7966411,32.053988],[118.7966035,32.0537129],[118.7969871,32.0536561],[118.7970434,32.053938],[118.7966411,32.053988]]]}},{"type":"Feature","id":"way/1023504353","properties":{"leisure":"pitch","osm_id":"way/1023504353","label":"","category":"other","kind":"pitch"},"geometry":{"type":"Polygon","coordinates":[[[118.867308,32.0895205],[118.8673148,32.0892035],[118.8674793,32.089206],[118.8674726,32.089523],[118.867308,32.0895205]]]}},{"type":"Feature","id":"way/1023504386","properties":{"natural":"wood","osm_id":"way/1023504386","label":"","category":"green","kind":"wood"},"geometry":{"type":"Polygon","coordinates":[[[118.870284,32.0920212],[118.8702464,32.0919894],[118.8702464,32.0918644],[118.8702705,32.0916827],[118.8702786,32.0915827],[118.8703349,32.091519],[118.8704047,32.0914077],[118.8704047,32.0913418],[118.8704663,32.0912759],[118.8705656,32.0913123],[118.870638,32.0914441],[118.8706702,32.091569],[118.8706353,32.0916667],[118.8705307,32.0917326],[118.8705066,32.0918167],[118.87052,32.0919076],[118.8704985,32.0919872],[118.8704047,32.0920326],[118.870284,32.0920212]]]}},{"type":"Feature","id":"way/1023504387","properties":{"natural":"wood","osm_id":"way/1023504387","label":"","category":"green","kind":"wood"},"geometry":{"type":"Polygon","coordinates":[[[118.8691172,32.0929983],[118.8691065,32.0929393],[118.8692084,32.0928802],[118.8694632,32.0927643],[118.8697314,32.0926189],[118.8699111,32.0924757],[118.8700399,32.0923144],[118.8701713,32.0921894],[118.8702866,32.0921598],[118.8703725,32.0921985],[118.870284,32.0923166],[118.8703161,32.0923735],[118.8703912,32.0924575],[118.8703215,32.0925189],[118.8702303,32.0925257],[118.8701016,32.0925325],[118.8700372,32.092662],[118.8699406,32.0926961],[118.8697609,32.0926984],[118.8695624,32.0928597],[118.8693237,32.0929188],[118.8691172,32.0929983]]]}},{"type":"Feature","id":"way/1023504388","properties":{"natural":"wood","osm_id":"way/1023504388","label":"","category":"green","kind":"wood"},"geometry":{"type":"Polygon","coordinates":[[[118.8693009,32.0938039],[118.8692567,32.0937482],[118.8692084,32.0936198],[118.869199,32.0935426],[118.8692406,32.0934494],[118.8693157,32.0934539],[118.8693774,32.0935096],[118.8693854,32.0937005],[118.8693814,32.0937607],[118.8693492,32.0937971],[118.8693009,32.0938039]]]}},{"type":"Feature","id":"way/1023504392","properties":{"natural":"wood","osm_id":"way/1023504392","label":"","category":"green","kind":"wood"},"geometry":{"type":"Polygon","coordinates":[[[118.8717498,32.0841279],[118.8717269,32.0840808],[118.8717981,32.0839915],[118.8718441,32.0838927],[118.871841,32.0837756],[118.8719005,32.0836378],[118.8719867,32.0835282],[118.8720033,32.0834336],[118.8720453,32.0833637],[118.8721534,32.0832776],[118.8722138,32.083295],[118.8723144,32.0833438],[118.872356,32.0834279],[118.8723586,32.083545],[118.872305,32.0836711],[118.8722044,32.0837722],[118.8720958,32.0838927],[118.8719952,32.0840881],[118.8719617,32.084121],[118.871896,32.0841108],[118.8718075,32.0841335],[118.8717498,32.0841279]]]}},{"type":"Feature","id":"way/1023504393","properties":{"natural":"wood","osm_id":"way/1023504393","label":"","category":"green","kind":"wood"},"geometry":{"type":"Polygon","coordinates":[[[118.8716291,32.0854141],[118.8715634,32.0853414],[118.871577,32.0852328],[118.8716232,32.0849848],[118.8715862,32.0848334],[118.8714999,32.0847603],[118.8713274,32.0846168],[118.8713366,32.0845541],[118.8714383,32.0844654],[118.87154,32.0842905],[118.8716074,32.0842144],[118.871664,32.0842404],[118.8717391,32.084396],[118.8717793,32.0844699],[118.8718759,32.0844994],[118.8719563,32.0845801],[118.8720287,32.0847233],[118.8720314,32.0848801],[118.8720328,32.0849994],[118.8720033,32.0851176],[118.8719791,32.0851994],[118.8719,32.0853391],[118.8718289,32.0853993],[118.8717243,32.0854357],[118.8716291,32.0854141]]]}},{"type":"Feature","id":"way/1023504394","properties":{"natural":"wood","osm_id":"way/1023504394","label":"","category":"green","kind":"wood"},"geometry":{"type":"Polygon","coordinates":[[[118.871031,32.0865629],[118.8709867,32.0865231],[118.8708673,32.086439],[118.8706997,32.0864038],[118.8704945,32.0864481],[118.8703027,32.0865492],[118.8701539,32.0864186],[118.8701753,32.0863993],[118.8703269,32.0863322],[118.8704275,32.0863163],[118.8704596,32.0862288],[118.8704556,32.0861765],[118.8706246,32.0860811],[118.8707054,32.0860955],[118.8708307,32.0860371],[118.87087,32.0859732],[118.8709159,32.0858411],[118.8708834,32.0857016],[118.870852,32.0856554],[118.8708419,32.0855891],[118.8708191,32.0854789],[118.8708499,32.0854362],[118.8709168,32.0854337],[118.8709679,32.0855283],[118.8710162,32.0856612],[118.8710993,32.0861236],[118.8711127,32.0862021],[118.8711838,32.0862668],[118.8712456,32.0862867],[118.8712683,32.0864129],[118.8713059,32.086447],[118.8713542,32.0864345],[118.8713676,32.0863833],[118.8714113,32.0862783],[118.8714383,32.0862196],[118.8714106,32.0858411],[118.8713917,32.0856368],[118.8714044,32.085533],[118.8714689,32.0854475],[118.8715513,32.0854857],[118.8716519,32.0855277],[118.8716747,32.0855675],[118.8716036,32.0857323],[118.8715754,32.0859618],[118.8716251,32.0861163],[118.8716988,32.0862459],[118.8717954,32.0863118],[118.8719134,32.0863368],[118.8720998,32.0862913],[118.8722406,32.086222],[118.872305,32.0861243],[118.8723198,32.0859788],[118.8722742,32.0857868],[118.8722554,32.0856175],[118.8722768,32.0854834],[118.872301,32.0853698],[118.8722889,32.0852789],[118.8723238,32.0851732],[118.8723895,32.0850744],[118.8724217,32.0849255],[118.8724579,32.0847244],[118.8724914,32.084596],[118.8725303,32.0845756],[118.8725933,32.0845812],[118.8726537,32.0845585],[118.8727087,32.0845074],[118.8727315,32.0844369],[118.8727234,32.084329],[118.8727261,32.0842642],[118.8728119,32.0842085],[118.8728857,32.0841108],[118.8729125,32.0839597],[118.8729554,32.0837927],[118.8730212,32.0836927],[118.8730936,32.0835893],[118.8731553,32.0834143],[118.8731821,32.0832143],[118.8731834,32.0830359],[118.873221,32.0828757],[118.8732961,32.0827825],[118.8734181,32.0826291],[118.873461,32.0824962],[118.8734342,32.082445],[118.8733537,32.082445],[118.8732746,32.0824996],[118.8730869,32.0826927],[118.872824,32.0828995],[118.8726524,32.0830279],[118.8725223,32.0831484],[118.8724431,32.0832325],[118.8723452,32.0832336],[118.8722742,32.0832359],[118.8722517,32.0831993],[118.8723472,32.0830635],[118.8723595,32.0828625],[118.8724396,32.0828207],[118.8725021,32.0828745],[118.8725987,32.082895],[118.8727771,32.0828541],[118.8729139,32.0827382],[118.8730104,32.0826086],[118.8732089,32.0824621],[118.8734664,32.0822246],[118.8736005,32.0821257],[118.8737722,32.082128],[118.8737977,32.0820269],[118.8739774,32.0813405],[118.874082,32.0811678],[118.8741463,32.081136],[118.8742939,32.0815019],[118.8741678,32.081611],[118.8740873,32.0820291],[118.8735831,32.0835359],[118.8734382,32.083604],[118.8733953,32.083954],[118.8732156,32.0843381],[118.8729608,32.0848108],[118.8729206,32.0850926],[118.873103,32.0853971],[118.8730976,32.0857675],[118.8731244,32.0860107],[118.8730118,32.086322],[118.8730493,32.0866969],[118.8730869,32.0872446],[118.8730842,32.0874514],[118.8730144,32.0876741],[118.8728964,32.0879082],[118.8727891,32.088065],[118.8723788,32.0884445],[118.8722259,32.0886581],[118.872124,32.0888603],[118.8721079,32.0890989],[118.8721079,32.0893807],[118.8720757,32.089583],[118.8719979,32.0898466],[118.8716277,32.0913532],[118.8714829,32.0916372],[118.8714185,32.0918326],[118.8713917,32.0920053],[118.871381,32.092228],[118.8713729,32.0923962],[118.8713434,32.0925643],[118.8713032,32.0926939],[118.8708258,32.0926416],[118.8708472,32.092528],[118.8710028,32.092353],[118.8710135,32.0922053],[118.871094,32.0920894],[118.8711557,32.091894],[118.8712764,32.0916486],[118.8712791,32.0915327],[118.8713542,32.0912191],[118.8714762,32.0908373],[118.8714963,32.0906828],[118.8714842,32.0905521],[118.8715231,32.0904772],[118.8715003,32.0904158],[118.8714132,32.0903613],[118.8714065,32.090334],[118.8714454,32.090301],[118.8715567,32.0902897],[118.8715821,32.0902556],[118.8716331,32.0902545],[118.8716787,32.0902067],[118.8717806,32.0900352],[118.8718235,32.0898159],[118.8718061,32.0896545],[118.8717605,32.0896034],[118.8717297,32.0895193],[118.8717565,32.0894716],[118.8718289,32.0894489],[118.8718544,32.0894034],[118.8718571,32.089333],[118.8718075,32.0893182],[118.8717552,32.0892148],[118.8717498,32.0890842],[118.8718343,32.0890171],[118.871845,32.0889387],[118.8719094,32.0887467],[118.8718933,32.0886445],[118.8718303,32.088641],[118.8718329,32.0885672],[118.8719389,32.0884695],[118.8720515,32.0884547],[118.872132,32.0883718],[118.8721763,32.0881752],[118.8722675,32.0880627],[118.8723131,32.08804],[118.8723546,32.0879161],[118.8723305,32.0878218],[118.8723573,32.0877446],[118.8724485,32.0876128],[118.8725263,32.0875855],[118.8725705,32.0874639],[118.8726644,32.0871651],[118.8727033,32.087014],[118.8727006,32.0868765],[118.8727435,32.0867504],[118.872765,32.086597],[118.8728213,32.0864856],[118.8728106,32.0863799],[118.8727771,32.0863413],[118.8727757,32.0862515],[118.8727516,32.0858845],[118.8727288,32.0857766],[118.8726282,32.085763],[118.8725625,32.0857959],[118.8725558,32.085897],[118.8725477,32.0860425],[118.8724981,32.0861902],[118.8724767,32.0862902],[118.872364,32.0863379],[118.8722755,32.086389],[118.8722339,32.0863356],[118.871727,32.0865117],[118.871735,32.086572],[118.8715741,32.0866651],[118.8715138,32.0867333],[118.8713743,32.0867504],[118.8712281,32.0867083],[118.8710913,32.0866356],[118.871031,32.0865629]]]}},{"type":"Feature","id":"way/1023504395","properties":{"natural":"wood","osm_id":"way/1023504395","label":"","category":"green","kind":"wood"},"geometry":{"type":"Polygon","coordinates":[[[118.8703135,32.0859266],[118.8701431,32.0859692],[118.8698561,32.0850187],[118.8698159,32.0849664],[118.8678874,32.0855062],[118.8675079,32.0856254],[118.8673818,32.0856459],[118.8667676,32.08583],[118.8667081,32.0856943],[118.8668583,32.085667],[118.8671748,32.0855716],[118.8673947,32.0855398],[118.8681296,32.0853216],[118.8684783,32.0852307],[118.8686553,32.0851853],[118.868768,32.0851807],[118.8689933,32.0850807],[118.8691435,32.0849989],[118.8691596,32.0849398],[118.8691274,32.0848535],[118.8690796,32.0847504],[118.8690396,32.0847052],[118.8689398,32.0846549],[118.8687895,32.0846126],[118.8683228,32.0846126],[118.8681779,32.0846399],[118.8676629,32.0849853],[118.8675074,32.0850626],[118.8673357,32.0851262],[118.8672123,32.0851216],[118.8670836,32.0851625],[118.8668395,32.0853557],[118.866777,32.0854755],[118.866669,32.0852575],[118.8677895,32.0847426],[118.8675749,32.0842972],[118.8676795,32.0839449],[118.8676473,32.0837972],[118.867532,32.0836836],[118.8669419,32.0839881],[118.86684,32.0839654],[118.8680658,32.0828791],[118.8682669,32.0830245],[118.8685834,32.0833313],[118.8685244,32.0834359],[118.8682991,32.0834268],[118.8680363,32.0836949],[118.867929,32.0841608],[118.8680389,32.0844472],[118.8681918,32.0844699],[118.8682348,32.0843381],[118.8683206,32.0842835],[118.8684735,32.0843858],[118.8688785,32.0842404],[118.8690072,32.0838131],[118.8691306,32.0835381],[118.8694847,32.0827677],[118.8698789,32.082061],[118.8700426,32.082045],[118.8703054,32.0818746],[118.8704234,32.0817564],[118.8703215,32.0817064],[118.8706031,32.0815564],[118.8707507,32.0814087],[118.8709572,32.081186],[118.8712496,32.0809542],[118.8714105,32.0808883],[118.8715231,32.0808633],[118.8715205,32.0809246],[118.8714346,32.0809724],[118.8713094,32.0810805],[118.8710414,32.0812058],[118.870835,32.0814355],[118.8707025,32.0816339],[118.8705269,32.0818715],[118.8704529,32.082049],[118.8703605,32.0821717],[118.8702681,32.082203],[118.8699045,32.0824275],[118.8697104,32.0830306],[118.8695471,32.0831663],[118.8693807,32.0832551],[118.8691281,32.0837589],[118.8691496,32.0838555],[118.8690973,32.0839651],[118.8690079,32.0840591],[118.8689938,32.0842063],[118.8690568,32.0842506],[118.8690515,32.0843176],[118.8690904,32.0843551],[118.8690783,32.0844028],[118.8689612,32.0845385],[118.8689666,32.0845759],[118.8690214,32.0846257],[118.8691335,32.0845544],[118.8691895,32.0844694],[118.8692946,32.0843981],[118.8693437,32.0842834],[118.869388,32.0841192],[118.8694627,32.0839926],[118.8695725,32.0838778],[118.8696309,32.0837848],[118.8696846,32.0836998],[118.8699064,32.0835672],[118.8699199,32.0835461],[118.8699445,32.0834731],[118.8700447,32.0833608],[118.8701772,32.0832486],[118.8702727,32.083212],[118.8703912,32.0832632],[118.8704355,32.0832518],[118.8705104,32.0831878],[118.8705482,32.0832188],[118.8705482,32.0832757],[118.8704033,32.0833938],[118.8704268,32.0834507],[118.8703215,32.08357],[118.8703086,32.0837037],[118.8702437,32.0838052],[118.8701131,32.0838908],[118.8700144,32.0838927],[118.8700184,32.0839912],[118.8699463,32.0840946],[118.8699299,32.0841688],[118.8699809,32.084246],[118.8700064,32.0843381],[118.8699876,32.0844176],[118.8699554,32.0844892],[118.8699946,32.0846303],[118.8700535,32.0846534],[118.8701257,32.0847585],[118.8701445,32.0848596],[118.8701509,32.0849921],[118.8701485,32.0851403],[118.8702343,32.0852903],[118.870292,32.0853175],[118.8702933,32.0853653],[118.8702491,32.0853993],[118.8702344,32.0854555],[118.8702759,32.0855084],[118.8702947,32.0855414],[118.8702625,32.0856084],[118.8702451,32.08565],[118.8702216,32.0857538],[118.870241,32.0858607],[118.8703135,32.0859266]]]}},{"type":"Feature","id":"way/1023504396","properties":{"natural":"wood","osm_id":"way/1023504396","label":"","category":"green","kind":"wood"},"geometry":{"type":"Polygon","coordinates":[[[118.8709847,32.0834371],[118.8711449,32.0830925],[118.8715362,32.0826174],[118.8716718,32.0824921],[118.8718482,32.0823875],[118.8719792,32.082329],[118.8720059,32.0823109],[118.8720375,32.0822354],[118.8720334,32.08217],[118.8719543,32.0821217],[118.8718477,32.0820967],[118.8717813,32.082086],[118.8716961,32.0821127],[118.8714346,32.0822734],[118.8713988,32.0823237],[118.8713977,32.0823658],[118.8713917,32.082434],[118.8711599,32.0826844],[118.8709086,32.0829348],[118.8707387,32.0830007],[118.8706113,32.0831252],[118.8705517,32.0831242],[118.8705022,32.0830097],[118.8706039,32.0828009],[118.8706563,32.0826912],[118.8707764,32.0826181],[118.8710106,32.082485],[118.8710784,32.0824302],[118.8711893,32.0822866],[118.8711739,32.0822291],[118.8711893,32.0821508],[118.8712632,32.0820882],[118.8713526,32.0820595],[118.8714666,32.0819785],[118.8714789,32.0819002],[118.8715344,32.0818532],[118.8716884,32.0817723],[118.8719595,32.0815243],[118.8721079,32.0815792],[118.8721803,32.0816587],[118.8721964,32.0817519],[118.8722339,32.0818178],[118.8721105,32.0818769],[118.8724485,32.0823018],[118.8722359,32.0824251],[118.8721439,32.0824527],[118.8720576,32.0823926],[118.8719095,32.0824139],[118.871731,32.0825832],[118.8716324,32.082732],[118.8716108,32.0828442],[118.8715523,32.0829669],[118.8715554,32.0830374],[118.87158,32.0831157],[118.8715369,32.0831914],[118.8714167,32.0832567],[118.8712411,32.0833246],[118.8711676,32.0834896],[118.8709847,32.0834371]]]}},{"type":"Feature","id":"way/1023504397","properties":{"natural":"wood","osm_id":"way/1023504397","label":"","category":"green","kind":"wood"},"geometry":{"type":"Polygon","coordinates":[[[118.8706181,32.0849929],[118.8704979,32.0847737],[118.8704456,32.0845544],[118.8704948,32.0843064],[118.870575,32.0840192],[118.8706735,32.0839383],[118.8706705,32.0838496],[118.870689,32.083753],[118.8707721,32.0836773],[118.8708461,32.0835833],[118.8710402,32.0835572],[118.8711271,32.0835804],[118.8712226,32.0836535],[118.8712843,32.083737],[118.8712719,32.083831],[118.8712096,32.083932],[118.8710161,32.0842323],[118.870797,32.0843639],[118.8706627,32.0843933],[118.8706485,32.0844803],[118.8706716,32.0847412],[118.8707105,32.0848776],[118.87076,32.0849931],[118.8706181,32.0849929]]]}},{"type":"Feature","id":"way/1023504398","properties":{"natural":"wood","osm_id":"way/1023504398","label":"","category":"green","kind":"wood"},"geometry":{"type":"Polygon","coordinates":[[[118.8707537,32.0853793],[118.8706828,32.0852984],[118.8706859,32.0851809],[118.8707105,32.0850791],[118.8707782,32.0850749],[118.8708029,32.0851862],[118.8708365,32.0852851],[118.8708709,32.0853489],[118.8707537,32.0853793]]]}},{"type":"Feature","id":"way/1023504399","properties":{"natural":"wood","osm_id":"way/1023504399","label":"","category":"green","kind":"wood"},"geometry":{"type":"Polygon","coordinates":[[[118.8673952,32.0932892],[118.8671812,32.093254],[118.8674706,32.0929549],[118.8677278,32.0926779],[118.8680389,32.0924916],[118.8684466,32.0923257],[118.8688973,32.0919962],[118.8689107,32.0919269],[118.8688543,32.0918281],[118.8689361,32.0917951],[118.8690676,32.091752],[118.8691293,32.0916452],[118.8693278,32.0915122],[118.8694136,32.0913872],[118.8694136,32.09131],[118.8694538,32.091277],[118.8696107,32.0911975],[118.8698347,32.0906589],[118.8697945,32.0905499],[118.8683045,32.0911759],[118.8671726,32.0912123],[118.8669097,32.0910123],[118.8668588,32.0908396],[118.8669285,32.0906442],[118.8671002,32.0902942],[118.8672128,32.0902351],[118.8674033,32.0898466],[118.8674864,32.0895625],[118.8674864,32.0891989],[118.8672155,32.0891103],[118.8669124,32.0891239],[118.8667542,32.0888887],[118.8664109,32.0888944],[118.86603,32.0888649],[118.8654023,32.0883206],[118.8653809,32.0882513],[118.8654453,32.08824],[118.8655338,32.0882309],[118.8656732,32.0882309],[118.8658047,32.0882695],[118.8658395,32.0884081],[118.8658851,32.088499],[118.8660032,32.0885422],[118.8660756,32.0885263],[118.8661212,32.0885786],[118.8662097,32.0886263],[118.8662687,32.0886013],[118.8665396,32.0886672],[118.866781,32.0886467],[118.8668856,32.0886013],[118.8669822,32.0884195],[118.8670251,32.0883036],[118.8671672,32.0882468],[118.8673013,32.0881445],[118.8674703,32.0879468],[118.867591,32.08779],[118.8678083,32.0876014],[118.8682374,32.0874014],[118.8686451,32.0872128],[118.869034,32.0870128],[118.8695034,32.0867788],[118.869718,32.0866424],[118.8698521,32.0865242],[118.8699916,32.086497],[118.8700747,32.0865288],[118.8700587,32.0865788],[118.8694686,32.0869969],[118.8684896,32.0874514],[118.8683018,32.0875946],[118.8679156,32.0877696],[118.8678311,32.0879434],[118.867925,32.0881036],[118.8675709,32.0883911],[118.8675669,32.0883524],[118.8674945,32.0883752],[118.8675012,32.0885002],[118.867587,32.0886348],[118.8677225,32.0887143],[118.8679203,32.0887416],[118.8680913,32.0887297],[118.8680973,32.0886609],[118.8679853,32.0886666],[118.8678673,32.0886569],[118.867984,32.0885592],[118.8682267,32.0883598],[118.868452,32.0884627],[118.8686263,32.0883354],[118.8688262,32.0880218],[118.8689737,32.0879696],[118.8690542,32.087873],[118.8691226,32.0877673],[118.8692915,32.0874878],[118.8694847,32.0871855],[118.8700935,32.0866401],[118.870174,32.0866197],[118.8702062,32.0866606],[118.8701633,32.0867742],[118.8697985,32.0870924],[118.8695168,32.0873673],[118.8693827,32.0876309],[118.869364,32.08774],[118.869431,32.0877605],[118.8695866,32.0877059],[118.8698119,32.0876332],[118.869938,32.0875332],[118.8698977,32.0878468],[118.8699245,32.0880036],[118.869887,32.0880854],[118.8695946,32.0880627],[118.8692808,32.0880513],[118.8691628,32.0881672],[118.8690609,32.088324],[118.8688919,32.0884149],[118.868739,32.0884854],[118.8685057,32.0887126],[118.8685727,32.0887922],[118.868507,32.0889115],[118.8683876,32.0889921],[118.8682803,32.0890989],[118.8682294,32.0891523],[118.868098,32.0892682],[118.8679437,32.0893387],[118.8678834,32.0894262],[118.8678914,32.0894796],[118.867752,32.0896239],[118.8676219,32.0897284],[118.8675199,32.0898841],[118.8675025,32.0899784],[118.8674623,32.0900999],[118.8673979,32.0901908],[118.8672946,32.0903704],[118.8672517,32.0905419],[118.8671337,32.0906987],[118.8671029,32.0907669],[118.8671377,32.0908328],[118.8672008,32.0908487],[118.8672504,32.0908316],[118.8672625,32.0907271],[118.8673523,32.0906328],[118.8674515,32.0906169],[118.8674958,32.0906783],[118.8675253,32.0908101],[118.8675508,32.090893],[118.8676286,32.0909805],[118.8676876,32.0910612],[118.8677412,32.0910714],[118.8679652,32.0910418],[118.8679853,32.0909884],[118.8680135,32.090968],[118.8680617,32.0909509],[118.8681221,32.0909828],[118.8681369,32.0910339],[118.8682307,32.0910373],[118.8682602,32.0909987],[118.8683192,32.0909737],[118.8684104,32.0909896],[118.8684265,32.0910112],[118.8685539,32.0909544],[118.8685445,32.0909123],[118.8685848,32.0908453],[118.8686666,32.0907964],[118.868743,32.0907714],[118.8687645,32.0907294],[118.8688262,32.0907135],[118.8688651,32.0907305],[118.8688946,32.090776],[118.8692446,32.0906408],[118.8692406,32.0905965],[118.8692567,32.0905601],[118.8692982,32.0905067],[118.8693546,32.0905101],[118.8694015,32.0905567],[118.8695115,32.0905033],[118.8696282,32.0903704],[118.8698307,32.090092],[118.8699675,32.0899159],[118.8700292,32.0898647],[118.8701257,32.0899159],[118.8702008,32.0899806],[118.8701847,32.0900409],[118.8701445,32.0901761],[118.8701217,32.0903056],[118.8701257,32.0904101],[118.8700573,32.0905112],[118.8699862,32.0905624],[118.8699487,32.0906714],[118.8698709,32.0907794],[118.8698722,32.090826],[118.8698709,32.0908737],[118.869781,32.0910362],[118.8698146,32.0910509],[118.8697851,32.0911441],[118.8696778,32.091285],[118.8696295,32.0914781],[118.8695544,32.0915918],[118.8694337,32.0917167],[118.8694149,32.0918008],[118.8692915,32.0919417],[118.8689911,32.0921553],[118.8685566,32.0924666],[118.8682616,32.0926666],[118.8680524,32.0926779],[118.8678271,32.0928256],[118.8673952,32.0932892]]]}},{"type":"Feature","id":"way/1023504400","properties":{"natural":"wood","osm_id":"way/1023504400","label":"","category":"green","kind":"wood"},"geometry":{"type":"Polygon","coordinates":[[[118.8710001,32.0898716],[118.8709424,32.0898307],[118.8708901,32.0897295],[118.8708647,32.0895784],[118.8707775,32.089483],[118.8706742,32.0893784],[118.8705951,32.0893341],[118.8704959,32.0893353],[118.8704704,32.0892955],[118.8705133,32.0892103],[118.8707104,32.089058],[118.8708284,32.088991],[118.8707533,32.0889274],[118.8706112,32.0889092],[118.8704824,32.0889251],[118.8704637,32.0888694],[118.8705267,32.0888319],[118.8707037,32.0888172],[118.870803,32.088766],[118.8708687,32.0886979],[118.8709465,32.088574],[118.871047,32.0884592],[118.8712965,32.0883036],[118.8713488,32.0883922],[118.8712361,32.0885104],[118.8712415,32.088582],[118.8713273,32.0886263],[118.8713582,32.0887047],[118.8712683,32.0888581],[118.8712147,32.0889649],[118.8712174,32.0890262],[118.8711718,32.0891148],[118.8711128,32.089233],[118.8711235,32.0893239],[118.871153,32.089433],[118.8711503,32.0895398],[118.8711154,32.0895898],[118.8710833,32.0897329],[118.8710001,32.0898716]]]}},{"type":"Feature","id":"way/1023504401","properties":{"natural":"wood","osm_id":"way/1023504401","label":"","category":"green","kind":"wood"},"geometry":{"type":"Polygon","coordinates":[[[118.8712133,32.0907408],[118.8711731,32.0907396],[118.8711503,32.0907067],[118.8711141,32.0906669],[118.8710524,32.0906601],[118.8710283,32.0907169],[118.8709719,32.0907771],[118.8708432,32.0907953],[118.8707426,32.0907476],[118.8707466,32.0906919],[118.8708512,32.0905658],[118.8708539,32.0905169],[118.8707815,32.0904897],[118.8707761,32.0904283],[118.8708673,32.0903431],[118.8710403,32.0902181],[118.8711235,32.0902215],[118.8711584,32.0902636],[118.8711771,32.0903226],[118.8712415,32.0903408],[118.8712858,32.0903045],[118.8713233,32.0903067],[118.8713408,32.0903567],[118.8713327,32.090451],[118.8712697,32.0905487],[118.8712496,32.0906112],[118.8712549,32.0906544],[118.8712496,32.0906976],[118.8712133,32.0907408]]]}},{"type":"Feature","id":"way/1023504404","properties":{"natural":"wood","osm_id":"way/1023504404","label":"","category":"green","kind":"wood"},"geometry":{"type":"Polygon","coordinates":[[[118.8762116,32.0799917],[118.8761298,32.0799145],[118.8761097,32.0798315],[118.8760963,32.0796906],[118.8761647,32.0795429],[118.8762063,32.0794451],[118.8762975,32.0793633],[118.8764289,32.0792929],[118.8766435,32.079202],[118.87674,32.0791224],[118.876783,32.0790111],[118.8768044,32.0788838],[118.8768527,32.0787861],[118.8769063,32.0786838],[118.8769922,32.078652],[118.8770726,32.0786611],[118.8771906,32.0787747],[118.8772926,32.0788679],[118.8773006,32.0790247],[118.8771826,32.0792974],[118.8771155,32.0793565],[118.8770512,32.0794747],[118.8770243,32.0795929],[118.876968,32.0796906],[118.8768634,32.079786],[118.8767561,32.0798792],[118.8766918,32.0799679],[118.8765818,32.0799997],[118.8764074,32.0800224],[118.8762867,32.0800224],[118.8762116,32.0799917]]]}},{"type":"Feature","id":"way/1023504447","properties":{"leisure":"pitch","osm_id":"way/1023504447","label":"","category":"other","kind":"pitch"},"geometry":{"type":"Polygon","coordinates":[[[118.8730574,32.0945935],[118.8730547,32.0943027],[118.8732612,32.0943013],[118.8732639,32.0945921],[118.8730574,32.0945935]]]}},{"type":"Feature","id":"way/1037726235","properties":{"name":"成贤街115号小区","landuse":"residential","osm_id":"way/1037726235","label":"成贤街号小区","category":"residential","kind":"residential"},"geometry":{"type":"Polygon","coordinates":[[[118.7896918,32.0550884],[118.7896334,32.0548173],[118.7898202,32.0547817],[118.7897642,32.0545581],[118.7903241,32.0544376],[118.7903475,32.0546599],[118.7900052,32.0547304],[118.7900563,32.0550247],[118.7896918,32.0550884]]]}},{"type":"Feature","id":"way/1048015308","properties":{"landuse":"governmental","osm_id":"way/1048015308","label":"","category":"other","kind":"governmental"},"geometry":{"type":"Polygon","coordinates":[[[118.792209,32.0511804],[118.79202,32.0504431],[118.7929831,32.0502657],[118.7931722,32.0510031],[118.792209,32.0511804]]]}},{"type":"Feature","id":"way/1054623401","properties":{"name":"NO.2022G17南京弘特置业有限公司Bb商办混合用地","landuse":"construction","osm_id":"way/1054623401","label":"南京弘特置业有限公司商办混合用地","category":"industrial","kind":"construction"},"geometry":{"type":"Polygon","coordinates":[[[118.8270078,32.0980648],[118.8268981,32.0976894],[118.8268005,32.0972451],[118.8267314,32.096849],[118.8268655,32.0967974],[118.8272152,32.0967216],[118.8276868,32.096911],[118.8277274,32.0970212],[118.8278453,32.0971762],[118.8279266,32.0971762],[118.828508,32.097679],[118.8277965,32.0978995],[118.8274225,32.0979787],[118.8270078,32.0980648]]]}},{"type":"Feature","id":"way/1054623422","properties":{"name":"复地·明日之城","landuse":"construction","osm_id":"way/1054623422","label":"复地明日之城","category":"industrial","kind":"construction"},"geometry":{"type":"Polygon","coordinates":[[[118.8233093,32.0978356],[118.8248512,32.0974779],[118.8250753,32.0981742],[118.8235389,32.0985184],[118.8233093,32.0978356]]]}},{"type":"Feature","id":"way/1055592123","properties":{"name":"南京金陵生物医疗科技产业园","landuse":"commercial","osm_id":"way/1055592123","label":"南京金陵生物医疗科技产业园","category":"commercial","kind":"commercial"},"geometry":{"type":"Polygon","coordinates":[[[118.8452419,32.0361596],[118.84511,32.0361554],[118.8450768,32.0361533],[118.8435571,32.0361011],[118.8435886,32.0352323],[118.8443967,32.0352574],[118.8448742,32.0352678],[118.8449097,32.0352686],[118.8450236,32.035271],[118.8451003,32.0352727],[118.8453084,32.0352772],[118.8453017,32.0353662],[118.8452419,32.0361596]]]}},{"type":"Feature","id":"way/1056580734","properties":{"name":"排球场","leisure":"pitch","osm_id":"way/1056580734","label":"排球场","category":"other","kind":"pitch"},"geometry":{"type":"Polygon","coordinates":[[[118.7873902,32.058889],[118.7871472,32.0589069],[118.7871366,32.0588039],[118.7873796,32.058786],[118.7873902,32.058889]]]}},{"type":"Feature","id":"way/1056580735","properties":{"name":"排球场","leisure":"pitch","osm_id":"way/1056580735","label":"排球场","category":"other","kind":"pitch"},"geometry":{"type":"Polygon","coordinates":[[[118.78768,32.0588604],[118.787437,32.0588783],[118.7874264,32.0587753],[118.7876694,32.0587574],[118.78768,32.0588604]]]}},{"type":"Feature","id":"way/1056580736","properties":{"leisure":"track","osm_id":"way/1056580736","label":"","category":"other","kind":"track"},"geometry":{"type":"Polygon","coordinates":[[[118.7870628,32.0589787],[118.7869625,32.0588954],[118.7869251,32.0587987],[118.7868504,32.0579838],[118.7868937,32.0579005],[118.7869291,32.0578589],[118.7869998,32.0578222],[118.787572,32.0577655],[118.7876585,32.0577922],[118.7877155,32.0578455],[118.7877549,32.0579039],[118.7878591,32.0587987],[118.7878296,32.0588537],[118.7877903,32.0589104],[118.787747,32.058942],[118.7876703,32.0589587],[118.787167,32.0589953],[118.7871276,32.0589953],[118.7870628,32.0589787]]]}},{"type":"Feature","id":"way/1056854737","properties":{"name":"太平北路122号","landuse":"residential","osm_id":"way/1056854737","label":"太平北路号","category":"residential","kind":"residential"},"geometry":{"type":"Polygon","coordinates":[[[118.7920934,32.0549292],[118.7918194,32.0538494],[118.7926453,32.0537031],[118.7929096,32.0528549],[118.7939794,32.0526708],[118.7940028,32.0527858],[118.7944132,32.0527161],[118.7944628,32.0529478],[118.7940833,32.0530245],[118.794076,32.0529797],[118.7934315,32.0530969],[118.7938589,32.054725],[118.7929072,32.0548817],[118.7927398,32.0548129],[118.7920934,32.0549292]]]}},{"type":"Feature","id":"way/1056854760","properties":{"name":"兰园","landuse":"residential","osm_id":"way/1056854760","label":"兰园","category":"residential","kind":"residential"},"geometry":{"type":"Polygon","coordinates":[[[118.7942786,32.0570042],[118.7939983,32.0558163],[118.7940692,32.0556716],[118.7940872,32.055635],[118.7941224,32.0555632],[118.7955332,32.0552788],[118.7957262,32.0554035],[118.7968842,32.0552555],[118.7969882,32.0558176],[118.7948968,32.0564534],[118.7949769,32.0568349],[118.7942786,32.0570042]]]}},{"type":"Feature","id":"way/1056854761","properties":{"name":"太平北路130号","landuse":"residential","osm_id":"way/1056854761","label":"太平北路号","category":"residential","kind":"residential"},"geometry":{"type":"Polygon","coordinates":[[[118.7924395,32.0562306],[118.7922456,32.055529],[118.7923108,32.0555173],[118.7925946,32.0554612],[118.7926128,32.055525],[118.7928882,32.055477],[118.7930689,32.0562045],[118.7929063,32.0562349],[118.7927211,32.0562695],[118.7926985,32.0561777],[118.7924395,32.0562306]]]}},{"type":"Feature","id":"way/1056854763","properties":{"name":"太平北路132号","landuse":"residential","osm_id":"way/1056854763","label":"太平北路号","category":"residential","kind":"residential"},"geometry":{"type":"Polygon","coordinates":[[[118.7925837,32.0567395],[118.7924395,32.0562306],[118.7926985,32.0561777],[118.7927211,32.0562695],[118.7929063,32.0562349],[118.7929305,32.0563122],[118.7929818,32.0565085],[118.792729,32.0565595],[118.7927638,32.0567017],[118.7925837,32.0567395]]]}},{"type":"Feature","id":"way/1056854769","properties":{"name":"南京玄武外国语学校","amenity":"school","osm_id":"way/1056854769","label":"南京玄武外国语学校","category":"civic","kind":"school"},"geometry":{"type":"Polygon","coordinates":[[[118.7991796,32.0501138],[118.7990068,32.0491967],[118.7999814,32.0489794],[118.8000232,32.0491487],[118.8003958,32.0490653],[118.800512,32.04951],[118.8004434,32.0495201],[118.8005239,32.0498864],[118.7991796,32.0501138]]]}},{"type":"Feature","id":"way/1056854773","properties":{"leisure":"park","osm_id":"way/1056854773","label":"","category":"green","kind":"park"},"geometry":{"type":"Polygon","coordinates":[[[118.7859486,32.0597491],[118.7859019,32.0591861],[118.786823,32.0591113],[118.7868672,32.0594698],[118.7864183,32.0595076],[118.7864169,32.059722],[118.7859486,32.0597491]]]}},{"type":"Feature","id":"way/1056854774","properties":{"name":"南京市中心医院(市级机关医院)","amenity":"hospital","osm_id":"way/1056854774","label":"南京市中心医院市级机关医院","category":"civic","kind":"hospital"},"geometry":{"type":"Polygon","coordinates":[[[118.7909654,32.0585934],[118.7909225,32.0573088],[118.7916295,32.0572647],[118.7916676,32.0574245],[118.7920361,32.0573509],[118.7921405,32.0579501],[118.7918373,32.0580056],[118.7917809,32.0582641],[118.7918419,32.0584096],[118.7909654,32.0585934]]]}},{"type":"Feature","id":"way/1056864308","properties":{"name":"南京地铁6号线营苑南路站","landuse":"construction","osm_id":"way/1056864308","label":"南京地铁号线营苑南路站","category":"industrial","kind":"construction"},"geometry":{"type":"Polygon","coordinates":[[[118.8212858,32.1034419],[118.8213046,32.1033215],[118.8212644,32.1032988],[118.8212054,32.1030148],[118.8212536,32.1029171],[118.8213502,32.1029579],[118.821369,32.1030556],[118.8230159,32.1035055],[118.8229944,32.1035305],[118.8241799,32.10386],[118.8243704,32.1040826],[118.8245125,32.1041167],[118.8244508,32.1043166],[118.8243704,32.1043189],[118.8239412,32.1041962],[118.8223373,32.1037305],[118.8216667,32.1035487],[118.8214146,32.1035146],[118.8213261,32.1034828],[118.8212858,32.1034419]]]}},{"type":"Feature","id":"way/1056864310","properties":{"name":"南京地铁6号线,9号线红山新城站","landuse":"construction","osm_id":"way/1056864310","label":"南京地铁号线号线红山新城站","category":"industrial","kind":"construction"},"geometry":{"type":"Polygon","coordinates":[[[118.8130351,32.09834],[118.8126448,32.0968866],[118.8125594,32.0962529],[118.8125066,32.0960876],[118.8123155,32.0959533],[118.8120959,32.0958293],[118.8119577,32.0956158],[118.8117951,32.0951267],[118.8118154,32.0947823],[118.8118886,32.0946686],[118.8120959,32.0945412],[118.8121944,32.0944956],[118.8121285,32.093966],[118.8121,32.0934494],[118.8120675,32.0927916],[118.8120797,32.0924437],[118.8123073,32.0924127],[118.8124374,32.0933151],[118.8124903,32.0934632],[118.8126651,32.0936078],[118.8126976,32.0936939],[118.8127789,32.0947134],[118.8130229,32.096005],[118.8130025,32.0962495],[118.8128968,32.0964871],[118.8128387,32.0967352],[118.8130635,32.0977235],[118.8131727,32.0982977],[118.8130351,32.09834]]]}},{"type":"Feature","id":"way/1056864311","properties":{"name":"南京地铁6号线花园路站","landuse":"construction","osm_id":"way/1056864311","label":"南京地铁号线花园路站","category":"industrial","kind":"construction"},"geometry":{"type":"Polygon","coordinates":[[[118.8159608,32.0860521],[118.8158194,32.0860935],[118.8156808,32.0860544],[118.8158502,32.0858403],[118.8171598,32.084642],[118.8172613,32.0847387],[118.8172952,32.085018],[118.8169656,32.085253],[118.8165804,32.0856002],[118.8162415,32.0857986],[118.8159608,32.0860521]]]}},{"type":"Feature","id":"way/1056864312","properties":{"name":"南京地铁6号线岗子村站","landuse":"construction","osm_id":"way/1056864312","label":"南京地铁号线岗子村站","category":"industrial","kind":"construction"},"geometry":{"type":"Polygon","coordinates":[[[118.8112525,32.0671177],[118.8115086,32.0668766],[118.8116509,32.0670557],[118.811411,32.0672521],[118.8122201,32.068203],[118.8118268,32.0683773],[118.8112185,32.0677355],[118.8112525,32.0671177]]]}},{"type":"Feature","id":"way/1056864313","properties":{"name":"南京地铁6号线岗子村站","landuse":"construction","osm_id":"way/1056864313","label":"南京地铁号线岗子村站","category":"industrial","kind":"construction"},"geometry":{"type":"Polygon","coordinates":[[[118.811159,32.0667801],[118.8110086,32.0668146],[118.8108459,32.0668146],[118.8106427,32.0667663],[118.8105288,32.0666664],[118.8104435,32.0664769],[118.8101914,32.0658155],[118.8104028,32.0657534],[118.8105329,32.066098],[118.8107158,32.0660428],[118.8108744,32.0662289],[118.8111183,32.0662082],[118.811346,32.0666113],[118.8112688,32.066725],[118.811159,32.0667801]]]}},{"type":"Feature","id":"way/1056864314","properties":{"name":"南京地铁6号线富贵山站","landuse":"construction","osm_id":"way/1056864314","label":"南京地铁号线富贵山站","category":"industrial","kind":"construction"},"geometry":{"type":"Polygon","coordinates":[[[118.8144454,32.0540234],[118.814364,32.0540324],[118.8143392,32.0539034],[118.8142948,32.0538368],[118.8140454,32.0521246],[118.8139393,32.0516386],[118.8139994,32.0514587],[118.8140174,32.0513293],[118.8141622,32.0513057],[118.8143994,32.0529555],[118.8145162,32.0536424],[118.8144347,32.0538854],[118.8144454,32.0540234]]]}},{"type":"Feature","id":"way/1056864315","properties":{"name":"南京地铁6号线明故宫站","landuse":"construction","osm_id":"way/1056864315","label":"南京地铁号线明故宫站","category":"industrial","kind":"construction"},"geometry":{"type":"Polygon","coordinates":[[[118.8135448,32.0417433],[118.8135111,32.041593],[118.8142517,32.0415332],[118.8142491,32.0416293],[118.8136139,32.04169],[118.8135448,32.0417433]]]}},{"type":"Feature","id":"way/1056864323","properties":{"name":"南京地铁9号线曹后村站","landuse":"construction","osm_id":"way/1056864323","label":"南京地铁号线曹后村站","category":"industrial","kind":"construction"},"geometry":{"type":"Polygon","coordinates":[[[118.8047555,32.0867586],[118.8046435,32.0866993],[118.8046341,32.0865093],[118.8050684,32.0864263],[118.8072727,32.0863352],[118.8076976,32.086268],[118.8083748,32.0862086],[118.808725,32.0862245],[118.8091874,32.0863669],[118.8095283,32.0864658],[118.8097711,32.0864935],[118.8097061,32.0866587],[118.8074081,32.0866399],[118.8054934,32.0867744],[118.8047555,32.0867586]]]}},{"type":"Feature","id":"way/1063644030","properties":{"name":"山和月府","landuse":"greenfield","osm_id":"way/1063644030","label":"山和月府","category":"other","kind":"greenfield"},"geometry":{"type":"Polygon","coordinates":[[[118.8779631,32.0884899],[118.877199,32.0860212],[118.8774401,32.0859916],[118.8781991,32.0861342],[118.8791542,32.0862908],[118.8795794,32.0863378],[118.8800539,32.0863535],[118.881046,32.0863274],[118.8814527,32.0875699],[118.8779631,32.0884899]]]}},{"type":"Feature","id":"way/1063644031","properties":{"name":"NO.2022G22凤凰置业R2二类居住用地","landuse":"construction","osm_id":"way/1063644031","label":"凤凰置业二类居住用地","category":"industrial","kind":"construction"},"geometry":{"type":"Polygon","coordinates":[[[118.8592025,32.0353705],[118.8593627,32.0351563],[118.859449,32.0349683],[118.8596954,32.0335579],[118.8598618,32.0334325],[118.8622959,32.0333489],[118.8623143,32.0339601],[118.861809,32.0355951],[118.8609464,32.0352713],[118.8605273,32.0351772],[118.8603363,32.0356212],[118.8592025,32.0353705]]]}},{"type":"Feature","id":"way/1063644033","properties":{"name":"南京市孝陵卫初级中学","amenity":"school","osm_id":"way/1063644033","label":"南京市孝陵卫初级中学","category":"civic","kind":"school"},"geometry":{"type":"Polygon","coordinates":[[[118.8619553,32.0354768],[118.8623496,32.0342671],[118.8634432,32.0345083],[118.8629554,32.0356732],[118.8619553,32.0354768]]]}},{"type":"Feature","id":"way/1063644034","properties":{"name":"江苏省农业科学院","landuse":"commercial","osm_id":"way/1063644034","label":"江苏省农业科学院","category":"commercial","kind":"commercial"},"geometry":{"type":"Polygon","coordinates":[[[118.8669415,32.0426594],[118.8663836,32.0423321],[118.8659116,32.0419319],[118.8652464,32.0414772],[118.8642808,32.0409133],[118.8633366,32.0404768],[118.8631006,32.0401858],[118.8635771,32.0389408],[118.8642164,32.038094],[118.8647185,32.0377002],[118.8650747,32.0368571],[118.8656627,32.0360631],[118.8652249,32.0356747],[118.8648687,32.0353901],[118.8653837,32.0346988],[118.865697,32.0341468],[118.8658901,32.033692],[118.8663922,32.0329707],[118.8669201,32.0321822],[118.8678084,32.0315337],[118.8693963,32.0309698],[118.8706752,32.0307087],[118.8714991,32.0306059],[118.8725506,32.0302421],[118.8734947,32.0302603],[118.8745375,32.0309452],[118.8745375,32.0316546],[118.8744517,32.0325278],[118.8745247,32.0336074],[118.8744174,32.0349171],[118.8744174,32.0352263],[118.8742672,32.0358994],[118.8737865,32.0366934],[118.8732072,32.0375665],[118.8726579,32.0375728],[118.8715764,32.037039],[118.8702546,32.0363359],[118.8697885,32.0368279],[118.8697525,32.0370572],[118.8695808,32.0374573],[118.8696023,32.0377302],[118.8693748,32.0381913],[118.8690744,32.0388825],[118.8684951,32.0399557],[118.8677355,32.0415136],[118.8669415,32.0426594]]]}},{"type":"Feature","id":"way/1070143513","properties":{"name":"黄马生态湿地公园","leisure":"park","osm_id":"way/1070143513","label":"黄马生态湿地公园","category":"green","kind":"park"},"geometry":{"type":"Polygon","coordinates":[[[118.8764175,32.0833331],[118.8763197,32.0832907],[118.8766393,32.0827528],[118.8769176,32.0823107],[118.8772111,32.0818446],[118.8772589,32.0817286],[118.8780873,32.0805883],[118.8787417,32.0797703],[118.8792983,32.079004],[118.8799462,32.078186],[118.8806093,32.0773239],[118.881079,32.0766736],[118.8818551,32.0756437],[118.882503,32.0747926],[118.8834053,32.0736319],[118.8841424,32.0726407],[118.8850512,32.0714801],[118.8857252,32.0706252],[118.8860165,32.0702328],[118.8861709,32.0700356],[118.886534,32.0695419],[118.8870297,32.0689431],[118.8872906,32.0686815],[118.8874623,32.068816],[118.8875841,32.0689689],[118.8874819,32.0690444],[118.8876232,32.0691992],[118.8870514,32.069529],[118.8870906,32.0696856],[118.8869415,32.0698775],[118.8870264,32.069977],[118.8872987,32.0702161],[118.8869365,32.0705145],[118.8865669,32.070851],[118.8860275,32.0713991],[118.8855679,32.071869],[118.8851958,32.0722224],[118.8848911,32.0725695],[118.8844715,32.0731218],[118.8839296,32.0738794],[118.8833851,32.0746117],[118.8830105,32.0751069],[118.8824561,32.0758349],[118.881989,32.0764718],[118.8814196,32.077276],[118.8810475,32.077822],[118.8806854,32.0782896],[118.8802383,32.0789181],[118.8798387,32.0794726],[118.8796864,32.0797244],[118.879519,32.0800101],[118.8793817,32.0802513],[118.8791944,32.0805497],[118.879042,32.0807825],[118.8788123,32.081066],[118.8786075,32.0812776],[118.8781754,32.0817114],[118.8776035,32.0822087],[118.8771165,32.0826319],[118.8767194,32.0829747],[118.8765595,32.0831165],[118.8764696,32.0832075],[118.8764322,32.0832794],[118.8764175,32.0833331]]]}},{"type":"Feature","id":"way/1070512863","properties":{"name":"南京市长江路小学启迪分校","amenity":"school","osm_id":"way/1070512863","label":"南京市长江路小学启迪分校","category":"civic","kind":"school"},"geometry":{"type":"Polygon","coordinates":[[[118.8860284,32.0312785],[118.8861776,32.0311016],[118.8864631,32.0307529],[118.886602,32.0305908],[118.8866413,32.0305619],[118.8866858,32.030553],[118.8867382,32.0305663],[118.8867932,32.0306196],[118.8876553,32.0315751],[118.8877708,32.031703],[118.8875,32.031875],[118.8874842,32.031852],[118.887106,32.0320895],[118.8867905,32.0317238],[118.8860284,32.0312785]]]}},{"type":"Feature","id":"way/1075663060","properties":{"name":"钟秀嘉园","landuse":"residential","osm_id":"way/1075663060","label":"钟秀嘉园","category":"residential","kind":"residential"},"geometry":{"type":"Polygon","coordinates":[[[118.8793723,32.0418115],[118.8806278,32.0415015],[118.8813694,32.0438073],[118.8799139,32.0438004],[118.8798936,32.0426839],[118.879116,32.0426615],[118.8793723,32.0418115]]]}},{"type":"Feature","id":"way/1075828821","properties":{"leisure":"pitch","osm_id":"way/1075828821","label":"","category":"other","kind":"pitch"},"geometry":{"type":"Polygon","coordinates":[[[118.8110966,32.0553194],[118.8110775,32.0551692],[118.8113951,32.0551401],[118.8114142,32.0552904],[118.8110966,32.0553194]]]}},{"type":"Feature","id":"way/1075828822","properties":{"leisure":"pitch","osm_id":"way/1075828822","label":"","category":"other","kind":"pitch"},"geometry":{"type":"Polygon","coordinates":[[[118.8048694,32.0523754],[118.8048415,32.0520824],[118.8050528,32.052068],[118.8050807,32.0523609],[118.8048694,32.0523754]]]}},{"type":"Feature","id":"way/1075828828","properties":{"leisure":"pitch","osm_id":"way/1075828828","label":"","category":"other","kind":"pitch"},"geometry":{"type":"Polygon","coordinates":[[[118.8155907,32.0463572],[118.8154003,32.046376],[118.8153618,32.046095],[118.8155522,32.0460762],[118.8155907,32.0463572]]]}},{"type":"Feature","id":"way/1075828829","properties":{"leisure":"pitch","osm_id":"way/1075828829","label":"","category":"other","kind":"pitch"},"geometry":{"type":"Polygon","coordinates":[[[118.8157811,32.0463385],[118.8155907,32.0463572],[118.8155522,32.0460762],[118.8157426,32.0460575],[118.8157811,32.0463385]]]}},{"type":"Feature","id":"way/1075828866","properties":{"landuse":"military","osm_id":"way/1075828866","label":"","category":"other","kind":"military"},"geometry":{"type":"Polygon","coordinates":[[[118.8173863,32.0447129],[118.8175615,32.046437],[118.8147855,32.0467916],[118.8145551,32.045161],[118.8140646,32.0452209],[118.8139798,32.0442936],[118.8156406,32.0440911],[118.8163262,32.04403],[118.8165043,32.0448016],[118.8173863,32.0447129]]]}},{"type":"Feature","id":"way/1075828867","properties":{"name":"清溪花园","landuse":"residential","osm_id":"way/1075828867","label":"清溪花园","category":"residential","kind":"residential"},"geometry":{"type":"Polygon","coordinates":[[[118.8171905,32.0428859],[118.8173863,32.0447129],[118.8165043,32.0448016],[118.8163262,32.04403],[118.8156406,32.0440911],[118.815594,32.0434765],[118.8158258,32.0431518],[118.8158083,32.0429857],[118.8171905,32.0428859]]]}},{"type":"Feature","id":"way/1076729453","properties":{"name":"钟山花园城山水居","landuse":"residential","osm_id":"way/1076729453","label":"钟山花园城山水居","category":"residential","kind":"residential"},"geometry":{"type":"Polygon","coordinates":[[[118.8440704,32.0327843],[118.8450628,32.0327923],[118.8451796,32.0328675],[118.845036,32.0352084],[118.8437229,32.0351904],[118.8438397,32.0329132],[118.8439105,32.0328382],[118.8440627,32.0328322],[118.8440704,32.0327843]]]}},{"type":"Feature","id":"way/1076729455","properties":{"name":"钟山花园城博雅居","landuse":"residential","osm_id":"way/1076729455","label":"钟山花园城博雅居","category":"residential","kind":"residential"},"geometry":{"type":"Polygon","coordinates":[[[118.8391858,32.0327735],[118.8391597,32.0320243],[118.8391596,32.0319413],[118.8402428,32.0319497],[118.840303,32.0319167],[118.8403101,32.0315206],[118.8405401,32.0314966],[118.8405755,32.0314246],[118.8406428,32.0314156],[118.843414,32.0313526],[118.843506,32.0313586],[118.8435626,32.0314246],[118.8435414,32.0325978],[118.8434781,32.0327495],[118.8425414,32.0327403],[118.8398014,32.0327674],[118.8391858,32.0327735]]]}},{"type":"Feature","id":"way/1078359685","properties":{"name":"锁一社区","landuse":"residential","osm_id":"way/1078359685","label":"锁一社区","category":"residential","kind":"residential"},"geometry":{"type":"Polygon","coordinates":[[[118.8108521,32.0682213],[118.8152142,32.0718623],[118.8139677,32.0734334],[118.8121331,32.0730057],[118.8121485,32.0729148],[118.8105398,32.0726165],[118.8106097,32.0723589],[118.8098168,32.0722266],[118.8098332,32.0720386],[118.8094553,32.0719794],[118.8094511,32.071744],[118.8087201,32.0715452],[118.8108521,32.0682213]]]}},{"type":"Feature","id":"way/1078364013","properties":{"name":"国际电工委员会(IEC)国际标准促进中心","landuse":"construction","osm_id":"way/1078364013","label":"国际电工委员会国际标准促进中心","category":"industrial","kind":"construction"},"geometry":{"type":"Polygon","coordinates":[[[118.8760555,32.0299587],[118.8748416,32.0290676],[118.8746107,32.0288723],[118.8739729,32.0288532],[118.8747243,32.0280078],[118.874873,32.0279874],[118.8770292,32.0293762],[118.8760555,32.0299587]]]}},{"type":"Feature","id":"way/1079491116","properties":{"name":"锁二社区","landuse":"residential","osm_id":"way/1079491116","label":"锁二社区","category":"residential","kind":"residential"},"geometry":{"type":"Polygon","coordinates":[[[118.8081078,32.073296],[118.8091497,32.0735231],[118.8098168,32.0722266],[118.8106097,32.0723589],[118.8105398,32.0726165],[118.8121485,32.0729148],[118.8121331,32.0730057],[118.8106315,32.0739199],[118.8100481,32.0759938],[118.810005,32.0759846],[118.8078255,32.0755209],[118.806734,32.0753006],[118.807859,32.0732465],[118.8081078,32.073296]]]}},{"type":"Feature","id":"way/1079491117","properties":{"name":"锁金四村","landuse":"residential","osm_id":"way/1079491117","label":"锁金四村","category":"residential","kind":"residential"},"geometry":{"type":"Polygon","coordinates":[[[118.8100481,32.0759938],[118.8106315,32.0739199],[118.8123535,32.0730471],[118.8138019,32.0733744],[118.8129543,32.074329],[118.8127665,32.0748472],[118.8126105,32.0765391],[118.8100481,32.0759938]]]}},{"type":"Feature","id":"way/1083363100","properties":{"landuse":"grass","osm_id":"way/1083363100","label":"","category":"green","kind":"grass"},"geometry":{"type":"Polygon","coordinates":[[[118.8065938,32.0423823],[118.8066137,32.0423516],[118.8066183,32.04231],[118.8066102,32.0422793],[118.806616,32.0422595],[118.8066417,32.0422506],[118.8066651,32.0422516],[118.8068053,32.0422417],[118.8068216,32.0422446],[118.8068321,32.0422565],[118.8068438,32.0423962],[118.8068345,32.04241],[118.8068123,32.04241],[118.8067702,32.0424061],[118.8067322,32.0424064],[118.8066964,32.0424093],[118.8066573,32.0424139],[118.8066212,32.0424142],[118.8066009,32.0424057],[118.8065938,32.0423823]]]}},{"type":"Feature","id":"way/1083363101","properties":{"landuse":"grass","osm_id":"way/1083363101","label":"","category":"green","kind":"grass"},"geometry":{"type":"Polygon","coordinates":[[[118.8064309,32.0424036],[118.8064262,32.0424265],[118.8064206,32.0424351],[118.8063937,32.0424462],[118.8063639,32.0424533],[118.8063295,32.0424572],[118.8063035,32.0424572],[118.8062774,32.0424627],[118.8062467,32.0424706],[118.8062235,32.0424769],[118.8062114,32.0424556],[118.8062067,32.0424359],[118.8061975,32.0423295],[118.8062002,32.0423067],[118.806216,32.0422901],[118.8062346,32.042287],[118.8063834,32.0422767],[118.8063993,32.0422783],[118.8064039,32.0422885],[118.8063983,32.0423043],[118.8063974,32.0423421],[118.8064067,32.04238],[118.8064309,32.0424036]]]}},{"type":"Feature","id":"way/1083363102","properties":{"landuse":"grass","osm_id":"way/1083363102","label":"","category":"green","kind":"grass"},"geometry":{"type":"Polygon","coordinates":[[[118.8063396,32.0431828],[118.8063299,32.0431116],[118.8063679,32.0431054],[118.8063704,32.0430759],[118.8064488,32.0430663],[118.8064666,32.0430677],[118.8064738,32.0430965],[118.8065013,32.0430958],[118.8065118,32.043178],[118.8063712,32.0431904],[118.8063712,32.0431808],[118.8063396,32.0431828]]]}},{"type":"Feature","id":"way/1083363103","properties":{"landuse":"grass","osm_id":"way/1083363103","label":"","category":"green","kind":"grass"},"geometry":{"type":"Polygon","coordinates":[[[118.8066983,32.0431618],[118.8066876,32.0430777],[118.8066866,32.0430702],[118.8066833,32.0430441],[118.8067198,32.0430425],[118.8067547,32.0430418],[118.806782,32.0430483],[118.8068009,32.0430631],[118.8068199,32.0430881],[118.8068322,32.0431488],[118.8066983,32.0431618]]]}},{"type":"Feature","id":"way/1083375789","properties":{"name":"南京外国语学校大行宫校区","amenity":"school","osm_id":"way/1083375789","label":"南京外国语学校大行宫校区","category":"civic","kind":"school"},"geometry":{"type":"Polygon","coordinates":[[[118.7889236,32.0460503],[118.7889347,32.0460474],[118.7891255,32.0459982],[118.7890584,32.0457998],[118.7893052,32.0457383],[118.7894377,32.0461582],[118.7896818,32.0460986],[118.7897462,32.0460828],[118.7899549,32.0467858],[118.7898909,32.0468022],[118.789679,32.0468566],[118.7896518,32.0467935],[118.7891972,32.0469167],[118.7891889,32.0469189],[118.7889236,32.0460503]]]}},{"type":"Feature","id":"way/1083375790","properties":{"leisure":"pitch","osm_id":"way/1083375790","label":"","category":"other","kind":"pitch"},"geometry":{"type":"Polygon","coordinates":[[[118.7892139,32.0466476],[118.7891379,32.0463864],[118.7894329,32.0463242],[118.789509,32.0465798],[118.7892139,32.0466476]]]}},{"type":"Feature","id":"way/1088431206","properties":{"name":"江苏•福冈友好樱花园","leisure":"garden","osm_id":"way/1088431206","label":"江苏福冈友好樱花园","category":"green","kind":"garden"},"geometry":{"type":"Polygon","coordinates":[[[118.8376922,32.049801],[118.8382505,32.0512068],[118.8380039,32.0518707],[118.8370499,32.0521992],[118.8366731,32.0517375],[118.836207,32.0503546],[118.8376922,32.049801]]]}},{"type":"Feature","id":"way/1088452116","properties":{"name":"德基紫金山庄","landuse":"residential","osm_id":"way/1088452116","label":"德基紫金山庄","category":"residential","kind":"residential"},"geometry":{"type":"Polygon","coordinates":[[[118.8504093,32.0527264],[118.8502286,32.0516297],[118.8500683,32.0501916],[118.8500519,32.0490113],[118.8505901,32.0491714],[118.8522621,32.0490705],[118.8520936,32.0506095],[118.851995,32.0525245],[118.8504093,32.0527264]]]}},{"type":"Feature","id":"way/1088780418","properties":{"name":"太平花园","landuse":"residential","osm_id":"way/1088780418","label":"太平花园","category":"residential","kind":"residential"},"geometry":{"type":"Polygon","coordinates":[[[118.8058592,32.0605517],[118.8056752,32.0595259],[118.8068691,32.0594259],[118.8074283,32.0594759],[118.8074165,32.0603537],[118.8058592,32.0605517]]]}},{"type":"Feature","id":"way/1088780419","properties":{"name":"南京市玄武高级中学","amenity":"school","osm_id":"way/1088780419","label":"南京市玄武高级中学","category":"civic","kind":"school"},"geometry":{"type":"Polygon","coordinates":[[[118.8081361,32.05902],[118.8079756,32.0580481],[118.809665,32.0575182],[118.8103776,32.0573962],[118.8109627,32.0576682],[118.8108542,32.0581501],[118.8101817,32.058648],[118.8097004,32.05887],[118.8081361,32.05902]]]}},{"type":"Feature","id":"way/1088963672","properties":{"name":"钟山体育运动公园","leisure":"park","osm_id":"way/1088963672","label":"钟山体育运动公园","category":"green","kind":"park"},"geometry":{"type":"Polygon","coordinates":[[[118.8647393,32.0426459],[118.8654679,32.0430022],[118.8662104,32.0434693],[118.8668098,32.043902],[118.8669342,32.0439918],[118.8677608,32.0446252],[118.868494,32.0453971],[118.8691167,32.046015],[118.8692319,32.0461294],[118.8694374,32.0463392],[118.8695541,32.0466361],[118.869797,32.0469765],[118.8703994,32.0474871],[118.8708384,32.0478038],[118.8712727,32.0480175],[118.8716369,32.0481719],[118.8719965,32.0483817],[118.8726316,32.0487142],[118.8739589,32.0492202],[118.8739159,32.0493119],[118.8734722,32.0493079],[118.8731407,32.0494187],[118.8726083,32.0496721],[118.8720059,32.0500125],[118.8716463,32.0501866],[118.8707917,32.0503648],[118.8697036,32.0505152],[118.8680083,32.0509308],[118.8670743,32.0511881],[118.8667288,32.0513385],[118.8664019,32.0515443],[118.8661357,32.0517303],[118.8657527,32.0520747],[118.8654445,32.0522766],[118.8652204,32.0523676],[118.8649215,32.0524032],[118.8644545,32.0523795],[118.8640295,32.0522924],[118.862918,32.0518451],[118.8622829,32.0515562],[118.8620868,32.0515206],[118.8619467,32.0512435],[118.8622596,32.0511089],[118.8620728,32.0507922],[118.8620681,32.0502777],[118.8619747,32.0502183],[118.8617319,32.0502025],[118.8617692,32.0492248],[118.8619733,32.049162],[118.8623343,32.0491258],[118.8626752,32.0491694],[118.8630581,32.049201],[118.8632403,32.0491733],[118.8638801,32.0489279],[118.8645012,32.048924],[118.8647868,32.0474108],[118.8649121,32.0467469],[118.8646786,32.0466836],[118.8647384,32.0459723],[118.8648374,32.0447954],[118.864758,32.0443402],[118.8646086,32.0441106],[118.8644685,32.0439522],[118.8645946,32.0434772],[118.8645012,32.0432793],[118.8646349,32.0431259],[118.8646874,32.0430657],[118.8647393,32.0430062],[118.8646179,32.0428162],[118.8647393,32.0426459]]]}},{"type":"Feature","id":"way/1091378659","properties":{"leisure":"pitch","osm_id":"way/1091378659","label":"","category":"other","kind":"pitch"},"geometry":{"type":"Polygon","coordinates":[[[118.8205405,32.0756144],[118.8201032,32.0753398],[118.820302,32.0751123],[118.8207394,32.0753868],[118.8205405,32.0756144]]]}},{"type":"Feature","id":"way/1091378660","properties":{"leisure":"pitch","osm_id":"way/1091378660","label":"","category":"other","kind":"pitch"},"geometry":{"type":"Polygon","coordinates":[[[118.8200753,32.0749594],[118.8199024,32.0751502],[118.8197782,32.0750695],[118.8199511,32.0748786],[118.8200753,32.0749594]]]}},{"type":"Feature","id":"way/1093710268","properties":{"name":"中山康复医院","amenity":"hospital","osm_id":"way/1093710268","label":"中山康复医院","category":"civic","kind":"hospital"},"geometry":{"type":"Polygon","coordinates":[[[118.8406211,32.0528926],[118.8404701,32.0515248],[118.8413478,32.0515768],[118.8411732,32.0528926],[118.8406211,32.0528926]]]}},{"type":"Feature","id":"way/1155920338","properties":{"leisure":"park","osm_id":"way/1155920338","label":"","category":"green","kind":"park"},"geometry":{"type":"Polygon","coordinates":[[[118.7864708,32.0552111],[118.7864215,32.054933],[118.7865763,32.0549101],[118.7866233,32.0551895],[118.7864708,32.0552111]]]}},{"type":"Feature","id":"way/1161228936","properties":{"name":"南京明故宫遗址公园","name:en":"Nanjing Ming Palace Ruins Park","leisure":"park","tourism":"museum","osm_id":"way/1161228936","label":"南京明故宫遗址公园","category":"green","kind":"park"},"geometry":{"type":"Polygon","coordinates":[[[118.811985,32.0417365],[118.8132192,32.041631],[118.8136017,32.0449698],[118.8136035,32.0451135],[118.8135675,32.0452925],[118.8134953,32.0453797],[118.8134159,32.045447],[118.81336,32.0454913],[118.8132752,32.045528],[118.8131958,32.0455601],[118.8131218,32.0455785],[118.8129594,32.0455861],[118.8128746,32.045577],[118.8127699,32.045554],[118.8126851,32.0455234],[118.8126129,32.0454913],[118.8125372,32.0454378],[118.8124758,32.0453797],[118.8124217,32.045317],[118.8123603,32.0452237],[118.8122972,32.044979],[118.811985,32.0417365]]]}},{"type":"Feature","id":"way/1187615034","properties":{"leisure":"pitch","osm_id":"way/1187615034","label":"","category":"other","kind":"pitch"},"geometry":{"type":"Polygon","coordinates":[[[118.8720715,32.0443407],[118.8721065,32.0438512],[118.8725027,32.0438577],[118.8724707,32.0443626],[118.8720715,32.0443407]]]}},{"type":"Feature","id":"way/1205715837","properties":{"name":"大转盘","natural":"wood","osm_id":"way/1205715837","label":"大转盘","category":"green","kind":"wood"},"geometry":{"type":"Polygon","coordinates":[[[118.8131,32.0807872],[118.8130779,32.0807678],[118.813066,32.0807303],[118.8130737,32.0806957],[118.8130813,32.0806784],[118.813123,32.0806525],[118.8131638,32.0806438],[118.8131987,32.0806503],[118.8132285,32.0806719],[118.8132506,32.0807108],[118.8132404,32.0807527],[118.8132123,32.0807808],[118.8131672,32.0807966],[118.8131,32.0807872]]]}},{"type":"Feature","id":"way/1206400777","properties":{"name":"钟山风景名胜区环境综合整治纪念碑","leisure":"park","osm_id":"way/1206400777","label":"钟山风景名胜区环境综合整治纪念碑","category":"green","kind":"park"},"geometry":{"type":"Polygon","coordinates":[[[118.8274718,32.0478651],[118.8273883,32.0478216],[118.8273541,32.0476819],[118.8273584,32.0475857],[118.8274311,32.0474913],[118.8276003,32.0474714],[118.8276944,32.0474913],[118.8277587,32.0475385],[118.8277779,32.0476147],[118.8277822,32.0477036],[118.8277715,32.0478252],[118.8277244,32.0478851],[118.8275746,32.0478887],[118.8274718,32.0478651]]]}},{"type":"Feature","id":"way/1213285531","properties":{"name":"大石桥小区","landuse":"residential","osm_id":"way/1213285531","label":"大石桥小区","category":"residential","kind":"residential"},"geometry":{"type":"Polygon","coordinates":[[[118.7820855,32.0570806],[118.7820956,32.0566882],[118.7821027,32.0564099],[118.7823675,32.0562075],[118.7830236,32.0561612],[118.78306,32.0563561],[118.7837907,32.0562906],[118.7838616,32.0565803],[118.7830098,32.056717],[118.7830006,32.0570904],[118.7820855,32.0570806]]]}},{"type":"Feature","id":"way/1220176362","properties":{"natural":"scrub","osm_id":"way/1220176362","label":"","category":"green","kind":"scrub"},"geometry":{"type":"Polygon","coordinates":[[[118.8094141,32.0687742],[118.8094668,32.0686213],[118.8095291,32.0684765],[118.8095739,32.0682261],[118.8096793,32.0682139],[118.809807,32.0682003],[118.8095323,32.068808],[118.8094141,32.0687742]]]}},{"type":"Feature","id":"way/1220176363","properties":{"natural":"scrub","osm_id":"way/1220176363","label":"","category":"green","kind":"scrub"},"geometry":{"type":"Polygon","coordinates":[[[118.8092203,32.0692084],[118.8093174,32.06895],[118.809358,32.0688371],[118.8094619,32.0688754],[118.8093174,32.0692276],[118.8092203,32.0692084]]]}},{"type":"Feature","id":"way/1240414762","properties":{"leisure":"pitch","osm_id":"way/1240414762","label":"","category":"other","kind":"pitch"},"geometry":{"type":"Polygon","coordinates":[[[118.8389354,32.0347033],[118.8386122,32.0337899],[118.8393011,32.0336148],[118.8396242,32.0345281],[118.8389354,32.0347033]]]}},{"type":"Feature","id":"way/1240414764","properties":{"landuse":"grass","osm_id":"way/1240414764","label":"","category":"green","kind":"grass"},"geometry":{"type":"Polygon","coordinates":[[[118.8401633,32.0362886],[118.8391183,32.0365199],[118.8390219,32.0362067],[118.8400668,32.0359753],[118.8401633,32.0362886]]]}},{"type":"Feature","id":"way/1240414765","properties":{"landuse":"grass","osm_id":"way/1240414765","label":"","category":"green","kind":"grass"},"geometry":{"type":"Polygon","coordinates":[[[118.8403361,32.0362449],[118.8402367,32.0359175],[118.8406484,32.0358275],[118.8407479,32.036155],[118.8403361,32.0362449]]]}},{"type":"Feature","id":"way/1240681700","properties":{"natural":"wood","osm_id":"way/1240681700","label":"","category":"green","kind":"wood"},"geometry":{"type":"Polygon","coordinates":[[[118.84024,32.0348707],[118.840058,32.0344204],[118.8409992,32.0343359],[118.8410093,32.0345617],[118.8409789,32.0346771],[118.8408975,32.0347168],[118.84024,32.0348707]]]}},{"type":"Feature","id":"way/1240681707","properties":{"landuse":"grass","osm_id":"way/1240681707","label":"","category":"green","kind":"grass"},"geometry":{"type":"Polygon","coordinates":[[[118.8375088,32.036933],[118.8373825,32.0365582],[118.8380002,32.0364119],[118.8381327,32.0368364],[118.8380464,32.0368024],[118.8375088,32.036933]]]}},{"type":"Feature","id":"way/1240681708","properties":{"landuse":"grass","osm_id":"way/1240681708","label":"","category":"green","kind":"grass"},"geometry":{"type":"Polygon","coordinates":[[[118.8381327,32.0367236],[118.8380461,32.0364563],[118.8381799,32.0364251],[118.8382665,32.0366924],[118.8381327,32.0367236]]]}},{"type":"Feature","id":"way/1240681710","properties":{"leisure":"pitch","osm_id":"way/1240681710","label":"","category":"other","kind":"pitch"},"geometry":{"type":"Polygon","coordinates":[[[118.838554,32.0334531],[118.8384549,32.033161],[118.8386447,32.0331147],[118.8387437,32.0334069],[118.838554,32.0334531]]]}},{"type":"Feature","id":"way/1240681711","properties":{"leisure":"pitch","osm_id":"way/1240681711","label":"","category":"other","kind":"pitch"},"geometry":{"type":"Polygon","coordinates":[[[118.8387477,32.0334057],[118.8386486,32.0331136],[118.8388384,32.0330674],[118.8389374,32.0333595],[118.8387477,32.0334057]]]}},{"type":"Feature","id":"way/1240681712","properties":{"leisure":"pitch","osm_id":"way/1240681712","label":"","category":"other","kind":"pitch"},"geometry":{"type":"Polygon","coordinates":[[[118.8389475,32.0333557],[118.8388485,32.0330636],[118.8390383,32.0330174],[118.8391372,32.0333095],[118.8389475,32.0333557]]]}},{"type":"Feature","id":"way/1240681713","properties":{"leisure":"pitch","osm_id":"way/1240681713","label":"","category":"other","kind":"pitch"},"geometry":{"type":"Polygon","coordinates":[[[118.8391464,32.033305],[118.8390494,32.0330255],[118.8392383,32.0329784],[118.8393352,32.0332579],[118.8391464,32.033305]]]}},{"type":"Feature","id":"way/1241038782","properties":{"landuse":"military","osm_id":"way/1241038782","label":"","category":"other","kind":"military"},"geometry":{"type":"Polygon","coordinates":[[[118.8483918,32.0940277],[118.8484937,32.0933233],[118.8479787,32.0927598],[118.8486761,32.0925371],[118.8487709,32.092603],[118.8490355,32.092787],[118.8497329,32.0926189],[118.8499099,32.092937],[118.850162,32.0928007],[118.8500279,32.0924553],[118.8499099,32.0920008],[118.8505697,32.0916917],[118.8506716,32.0913736],[118.8504999,32.0910153],[118.8504517,32.0909146],[118.8507234,32.0907893],[118.8508755,32.0907192],[118.8513958,32.0913782],[118.8518614,32.0911457],[118.8517492,32.0905613],[118.8516627,32.0901109],[118.8513145,32.0893058],[118.8504959,32.0885564],[118.8497055,32.0879825],[118.8500066,32.0874404],[118.8500255,32.0869302],[118.8499408,32.086412],[118.8486611,32.0862844],[118.8478802,32.0864917],[118.8472686,32.0871135],[118.8461206,32.0863004],[118.8468452,32.0857424],[118.8480401,32.0843154],[118.8501195,32.0833986],[118.8505053,32.0831514],[118.850543,32.0826173],[118.8503077,32.0823303],[118.8502513,32.0819237],[118.8507217,32.0817722],[118.8514933,32.0817164],[118.8522272,32.0818121],[118.8528953,32.082131],[118.8535351,32.0825854],[118.8539114,32.083271],[118.8542502,32.0840045],[118.8545794,32.084057],[118.8548994,32.0841081],[118.8550405,32.0844031],[118.8548053,32.0847538],[118.8543913,32.0846582],[118.8538832,32.0842914],[118.8536646,32.0842895],[118.8529799,32.0842835],[118.8521896,32.0844031],[118.8513898,32.0849452],[118.8510511,32.0853916],[118.8513239,32.0855989],[118.8513616,32.0860612],[118.8510793,32.0861728],[118.8510714,32.0868192],[118.8510699,32.0869461],[118.8511734,32.0873128],[118.8520108,32.0872331],[118.8527259,32.0875201],[118.8522366,32.0888434],[118.8528657,32.0908419],[118.8533485,32.0911055],[118.8534021,32.0914236],[118.8533324,32.0915054],[118.8528603,32.0915145],[118.8527745,32.0922644],[118.8529086,32.0924325],[118.8534665,32.0924643],[118.8535201,32.0927598],[118.8531822,32.0929188],[118.8527584,32.0929052],[118.8525975,32.0934233],[118.8528657,32.0945867],[118.8483918,32.0940277]]]}},{"type":"Feature","id":"way/1270011339","properties":{"name":"钟山风景名胜区","name:en":"Zhongshan Mountain National Park","leisure":"nature_reserve","osm_id":"way/1270011339","label":"钟山风景名胜区","category":"green","kind":"nature_reserve"},"geometry":{"type":"Polygon","coordinates":[[[118.7842244,32.0902363],[118.7842839,32.0908779],[118.784237,32.091069],[118.7835201,32.0913718],[118.7828386,32.0917248],[118.7826311,32.0917768],[118.7822341,32.0916407],[118.7809038,32.0915302],[118.7797333,32.0914053],[118.7793977,32.0912341],[118.7792044,32.0910082],[118.7793258,32.090878],[118.7802805,32.0909682],[118.7805898,32.0910158],[118.7806505,32.0907468],[118.7815682,32.0907487],[118.7830498,32.0904196],[118.7831998,32.0897149],[118.7833545,32.0890581],[118.7835121,32.0884476],[118.7828725,32.0877403],[118.7824441,32.0875752],[118.7814609,32.0875355],[118.7814073,32.0845714],[118.7813094,32.0820347],[118.78234,32.077283],[118.7827437,32.0738699],[118.7834897,32.0691814],[118.7833768,32.0681198],[118.7862684,32.0676925],[118.7882516,32.0674933],[118.7894287,32.0665741],[118.7902855,32.0653447],[118.7912269,32.0645097],[118.7911748,32.0641528],[118.789819,32.0639258],[118.7893415,32.0636564],[118.7887716,32.0633893],[118.78822,32.0632533],[118.7873843,32.0632548],[118.7872051,32.0632551],[118.7865291,32.0635551],[118.7858747,32.063546],[118.7849645,32.0630864],[118.7847502,32.0629814],[118.7841142,32.0626695],[118.7830876,32.0621464],[118.7836498,32.0619805],[118.7847968,32.0611184],[118.7858208,32.0603229],[118.7870738,32.0602062],[118.7890977,32.0601138],[118.789857,32.0599589],[118.7909428,32.0593424],[118.7911497,32.0602554],[118.789946,32.0605739],[118.7913453,32.0634677],[118.7917898,32.0640867],[118.7938234,32.0640359],[118.7997962,32.0631683],[118.7997149,32.0626368],[118.8011425,32.0619878],[118.8024186,32.0614821],[118.802837,32.0610638],[118.8038133,32.0603091],[118.8039099,32.0599454],[118.8041888,32.059809],[118.8048969,32.0597454],[118.8049936,32.0603368],[118.804913,32.0607505],[118.8044396,32.0617033],[118.8041365,32.0627937],[118.8045731,32.0629784],[118.8045027,32.0632856],[118.8020958,32.0638594],[118.801077,32.0638837],[118.8010031,32.0638855],[118.7995159,32.0636855],[118.7996102,32.0639999],[118.8000527,32.0640629],[118.8022512,32.0642796],[118.8036871,32.0642099],[118.8045516,32.0640505],[118.8057075,32.0631871],[118.8056911,32.0628014],[118.8054847,32.0620853],[118.8060244,32.0614902],[118.8075913,32.0609769],[118.8080726,32.0605569],[118.807861,32.0592071],[118.8097004,32.05887],[118.8101817,32.058648],[118.8108542,32.0581501],[118.8109627,32.0576682],[118.8107348,32.0568919],[118.8125587,32.0563464],[118.8133741,32.0567374],[118.8158119,32.0569099],[118.8146773,32.055124],[118.8233421,32.053129],[118.8227645,32.0506979],[118.8262207,32.0473568],[118.8229125,32.042282],[118.8226602,32.0395309],[118.82216,32.03632],[118.8222721,32.0361054],[118.8222683,32.0351209],[118.8219148,32.0342636],[118.8219701,32.0336743],[118.8225189,32.0333458],[118.8247224,32.0327065],[118.8246979,32.033265],[118.8247293,32.0342402],[118.8235754,32.0343291],[118.8233525,32.0360577],[118.8244474,32.0396246],[118.8246327,32.0405371],[118.8248698,32.0414627],[118.8271538,32.0429631],[118.8295305,32.0433921],[118.8314858,32.0438869],[118.8334254,32.0441161],[118.8338202,32.0453453],[118.8342458,32.045783],[118.8344952,32.0456511],[118.835324,32.0461809],[118.8357183,32.0461308],[118.8358873,32.0463718],[118.8365579,32.0462559],[118.8379008,32.0459909],[118.8385844,32.045773],[118.8381162,32.0441347],[118.8381093,32.0432072],[118.8384846,32.0429777],[118.8378827,32.0415548],[118.8424004,32.0402871],[118.8428232,32.0400481],[118.8430437,32.0408073],[118.8430064,32.0415849],[118.8441106,32.0420997],[118.8466977,32.0425429],[118.847473,32.0413514],[118.8477767,32.0413298],[118.8480018,32.0407823],[118.8487074,32.0405045],[118.8498179,32.039656],[118.8512136,32.0389497],[118.8511619,32.0381809],[118.8519083,32.0380149],[118.852438,32.0381468],[118.8527418,32.0384902],[118.8533494,32.0385957],[118.8541184,32.0386995],[118.8534257,32.0400376],[118.8511193,32.0428611],[118.8511526,32.0431381],[118.855067,32.0423254],[118.8579284,32.0418616],[118.8596224,32.0417213],[118.8595716,32.0432921],[118.8587206,32.0451693],[118.8586327,32.0472808],[118.8590692,32.0504073],[118.8598538,32.0525714],[118.8606795,32.0525837],[118.8615914,32.052611],[118.8621279,32.0519744],[118.8614929,32.0499538],[118.8619733,32.049162],[118.8639498,32.0491808],[118.8646579,32.0490353],[118.8649047,32.0487898],[118.8648296,32.0481441],[118.8647868,32.0474108],[118.8649121,32.0467469],[118.8649369,32.0464527],[118.8647384,32.0459723],[118.8648511,32.0450704],[118.8644685,32.0439522],[118.8645946,32.0434772],[118.8647393,32.0430062],[118.8647393,32.0426459],[118.8668098,32.043902],[118.8691167,32.046015],[118.8699804,32.0470047],[118.8713486,32.0479517],[118.8750447,32.0494881],[118.8770408,32.0499648],[118.8784436,32.0508744],[118.8796553,32.0517861],[118.8801742,32.053525],[118.880658,32.0537504],[118.8809916,32.0536791],[118.8811951,32.0535627],[118.8818336,32.0547566],[118.8822969,32.0575974],[118.883294,32.0605667],[118.8830679,32.0623528],[118.8824071,32.0642198],[118.8815865,32.0659599],[118.8806713,32.0692911],[118.8798092,32.0719344],[118.8774347,32.0747787],[118.8767846,32.0764308],[118.875371,32.0773398],[118.8716478,32.0799542],[118.8671615,32.0834111],[118.8637239,32.0852602],[118.8633134,32.0854283],[118.8612657,32.0836192],[118.8581958,32.0833148],[118.8577151,32.0859879],[118.8600764,32.0868728],[118.8613048,32.0877058],[118.8585659,32.0908781],[118.8565279,32.0936178],[118.8555586,32.0946276],[118.8528657,32.0945867],[118.8525975,32.0934233],[118.8527584,32.0929052],[118.8531822,32.0929188],[118.8535201,32.0927598],[118.8534665,32.0924643],[118.8529086,32.0924325],[118.8525954,32.0922501],[118.8528603,32.0915145],[118.8533324,32.0915054],[118.8533485,32.0911055],[118.8528657,32.0908419],[118.8522366,32.0888434],[118.8527259,32.0875201],[118.8520108,32.0872331],[118.8511734,32.0873128],[118.8510714,32.0868192],[118.8513616,32.0860612],[118.8509389,32.0849111],[118.8521896,32.0844031],[118.8536646,32.0842895],[118.8543913,32.0846582],[118.8545794,32.084057],[118.8536748,32.0831385],[118.852044,32.0820568],[118.8504561,32.0821841],[118.8505053,32.0831514],[118.8490185,32.0847657],[118.8499408,32.086412],[118.8501879,32.0873018],[118.8497055,32.0879825],[118.8504959,32.0885564],[118.8517492,32.0905613],[118.8518614,32.0911457],[118.8511964,32.0915194],[118.8507234,32.0907893],[118.8504999,32.0910153],[118.849748,32.0921284],[118.8499099,32.092937],[118.8487709,32.092603],[118.8479787,32.0927598],[118.8483104,32.0933282],[118.8483918,32.0940277],[118.8420234,32.0921501],[118.8420769,32.091574],[118.8427099,32.091174],[118.8409397,32.0907832],[118.8395567,32.0912259],[118.8379817,32.0897857],[118.8372521,32.0887382],[118.8324415,32.0872908],[118.8297193,32.0863155],[118.8286078,32.0853738],[118.8278012,32.0834593],[118.8281044,32.0815008],[118.8287298,32.080002],[118.826348,32.0770384],[118.8254156,32.075661],[118.8236765,32.0745656],[118.8223461,32.0754929],[118.8206136,32.074492],[118.821724,32.0732195],[118.8198785,32.0721746],[118.8181297,32.0718201],[118.816971,32.0709927],[118.8168208,32.0689017],[118.8159191,32.0669538],[118.8142995,32.0678561],[118.8130657,32.0678834],[118.8122932,32.0667742],[118.8144053,32.0643606],[118.8149861,32.0634828],[118.8141171,32.0632191],[118.8128037,32.0648925],[118.8116557,32.0647379],[118.8105329,32.066098],[118.8091065,32.0644254],[118.8079188,32.0654581],[118.8064419,32.066492],[118.8070536,32.0677603],[118.8070281,32.068066],[118.8069985,32.0684195],[118.8069501,32.0689987],[118.8065582,32.0704943],[118.8071403,32.0709301],[118.8072077,32.0711746],[118.8082898,32.0712894],[118.807986,32.071764],[118.8066995,32.07152],[118.8053475,32.071373],[118.8048829,32.0723502],[118.8037282,32.0740274],[118.8035395,32.0745482],[118.8035278,32.0745706],[118.8030832,32.0754245],[118.8026505,32.0761477],[118.8019277,32.0775986],[118.8012998,32.0780288],[118.7995406,32.0782729],[118.7995883,32.0789641],[118.7997982,32.0798699],[118.7999655,32.0810043],[118.7999996,32.0816346],[118.7942459,32.084927],[118.7895885,32.0875548],[118.7875966,32.0889831],[118.7862646,32.08862],[118.7854793,32.0884112],[118.7842764,32.0889554],[118.7842244,32.0902363]]]}},{"type":"Feature","id":"way/1273296484","properties":{"name":"地球仪一坪","landuse":"forest","osm_id":"way/1273296484","label":"地球仪一坪","category":"green","kind":"forest"},"geometry":{"type":"Polygon","coordinates":[[[118.8082476,32.0794117],[118.80802,32.0793577],[118.8079168,32.0792908],[118.8078622,32.0791648],[118.8079108,32.0790389],[118.80802,32.0789669],[118.8081566,32.0789514],[118.8083933,32.0789926],[118.8087028,32.0790594],[118.8086148,32.0793448],[118.8085632,32.0794863],[118.8082476,32.0794117]]]}},{"type":"Feature","id":"way/1279348933","properties":{"name":"白马山庄","landuse":"residential","osm_id":"way/1279348933","label":"白马山庄","category":"residential","kind":"residential"},"geometry":{"type":"Polygon","coordinates":[[[118.8120065,32.0648615],[118.8126977,32.0652152],[118.8117219,32.066127],[118.8109522,32.0659088],[118.8120065,32.0648615]]]}},{"type":"Feature","id":"way/1279348934","properties":{"name":"岗子村63号","landuse":"residential","osm_id":"way/1279348934","label":"岗子村号","category":"residential","kind":"residential"},"geometry":{"type":"Polygon","coordinates":[[[118.8138238,32.0649258],[118.814107,32.0651589],[118.8137127,32.0653748],[118.813298,32.0658445],[118.8121868,32.0668333],[118.8124077,32.0671101],[118.8121434,32.0672869],[118.8116162,32.0667931],[118.8126069,32.0659146],[118.8131123,32.0654334],[118.8138238,32.0649258]]]}},{"type":"Feature","id":"way/1279348935","properties":{"name":"新世界花园","landuse":"residential","osm_id":"way/1279348935","label":"新世界花园","category":"residential","kind":"residential"},"geometry":{"type":"Polygon","coordinates":[[[118.8131012,32.069432],[118.8120681,32.0684973],[118.8130663,32.0680517],[118.8132758,32.0682327],[118.8149663,32.067956],[118.8152991,32.0690978],[118.8142474,32.0693415],[118.8131012,32.069432]]]}},{"type":"Feature","id":"way/1279348937","properties":{"name":"板仓街49号","landuse":"residential","osm_id":"way/1279348937","label":"板仓街号","category":"residential","kind":"residential"},"geometry":{"type":"Polygon","coordinates":[[[118.8172106,32.0728564],[118.8165032,32.0723419],[118.8162945,32.0717907],[118.8158961,32.071042],[118.8162593,32.0708859],[118.8171293,32.0716369],[118.8181023,32.0723259],[118.8172106,32.0728564]]]}},{"type":"Feature","id":"way/1280559451","properties":{"name":"滑道探险公园","leisure":"park","osm_id":"way/1280559451","label":"滑道探险公园","category":"green","kind":"park"},"geometry":{"type":"Polygon","coordinates":[[[118.8550899,32.0576728],[118.8543727,32.0572053],[118.8542419,32.056914],[118.8544734,32.0568804],[118.8548568,32.056639],[118.8550403,32.0563197],[118.8551416,32.0560428],[118.8554701,32.0562439],[118.8556121,32.0565187],[118.8557794,32.0568104],[118.8570855,32.0576001],[118.8570712,32.0588882],[118.8561807,32.0591307],[118.8555513,32.0590034],[118.8550899,32.0576728]]]}},{"type":"Feature","id":"way/1284585453","properties":{"leisure":"park","osm_id":"way/1284585453","label":"","category":"green","kind":"park"},"geometry":{"type":"Polygon","coordinates":[[[118.8374086,32.0893111],[118.837897,32.0898428],[118.8379041,32.0902066],[118.8375549,32.0906344],[118.8367692,32.0903665],[118.8369863,32.0901167],[118.8372647,32.0898528],[118.8371774,32.089457],[118.8374086,32.0893111]]]}},{"type":"Feature","id":"way/1284585454","properties":{"leisure":"park","osm_id":"way/1284585454","label":"","category":"green","kind":"park"},"geometry":{"type":"Polygon","coordinates":[[[118.8365991,32.0891518],[118.8368492,32.0888089],[118.8372503,32.0891818],[118.8370439,32.0893946],[118.8365991,32.0891518]]]}},{"type":"Feature","id":"way/1292210813","properties":{"leisure":"pitch","osm_id":"way/1292210813","label":"","category":"other","kind":"pitch"},"geometry":{"type":"Polygon","coordinates":[[[118.87671,32.0430843],[118.8772334,32.0432663],[118.8769091,32.0439365],[118.8763857,32.0437546],[118.87671,32.0430843]]]}},{"type":"Feature","id":"way/1300055411","properties":{"leisure":"pitch","osm_id":"way/1300055411","label":"","category":"other","kind":"pitch"},"geometry":{"type":"Polygon","coordinates":[[[118.8402428,32.0385806],[118.8400977,32.0381198],[118.8406718,32.0379899],[118.8408169,32.0384507],[118.8402428,32.0385806]]]}},{"type":"Feature","id":"way/1300055412","properties":{"name":"文化广场","leisure":"park","osm_id":"way/1300055412","label":"文化广场","category":"green","kind":"park"},"geometry":{"type":"Polygon","coordinates":[[[118.8400783,32.0380516],[118.8398769,32.0374161],[118.8405138,32.037271],[118.8407153,32.0379065],[118.8400783,32.0380516]]]}},{"type":"Feature","id":"way/1300055432","properties":{"name":"体育馆","building":"yes","leisure":"sports_hall","osm_id":"way/1300055432","label":"体育馆","category":"other","kind":"sports_hall"},"geometry":{"type":"Polygon","coordinates":[[[118.8381379,32.0327267],[118.8379709,32.0321579],[118.8380516,32.0321387],[118.8379228,32.0317546],[118.8386433,32.0316106],[118.8389831,32.0325287],[118.8381379,32.0327267]]]}},{"type":"Feature","id":"way/1300055433","properties":{"landuse":"grass","osm_id":"way/1300055433","label":"","category":"green","kind":"grass"},"geometry":{"type":"Polygon","coordinates":[[[118.8374079,32.0342304],[118.8371973,32.0340264],[118.8371835,32.0340085],[118.8371794,32.0339912],[118.8371822,32.0339773],[118.8371916,32.0339644],[118.8375152,32.0338947],[118.8375347,32.0338947],[118.8375518,32.0339023],[118.8375588,32.03391],[118.8375599,32.0339237],[118.8374916,32.034218],[118.8374799,32.0342314],[118.8374678,32.0342409],[118.8374503,32.0342456],[118.8374314,32.0342442],[118.8374079,32.0342304]]]}},{"type":"Feature","id":"way/1300055434","properties":{"landuse":"grass","osm_id":"way/1300055434","label":"","category":"green","kind":"grass"},"geometry":{"type":"Polygon","coordinates":[[[118.8371292,32.0339319],[118.8370087,32.0338353],[118.8369465,32.03364],[118.8371624,32.0335905],[118.8372616,32.0339016],[118.8371292,32.0339319]]]}},{"type":"Feature","id":"way/1300055435","properties":{"landuse":"grass","osm_id":"way/1300055435","label":"","category":"green","kind":"grass"},"geometry":{"type":"Polygon","coordinates":[[[118.8374332,32.0338636],[118.8373301,32.0335513],[118.8375536,32.0334983],[118.8376242,32.0337118],[118.8375859,32.0338274],[118.8374332,32.0338636]]]}},{"type":"Feature","id":"way/1300055436","properties":{"name":"游泳馆","leisure":"sports_centre","osm_id":"way/1300055436","label":"游泳馆","category":"other","kind":"sports_centre"},"geometry":{"type":"Polygon","coordinates":[[[118.835196,32.0347633],[118.8349695,32.0340493],[118.8353483,32.033963],[118.8355747,32.034677],[118.835196,32.0347633]]]}},{"type":"Feature","id":"way/1300458936","properties":{"landuse":"grass","osm_id":"way/1300458936","label":"","category":"green","kind":"grass"},"geometry":{"type":"Polygon","coordinates":[[[118.8373346,32.0326863],[118.8370459,32.0316992],[118.8376444,32.0315733],[118.8379334,32.0325604],[118.8373346,32.0326863]]]}},{"type":"Feature","id":"way/1300458937","properties":{"landuse":"grass","osm_id":"way/1300458937","label":"","category":"green","kind":"grass"},"geometry":{"type":"Polygon","coordinates":[[[118.8366867,32.0328199],[118.8363934,32.0319251],[118.8363967,32.0318998],[118.8364063,32.0318828],[118.836415,32.0318676],[118.8364284,32.0318572],[118.8364441,32.031849],[118.8364924,32.0318364],[118.8369031,32.0317468],[118.8369271,32.0317475],[118.8369505,32.0317533],[118.8369674,32.0317606],[118.8369818,32.0317752],[118.8369893,32.031791],[118.8372693,32.0326877],[118.8366867,32.0328199]]]}},{"type":"Feature","id":"way/1300458947","properties":{"landuse":"grass","osm_id":"way/1300458947","label":"","category":"green","kind":"grass"},"geometry":{"type":"Polygon","coordinates":[[[118.8378242,32.0340369],[118.8377985,32.0339468],[118.8377941,32.0339277],[118.8377942,32.0339114],[118.8377993,32.0338967],[118.8378114,32.0338868],[118.8380581,32.0338322],[118.8380817,32.0338277],[118.8381011,32.0338274],[118.8381204,32.0338332],[118.8381568,32.0339678],[118.8378242,32.0340369]]]}},{"type":"Feature","id":"way/1300458961","properties":{"natural":"wood","osm_id":"way/1300458961","label":"","category":"green","kind":"wood"},"geometry":{"type":"Polygon","coordinates":[[[118.835937,32.0376077],[118.8358078,32.0371862],[118.83581,32.0371494],[118.8358172,32.0371324],[118.8358323,32.0370998],[118.8358585,32.0370722],[118.8358934,32.03705],[118.8359428,32.0370358],[118.835989,32.0370299],[118.83603,32.037035],[118.8360551,32.0370404],[118.8360846,32.037055],[118.8361048,32.0370722],[118.8361215,32.0370956],[118.8361363,32.0371282],[118.8362607,32.0375333],[118.835937,32.0376077]]]}},{"type":"Feature","id":"way/1300458976","properties":{"natural":"wood","osm_id":"way/1300458976","label":"","category":"green","kind":"wood"},"geometry":{"type":"Polygon","coordinates":[[[118.8406306,32.0372626],[118.8405062,32.0368691],[118.8409668,32.0367603],[118.8409696,32.0368133],[118.8409625,32.0368732],[118.8409488,32.0369179],[118.8409239,32.0369696],[118.8408903,32.0370205],[118.8408598,32.0370628],[118.8408229,32.037106],[118.8407851,32.0371453],[118.8407497,32.0371771],[118.84071,32.037208],[118.8406306,32.0372626]]]}},{"type":"Feature","id":"way/1300458977","properties":{"natural":"wood","osm_id":"way/1300458977","label":"","category":"green","kind":"wood"},"geometry":{"type":"Polygon","coordinates":[[[118.8396608,32.0381347],[118.8394712,32.0375651],[118.8395486,32.0375466],[118.8395325,32.0374984],[118.839766,32.0374425],[118.8399717,32.0380604],[118.8396608,32.0381347]]]}},{"type":"Feature","id":"way/1300458981","properties":{"natural":"wood","osm_id":"way/1300458981","label":"","category":"green","kind":"wood"},"geometry":{"type":"Polygon","coordinates":[[[118.8367687,32.0346173],[118.8367173,32.0344385],[118.8368409,32.034413],[118.836834,32.0343889],[118.836965,32.0343619],[118.8370232,32.0345648],[118.8367687,32.0346173]]]}},{"type":"Feature","id":"way/1300565591","properties":{"leisure":"pitch","osm_id":"way/1300565591","label":"","category":"other","kind":"pitch"},"geometry":{"type":"Polygon","coordinates":[[[118.8382164,32.0330295],[118.8381409,32.0327792],[118.8390241,32.0325878],[118.8390996,32.032838],[118.8382164,32.0330295]]]}},{"type":"Feature","id":"way/1300565592","properties":{"landuse":"grass","osm_id":"way/1300565592","label":"","category":"green","kind":"grass"},"geometry":{"type":"Polygon","coordinates":[[[118.8359763,32.0329694],[118.8359506,32.0328827],[118.8360865,32.0328538],[118.8358829,32.0321661],[118.8354609,32.0322559],[118.8354008,32.0320531],[118.8362844,32.0318649],[118.836574,32.032842],[118.8359763,32.0329694]]]}},{"type":"Feature","id":"way/1300565605","properties":{"name":"教工公寓","landuse":"residential","osm_id":"way/1300565605","label":"教工公寓","category":"residential","kind":"residential"},"geometry":{"type":"Polygon","coordinates":[[[118.8355647,32.0399939],[118.8345,32.0365168],[118.8356328,32.0362675],[118.8353363,32.0352996],[118.8364668,32.0350508],[118.8365612,32.0353146],[118.8366805,32.0356483],[118.83693,32.0365384],[118.837285,32.0364587],[118.8378745,32.038385],[118.8366314,32.0386584],[118.8369471,32.0396898],[118.8355647,32.0399939]]]}},{"type":"Feature","id":"way/1300565606","properties":{"landuse":"forest","osm_id":"way/1300565606","label":"","category":"green","kind":"forest"},"geometry":{"type":"Polygon","coordinates":[[[118.839301,32.0370666],[118.8391444,32.0365798],[118.8402084,32.0363339],[118.8402209,32.0363773],[118.840112,32.0364009],[118.8401597,32.0365591],[118.8398637,32.0366233],[118.8398166,32.0364675],[118.8396946,32.036494],[118.8397586,32.0367058],[118.8393505,32.0367944],[118.8393824,32.0369002],[118.8397558,32.036819],[118.8397646,32.0368482],[118.8399067,32.0368174],[118.8398947,32.0367778],[118.8403213,32.0366853],[118.8403635,32.0368236],[118.839301,32.0370666]]]}},{"type":"Feature","id":"way/1300565607","properties":{"landuse":"grass","osm_id":"way/1300565607","label":"","category":"green","kind":"grass"},"geometry":{"type":"Polygon","coordinates":[[[118.839019,32.0365594],[118.838404,32.0367165],[118.8383488,32.0367822],[118.8382131,32.0363686],[118.838905,32.0362096],[118.839019,32.0365594]]]}},{"type":"Feature","id":"way/1300565608","properties":{"landuse":"forest","osm_id":"way/1300565608","label":"","category":"green","kind":"forest"},"geometry":{"type":"Polygon","coordinates":[[[118.8404501,32.0367985],[118.8404088,32.0366663],[118.8406696,32.0366097],[118.8406815,32.0366489],[118.8408656,32.036609],[118.8407723,32.0362998],[118.8406194,32.0363329],[118.8406532,32.036445],[118.8403685,32.0365067],[118.8403111,32.0363185],[118.8408093,32.0362084],[118.8409583,32.0366842],[118.8404501,32.0367985]]]}},{"type":"Feature","id":"way/1300565609","properties":{"landuse":"grass","osm_id":"way/1300565609","label":"","category":"green","kind":"grass"},"geometry":{"type":"Polygon","coordinates":[[[118.8394868,32.0374014],[118.8394233,32.0373768],[118.8393478,32.0371259],[118.8403761,32.0368873],[118.8404855,32.0372468],[118.8401585,32.0373183],[118.8401456,32.0372777],[118.8399858,32.0373142],[118.8398343,32.0373488],[118.8397994,32.0373568],[118.8396837,32.0373832],[118.8396963,32.037423],[118.8396009,32.0374273],[118.8395262,32.0374166],[118.8394868,32.0374014]]]}},{"type":"Feature","id":"way/1300565618","properties":{"landuse":"grass","osm_id":"way/1300565618","label":"","category":"green","kind":"grass"},"geometry":{"type":"Polygon","coordinates":[[[118.8383167,32.0349687],[118.8382335,32.0346769],[118.8381117,32.0347034],[118.8380859,32.0346166],[118.8381664,32.0345998],[118.8380522,32.0342224],[118.8383404,32.0341597],[118.8383485,32.0341947],[118.8383407,32.0342167],[118.8383359,32.0342434],[118.8383347,32.0342838],[118.838344,32.0343263],[118.83836,32.034365],[118.8383825,32.0344022],[118.8384413,32.0344684],[118.8384537,32.0344997],[118.8384652,32.0345387],[118.8384813,32.0345635],[118.8385009,32.0345823],[118.8385282,32.0345955],[118.8385572,32.0346032],[118.8386414,32.0349004],[118.8383167,32.0349687]]]}},{"type":"Feature","id":"way/1300565633","properties":{"name":"卫岗26号小区","landuse":"residential","osm_id":"way/1300565633","label":"卫岗号小区","category":"residential","kind":"residential"},"geometry":{"type":"Polygon","coordinates":[[[118.8387633,32.0408768],[118.8385785,32.0403856],[118.8383432,32.0404491],[118.8382677,32.0402319],[118.8387021,32.0401252],[118.8387896,32.0401771],[118.8403342,32.0398098],[118.8404694,32.0403226],[118.8387633,32.0408768]]]}},{"type":"Feature","id":"way/1300565634","properties":{"name":"江苏省地震局","landuse":"commercial","osm_id":"way/1300565634","label":"江苏省地震局","category":"commercial","kind":"commercial"},"geometry":{"type":"Polygon","coordinates":[[[118.8390856,32.0399292],[118.8389235,32.0393985],[118.8395106,32.0392667],[118.8394154,32.0389966],[118.8401658,32.0388235],[118.8401922,32.038901],[118.8406317,32.0402865],[118.8405096,32.0403113],[118.8403015,32.0396531],[118.8390856,32.0399292]]]}},{"type":"Feature","id":"way/1300565635","properties":{"name":"卫岗21号小区","landuse":"residential","osm_id":"way/1300565635","label":"卫岗号小区","category":"residential","kind":"residential"},"geometry":{"type":"Polygon","coordinates":[[[118.8383056,32.0410072],[118.8380222,32.0401109],[118.8371866,32.0403073],[118.8370091,32.0397118],[118.8366911,32.0386817],[118.8377501,32.0384508],[118.8380413,32.0393873],[118.8380745,32.0394105],[118.8383681,32.0401586],[118.8382326,32.0401968],[118.838339,32.0404916],[118.8384653,32.0404594],[118.8385776,32.0404857],[118.8387337,32.0408777],[118.8383056,32.0410072]]]}},{"type":"Feature","id":"way/1307889313","properties":{"name":"阳光聚宝山庄红豆街区","landuse":"residential","osm_id":"way/1307889313","label":"阳光聚宝山庄红豆街区","category":"residential","kind":"residential"},"geometry":{"type":"Polygon","coordinates":[[[118.8592735,32.097886],[118.859193,32.0978451],[118.8590093,32.0961307],[118.8605422,32.0962534],[118.8605858,32.0967391],[118.860746,32.0967925],[118.8607876,32.0972101],[118.860976,32.0972219],[118.8609526,32.0973941],[118.8608439,32.0976645],[118.8608426,32.0977985],[118.8608761,32.097911],[118.8607407,32.0979167],[118.859944,32.0979428],[118.8592735,32.097886]]]}},{"type":"Feature","id":"way/1307889314","properties":{"name":"阳光聚宝山庄百合街区","landuse":"residential","osm_id":"way/1307889314","label":"阳光聚宝山庄百合街区","category":"residential","kind":"residential"},"geometry":{"type":"Polygon","coordinates":[[[118.8569802,32.0995174],[118.8570875,32.0992016],[118.8565256,32.0973782],[118.8565899,32.0972907],[118.8570875,32.0972748],[118.8572496,32.0973067],[118.8574335,32.0973429],[118.8581322,32.0975713],[118.8584205,32.0985483],[118.8581067,32.0989948],[118.8579136,32.0993607],[118.85786,32.0997128],[118.8569802,32.0995174]]]}},{"type":"Feature","id":"way/1307889315","properties":{"name":"阳光聚宝山庄杜英街区","landuse":"residential","osm_id":"way/1307889315","label":"阳光聚宝山庄杜英街区","category":"residential","kind":"residential"},"geometry":{"type":"Polygon","coordinates":[[[118.8553333,32.0972748],[118.8554218,32.097193],[118.8565256,32.0973782],[118.8570875,32.0992016],[118.8569802,32.0995174],[118.8565537,32.0996106],[118.8565537,32.0996856],[118.8558242,32.0998355],[118.8555989,32.0994674],[118.8553226,32.0989176],[118.8551939,32.0984904],[118.8551483,32.0980655],[118.855167,32.097836],[118.8551965,32.0976042],[118.8553333,32.0972748]]]}},{"type":"Feature","id":"way/1307941400","properties":{"name":"阳光聚宝山庄臻园西区","landuse":"residential","osm_id":"way/1307941400","label":"阳光聚宝山庄臻园西区","category":"residential","kind":"residential"},"geometry":{"type":"Polygon","coordinates":[[[118.8619101,32.0979451],[118.8619116,32.0978269],[118.8619061,32.0974781],[118.8620362,32.0963954],[118.8625257,32.0964488],[118.8645628,32.0966295],[118.8645789,32.096759],[118.8642463,32.0979076],[118.86373,32.0978394],[118.8633531,32.0978496],[118.8629977,32.0979008],[118.8626678,32.0979553],[118.8621488,32.0981291],[118.8620938,32.0981178],[118.8619101,32.0979451]]]}},{"type":"Feature","id":"way/1307941401","properties":{"name":"阳光聚宝山庄臻园东区","landuse":"residential","osm_id":"way/1307941401","label":"阳光聚宝山庄臻园东区","category":"residential","kind":"residential"},"geometry":{"type":"Polygon","coordinates":[[[118.8661882,32.0981973],[118.8657095,32.0980916],[118.8651475,32.0980462],[118.864599,32.0980042],[118.8644893,32.0979893],[118.8648069,32.0968044],[118.864992,32.0966704],[118.865346,32.0967067],[118.8659146,32.0968271],[118.8663733,32.0969976],[118.8667166,32.0971907],[118.867017,32.0974157],[118.8673094,32.0977224],[118.8676554,32.0981746],[118.8678619,32.0985449],[118.8679343,32.0989267],[118.8679692,32.0992198],[118.8679799,32.0992925],[118.8679719,32.0996742],[118.8679102,32.1000514],[118.8677895,32.1003763],[118.8675293,32.1005876],[118.8668212,32.1005422],[118.8668212,32.1002195],[118.8666804,32.1000889],[118.8667864,32.1000094],[118.8668695,32.0998889],[118.8669071,32.0997765],[118.866962,32.0995106],[118.8669661,32.0991368],[118.8669178,32.0988256],[118.8667233,32.0985154],[118.8665825,32.0983836],[118.866443,32.0982882],[118.8661882,32.0981973]]]}},{"type":"Feature","id":"way/1307941402","properties":{"name":"阳光聚宝山庄臻园美林墅","landuse":"residential","osm_id":"way/1307941402","label":"阳光聚宝山庄臻园美林墅","category":"residential","kind":"residential"},"geometry":{"type":"Polygon","coordinates":[[[118.8634483,32.0978962],[118.8637327,32.0978996],[118.8639674,32.0979189],[118.8644314,32.0979814],[118.8644893,32.0979893],[118.864599,32.0980042],[118.8651475,32.0980462],[118.8657095,32.0980916],[118.8661882,32.0981973],[118.866443,32.0982882],[118.8665825,32.0983836],[118.8667233,32.0985154],[118.8669178,32.0988256],[118.8669661,32.0991368],[118.866962,32.0995106],[118.8669071,32.0997765],[118.8668695,32.0998889],[118.8667864,32.1000094],[118.8666804,32.1000889],[118.8668212,32.1002195],[118.8668212,32.1005422],[118.8675293,32.1005876],[118.8675427,32.1008171],[118.8670251,32.100883],[118.8663948,32.100883],[118.866207,32.1007353],[118.8658905,32.1007126],[118.8656008,32.1010125],[118.8654935,32.1009943],[118.8653058,32.1006035],[118.8643026,32.0999537],[118.8634658,32.0998264],[118.8631546,32.0999446],[118.8630205,32.1002218],[118.8629991,32.1004445],[118.8628328,32.1006308],[118.8627362,32.1006308],[118.8623848,32.1002309],[118.8620388,32.10014],[118.8616204,32.1002445],[118.8616151,32.1009262],[118.8612288,32.1009443],[118.8611215,32.1005581],[118.8612235,32.099831],[118.8609445,32.0993766],[118.8605154,32.0994902],[118.8603222,32.0998719],[118.8598341,32.0997992],[118.8597838,32.0992448],[118.8594586,32.0991039],[118.8591045,32.0991312],[118.8589328,32.0991857],[118.8587344,32.0994265],[118.8587236,32.0996765],[118.8589007,32.0998992],[118.8591192,32.0999275],[118.8591635,32.1005479],[118.8591367,32.1006262],[118.8590938,32.101117],[118.8587612,32.1012761],[118.8577876,32.1010602],[118.8577098,32.1007217],[118.8578761,32.1004286],[118.8581188,32.1002922],[118.8579297,32.09981],[118.8579082,32.0995606],[118.858214,32.0989153],[118.8584179,32.0986994],[118.8586807,32.0985813],[118.8593486,32.0985427],[118.8597536,32.0985427],[118.859826,32.098479],[118.860054,32.098395],[118.860152,32.0981268],[118.8608881,32.0980734],[118.861835,32.097961],[118.8620456,32.0981541],[118.862118,32.0982291],[118.862413,32.0980825],[118.8627684,32.0979962],[118.8631077,32.0979326],[118.8634483,32.0978962]]]}},{"type":"Feature","id":"way/1307941425","properties":{"leisure":"pitch","osm_id":"way/1307941425","label":"","category":"other","kind":"pitch"},"geometry":{"type":"Polygon","coordinates":[[[118.8615426,32.0970135],[118.8616016,32.0965511],[118.8619041,32.0965795],[118.861843,32.0970441],[118.8615426,32.0970135]]]}},{"type":"Feature","id":"way/1307941428","properties":{"leisure":"pitch","osm_id":"way/1307941428","label":"","category":"other","kind":"pitch"},"geometry":{"type":"Polygon","coordinates":[[[118.8614063,32.0974202],[118.8614216,32.0972837],[118.8617199,32.0973077],[118.8617046,32.0974442],[118.8614063,32.0974202]]]}},{"type":"Feature","id":"way/1308297215","properties":{"leisure":"pitch","osm_id":"way/1308297215","label":"","category":"other","kind":"pitch"},"geometry":{"type":"Polygon","coordinates":[[[118.8561041,32.1001276],[118.8560194,32.0998921],[118.8562081,32.0998434],[118.8562928,32.1000789],[118.8561041,32.1001276]]]}},{"type":"Feature","id":"way/1313899338","properties":{"name":"南京白下高新技术产业开发区","landuse":"industrial","osm_id":"way/1313899338","label":"南京白下高新技术产业开发区","category":"industrial","kind":"industrial"},"geometry":{"type":"Polygon","coordinates":[[[118.8695745,32.0238113],[118.8694065,32.0236577],[118.869226,32.0232856],[118.8697321,32.0229195],[118.8690278,32.0219263],[118.8707585,32.020813],[118.8707266,32.0213381],[118.8707302,32.0214011],[118.8708753,32.0220223],[118.8707655,32.0221423],[118.8707525,32.0222033],[118.8711915,32.0229642],[118.8711619,32.0230845],[118.8711265,32.0231745],[118.871031,32.0232466],[118.8698029,32.0238017],[118.8696259,32.0238137],[118.8695745,32.0238113]]]}},{"type":"Feature","id":"way/1315250726","properties":{"name":"公寓","landuse":"residential","osm_id":"way/1315250726","label":"公寓","category":"residential","kind":"residential"},"geometry":{"type":"Polygon","coordinates":[[[118.807169,32.0835153],[118.8089857,32.0824588],[118.8106484,32.084069],[118.8111852,32.0852879],[118.8110545,32.0854738],[118.8087989,32.0847181],[118.807169,32.0835153]]]}},{"type":"Feature","id":"way/1319897301","properties":{"landuse":"forest","osm_id":"way/1319897301","label":"","category":"green","kind":"forest"},"geometry":{"type":"Polygon","coordinates":[[[118.8379511,32.0355823],[118.8379259,32.035494],[118.8382888,32.0354194],[118.838314,32.0355077],[118.8379511,32.0355823]]]}},{"type":"Feature","id":"way/1319897302","properties":{"leisure":"pitch","osm_id":"way/1319897302","label":"","category":"other","kind":"pitch"},"geometry":{"type":"Polygon","coordinates":[[[118.8399779,32.0348769],[118.8395226,32.0335598],[118.8396774,32.0335213],[118.8401323,32.0348386],[118.8399779,32.0348769]]]}},{"type":"Feature","id":"way/1324576926","properties":{"name":"武林","landuse":"forest","osm_id":"way/1324576926","label":"武林","category":"green","kind":"forest"},"geometry":{"type":"Polygon","coordinates":[[[118.8396074,32.0334529],[118.839488,32.0331308],[118.8395749,32.0331034],[118.8395262,32.0329502],[118.839874,32.0329315],[118.8399033,32.0334126],[118.8396074,32.0334529]]]}},{"type":"Feature","id":"way/1324576930","properties":{"landuse":"grass","osm_id":"way/1324576930","label":"","category":"green","kind":"grass"},"geometry":{"type":"Polygon","coordinates":[[[118.8390239,32.0350417],[118.8389695,32.0348817],[118.8390216,32.0349018],[118.8390793,32.0349207],[118.8391301,32.034934],[118.8391914,32.0349409],[118.8392567,32.0349451],[118.8393157,32.0349425],[118.8393994,32.0349269],[118.8394956,32.0348934],[118.8395331,32.0348718],[118.8395957,32.0348281],[118.8396404,32.0347851],[118.8396756,32.0347463],[118.8397059,32.0347035],[118.8397344,32.0346468],[118.8397515,32.0345876],[118.8397579,32.0345565],[118.8397576,32.0344994],[118.8397991,32.0344898],[118.8399184,32.0348387],[118.8390239,32.0350417]]]}},{"type":"Feature","id":"way/1324580643","properties":{"name":"童卫雅苑","landuse":"residential","osm_id":"way/1324580643","label":"童卫雅苑","category":"residential","kind":"residential"},"geometry":{"type":"Polygon","coordinates":[[[118.8339195,32.0393874],[118.833412,32.0375405],[118.8343456,32.0373392],[118.8344146,32.037342],[118.8344604,32.0373614],[118.834487,32.0374065],[118.8345444,32.0376111],[118.8346847,32.0375819],[118.8349791,32.0387005],[118.8343752,32.0388322],[118.834371,32.0388994],[118.8344731,32.0392714],[118.8339195,32.0393874]]]}},{"type":"Feature","id":"way/1324580644","properties":{"name":"南理工科技创新园","landuse":"commercial","osm_id":"way/1324580644","label":"南理工科技创新园","category":"commercial","kind":"commercial"},"geometry":{"type":"Polygon","coordinates":[[[118.8350204,32.0391861],[118.8357479,32.0416224],[118.8345039,32.041793],[118.8341387,32.0417859],[118.8336195,32.0399728],[118.8333827,32.0399726],[118.8333353,32.039594],[118.8350204,32.0391861]]]}},{"type":"Feature","id":"way/1324580645","properties":{"landuse":"commercial","osm_id":"way/1324580645","label":"","category":"commercial","kind":"commercial"},"geometry":{"type":"Polygon","coordinates":[[[118.8344731,32.0392714],[118.834371,32.0388994],[118.8343752,32.0388322],[118.8349791,32.0387005],[118.8351046,32.0391365],[118.8344731,32.0392714]]]}},{"type":"Feature","id":"way/1324580657","properties":{"name":"美林苑小区","landuse":"residential","osm_id":"way/1324580657","label":"美林苑小区","category":"residential","kind":"residential"},"geometry":{"type":"Polygon","coordinates":[[[118.8323945,32.0396601],[118.8320494,32.0384343],[118.8327136,32.0382999],[118.8325624,32.0377627],[118.8332973,32.037614],[118.8337937,32.039377],[118.8323945,32.0396601]]]}},{"type":"Feature","id":"way/1324580658","properties":{"name":"汉华紫金广场","landuse":"commercial","osm_id":"way/1324580658","label":"汉华紫金广场","category":"commercial","kind":"commercial"},"geometry":{"type":"Polygon","coordinates":[[[118.8320493,32.0383518],[118.8319122,32.0379009],[118.8324955,32.0377735],[118.8326326,32.0382244],[118.8320493,32.0383518]]]}},{"type":"Feature","id":"way/1335291485","properties":{"landuse":"grass","osm_id":"way/1335291485","label":"","category":"green","kind":"grass"},"geometry":{"type":"Polygon","coordinates":[[[118.8475574,32.0643132],[118.847561,32.0642006],[118.8477626,32.0642052],[118.847759,32.0643178],[118.8475574,32.0643132]]]}},{"type":"Feature","id":"way/1335291486","properties":{"landuse":"grass","osm_id":"way/1335291486","label":"","category":"green","kind":"grass"},"geometry":{"type":"Polygon","coordinates":[[[118.8478421,32.0643227],[118.8478457,32.0642101],[118.8480473,32.0642147],[118.8480438,32.0643273],[118.8478421,32.0643227]]]}},{"type":"Feature","id":"way/1342313394","properties":{"name":"仙鹤茗苑","landuse":"residential","osm_id":"way/1342313394","label":"仙鹤茗苑","category":"residential","kind":"residential"},"geometry":{"type":"Polygon","coordinates":[[[118.8962865,32.0932523],[118.8947389,32.0926042],[118.8949339,32.0920093],[118.8950895,32.0914336],[118.8952007,32.0911225],[118.8953732,32.0907936],[118.8956105,32.0904543],[118.8968996,32.088932],[118.8984942,32.0894568],[118.8990357,32.0897297],[118.899741,32.090335],[118.8982269,32.0918091],[118.8970075,32.0927657],[118.8962865,32.0932523]]]}},{"type":"Feature","id":"way/1342313395","properties":{"name":"骋望·云邸","landuse":"residential","osm_id":"way/1342313395","label":"骋望云邸","category":"residential","kind":"residential"},"geometry":{"type":"Polygon","coordinates":[[[118.8962865,32.0932523],[118.8960859,32.0933877],[118.8945158,32.0944863],[118.8935513,32.0950219],[118.893441,32.0950806],[118.8933517,32.0949553],[118.8933147,32.0947621],[118.8932654,32.0945507],[118.8932685,32.0943889],[118.8933424,32.0941618],[118.8934225,32.094],[118.8936012,32.0938198],[118.8940388,32.0934701],[118.8942421,32.0933004],[118.8944424,32.0930733],[118.8945687,32.0929011],[118.8947389,32.0926042],[118.8962865,32.0932523]]]}},{"type":"Feature","id":"way/1342403172","properties":{"name":"仙居华庭","landuse":"residential","osm_id":"way/1342403172","label":"仙居华庭","category":"residential","kind":"residential"},"geometry":{"type":"Polygon","coordinates":[[[118.8947511,32.0921258],[118.8934475,32.0915986],[118.8932986,32.091873],[118.8927367,32.0916168],[118.892627,32.0915667],[118.8925235,32.0917297],[118.8913573,32.0911979],[118.8935964,32.0876737],[118.8956772,32.0884435],[118.8950729,32.0896455],[118.8947484,32.0902124],[118.8954297,32.0904942],[118.8950756,32.0909896],[118.8948825,32.0914372],[118.8947511,32.0921258]]]}},{"type":"Feature","id":"way/1342403173","properties":{"name":"仙鹤门社区卫生服务中心","amenity":"hospital","osm_id":"way/1342403173","label":"仙鹤门社区卫生服务中心","category":"civic","kind":"hospital"},"geometry":{"type":"Polygon","coordinates":[[[118.8943487,32.0928484],[118.8930961,32.0922462],[118.8932986,32.091873],[118.8934475,32.0915986],[118.8947511,32.0921258],[118.8943487,32.0928484]]]}},{"type":"Feature","id":"way/1367071972","properties":{"name":"陆军工程大学（岔路口营区）","landuse":"military","amenity":"university","osm_id":"way/1367071972","label":"陆军工程大学岔路口营区","category":"other","kind":"military"},"geometry":{"type":"Polygon","coordinates":[[[118.8619032,32.0955946],[118.8619231,32.0953879],[118.8619467,32.0949016],[118.8619153,32.0944651],[118.8619798,32.0941481],[118.8620549,32.0939482],[118.8620979,32.0933346],[118.8621891,32.093037],[118.8625377,32.0926893],[118.862578,32.092094],[118.8624162,32.091918],[118.8621567,32.0912208],[118.8627459,32.0909222],[118.8630952,32.0905287],[118.8634538,32.0903153],[118.8635872,32.09025],[118.8638717,32.0902199],[118.8641028,32.0903002],[118.864251,32.0903605],[118.8644837,32.0906109],[118.8646988,32.0910332],[118.8650367,32.0913311],[118.8650644,32.0914191],[118.8652629,32.0919099],[118.8651556,32.0919553],[118.8652039,32.0921917],[118.8646834,32.0923107],[118.8648442,32.0927417],[118.8649539,32.0929466],[118.8650813,32.0930947],[118.865185,32.093165],[118.8652591,32.0930696],[118.8653125,32.0930219],[118.8655851,32.0931776],[118.8660531,32.0929005],[118.8662043,32.0935985],[118.8653033,32.0936412],[118.8651824,32.0936778],[118.865515,32.0938368],[118.8655686,32.0943731],[118.8660246,32.0944276],[118.8660112,32.094748],[118.8661265,32.0947639],[118.866097,32.095307],[118.8644582,32.0955138],[118.8644421,32.0956115],[118.8643627,32.0958078],[118.8619032,32.0955946]]]}},{"type":"Feature","id":"way/1367372689","properties":{"leisure":"pitch","osm_id":"way/1367372689","label":"","category":"other","kind":"pitch"},"geometry":{"type":"Polygon","coordinates":[[[118.8897984,32.0906283],[118.8896871,32.090359],[118.8898687,32.0903051],[118.88998,32.0905744],[118.8897984,32.0906283]]]}},{"type":"Feature","id":"way/1367372690","properties":{"landuse":"grass","osm_id":"way/1367372690","label":"","category":"green","kind":"grass"},"geometry":{"type":"Polygon","coordinates":[[[118.8883312,32.0907782],[118.8883694,32.0908084],[118.8883835,32.0908254],[118.8883855,32.0908476],[118.8883728,32.0908578],[118.8883493,32.0908566],[118.8883319,32.0908424],[118.8883232,32.0908209],[118.8883178,32.0907896],[118.8883191,32.09078],[118.8883312,32.0907782]]]}},{"type":"Feature","id":"way/1367372691","properties":{"landuse":"grass","osm_id":"way/1367372691","label":"","category":"green","kind":"grass"},"geometry":{"type":"Polygon","coordinates":[[[118.8883667,32.0907425],[118.8883962,32.0907317],[118.8884365,32.0907277],[118.8884734,32.0907271],[118.8884928,32.0907351],[118.8885029,32.0907487],[118.8885009,32.090772],[118.8884901,32.0907839],[118.8884579,32.0907868],[118.8884392,32.0907805],[118.8884036,32.0907669],[118.8883755,32.0907567],[118.8883674,32.090751],[118.8883667,32.0907425]]]}},{"type":"Feature","id":"way/1367372692","properties":{"landuse":"grass","osm_id":"way/1367372692","label":"","category":"green","kind":"grass"},"geometry":{"type":"Polygon","coordinates":[[[118.8882859,32.0905493],[118.8882883,32.0905357],[118.8883138,32.0905206],[118.8883406,32.090509],[118.8883688,32.090497],[118.8883922,32.0904928],[118.8884063,32.0904999],[118.888419,32.0905093],[118.8884221,32.0905249],[118.8884154,32.0905416],[118.888403,32.090553],[118.8883791,32.090557],[118.8883527,32.0905573],[118.8883299,32.0905556],[118.888294,32.0905541],[118.8882859,32.0905493]]]}},{"type":"Feature","id":"way/1367372693","properties":{"landuse":"grass","osm_id":"way/1367372693","label":"","category":"green","kind":"grass"},"geometry":{"type":"Polygon","coordinates":[[[118.8883235,32.0904507],[118.8883305,32.0904252],[118.8883379,32.0904087],[118.8883473,32.0903939],[118.888359,32.0903811],[118.8883701,32.090378],[118.8883842,32.0903775],[118.8883962,32.090382],[118.8884026,32.0903888],[118.8884056,32.090399],[118.8884036,32.0904098],[118.8883952,32.0904201],[118.8883869,32.0904272],[118.8883728,32.0904371],[118.888357,32.0904442],[118.8883386,32.090451],[118.8883235,32.0904507]]]}},{"type":"Feature","id":"way/1367372694","properties":{"landuse":"grass","osm_id":"way/1367372694","label":"","category":"green","kind":"grass"},"geometry":{"type":"Polygon","coordinates":[[[118.8875215,32.0906095],[118.8875393,32.0906027],[118.8875591,32.090603],[118.8875815,32.0906053],[118.8875966,32.0906081],[118.8876144,32.0906124],[118.8876228,32.0906161],[118.8876147,32.0906243],[118.887603,32.0906308],[118.8875876,32.0906376],[118.8875735,32.0906445],[118.8875571,32.0906496],[118.8875379,32.090649],[118.8875218,32.0906425],[118.8875131,32.0906277],[118.8875131,32.0906163],[118.8875215,32.0906095]]]}},{"type":"Feature","id":"way/1367372695","properties":{"landuse":"grass","osm_id":"way/1367372695","label":"","category":"green","kind":"grass"},"geometry":{"type":"Polygon","coordinates":[[[118.8875607,32.0905425],[118.8875534,32.0905323],[118.8875514,32.0905203],[118.887555,32.0905101],[118.8875614,32.0905019],[118.8875698,32.090495],[118.8875785,32.0904925],[118.8875946,32.0904928],[118.887606,32.0904962],[118.8876201,32.0905036],[118.8876362,32.0905127],[118.8876583,32.0905283],[118.8876724,32.0905405],[118.8876804,32.0905496],[118.8876814,32.0905584],[118.8876724,32.0905607],[118.8876479,32.090559],[118.8876221,32.0905581],[118.887598,32.0905544],[118.8875802,32.0905493],[118.8875607,32.0905425]]]}},{"type":"Feature","id":"way/1367372696","properties":{"landuse":"grass","osm_id":"way/1367372696","label":"","category":"green","kind":"grass"},"geometry":{"type":"Polygon","coordinates":[[[118.8876462,32.0904468],[118.8876409,32.0904371],[118.8876432,32.0904246],[118.8876489,32.0904127],[118.8876674,32.0904078],[118.8876845,32.0904101],[118.8876965,32.0904229],[118.8877052,32.0904425],[118.8877116,32.0904647],[118.8877133,32.0904857],[118.8877089,32.0904891],[118.8876949,32.090484],[118.887671,32.0904678],[118.8876462,32.0904468]]]}},{"type":"Feature","id":"way/1367372698","properties":{"landuse":"grass","osm_id":"way/1367372698","label":"","category":"green","kind":"grass"},"geometry":{"type":"Polygon","coordinates":[[[118.8877659,32.0905146],[118.8878109,32.0904817],[118.8878578,32.0904567],[118.8879071,32.0904374],[118.8879387,32.0904297],[118.8879728,32.0904272],[118.8880067,32.0904277],[118.8880366,32.0904419],[118.8880615,32.0904601],[118.8880797,32.0904811],[118.8881267,32.0905817],[118.8881434,32.0906578],[118.8881488,32.0907351],[118.8881481,32.0907868],[118.8881471,32.0908116],[118.8881396,32.0908357],[118.888126,32.0908578],[118.8881083,32.0908757],[118.8880865,32.0908901],[118.8880616,32.0909004],[118.8880563,32.0908595],[118.8880476,32.090826],[118.8880301,32.090789],[118.8880107,32.090755],[118.8879892,32.0907192],[118.8879671,32.0906874],[118.8879482,32.0906715],[118.8879248,32.0906607],[118.8878972,32.0906557],[118.8878691,32.0906578],[118.887843,32.0906669],[118.8877753,32.0906998],[118.8877123,32.090743],[118.8876788,32.0907737],[118.8876446,32.0908055],[118.887599,32.0907561],[118.8877183,32.0906288],[118.8877478,32.0905709],[118.8877559,32.0905431],[118.8877659,32.0905146]]]}},{"type":"Feature","id":"way/1367372699","properties":{"landuse":"grass","osm_id":"way/1367372699","label":"","category":"green","kind":"grass"},"geometry":{"type":"Polygon","coordinates":[[[118.8873602,32.0907555],[118.8873871,32.0907146],[118.8875037,32.0908226],[118.8876687,32.0909135],[118.8878417,32.0909759],[118.8879932,32.0909941],[118.8882118,32.0909737],[118.8884519,32.0908987],[118.8886585,32.0908208],[118.8886688,32.090884],[118.8886768,32.0911829],[118.8886774,32.0913897],[118.8886662,32.0914496],[118.8886303,32.0915957],[118.8885896,32.0916544],[118.888529,32.0917173],[118.8884187,32.0917719],[118.8883379,32.0918002],[118.8881732,32.0917981],[118.8879798,32.0917292],[118.8878507,32.0916817],[118.8875922,32.0915629],[118.8873408,32.0914249],[118.8872415,32.0913299],[118.8871839,32.0911748],[118.887198,32.0910555],[118.8872677,32.0908663],[118.8873602,32.0907555]]]}},{"type":"Feature","id":"way/1367372710","properties":{"leisure":"pitch","osm_id":"way/1367372710","label":"","category":"other","kind":"pitch"},"geometry":{"type":"Polygon","coordinates":[[[118.8811301,32.0932466],[118.881281,32.0929978],[118.8814267,32.0930612],[118.8812758,32.09331],[118.8811301,32.0932466]]]}},{"type":"Feature","id":"way/1367372711","properties":{"leisure":"pitch","osm_id":"way/1367372711","label":"","category":"other","kind":"pitch"},"geometry":{"type":"Polygon","coordinates":[[[118.8807533,32.0932392],[118.8809147,32.092982],[118.8810817,32.0930599],[118.8809189,32.0933159],[118.8807533,32.0932392]]]}},{"type":"Feature","id":"way/1367372712","properties":{"leisure":"pitch","osm_id":"way/1367372712","label":"","category":"other","kind":"pitch"},"geometry":{"type":"Polygon","coordinates":[[[118.8805863,32.0931563],[118.8807466,32.0929038],[118.8809095,32.0929799],[118.8807473,32.0932341],[118.8805863,32.0931563]]]}},{"type":"Feature","id":"way/1367372713","properties":{"leisure":"pitch","osm_id":"way/1367372713","label":"","category":"other","kind":"pitch"},"geometry":{"type":"Polygon","coordinates":[[[118.8804301,32.0933648],[118.8805685,32.0931499],[118.8809259,32.0933192],[118.8807895,32.0935323],[118.8804301,32.0933648]]]}},{"type":"Feature","id":"way/1367372787","properties":{"leisure":"pitch","osm_id":"way/1367372787","label":"","category":"other","kind":"pitch"},"geometry":{"type":"Polygon","coordinates":[[[118.8767193,32.0916934],[118.8766722,32.0915651],[118.8769572,32.0914901],[118.8770042,32.0916185],[118.8767193,32.0916934]]]}},{"type":"Feature","id":"way/1367372788","properties":{"landuse":"grass","osm_id":"way/1367372788","label":"","category":"green","kind":"grass"},"geometry":{"type":"Polygon","coordinates":[[[118.8784459,32.0926232],[118.8783491,32.0927735],[118.8783333,32.0927649],[118.8782555,32.092887],[118.8782057,32.0928145],[118.8781616,32.0927393],[118.8781196,32.0926533],[118.8780852,32.0925649],[118.8780952,32.0925592],[118.8781241,32.0925541],[118.8781556,32.0925541],[118.8781831,32.0925592],[118.8782059,32.09257],[118.8781784,32.0926149],[118.8783024,32.0926751],[118.8783333,32.0926325],[118.8783601,32.0926348],[118.8783822,32.092616],[118.8784191,32.0925978],[118.8784567,32.0926058],[118.8784459,32.0926232]]]}},{"type":"Feature","id":"way/1367372789","properties":{"landuse":"grass","osm_id":"way/1367372789","label":"","category":"green","kind":"grass"},"geometry":{"type":"Polygon","coordinates":[[[118.8785514,32.0929287],[118.878653,32.0929756],[118.8787804,32.0927776],[118.878768,32.0927719],[118.8787886,32.0927404],[118.8788409,32.0927791],[118.8788643,32.0928097],[118.8788711,32.0928416],[118.8788677,32.0928898],[118.878863,32.0929268],[118.8788565,32.0929529],[118.8788456,32.0929779],[118.8788332,32.0929976],[118.8788181,32.093016],[118.8787925,32.0930362],[118.8787622,32.0930512],[118.8787289,32.0930603],[118.8786935,32.0930629],[118.8786583,32.0930589],[118.878625,32.0930483],[118.8785069,32.0929944],[118.8785514,32.0929287]]]}},{"type":"Feature","id":"way/1367372790","properties":{"landuse":"grass","osm_id":"way/1367372790","label":"","category":"green","kind":"grass"},"geometry":{"type":"Polygon","coordinates":[[[118.8794799,32.0933369],[118.8794652,32.0933613],[118.879437,32.0933631],[118.8793699,32.0933682],[118.8793512,32.0933591],[118.8793243,32.0933278],[118.8793143,32.0932886],[118.8793203,32.0932551],[118.8793357,32.0932392],[118.8793686,32.0932347],[118.8794015,32.0932517],[118.8794283,32.093279],[118.8794799,32.0933369]]]}},{"type":"Feature","id":"way/1367372791","properties":{"landuse":"grass","osm_id":"way/1367372791","label":"","category":"green","kind":"grass"},"geometry":{"type":"Polygon","coordinates":[[[118.8793552,32.093104],[118.8793649,32.0930837],[118.8793804,32.0930663],[118.8794008,32.0930529],[118.8794273,32.0930438],[118.8794518,32.0930444],[118.8794838,32.0930538],[118.8795168,32.0930603],[118.8795556,32.093064],[118.8795946,32.0930637],[118.8796771,32.0930517],[118.8797258,32.0930409],[118.8797736,32.0930273],[118.8798134,32.0930013],[118.8798494,32.0929716],[118.8798903,32.0929273],[118.879898,32.0929255],[118.8799069,32.0929262],[118.8799118,32.0929296],[118.8799146,32.092933],[118.8799138,32.0929394],[118.8798705,32.0930242],[118.8798724,32.0930366],[118.8798788,32.0930478],[118.879889,32.0930569],[118.879905,32.0930636],[118.8799229,32.0930647],[118.8799399,32.09306],[118.8799578,32.0930526],[118.8799738,32.0930427],[118.8799902,32.0930273],[118.8800046,32.0930037],[118.8800197,32.0929932],[118.8800348,32.0929969],[118.8800381,32.0930054],[118.8800412,32.0930841],[118.8800452,32.0931023],[118.8800381,32.0931145],[118.8799701,32.0931546],[118.8798527,32.0932091],[118.8798789,32.09325],[118.879675,32.0933091],[118.879608,32.0933261],[118.8795362,32.0933415],[118.8794759,32.0933074],[118.879435,32.0932551],[118.8793994,32.0932],[118.8793746,32.0931477],[118.8793552,32.093104]]]}},{"type":"Feature","id":"way/1367372792","properties":{"landuse":"grass","osm_id":"way/1367372792","label":"","category":"green","kind":"grass"},"geometry":{"type":"Polygon","coordinates":[[[118.8801092,32.0915309],[118.8799468,32.0914587],[118.8798165,32.091669],[118.880192,32.091836],[118.8803224,32.0916257],[118.8802314,32.0915853],[118.8802732,32.0915196],[118.8803939,32.091631],[118.8804596,32.0917065],[118.8805032,32.0917679],[118.8805454,32.091848],[118.8805763,32.0919337],[118.8806131,32.0920548],[118.8806051,32.0920712],[118.8805575,32.0920582],[118.8805226,32.0920383],[118.8805193,32.0920218],[118.8805287,32.0919962],[118.8805199,32.0919741],[118.8804576,32.0919485],[118.8804059,32.0919247],[118.8803489,32.0918946],[118.8802933,32.0918735],[118.8802645,32.0919144],[118.8802162,32.09189],[118.88019,32.0919309],[118.880243,32.0919542],[118.8802095,32.0919792],[118.8801592,32.0920087],[118.8801236,32.0920314],[118.8800908,32.092057],[118.8800537,32.0920934],[118.8800224,32.0921334],[118.8800138,32.0921359],[118.8800048,32.092135],[118.8799971,32.092131],[118.8799922,32.0921246],[118.8799935,32.092079],[118.8799869,32.0920337],[118.8799722,32.0919894],[118.87995,32.0919474],[118.8799122,32.0918902],[118.8798668,32.0918372],[118.8798235,32.0917966],[118.8797758,32.0917597],[118.879724,32.091727],[118.8797079,32.0916804],[118.8797387,32.0916099],[118.8797652,32.0915569],[118.879797,32.091506],[118.879834,32.0914577],[118.8798775,32.0914105],[118.8799259,32.0913668],[118.8799788,32.091327],[118.8800606,32.0913645],[118.8801692,32.0914316],[118.8801706,32.0914429],[118.8801092,32.0915309]]]}},{"type":"Feature","id":"way/1367372793","properties":{"landuse":"grass","osm_id":"way/1367372793","label":"","category":"green","kind":"grass"},"geometry":{"type":"Polygon","coordinates":[[[118.8797547,32.0914636],[118.8797996,32.0913899],[118.8796932,32.0913434],[118.8797548,32.0912441],[118.8798138,32.0912593],[118.8798715,32.0912776],[118.8799607,32.0913134],[118.8799413,32.0913293],[118.8799057,32.09136],[118.8798641,32.091398],[118.8798266,32.0914378],[118.8797951,32.0914815],[118.8797547,32.0914636]]]}},{"type":"Feature","id":"way/1367372794","properties":{"landuse":"grass","osm_id":"way/1367372794","label":"","category":"green","kind":"grass"},"geometry":{"type":"Polygon","coordinates":[[[118.8794401,32.0915013],[118.8796704,32.091602],[118.879713,32.091532],[118.8797374,32.0915406],[118.8797481,32.0915514],[118.8797441,32.0915679],[118.879726,32.0915963],[118.8797092,32.0916338],[118.8796965,32.0916656],[118.8796838,32.0916832],[118.879671,32.0916866],[118.8796281,32.0916707],[118.8795275,32.0916344],[118.8794243,32.0916082],[118.879388,32.0915872],[118.8794401,32.0915013]]]}},{"type":"Feature","id":"way/1367372795","properties":{"landuse":"grass","osm_id":"way/1367372795","label":"","category":"green","kind":"grass"},"geometry":{"type":"Polygon","coordinates":[[[118.8795427,32.0912775],[118.8794254,32.0912263],[118.8792962,32.0914384],[118.8794188,32.091492],[118.8793679,32.0915747],[118.8793317,32.0915453],[118.8793029,32.0915105],[118.8792819,32.0914704],[118.8792707,32.0914276],[118.8792726,32.0913816],[118.8792825,32.0913364],[118.8793002,32.0912929],[118.8793266,32.0912506],[118.8793604,32.0912122],[118.8794008,32.0911788],[118.8794839,32.0911816],[118.8795671,32.0911981],[118.8795892,32.0912049],[118.8795427,32.0912775]]]}},{"type":"Feature","id":"way/1367372796","properties":{"landuse":"grass","osm_id":"way/1367372796","label":"","category":"green","kind":"grass"},"geometry":{"type":"Polygon","coordinates":[[[118.8792104,32.0912429],[118.8792117,32.0912346],[118.8792134,32.09123],[118.8792206,32.0912216],[118.8792325,32.0912167],[118.8792476,32.0912153],[118.8792611,32.0912168],[118.8792734,32.0912214],[118.8792824,32.0912296],[118.8792844,32.0912405],[118.8792804,32.0912552],[118.8792757,32.0912682],[118.8792673,32.0912763],[118.879256,32.0912817],[118.8792447,32.0912806],[118.8792295,32.0912736],[118.8792171,32.091264],[118.8792104,32.0912429]]]}},{"type":"Feature","id":"way/1367372797","properties":{"landuse":"grass","osm_id":"way/1367372797","label":"","category":"green","kind":"grass"},"geometry":{"type":"Polygon","coordinates":[[[118.8789294,32.0913316],[118.8789093,32.0913242],[118.8788992,32.0912787],[118.878922,32.091239],[118.8790984,32.0911975],[118.8791353,32.0912282],[118.8791741,32.0912657],[118.8791948,32.0912933],[118.8792124,32.0913225],[118.8792292,32.0913593],[118.8792412,32.0913975],[118.8792231,32.0914049],[118.8789616,32.0912833],[118.8789294,32.0913316]]]}},{"type":"Feature","id":"way/1367372798","properties":{"landuse":"grass","osm_id":"way/1367372798","label":"","category":"green","kind":"grass"},"geometry":{"type":"Polygon","coordinates":[[[118.8789864,32.0914877],[118.8790206,32.0914333],[118.8790883,32.0914634],[118.8791195,32.0914858],[118.879149,32.0915145],[118.8791721,32.0915497],[118.8791949,32.0915844],[118.8792097,32.0916145],[118.8791936,32.0916406],[118.8791744,32.0916676],[118.8791513,32.0916923],[118.879119,32.0917184],[118.8790823,32.09174],[118.8790427,32.0917563],[118.8790011,32.0917684],[118.8789656,32.0917753],[118.8789294,32.0917792],[118.8789063,32.0917743],[118.8788825,32.0917741],[118.8788607,32.0917781],[118.8788405,32.091786],[118.8788228,32.0917974],[118.8788171,32.0917998],[118.8787973,32.0917919],[118.8787958,32.0917855],[118.8788442,32.0917059],[118.8789156,32.0917389],[118.8789278,32.09172],[118.878969,32.0917383],[118.8790947,32.0915361],[118.8789864,32.0914877]]]}},{"type":"Feature","id":"way/1367372799","properties":{"landuse":"grass","osm_id":"way/1367372799","label":"","category":"green","kind":"grass"},"geometry":{"type":"Polygon","coordinates":[[[118.8782835,32.0924228],[118.8783923,32.0924734],[118.8785263,32.092267],[118.8785023,32.0922558],[118.8785177,32.092232],[118.8785438,32.0922502],[118.8785566,32.0922877],[118.8785619,32.0923553],[118.8785579,32.0924331],[118.8785535,32.0924535],[118.8785445,32.0924729],[118.8785324,32.092489],[118.878517,32.092503],[118.8784828,32.0925319],[118.8784581,32.0925407],[118.8784318,32.0925456],[118.8783983,32.0925459],[118.8783655,32.0925399],[118.8782454,32.0924854],[118.8782441,32.0924763],[118.8782835,32.0924228]]]}},{"type":"Feature","id":"way/1367372800","properties":{"landuse":"grass","osm_id":"way/1367372800","label":"","category":"green","kind":"grass"},"geometry":{"type":"Polygon","coordinates":[[[118.878524,32.0925425],[118.8785314,32.0925291],[118.8785415,32.09252],[118.8785609,32.0925203],[118.878578,32.0925305],[118.8785914,32.0925453],[118.8786002,32.0925615],[118.8786065,32.0925765],[118.8786048,32.0925885],[118.8785978,32.0925944],[118.8785861,32.0925927],[118.8785321,32.0925672],[118.8785237,32.0925552],[118.878524,32.0925425]]]}},{"type":"Feature","id":"way/1367372801","properties":{"landuse":"grass","osm_id":"way/1367372801","label":"","category":"green","kind":"grass"},"geometry":{"type":"Polygon","coordinates":[[[118.8785948,32.0924848],[118.8785938,32.0924612],[118.8785965,32.0924493],[118.8786052,32.0924456],[118.8786146,32.0924482],[118.8786301,32.0924784],[118.8786501,32.0925067],[118.8786733,32.0925316],[118.8787001,32.0925538],[118.8787745,32.0926024],[118.8788456,32.0926387],[118.8788569,32.0926434],[118.8788664,32.0926504],[118.8788725,32.0926581],[118.8788764,32.0926669],[118.8788744,32.0926822],[118.878867,32.0926956],[118.8788446,32.0927203],[118.8788238,32.0927117],[118.8787976,32.0926998],[118.8787675,32.0926845],[118.8787329,32.0926581],[118.8786813,32.092612],[118.8786494,32.0925822],[118.8786325,32.0925611],[118.8786179,32.0925388],[118.8786046,32.0925123],[118.8785948,32.0924848]]]}},{"type":"Feature","id":"way/1367372802","properties":{"landuse":"grass","osm_id":"way/1367372802","label":"","category":"green","kind":"grass"},"geometry":{"type":"Polygon","coordinates":[[[118.8793049,32.0921155],[118.879329,32.0921263],[118.8792231,32.0922803],[118.879188,32.0923491],[118.8791574,32.0924195],[118.8791345,32.0924815],[118.8791151,32.0925444],[118.8791101,32.0925856],[118.8791085,32.0925964],[118.8791021,32.0926058],[118.8790922,32.0926122],[118.8790803,32.092615],[118.8790742,32.0925956],[118.8790548,32.0925694],[118.8790246,32.0925547],[118.8789891,32.0925535],[118.8789535,32.092566],[118.8789213,32.0925888],[118.8789083,32.0926037],[118.8786625,32.0924774],[118.8786277,32.0924406],[118.8786015,32.092399],[118.878585,32.0923553],[118.878578,32.0923098],[118.8785738,32.0922759],[118.8785749,32.0922418],[118.8785814,32.0922081],[118.8785972,32.0921669],[118.8786209,32.0921286],[118.8787027,32.0920672],[118.8787571,32.0920235],[118.8788187,32.0919014],[118.8788436,32.0919144],[118.8785851,32.0923216],[118.879042,32.0925336],[118.8793049,32.0921155]]]}},{"type":"Feature","id":"way/1367372803","properties":{"landuse":"grass","osm_id":"way/1367372803","label":"","category":"green","kind":"grass"},"geometry":{"type":"Polygon","coordinates":[[[118.8790105,32.0918727],[118.8790031,32.0918696],[118.8789975,32.0918644],[118.8789941,32.0918535],[118.8789988,32.0918429],[118.8790122,32.0918164],[118.8790306,32.0917954],[118.8790487,32.0917886],[118.8790736,32.0917815],[118.8791178,32.0917758],[118.8791249,32.0917778],[118.8791326,32.0917855],[118.8791379,32.0918045],[118.8791436,32.0918295],[118.8791567,32.0918656],[118.8791705,32.0919008],[118.8791638,32.0919121],[118.8791523,32.0919201],[118.8791378,32.0919235],[118.8791228,32.0919215],[118.8790964,32.0919127],[118.8790605,32.0918954],[118.8790105,32.0918727]]]}},{"type":"Feature","id":"way/1367372804","properties":{"landuse":"grass","osm_id":"way/1367372804","label":"","category":"green","kind":"grass"},"geometry":{"type":"Polygon","coordinates":[[[118.8793709,32.0920471],[118.8793237,32.0920269],[118.8792881,32.0920042],[118.8792606,32.0919832],[118.8792437,32.0919468],[118.8792333,32.0919086],[118.8792298,32.0918696],[118.8792327,32.0918334],[118.8792415,32.091798],[118.8792559,32.0917639],[118.879272,32.0917366],[118.879293,32.0917117],[118.8793183,32.09169],[118.8793495,32.091671],[118.879384,32.0916566],[118.8794209,32.0916474],[118.8794695,32.0916517],[118.8795175,32.0916599],[118.8795794,32.091677],[118.8796382,32.0917008],[118.8797048,32.0917345],[118.8797659,32.0917751],[118.8798206,32.0918218],[118.8798517,32.0918546],[118.8798796,32.0918894],[118.8799152,32.0919371],[118.8799419,32.0919889],[118.8799558,32.0920301],[118.8799641,32.0920724],[118.8799675,32.0920965],[118.8799641,32.0921206],[118.8799565,32.0921389],[118.8799449,32.0921556],[118.8799299,32.0921701],[118.8799112,32.0921835],[118.8798903,32.0921945],[118.87984,32.0922155],[118.8798293,32.0922155],[118.8798256,32.0922101],[118.8798074,32.0921703],[118.8797823,32.0921331],[118.8797539,32.0921022],[118.8797206,32.0920749],[118.8796875,32.0920485],[118.8796341,32.0920113],[118.8796105,32.0919992],[118.8795846,32.0919911],[118.8795574,32.0919874],[118.8795307,32.0919881],[118.8795047,32.091993],[118.8794802,32.0920019],[118.8794333,32.0920283],[118.8794108,32.0920445],[118.8793974,32.0920536],[118.8793834,32.0920525],[118.8793709,32.0920471]]]}},{"type":"Feature","id":"way/1367372805","properties":{"landuse":"grass","osm_id":"way/1367372805","label":"","category":"green","kind":"grass"},"geometry":{"type":"Polygon","coordinates":[[[118.8788442,32.0923246],[118.8788746,32.0922803],[118.8789113,32.0922984],[118.878881,32.0923427],[118.8788442,32.0923246]]]}},{"type":"Feature","id":"way/1367372806","properties":{"leisure":"playground","osm_id":"way/1367372806","label":"","category":"other","kind":"playground"},"geometry":{"type":"Polygon","coordinates":[[[118.8790239,32.0928131],[118.8790005,32.0927972],[118.8789736,32.0927745],[118.8789394,32.0927387],[118.8789173,32.0927109],[118.8789093,32.0926938],[118.8789019,32.092662],[118.8789012,32.0926325],[118.8789039,32.0926086],[118.8789083,32.0926037],[118.8789213,32.0925888],[118.8789535,32.092566],[118.8789891,32.0925535],[118.8790246,32.0925547],[118.8790548,32.0925694],[118.8790742,32.0925956],[118.8790803,32.092615],[118.8790836,32.0926257],[118.8790856,32.092662],[118.8790917,32.0927063],[118.8790964,32.0927535],[118.879093,32.0927813],[118.8790809,32.0928046],[118.8790595,32.0928188],[118.8790387,32.0928183],[118.8790239,32.0928131]]]}},{"type":"Feature","id":"way/1367372807","properties":{"landuse":"grass","osm_id":"way/1367372807","label":"","category":"green","kind":"grass"},"geometry":{"type":"Polygon","coordinates":[[[118.879893,32.092432],[118.8798895,32.0924518],[118.8798762,32.0924683],[118.8798557,32.0924784],[118.8798321,32.0924799],[118.8798101,32.0924726],[118.879794,32.0924579],[118.879787,32.0924388],[118.8797905,32.092419],[118.8798038,32.0924024],[118.8798243,32.0923924],[118.8798479,32.0923909],[118.8798699,32.0923982],[118.879886,32.0924128],[118.879893,32.092432]]]}},{"type":"Feature","id":"way/1367615823","properties":{"name":"福中高科技产业园","landuse":"commercial","osm_id":"way/1367615823","label":"福中高科技产业园","category":"commercial","kind":"commercial"},"geometry":{"type":"Polygon","coordinates":[[[118.8740074,32.09452],[118.874003,32.0944984],[118.8739023,32.0935947],[118.8739023,32.0935677],[118.8739043,32.0935427],[118.8739083,32.0935187],[118.8739144,32.0934927],[118.874352,32.0922269],[118.874359,32.0922169],[118.874372,32.0922079],[118.874383,32.0922029],[118.8744041,32.0922019],[118.8750928,32.0923677],[118.8756775,32.0925563],[118.8759117,32.0926646],[118.8760288,32.0927547],[118.8761139,32.0928368],[118.876179,32.0929129],[118.876237,32.093022],[118.8762911,32.0931691],[118.8763772,32.0934092],[118.8764813,32.0936344],[118.8766044,32.0938075],[118.8767555,32.0939487],[118.8768736,32.0940278],[118.8776174,32.0943626],[118.8776294,32.0943667],[118.8776394,32.0943737],[118.8776464,32.0943827],[118.8776434,32.0943987],[118.8774612,32.0947036],[118.8774492,32.0947146],[118.8774372,32.0947195],[118.8774212,32.0947205],[118.8773971,32.0947165],[118.8766263,32.0945567],[118.8765903,32.0945547],[118.8765322,32.0945556],[118.8764742,32.0945576],[118.8763941,32.0945635],[118.8742056,32.0947682],[118.8741695,32.0947682],[118.8741345,32.0947572],[118.8741135,32.0947471],[118.8740905,32.0947321],[118.8740624,32.0947051],[118.8740074,32.09452]]]}},{"type":"Feature","id":"way/1367615824","properties":{"name":"徐庄软件园研发一区","landuse":"commercial","osm_id":"way/1367615824","label":"徐庄软件园研发一区","category":"commercial","kind":"commercial"},"geometry":{"type":"Polygon","coordinates":[[[118.8746915,32.0913741],[118.8747115,32.0913381],[118.8747305,32.0913201],[118.8747455,32.0913121],[118.8747746,32.0913081],[118.8748126,32.0913082],[118.8756165,32.0916021],[118.8769038,32.0920595],[118.8769369,32.0920795],[118.8769459,32.0920955],[118.8769539,32.0921295],[118.8769969,32.0925157],[118.8770189,32.0926487],[118.877073,32.0927948],[118.877171,32.0930429],[118.8772871,32.0932481],[118.8774133,32.0934343],[118.8776104,32.0936485],[118.8777906,32.0937947],[118.8782651,32.0940002],[118.8784763,32.0940814],[118.8786344,32.0941176],[118.8789848,32.0941639],[118.8790238,32.0941749],[118.8790639,32.094198],[118.8790879,32.094223],[118.8791089,32.094262],[118.8791109,32.094301],[118.8790587,32.0953092],[118.8790477,32.0953302],[118.8790287,32.0953582],[118.8790047,32.0953802],[118.8789727,32.0953901],[118.8789226,32.0953941],[118.8788886,32.0953891],[118.8788295,32.095356],[118.8775723,32.0947817],[118.8775503,32.0947587],[118.8775473,32.0947467],[118.8775513,32.0947207],[118.8776744,32.0944977],[118.8776134,32.0944667],[118.8776704,32.0943747],[118.8768746,32.0940218],[118.8767575,32.0939397],[118.8766074,32.0938015],[118.8764943,32.0936424],[118.8764602,32.0935733],[118.8763742,32.0933762],[118.8762931,32.0931531],[118.8762461,32.093026],[118.876221,32.092972],[118.87619,32.0929199],[118.8761029,32.0928118],[118.8759658,32.0926867],[118.8758817,32.0926326],[118.8757345,32.0925584],[118.8755804,32.0925122],[118.8753671,32.092439],[118.8751509,32.0923697],[118.8744411,32.092202],[118.8744281,32.0921959],[118.8744141,32.0921819],[118.8744081,32.0921689],[118.8744081,32.0921579],[118.8744121,32.0921329],[118.8746879,32.0913831],[118.8746915,32.0913741]]]}},{"type":"Feature","id":"way/1367621158","properties":{"name":"江苏软件园一期","landuse":"commercial","osm_id":"way/1367621158","label":"江苏软件园一期","category":"commercial","kind":"commercial"},"geometry":{"type":"Polygon","coordinates":[[[118.8836763,32.0892488],[118.8830919,32.0893313],[118.8827476,32.0894121],[118.8824523,32.0895139],[118.8815495,32.0900152],[118.8808098,32.0902557],[118.8803074,32.0903363],[118.879875,32.0903709],[118.8791383,32.0903562],[118.8787499,32.0903929],[118.8783985,32.0904776],[118.8781593,32.0905574],[118.8777538,32.090803],[118.8775376,32.0909909],[118.8773534,32.0912157],[118.8771822,32.0914546],[118.877015,32.0918795],[118.8769209,32.0918955],[118.8761401,32.0916086],[118.8748787,32.0911372],[118.8752141,32.0906465],[118.8758669,32.090016],[118.8763354,32.0897294],[118.876834,32.0895139],[118.8771784,32.0894222],[118.8776779,32.0892856],[118.8781564,32.0891511],[118.8832111,32.0878201],[118.8836763,32.0892488]]]}},{"type":"Feature","id":"way/1367621159","properties":{"name":"百家汇创新社区","landuse":"commercial","osm_id":"way/1367621159","label":"百家汇创新社区","category":"commercial","kind":"commercial"},"geometry":{"type":"Polygon","coordinates":[[[118.8791983,32.0905883],[118.8793815,32.0905825],[118.8795727,32.0905827],[118.8800271,32.0905711],[118.8804855,32.0905245],[118.880981,32.0904179],[118.8814474,32.0902682],[118.8817837,32.0901135],[118.8823502,32.0898459],[118.8825824,32.089735],[118.8830498,32.0895793],[118.8833541,32.0895116],[118.8838484,32.0894979],[118.8843218,32.0895843],[118.8843708,32.0895933],[118.8844479,32.0896274],[118.8844659,32.0896844],[118.8844679,32.0897514],[118.8844268,32.0899865],[118.8842977,32.0903634],[118.8842426,32.0905364],[118.8840795,32.0907774],[118.8838773,32.0910043],[118.8837542,32.0911442],[118.883507,32.0913751],[118.8832808,32.0915979],[118.8831197,32.0918009],[118.8830486,32.0919378],[118.8829385,32.0921308],[118.8828084,32.0923958],[118.8827313,32.0925457],[118.8826842,32.0928347],[118.882513,32.0932837],[118.8822128,32.0936645],[118.8821217,32.0937505],[118.8820426,32.0937964],[118.8819645,32.0938134],[118.8818374,32.0938093],[118.8816583,32.0937721],[118.8814181,32.0937259],[118.8810978,32.0936886],[118.8807855,32.0936774],[118.8803942,32.0937311],[118.8799758,32.0938417],[118.8795914,32.0939244],[118.8795053,32.0939413],[118.879232,32.0939551],[118.8788317,32.0939157],[118.8787205,32.0938956],[118.8784873,32.0938414],[118.8783262,32.0937812],[118.878153,32.093681],[118.8779598,32.0935388],[118.8778417,32.0934587],[118.8775614,32.0931693],[118.8774373,32.0929692],[118.8773693,32.0927971],[118.8772882,32.092636],[118.8772412,32.0924749],[118.8772242,32.0922908],[118.8772462,32.0921138],[118.8772953,32.0918598],[118.8773584,32.0916968],[118.8774855,32.0914479],[118.8777058,32.0911821],[118.8778149,32.0910791],[118.8780051,32.0909203],[118.8782053,32.0908235],[118.8784606,32.0907057],[118.8787158,32.0906249],[118.8789691,32.0905991],[118.8790972,32.0905882],[118.8791983,32.0905883]]]}},{"type":"Feature","id":"way/1367626701","properties":{"name":"苏宁易购总部","landuse":"commercial","osm_id":"way/1367626701","label":"苏宁易购总部","category":"commercial","kind":"commercial"},"geometry":{"type":"Polygon","coordinates":[[[118.8870894,32.0924057],[118.8866912,32.0922965],[118.8865221,32.0922423],[118.8864961,32.0922263],[118.88644,32.0921793],[118.8862609,32.0918491],[118.8861489,32.091616],[118.8860859,32.0914609],[118.8860589,32.0913479],[118.8860479,32.0912038],[118.8860679,32.0910568],[118.8860899,32.0909768],[118.8861109,32.0909188],[118.886164,32.0908318],[118.8862991,32.0906719],[118.8865012,32.0903719],[118.8865663,32.0901979],[118.8865743,32.0901199],[118.8865653,32.0899959],[118.8865163,32.0898098],[118.8865263,32.0897788],[118.8865553,32.0897448],[118.8865563,32.0897288],[118.8865183,32.0895918],[118.8865033,32.0895778],[118.8864853,32.0895708],[118.8864673,32.0895707],[118.886122,32.0896695],[118.886098,32.0896685],[118.886083,32.0896615],[118.886074,32.0896475],[118.8855638,32.0882219],[118.8852287,32.0872484],[118.8852377,32.0872224],[118.8852487,32.0872144],[118.8855479,32.0871406],[118.8855599,32.0871286],[118.8855709,32.0870956],[118.8855489,32.0870206],[118.8855519,32.0870026],[118.8855709,32.0869816],[118.8859132,32.0868998],[118.887102,32.0865995],[118.8881956,32.0862841],[118.8882537,32.0862821],[118.8882857,32.0862851],[118.8883047,32.0863002],[118.8886128,32.0871455],[118.8889659,32.0880979],[118.8890339,32.088297],[118.8890529,32.08839],[118.8890579,32.088587],[118.8890539,32.0886731],[118.8890459,32.0887621],[118.8890228,32.0888441],[118.8888687,32.0891291],[118.8887116,32.08947],[118.8887146,32.0894861],[118.8887276,32.0894991],[118.889478,32.0898225],[118.8897661,32.0899557],[118.8897881,32.0899547],[118.8898001,32.0899477],[118.8898122,32.0899237],[118.8898322,32.0899137],[118.8898582,32.0899167],[118.8898922,32.0899448],[118.8899822,32.0900078],[118.8900312,32.0900489],[118.8901333,32.0901639],[118.8901833,32.090254],[118.8902403,32.090389],[118.8902523,32.090431],[118.8902643,32.0906161],[118.8902573,32.0906731],[118.8902553,32.0907431],[118.8902453,32.0907981],[118.8902303,32.0908411],[118.8896559,32.091801],[118.8890025,32.0928819],[118.8889865,32.0928869],[118.8889655,32.0928869],[118.8882551,32.0925884],[118.8877888,32.0925252],[118.8870894,32.0924057]]]}},{"type":"Feature","id":"way/1367626707","properties":{"name":"苏宁青创园","landuse":"commercial","osm_id":"way/1367626707","label":"苏宁青创园","category":"commercial","kind":"commercial"},"geometry":{"type":"Polygon","coordinates":[[[118.8855874,32.0930513],[118.8856101,32.0929182],[118.8855493,32.092891],[118.8857766,32.0917507],[118.8857876,32.0917438],[118.8858026,32.0917428],[118.8861218,32.091957],[118.8861459,32.091985],[118.8862809,32.0922402],[118.8863149,32.0922732],[118.886384,32.0923103],[118.886406,32.0923363],[118.886446,32.0926854],[118.886434,32.0927174],[118.8861638,32.0930423],[118.8861317,32.0930573],[118.8861231,32.0931075],[118.8855874,32.0930513]]]}},{"type":"Feature","id":"way/1367626718","properties":{"landuse":"grass","osm_id":"way/1367626718","label":"","category":"green","kind":"grass"},"geometry":{"type":"Polygon","coordinates":[[[118.8794035,32.0935659],[118.8794021,32.0936647],[118.879386,32.0937011],[118.879356,32.0937126],[118.8793183,32.0937062],[118.8793009,32.093684],[118.8792973,32.0936349],[118.8792541,32.0936167],[118.8792405,32.0936602],[118.8792539,32.0937019],[118.8792971,32.0937383],[118.8793461,32.0937493],[118.8794235,32.0937316],[118.8794511,32.0936772],[118.8794531,32.0935636],[118.8794705,32.0935638],[118.8794745,32.0938987],[118.8794535,32.093898],[118.8794336,32.0938919],[118.8794158,32.0938801],[118.8794035,32.0938641],[118.8793894,32.0938499],[118.8793525,32.0938385],[118.8793123,32.0938311],[118.8792754,32.0938249],[118.8792318,32.0938039],[118.8791882,32.0937766],[118.8791728,32.0938096],[118.8791299,32.0937709],[118.8791157,32.0937493],[118.8791057,32.0937261],[118.8790991,32.093689],[118.8791031,32.0936516],[118.8791122,32.0936215],[118.8791272,32.0935931],[118.8791518,32.0935629],[118.8791829,32.0935375],[118.8792673,32.0934767],[118.8792937,32.0934734],[118.8793203,32.0934738],[118.8793446,32.0934776],[118.8793679,32.0934846],[118.8793968,32.093525],[118.8794035,32.0935659]]]}},{"type":"Feature","id":"way/1367627005","properties":{"name":"苏宁银河诺富特大酒店","landuse":"commercial","osm_id":"way/1367627005","label":"苏宁银河诺富特大酒店","category":"commercial","kind":"commercial"},"geometry":{"type":"Polygon","coordinates":[[[118.886113,32.0896585],[118.8855968,32.0881929],[118.8867606,32.0879596],[118.8871948,32.0891991],[118.8870857,32.0893041],[118.886113,32.0896585]]]}},{"type":"Feature","id":"way/1367627342","properties":{"name":"江苏软件园二期","landuse":"commercial","osm_id":"way/1367627342","label":"江苏软件园二期","category":"commercial","kind":"commercial"},"geometry":{"type":"Polygon","coordinates":[[[118.8838695,32.0892899],[118.8833722,32.0877662],[118.8848364,32.0873752],[118.8852876,32.0886748],[118.8856487,32.0896472],[118.8856457,32.0896772],[118.8856097,32.0896842],[118.8851914,32.0896319],[118.8842678,32.0893262],[118.8839686,32.089286],[118.8838695,32.0892899]]]}},{"type":"Feature","id":"way/1367670401","properties":{"name":"研发三期","landuse":"commercial","osm_id":"way/1367670401","label":"研发三期","category":"commercial","kind":"commercial"},"geometry":{"type":"Polygon","coordinates":[[[118.8859185,32.0941213],[118.8858805,32.0938122],[118.8858835,32.0937662],[118.8858885,32.0937072],[118.8859015,32.0936392],[118.8859666,32.0934232],[118.8859986,32.0933512],[118.8860617,32.0932432],[118.8861788,32.0930833],[118.8862438,32.0930143],[118.8863699,32.0929034],[118.886427,32.0928424],[118.886469,32.0927824],[118.886518,32.0926614],[118.886522,32.0926334],[118.886529,32.0926204],[118.8865391,32.0926124],[118.8865731,32.0926044],[118.8866061,32.0926025],[118.8874646,32.092647],[118.8880109,32.0927073],[118.888081,32.0927254],[118.8887383,32.0929598],[118.8887483,32.0929678],[118.8887583,32.0929848],[118.8887633,32.0930258],[118.8884241,32.0937308],[118.8879287,32.0947107],[118.8879207,32.0947197],[118.8878947,32.0947237],[118.8878717,32.0947207],[118.8859495,32.0941584],[118.8859245,32.0941453],[118.8859185,32.0941213]]]}},{"type":"Feature","id":"way/1367670411","properties":{"name":"紫宁园","landuse":"residential","osm_id":"way/1367670411","label":"紫宁园","category":"residential","kind":"residential"},"geometry":{"type":"Polygon","coordinates":[[[118.8838329,32.0949291],[118.8840391,32.0946231],[118.8842013,32.0945372],[118.8843714,32.0944824],[118.8847316,32.0944966],[118.8849438,32.0945618],[118.8851099,32.0946579],[118.885242,32.094749],[118.8853891,32.0948581],[118.8856252,32.0948943],[118.8857213,32.0949494],[118.8858164,32.0949945],[118.8859554,32.0950766],[118.8860975,32.0952047],[118.8862766,32.0953478],[118.8863377,32.0954749],[118.8864057,32.0955449],[118.8864687,32.095634],[118.8866008,32.0957771],[118.8867899,32.0959323],[118.8870771,32.0960435],[118.8870621,32.0960865],[118.8868759,32.0961944],[118.8867719,32.0962443],[118.8865107,32.0963252],[118.8863326,32.0963311],[118.8861064,32.0962979],[118.8856431,32.0961056],[118.8854,32.0959614],[118.8850698,32.0957801],[118.8847646,32.0955899],[118.8844754,32.0954276],[118.8843163,32.0953035],[118.883954,32.0950312],[118.8838329,32.0949291]]]}},{"type":"Feature","id":"way/1367670412","properties":{"name":"紫苏园","landuse":"residential","osm_id":"way/1367670412","label":"紫苏园","category":"residential","kind":"residential"},"geometry":{"type":"Polygon","coordinates":[[[118.885828,32.094996],[118.8861465,32.0943016],[118.8878126,32.0948537],[118.8874554,32.0954786],[118.8870961,32.0960325],[118.8867964,32.0959283],[118.8866073,32.0957738],[118.8864772,32.0956303],[118.8864116,32.0955419],[118.8863483,32.0954727],[118.8862868,32.0953469],[118.8861036,32.0951991],[118.8859595,32.0950741],[118.8858897,32.0950349],[118.885828,32.094996]]]}},{"type":"Feature","id":"way/1367926139","properties":{"name":"翠屏·紫气钟山","landuse":"residential","osm_id":"way/1367926139","label":"翠屏紫气钟山","category":"residential","kind":"residential"},"geometry":{"type":"Polygon","coordinates":[[[118.8889748,32.0892861],[118.8889548,32.0892661],[118.8889558,32.0892391],[118.889271,32.0886582],[118.889283,32.0886292],[118.889283,32.0886052],[118.889275,32.0885582],[118.8884858,32.0864233],[118.8884938,32.0864043],[118.8885258,32.0863803],[118.8890111,32.0863205],[118.8895333,32.0863408],[118.8902267,32.0864642],[118.8925285,32.0873854],[118.8925395,32.0873994],[118.8925445,32.0874314],[118.8925355,32.0874614],[118.8908996,32.0901393],[118.8908846,32.0901503],[118.8908606,32.0901553],[118.8908176,32.0901472],[118.8889748,32.0892861]]]}},{"type":"Feature","id":"way/1367942885","properties":{"landuse":"grass","osm_id":"way/1367942885","label":"","category":"green","kind":"grass"},"geometry":{"type":"Polygon","coordinates":[[[118.8760011,32.0911032],[118.875867,32.0907248],[118.8758563,32.0907063],[118.8758558,32.0906857],[118.8758656,32.0906669],[118.8758785,32.0906562],[118.8758947,32.0906496],[118.8759126,32.0906476],[118.8765576,32.0904681],[118.8765764,32.0904629],[118.8765961,32.0904621],[118.8766153,32.0904658],[118.8766358,32.0904758],[118.8766515,32.0904908],[118.8768004,32.0909004],[118.8768009,32.0909142],[118.876797,32.0909277],[118.8767896,32.0909392],[118.8767789,32.0909487],[118.8760775,32.0911384],[118.8760571,32.0911393],[118.8760373,32.091135],[118.876022,32.0911273],[118.8760096,32.0911164],[118.8760011,32.0911032]]]}},{"type":"Feature","id":"way/1367942891","properties":{"landuse":"grass","osm_id":"way/1367942891","label":"","category":"green","kind":"grass"},"geometry":{"type":"Polygon","coordinates":[[[118.8816465,32.0893807],[118.8816015,32.0892535],[118.8815996,32.0892409],[118.8816055,32.0892292],[118.8816176,32.0892216],[118.8816331,32.0892205],[118.881647,32.0892264],[118.8816552,32.0892376],[118.8817015,32.0893648],[118.8817022,32.0893769],[118.8816962,32.0893878],[118.8816847,32.0893949],[118.8816695,32.0893965],[118.8816554,32.0893913],[118.8816465,32.0893807]]]}},{"type":"Feature","id":"way/1367942893","properties":{"landuse":"grass","osm_id":"way/1367942893","label":"","category":"green","kind":"grass"},"geometry":{"type":"Polygon","coordinates":[[[118.8795356,32.0896085],[118.8795195,32.0895841],[118.8795228,32.0895517],[118.8795396,32.0895222],[118.8795678,32.0895046],[118.8795986,32.0894955],[118.8796281,32.0894921],[118.8796496,32.0895017],[118.8796569,32.0895267],[118.8796435,32.0895563],[118.8796214,32.0895949],[118.8795952,32.0896125],[118.879553,32.0896142],[118.8795356,32.0896085]]]}},{"type":"Feature","id":"way/1367942895","properties":{"landuse":"grass","osm_id":"way/1367942895","label":"","category":"green","kind":"grass"},"geometry":{"type":"Polygon","coordinates":[[[118.8790933,32.0895171],[118.8790946,32.0895304],[118.8790879,32.0895424],[118.8790749,32.08955],[118.8790592,32.0895511],[118.879045,32.0895454],[118.879036,32.0895344],[118.8790347,32.0895211],[118.8790415,32.089509],[118.8790544,32.0895014],[118.8790702,32.0895004],[118.8790844,32.0895061],[118.8790933,32.0895171]]]}},{"type":"Feature","id":"way/1368022773","properties":{"leisure":"pitch","osm_id":"way/1368022773","label":"","category":"other","kind":"pitch"},"geometry":{"type":"Polygon","coordinates":[[[118.8597389,32.085363],[118.8599152,32.0853522],[118.859937,32.0856081],[118.8597607,32.0856189],[118.8597389,32.085363]]]}},{"type":"Feature","id":"way/1368022888","properties":{"name":"帝豪花园别墅","landuse":"residential","osm_id":"way/1368022888","label":"帝豪花园别墅","category":"residential","kind":"residential"},"geometry":{"type":"Polygon","coordinates":[[[118.8607536,32.0835336],[118.8611041,32.0836842],[118.8612914,32.0838295],[118.8615648,32.084335],[118.8617721,32.0845893],[118.8618092,32.084616],[118.8619114,32.0846895],[118.8624492,32.0850084],[118.8631813,32.0853675],[118.8627656,32.085928],[118.8614514,32.0874094],[118.8597143,32.0865264],[118.8586346,32.0861862],[118.8584004,32.0861726],[118.8581961,32.0861613],[118.8580669,32.0861381],[118.8578224,32.0860677],[118.8577263,32.0860026],[118.8577012,32.0859575],[118.8577023,32.0859045],[118.8577303,32.0858465],[118.8582484,32.0838159],[118.8583366,32.083585],[118.8584958,32.0834202],[118.8590027,32.083407],[118.8596768,32.083541],[118.8599052,32.0835464],[118.8601765,32.0835377],[118.8603529,32.083532],[118.8607536,32.0835336]]]}},{"type":"Feature","id":"way/1368131312","properties":{"leisure":"pitch","osm_id":"way/1368131312","label":"","category":"other","kind":"pitch"},"geometry":{"type":"Polygon","coordinates":[[[118.8640116,32.0887444],[118.8639218,32.0884678],[118.8640436,32.0884394],[118.8641334,32.088716],[118.8640116,32.0887444]]]}},{"type":"Feature","id":"way/1368131387","properties":{"leisure":"pitch","osm_id":"way/1368131387","label":"","category":"other","kind":"pitch"},"geometry":{"type":"Polygon","coordinates":[[[118.8652414,32.0853556],[118.8651495,32.0851573],[118.8652599,32.0851206],[118.8653517,32.0853189],[118.8652414,32.0853556]]]}},{"type":"Feature","id":"way/1368131388","properties":{"leisure":"pitch","osm_id":"way/1368131388","label":"","category":"other","kind":"pitch"},"geometry":{"type":"Polygon","coordinates":[[[118.8652904,32.0850636],[118.8654405,32.0850139],[118.8655583,32.0852695],[118.8654082,32.0853192],[118.8652904,32.0850636]]]}},{"type":"Feature","id":"way/1368217644","properties":{"name":"紫晶园","landuse":"residential","osm_id":"way/1368217644","label":"紫晶园","category":"residential","kind":"residential"},"geometry":{"type":"Polygon","coordinates":[[[118.8639332,32.0879581],[118.8646734,32.0878291],[118.865081,32.0872785],[118.8656269,32.0868632],[118.8657581,32.0869814],[118.865715,32.0872274],[118.8653063,32.088108],[118.8654355,32.0884172],[118.8659622,32.088682],[118.8664449,32.0887917],[118.8668755,32.0887472],[118.8669557,32.0887923],[118.8669987,32.0888654],[118.8670628,32.0890195],[118.8671118,32.0892976],[118.867278,32.0896519],[118.8673802,32.0897481],[118.8673802,32.0898251],[118.8672189,32.090284],[118.8668914,32.0906967],[118.8668593,32.0908056],[118.8668854,32.0909287],[118.8669935,32.0910749],[118.8672348,32.0912112],[118.8678417,32.091253],[118.8683254,32.0912036],[118.868736,32.0910181],[118.8698135,32.0904533],[118.8698906,32.0904454],[118.8699446,32.0905335],[118.869502,32.0914281],[118.8691474,32.0918318],[118.8687499,32.0921543],[118.8680889,32.0925486],[118.8677614,32.0927892],[118.8671325,32.0933085],[118.8668541,32.0932511],[118.8667349,32.0930239],[118.8666328,32.0927197],[118.8664076,32.0920143],[118.8661923,32.0913099],[118.8661072,32.0911417],[118.8660471,32.0911146],[118.8659079,32.0910684],[118.8655314,32.0910629],[118.8654322,32.0910228],[118.8653471,32.0907586],[118.8650748,32.0898491],[118.8648174,32.0895466],[118.8644309,32.089169],[118.8641484,32.0893117],[118.8640763,32.0892886],[118.8639311,32.0890523],[118.863835,32.0887311],[118.8636888,32.0880918],[118.8639332,32.0879581]]]}},{"type":"Feature","id":"way/1368431212","properties":{"leisure":"swimming_pool","osm_id":"way/1368431212","label":"","category":"other","kind":"swimming_pool"},"geometry":{"type":"Polygon","coordinates":[[[118.8697663,32.0851562],[118.8697777,32.0850352],[118.8697945,32.0850363],[118.8698015,32.0850274],[118.8698124,32.0850221],[118.869825,32.0850215],[118.8698393,32.0850278],[118.8698471,32.0850397],[118.8698611,32.08504],[118.8698486,32.0851631],[118.8697663,32.0851562]]]}},{"type":"Feature","id":"way/1368431233","properties":{"leisure":"bleachers","osm_id":"way/1368431233","label":"","category":"other","kind":"bleachers"},"geometry":{"type":"Polygon","coordinates":[[[118.8677391,32.0883579],[118.8678866,32.0882325],[118.8680648,32.0883896],[118.8679173,32.0885133],[118.8677391,32.0883579]]]}},{"type":"Feature","id":"way/1368431234","properties":{"landuse":"grass","osm_id":"way/1368431234","label":"","category":"green","kind":"grass"},"geometry":{"type":"Polygon","coordinates":[[[118.8675669,32.0884252],[118.8678856,32.0881643],[118.8679126,32.0881875],[118.8678729,32.0882208],[118.8678866,32.0882325],[118.8677391,32.0883579],[118.8679173,32.0885133],[118.8680648,32.0883896],[118.8680753,32.0883986],[118.8681209,32.0883603],[118.8681543,32.0883888],[118.8678274,32.0886589],[118.8677814,32.0886496],[118.8677356,32.0886322],[118.8676935,32.0886091],[118.8676561,32.0885808],[118.8676231,32.0885469],[118.8675969,32.088509],[118.867578,32.0884681],[118.8675669,32.0884252]]]}},{"type":"Feature","id":"way/1368435841","properties":{"landuse":"grass","osm_id":"way/1368435841","label":"","category":"green","kind":"grass"},"geometry":{"type":"Polygon","coordinates":[[[118.8721307,32.0782497],[118.8721279,32.0782789],[118.8721156,32.0783062],[118.8720947,32.0783295],[118.8720669,32.0783468],[118.8720345,32.0783568],[118.872,32.0783587],[118.8719664,32.0783523],[118.8719362,32.078338],[118.871912,32.0783172],[118.8718957,32.0782914],[118.8718886,32.0782628],[118.8718913,32.0782336],[118.8719036,32.0782063],[118.8719245,32.078183],[118.8719523,32.0781657],[118.8719848,32.0781557],[118.8720192,32.0781538],[118.8720529,32.0781602],[118.8720831,32.0781745],[118.8721073,32.0781953],[118.8721236,32.0782211],[118.8721307,32.0782497]]]}},{"type":"Feature","id":"way/1368747848","properties":{"landuse":"grass","osm_id":"way/1368747848","label":"","category":"green","kind":"grass"},"geometry":{"type":"Polygon","coordinates":[[[118.8682857,32.0798042],[118.8683031,32.0798123],[118.8683147,32.0798259],[118.8683182,32.0798425],[118.8683128,32.0798587],[118.8682997,32.0798713],[118.8682814,32.0798778],[118.8682616,32.079877],[118.8682441,32.0798689],[118.8682326,32.0798553],[118.8682291,32.0798387],[118.8682345,32.0798225],[118.8682476,32.0798099],[118.8682659,32.0798034],[118.8682857,32.0798042]]]}},{"type":"Feature","id":"way/1368780436","properties":{"landuse":"grass","osm_id":"way/1368780436","label":"","category":"green","kind":"grass"},"geometry":{"type":"Polygon","coordinates":[[[118.8719885,32.0805667],[118.8717914,32.0803383],[118.8718661,32.080292],[118.8718836,32.0803122],[118.8719909,32.0802457],[118.8719735,32.0802255],[118.8720237,32.0801943],[118.8722361,32.0804403],[118.8721044,32.0805219],[118.8720892,32.0805043],[118.8719885,32.0805667]]]}},{"type":"Feature","id":"way/1368780482","properties":{"name":"钟山高尔夫别墅","landuse":"residential","osm_id":"way/1368780482","label":"钟山高尔夫别墅","category":"residential","kind":"residential"},"geometry":{"type":"Polygon","coordinates":[[[118.8671361,32.0867181],[118.8669338,32.0866399],[118.8667726,32.0865336],[118.8667345,32.0864506],[118.8667706,32.0863066],[118.8665824,32.0859062],[118.8664643,32.0852059],[118.8659966,32.0845482],[118.8664804,32.0842468],[118.8671193,32.0837995],[118.8675069,32.0834769],[118.8678144,32.0831813],[118.8681289,32.0828886],[118.8693997,32.0817619],[118.8695409,32.0818291],[118.8697091,32.0818964],[118.8699835,32.0820647],[118.8699885,32.0821828],[118.869709,32.0825375],[118.8694887,32.0829963],[118.8692684,32.0834321],[118.869054,32.083805],[118.8689569,32.0838318],[118.8688117,32.0838177],[118.8684362,32.0836041],[118.868286,32.0836039],[118.8681248,32.0835947],[118.8679906,32.0838446],[118.8679254,32.0843577],[118.8679795,32.0845398],[118.8681567,32.084586],[118.8684411,32.0845583],[118.8687105,32.0845587],[118.8689729,32.084618],[118.8693764,32.0847966],[118.869865,32.0849472],[118.8699992,32.0851384],[118.8701383,32.0856157],[118.8701493,32.0859428],[118.8700582,32.0860337],[118.8697408,32.0861423],[118.8671361,32.0867181]]]}},{"type":"Feature","id":"way/1369407672","properties":{"name":"中国人民解放军东部战区疾控中心","landuse":"military","osm_id":"way/1369407672","label":"中国人民解放军东部战区疾控中心","category":"other","kind":"military"},"geometry":{"type":"Polygon","coordinates":[[[118.7975027,32.0441234],[118.7975681,32.0434583],[118.7981892,32.043494],[118.7981892,32.0436286],[118.7987963,32.0436107],[118.7989761,32.044064],[118.7975027,32.0441234]]]}},{"type":"Feature","id":"way/1369409710","properties":{"name":"海军指挥学院","name:en":"Naval Command College","landuse":"military","amenity":"college","osm_id":"way/1369409710","label":"海军指挥学院","category":"other","kind":"military"},"geometry":{"type":"Polygon","coordinates":[[[118.8188359,32.0470596],[118.8195118,32.0469959],[118.8194048,32.0465137],[118.8191664,32.0447499],[118.8192698,32.0446877],[118.8210499,32.0445708],[118.8209509,32.0437058],[118.8206663,32.0412177],[118.8207961,32.0412766],[118.820922,32.0413337],[118.8220861,32.0412974],[118.8261387,32.0473194],[118.8223009,32.050655],[118.8227894,32.0530085],[118.8221902,32.0532182],[118.8215151,32.0534259],[118.8211589,32.0527283],[118.8209974,32.0522542],[118.820833,32.0522815],[118.8207696,32.0518767],[118.8208873,32.0518406],[118.820784,32.0511805],[118.820004,32.0513269],[118.8197639,32.0514474],[118.8185404,32.0515852],[118.8184955,32.0517182],[118.8182817,32.0517116],[118.8182432,32.0511215],[118.8178157,32.0511251],[118.8177791,32.0505777],[118.8189659,32.0504753],[118.8189184,32.0498977],[118.8167529,32.0500801],[118.8167096,32.0499751],[118.8164599,32.049981],[118.8164338,32.0495307],[118.8166858,32.04945],[118.8170655,32.0490198],[118.8170517,32.0486336],[118.8170171,32.0485014],[118.8188212,32.0483079],[118.8187265,32.0471971],[118.8186941,32.0471333],[118.8188359,32.0470596]]]}},{"type":"Feature","id":"way/1388965998","properties":{"leisure":"pitch","osm_id":"way/1388965998","label":"","category":"other","kind":"pitch"},"geometry":{"type":"Polygon","coordinates":[[[118.8942927,32.097064],[118.8943352,32.09702],[118.8944371,32.0970904],[118.8943947,32.0971345],[118.8942927,32.097064]]]}},{"type":"Feature","id":"way/1388965999","properties":{"leisure":"pitch","osm_id":"way/1388965999","label":"","category":"other","kind":"pitch"},"geometry":{"type":"Polygon","coordinates":[[[118.8942371,32.0971214],[118.8942757,32.0970821],[118.894378,32.0971542],[118.8943394,32.0971935],[118.8942371,32.0971214]]]}},{"type":"Feature","id":"way/1388966000","properties":{"leisure":"pitch","osm_id":"way/1388966000","label":"","category":"other","kind":"pitch"},"geometry":{"type":"Polygon","coordinates":[[[118.8941841,32.0971759],[118.8942188,32.0971399],[118.894318,32.0972083],[118.8942834,32.0972444],[118.8941841,32.0971759]]]}},{"type":"Feature","id":"way/1388966001","properties":{"leisure":"pitch","osm_id":"way/1388966001","label":"","category":"other","kind":"pitch"},"geometry":{"type":"Polygon","coordinates":[[[118.894106,32.0969834],[118.8941639,32.0969234],[118.894307,32.0970227],[118.8942491,32.0970826],[118.894106,32.0969834]]]}},{"type":"Feature","id":"way/1388966002","properties":{"leisure":"pitch","osm_id":"way/1388966002","label":"","category":"other","kind":"pitch"},"geometry":{"type":"Polygon","coordinates":[[[118.8940329,32.0970595],[118.8940911,32.0969995],[118.8942339,32.0970989],[118.8941757,32.0971589],[118.8940329,32.0970595]]]}},{"type":"Feature","id":"way/1388966003","properties":{"leisure":"pitch","osm_id":"way/1388966003","label":"","category":"other","kind":"pitch"},"geometry":{"type":"Polygon","coordinates":[[[118.8938747,32.096993],[118.8940591,32.0968004],[118.89418,32.0968836],[118.8939956,32.0970762],[118.8938747,32.096993]]]}},{"type":"Feature","id":"way/1388966004","properties":{"leisure":"pitch","osm_id":"way/1388966004","label":"","category":"other","kind":"pitch"},"geometry":{"type":"Polygon","coordinates":[[[118.8937446,32.0969033],[118.8939313,32.0967086],[118.8940493,32.0967898],[118.8938626,32.0969845],[118.8937446,32.0969033]]]}},{"type":"Feature","id":"way/1388966089","properties":{"name":"车享购二手车","landuse":"residential","osm_id":"way/1388966089","label":"车享购二手车","category":"residential","kind":"residential"},"geometry":{"type":"Polygon","coordinates":[[[118.8860611,32.0997806],[118.8862052,32.0994746],[118.8863593,32.0991887],[118.8874512,32.097387],[118.8875422,32.097428],[118.8880426,32.0969032],[118.8881967,32.0970723],[118.8893752,32.0983332],[118.8893852,32.0983553],[118.8893872,32.0983723],[118.8893872,32.0983853],[118.8893792,32.0984003],[118.8870527,32.0999423],[118.8862912,32.1003829],[118.8862141,32.1004178],[118.8861481,32.1004238],[118.8861041,32.1004178],[118.8858639,32.1003466],[118.8858529,32.1003396],[118.8858449,32.1003276],[118.8858439,32.1003116],[118.8860611,32.0997806]]]}},{"type":"Feature","id":"way/1416437322","properties":{"name":"南京警察学院(花园路校区)","name:en":"Nanjing Police University (Huayuan Road Campus)","landuse":"education","amenity":"university","osm_id":"way/1416437322","label":"南京警察学院花园路校区","category":"other","kind":"education"},"geometry":{"type":"Polygon","coordinates":[[[118.820617,32.0878366],[118.8200012,32.087642],[118.818326,32.0872441],[118.8181903,32.0869302],[118.8176916,32.086893],[118.8177586,32.0867224],[118.8177399,32.0865013],[118.8175775,32.0861697],[118.8179607,32.086121],[118.8189,32.0853561],[118.8189627,32.084936],[118.8185817,32.0846221],[118.8207997,32.0836405],[118.8213758,32.0838621],[118.8213479,32.084347],[118.8228285,32.0844379],[118.8213692,32.0863488],[118.8208705,32.0872206],[118.820617,32.0878366]]]}},{"type":"Feature","id":"way/1417002182","properties":{"name":"东华能源","landuse":"commercial","osm_id":"way/1417002182","label":"东华能源","category":"commercial","kind":"commercial"},"geometry":{"type":"Polygon","coordinates":[[[118.8870933,32.0831168],[118.8861227,32.0819669],[118.8870344,32.0814164],[118.8878709,32.0808908],[118.887989,32.0809858],[118.888044,32.0811699],[118.8886643,32.0816994],[118.8889314,32.0817535],[118.8889534,32.0818766],[118.8870933,32.0831168]]]}},{"type":"Feature","id":"way/1417002183","properties":{"name":"瑞华投创园","landuse":"commercial","osm_id":"way/1417002183","label":"瑞华投创园","category":"commercial","kind":"commercial"},"geometry":{"type":"Polygon","coordinates":[[[118.8870292,32.0830547],[118.8869082,32.0831077],[118.8861616,32.0835303],[118.8858384,32.0835861],[118.8857534,32.083476],[118.8856473,32.0835239],[118.8853951,32.0836058],[118.8853381,32.0834927],[118.885224,32.0833846],[118.885278,32.0833516],[118.8849288,32.0829093],[118.8848568,32.0828593],[118.8848628,32.0827342],[118.8848018,32.0824791],[118.8860447,32.0819038],[118.8870292,32.0830547]]]}},{"type":"Feature","id":"way/1417002189","properties":{"name":"星叶广场","landuse":"commercial","osm_id":"way/1417002189","label":"星叶广场","category":"commercial","kind":"commercial"},"geometry":{"type":"Polygon","coordinates":[[[118.88791,32.0808208],[118.8880471,32.0806878],[118.8884663,32.080363],[118.8888355,32.0801101],[118.8889206,32.0800402],[118.8889326,32.0800252],[118.8889346,32.0799802],[118.8888366,32.079681],[118.8888656,32.079575],[118.8888656,32.079351],[118.8887986,32.0789389],[118.8886596,32.0788728],[118.8887737,32.0782957],[118.8909717,32.0782108],[118.8910328,32.0781888],[118.8911128,32.0781218],[118.8911638,32.0781019],[118.8912659,32.0780769],[118.8912869,32.0780759],[118.8913039,32.0780829],[118.8913089,32.0780949],[118.8913069,32.0781079],[118.8910978,32.0786539],[118.8907816,32.079446],[118.8906645,32.07971],[118.8906545,32.079719],[118.8906395,32.079719],[118.8905264,32.0796829],[118.8905114,32.0796829],[118.8905004,32.0796899],[118.8904644,32.0797759],[118.8903573,32.0799899],[118.8902522,32.0801579],[118.8900871,32.0803948],[118.889854,32.0807158],[118.8897189,32.0808908],[118.8895078,32.0811317],[118.8892166,32.0814526],[118.8891016,32.0815616],[118.8890585,32.0815956],[118.8890055,32.0816075],[118.8889455,32.0816295],[118.8889004,32.0816605],[118.8888324,32.0816605],[118.8887734,32.0817074],[118.8887444,32.0816624],[118.8885763,32.0816093],[118.888073,32.0811539],[118.888053,32.0811299],[118.88804,32.0810799],[118.888025,32.0809809],[118.88791,32.0808208]]]}},{"type":"Feature","id":"way/1417002202","properties":{"landuse":"grass","osm_id":"way/1417002202","label":"","category":"green","kind":"grass"},"geometry":{"type":"Polygon","coordinates":[[[118.8861177,32.0840796],[118.8880388,32.0829132],[118.888299,32.0827496],[118.888633,32.0825166],[118.888809,32.0823853],[118.8889803,32.0822496],[118.8891436,32.0821124],[118.8893022,32.0819712],[118.8894215,32.0818587],[118.8894444,32.0818483],[118.8894695,32.0818428],[118.8894955,32.0818425],[118.8895208,32.0818473],[118.8895478,32.0818593],[118.8895698,32.0818772],[118.8895851,32.0818996],[118.8896075,32.081963],[118.8896361,32.0820246],[118.889676,32.0820917],[118.8897233,32.0821553],[118.8897541,32.0821916],[118.8897622,32.082215],[118.8897636,32.0822393],[118.8897581,32.0822632],[118.8897459,32.0822857],[118.8897277,32.082305],[118.8897045,32.08232],[118.8895955,32.082338],[118.8894872,32.0823587],[118.8893788,32.0823823],[118.8892713,32.0824087],[118.8891688,32.0824397],[118.8890675,32.0824734],[118.8889512,32.082516],[118.8888368,32.0825621],[118.8886558,32.0826484],[118.8885344,32.082712],[118.8884157,32.0827791],[118.8868386,32.0837381],[118.8865663,32.0838552],[118.886451,32.0839165],[118.8861465,32.0841029],[118.8861374,32.0841069],[118.8861271,32.0841064],[118.8861184,32.0841017],[118.8861139,32.0840947],[118.8861136,32.0840868],[118.8861177,32.0840796]]]}},{"type":"Feature","id":"way/1418806128","properties":{"name":"苏宁公寓","landuse":"residential","osm_id":"way/1418806128","label":"苏宁公寓","category":"residential","kind":"residential"},"geometry":{"type":"Polygon","coordinates":[[[118.8776123,32.0838784],[118.8779637,32.0840998],[118.8787094,32.0846496],[118.8792709,32.0849112],[118.8791607,32.0854112],[118.8783359,32.0852684],[118.8780647,32.0852042],[118.8778475,32.0850939],[118.8774971,32.0848855],[118.8772419,32.0846402],[118.8769696,32.0841739],[118.877275,32.0837271],[118.8776123,32.0838784]]]}},{"type":"Feature","id":"way/1418964175","properties":{"name":"紫金东郡","landuse":"residential","osm_id":"way/1418964175","label":"紫金东郡","category":"residential","kind":"residential"},"geometry":{"type":"Polygon","coordinates":[[[118.8883468,32.0858631],[118.8877246,32.0841164],[118.8876025,32.0837312],[118.8876055,32.0836742],[118.8876185,32.0836542],[118.888382,32.0831835],[118.8887823,32.0830057],[118.8891905,32.0828769],[118.8896217,32.0828021],[118.8898718,32.0827882],[118.8904161,32.0827975],[118.8909133,32.0828758],[118.8914605,32.083057],[118.8921147,32.0833734],[118.8933301,32.084013],[118.8941723,32.0844654],[118.8942183,32.0844974],[118.8942293,32.0845224],[118.8942293,32.0845494],[118.8938432,32.0851764],[118.8928697,32.0867994],[118.8928257,32.0868294],[118.8927697,32.0868314],[118.8927207,32.0868274],[118.8918193,32.0866149],[118.8912291,32.0863946],[118.8907679,32.0862144],[118.8900106,32.086014],[118.8892192,32.0859546],[118.8886339,32.0859633],[118.8884788,32.0859612],[118.8884058,32.0859431],[118.8883718,32.0859081],[118.8883468,32.0858631]]]}},{"type":"Feature","id":"way/1418964176","properties":{"name":"苏盐生活家股份有限公司","landuse":"commercial","osm_id":"way/1418964176","label":"苏盐生活家股份有限公司","category":"commercial","kind":"commercial"},"geometry":{"type":"Polygon","coordinates":[[[118.8828009,32.0858724],[118.8842281,32.0853903],[118.8842471,32.0853924],[118.8842611,32.0854034],[118.8847554,32.086754],[118.8847514,32.08677],[118.8847374,32.086783],[118.8832362,32.08718],[118.8832172,32.087176],[118.8832032,32.087165],[118.8827829,32.0859034],[118.8827879,32.0858864],[118.8828009,32.0858724]]]}},{"type":"Feature","id":"way/1418964177","properties":{"name":"徐庄文化中心","landuse":"commercial","osm_id":"way/1418964177","label":"徐庄文化中心","category":"commercial","kind":"commercial"},"geometry":{"type":"Polygon","coordinates":[[[118.8848374,32.0867151],[118.8843592,32.0854204],[118.8843592,32.0854124],[118.8843682,32.0853934],[118.8843752,32.0853884],[118.8854881,32.0849031],[118.8855071,32.0849051],[118.8855231,32.0849141],[118.8859083,32.0856225],[118.8859173,32.0856446],[118.8860803,32.0863778],[118.8860683,32.0863948],[118.8860603,32.0863998],[118.8848715,32.0867301],[118.8848524,32.0867261],[118.8848374,32.0867151]]]}},{"type":"Feature","id":"way/1424823696","properties":{"name":"南京师范大学附属小学仙鹤门分校","amenity":"school","osm_id":"way/1424823696","label":"南京师范大学附属小学仙鹤门分校","category":"civic","kind":"school"},"geometry":{"type":"Polygon","coordinates":[[[118.8960645,32.0875576],[118.8963916,32.0870595],[118.8971358,32.0860275],[118.8981518,32.0866238],[118.8981578,32.0866708],[118.8968695,32.0883549],[118.8967975,32.0884029],[118.8966875,32.0884169],[118.8957994,32.0880706],[118.8960645,32.0875576]]]}},{"type":"Feature","id":"way/1424823707","properties":{"name":"仙鹤新天地广场","landuse":"commercial","osm_id":"way/1424823707","label":"仙鹤新天地广场","category":"commercial","kind":"commercial"},"geometry":{"type":"Polygon","coordinates":[[[118.8987497,32.0881782],[118.8979387,32.087771],[118.8979087,32.087738],[118.8978897,32.087687],[118.8985418,32.0868049],[118.8985788,32.0867869],[118.8986168,32.0867919],[118.8996528,32.0874061],[118.8996758,32.0874301],[118.8996768,32.0874591],[118.8991347,32.0881372],[118.8991017,32.0881542],[118.8990607,32.0881482],[118.8989407,32.0880802],[118.8989097,32.0880782],[118.8988857,32.0880952],[118.8988167,32.0881772],[118.8987827,32.0881892],[118.8987497,32.0881782]]]}},{"type":"Feature","id":"way/1424823713","properties":{"leisure":"pitch","osm_id":"way/1424823713","label":"","category":"other","kind":"pitch"},"geometry":{"type":"Polygon","coordinates":[[[118.900896,32.0897943],[118.9006034,32.089565],[118.9010309,32.0891734],[118.9013235,32.0894027],[118.900896,32.0897943]]]}},{"type":"Feature","id":"way/1424823714","properties":{"leisure":"pitch","osm_id":"way/1424823714","label":"","category":"other","kind":"pitch"},"geometry":{"type":"Polygon","coordinates":[[[118.9004669,32.0901874],[118.9001743,32.0899582],[118.9006034,32.089565],[118.900896,32.0897943],[118.9004669,32.0901874]]]}},{"type":"Feature","id":"way/1424823719","properties":{"leisure":"pitch","osm_id":"way/1424823719","label":"","category":"other","kind":"pitch"},"geometry":{"type":"Polygon","coordinates":[[[118.8988052,32.0887422],[118.8989807,32.0885002],[118.8994434,32.0887411],[118.8992679,32.088983],[118.8988052,32.0887422]]]}},{"type":"Feature","id":"way/1424823720","properties":{"leisure":"pitch","osm_id":"way/1424823720","label":"","category":"other","kind":"pitch"},"geometry":{"type":"Polygon","coordinates":[[[118.9002965,32.0877661],[118.9007562,32.0880023],[118.9006262,32.0881841],[118.9001665,32.0879479],[118.9002965,32.0877661]]]}},{"type":"Feature","id":"way/1424823721","properties":{"leisure":"pitch","osm_id":"way/1424823721","label":"","category":"other","kind":"pitch"},"geometry":{"type":"Polygon","coordinates":[[[118.8991056,32.0882184],[118.8995241,32.0876514],[118.8995657,32.0876192],[118.8996128,32.0875929],[118.8996641,32.0875731],[118.8997184,32.0875603],[118.8997744,32.0875548],[118.8998307,32.0875568],[118.899886,32.0875661],[118.8999389,32.0875826],[118.8999881,32.0876059],[118.9000288,32.0876327],[118.9000647,32.087664],[118.9000949,32.0876994],[118.9001188,32.087738],[118.9001361,32.0877791],[118.9001751,32.0877997],[118.9002268,32.0877293],[118.9002965,32.0877661],[118.8997252,32.0885433],[118.8996856,32.0885833],[118.8996386,32.088617],[118.8995855,32.0886436],[118.899528,32.0886622],[118.8994676,32.0886723],[118.899406,32.0886737],[118.899345,32.0886664],[118.8992863,32.0886504],[118.8992317,32.0886263],[118.8991832,32.0885952],[118.8991415,32.0885577],[118.8991078,32.0885149],[118.8990828,32.088468],[118.8990674,32.0884182],[118.899062,32.0883669],[118.8990667,32.0883155],[118.8990814,32.0882656],[118.8991056,32.0882184]]]}},{"type":"Feature","id":"way/1424823722","properties":{"leisure":"pitch","osm_id":"way/1424823722","label":"","category":"other","kind":"pitch"},"geometry":{"type":"Polygon","coordinates":[[[118.89919,32.0882583],[118.8995826,32.0877225],[118.9000369,32.0879615],[118.8996444,32.0884972],[118.89919,32.0882583]]]}},{"type":"Feature","id":"way/1424904144","properties":{"name":"仙居雅苑","landuse":"residential","osm_id":"way/1424904144","label":"仙居雅苑","category":"residential","kind":"residential"},"geometry":{"type":"Polygon","coordinates":[[[118.8892784,32.0947915],[118.8903041,32.0931026],[118.8903481,32.0930636],[118.8912236,32.0915967],[118.8917288,32.091822],[118.8917088,32.091854],[118.89237,32.0921483],[118.8924462,32.0920307],[118.8929662,32.0922696],[118.8942486,32.0928782],[118.8942666,32.0928892],[118.8942766,32.0929022],[118.8943005,32.0929387],[118.8941791,32.0931159],[118.8940555,32.0932082],[118.8934823,32.0936691],[118.8933342,32.093816],[118.8932532,32.093906],[118.8931281,32.094078],[118.8931101,32.094092],[118.8930691,32.094096],[118.8930491,32.094092],[118.8926534,32.0939341],[118.8921978,32.0946728],[118.8921827,32.0947148],[118.8921807,32.0947458],[118.8921907,32.0947868],[118.8922067,32.0948008],[118.8922598,32.0948108],[118.8927079,32.094757],[118.8927269,32.094761],[118.8927449,32.09477],[118.8927539,32.094781],[118.8927539,32.094802],[118.8926879,32.094946],[118.8925879,32.095091],[118.8931,32.0952933],[118.8920186,32.096077],[118.8917184,32.0962809],[118.8916994,32.0962629],[118.8915383,32.0963749],[118.8913983,32.0963038],[118.8912882,32.0962887],[118.8912993,32.0962397],[118.8910081,32.0960536],[118.8910952,32.0959246],[118.8904895,32.0955353],[118.890466,32.0955202],[118.8897216,32.0949867],[118.8892784,32.0947915]]]}},{"type":"Feature","id":"way/1424928197","properties":{"name":"三河公园","leisure":"park","osm_id":"way/1424928197","label":"三河公园","category":"green","kind":"park"},"geometry":{"type":"Polygon","coordinates":[[[118.8872216,32.0265489],[118.8891764,32.0240216],[118.8912931,32.0249524],[118.893301,32.025974],[118.889416,32.0277763],[118.8872216,32.0265489]]]}},{"type":"Feature","id":"way/1425041294","properties":{"name":"新华日报报业集团印务总公司","landuse":"industrial","osm_id":"way/1425041294","label":"新华日报报业集团印务总公司","category":"industrial","kind":"industrial"},"geometry":{"type":"Polygon","coordinates":[[[118.8778242,32.0990208],[118.8793446,32.0994293],[118.8802555,32.0996952],[118.8800813,32.1002001],[118.8799201,32.1007081],[118.8799101,32.1007181],[118.8798931,32.1007211],[118.8797249,32.1006989],[118.8796979,32.1007769],[118.8786679,32.10096],[118.877854,32.1007852],[118.877762,32.1005611],[118.877811,32.1003401],[118.8778771,32.1002691],[118.8779893,32.0999482],[118.8776039,32.0998558],[118.8778242,32.0990208]]]}},{"type":"Feature","id":"way/1425041297","properties":{"name":"徐庄软件园·聚慧园","landuse":"commercial","osm_id":"way/1425041297","label":"徐庄软件园聚慧园","category":"commercial","kind":"commercial"},"geometry":{"type":"Polygon","coordinates":[[[118.8800653,32.1002801],[118.8801764,32.0999521],[118.8802405,32.0997862],[118.8802655,32.0997722],[118.8803095,32.0997712],[118.8809961,32.1000379],[118.8817488,32.1003556],[118.8822341,32.100543],[118.8825414,32.1006723],[118.8828596,32.1008325],[118.8829587,32.1008986],[118.8829707,32.1009276],[118.8829717,32.1009466],[118.8829717,32.1009616],[118.8829627,32.1009806],[118.8825713,32.1014764],[118.8818086,32.102485],[118.8817586,32.102495],[118.8817025,32.10249],[118.8816735,32.1024819],[118.8809849,32.1022593],[118.8795757,32.101822],[118.8795376,32.10182],[118.8795136,32.1018239],[118.8794956,32.1018459],[118.8794585,32.1018789],[118.8794345,32.1018799],[118.8793995,32.1018739],[118.8793094,32.1018358],[118.8792594,32.1017977],[118.8791963,32.1017196],[118.8791883,32.1016876],[118.8791883,32.1016606],[118.8791983,32.1016246],[118.8792434,32.1015526],[118.8792584,32.1015467],[118.8793455,32.1015537],[118.8793925,32.1015408],[118.8794105,32.1015278],[118.8795817,32.1011689],[118.8797739,32.10074],[118.8798,32.100728],[118.879881,32.100733],[118.8799111,32.1007311],[118.8799301,32.1007221],[118.8799401,32.1007061],[118.8800653,32.1002801]]]}},{"type":"Feature","id":"way/1425041328","properties":{"leisure":"pitch","osm_id":"way/1425041328","label":"","category":"other","kind":"pitch"},"geometry":{"type":"Polygon","coordinates":[[[118.8939506,32.0970627],[118.8941836,32.0972239],[118.8942082,32.0972676],[118.8942259,32.0973169],[118.8942347,32.0973679],[118.8942344,32.0974211],[118.8942245,32.0974737],[118.8942051,32.0975243],[118.8941768,32.0975718],[118.8941403,32.097615],[118.8940964,32.0976531],[118.8940461,32.0976849],[118.8939907,32.0977099],[118.8939396,32.0977279],[118.893886,32.0977397],[118.8938311,32.0977451],[118.8937807,32.0977444],[118.8937308,32.0977383],[118.8936822,32.0977269],[118.8926134,32.0973282],[118.892557,32.097301],[118.8925066,32.0972665],[118.8924635,32.0972255],[118.8924288,32.0971792],[118.8924033,32.0971287],[118.8923878,32.0970754],[118.8923827,32.0970207],[118.8923881,32.096966],[118.8924039,32.0969127],[118.8924296,32.0968624],[118.8924592,32.0968224],[118.892495,32.0967862],[118.8925365,32.0967547],[118.8925827,32.0967283],[118.8926328,32.0967076],[118.8926858,32.0966931],[118.892616,32.0966658],[118.8927005,32.0966056],[118.892959,32.0967001],[118.8939506,32.0970627]]]}},{"type":"Feature","id":"way/1425041329","properties":{"leisure":"pitch","osm_id":"way/1425041329","label":"","category":"other","kind":"pitch"},"geometry":{"type":"Polygon","coordinates":[[[118.892645,32.0972556],[118.8928913,32.0967706],[118.8939647,32.0971617],[118.8937185,32.0976467],[118.892645,32.0972556]]]}},{"type":"Feature","id":"way/1425041345","properties":{"building":"yes","leisure":"pitch","osm_id":"way/1425041345","label":"","category":"other","kind":"pitch"},"geometry":{"type":"Polygon","coordinates":[[[118.8964207,32.0946701],[118.8967787,32.0945911],[118.8968301,32.0947585],[118.8964722,32.0948374],[118.8964207,32.0946701]]]}},{"type":"Feature","id":"way/1425041346","properties":{"building":"yes","leisure":"pitch","osm_id":"way/1425041346","label":"","category":"other","kind":"pitch"},"geometry":{"type":"Polygon","coordinates":[[[118.8963693,32.0945027],[118.8967273,32.0944237],[118.8967787,32.0945911],[118.8964207,32.0946701],[118.8963693,32.0945027]]]}},{"type":"Feature","id":"way/1425041347","properties":{"building":"yes","leisure":"pitch","osm_id":"way/1425041347","label":"","category":"other","kind":"pitch"},"geometry":{"type":"Polygon","coordinates":[[[118.8963178,32.0943353],[118.8966758,32.0942564],[118.8967273,32.0944237],[118.8963693,32.0945027],[118.8963178,32.0943353]]]}},{"type":"Feature","id":"way/1425203284","properties":{"name":"南京理工大学附属中学运动场","leisure":"pitch","osm_id":"way/1425203284","label":"南京理工大学附属中学运动场","category":"other","kind":"pitch"},"geometry":{"type":"Polygon","coordinates":[[[118.8448583,32.030274],[118.844762,32.0302548],[118.8446828,32.030226],[118.844629,32.0301708],[118.8445554,32.0301756],[118.8446573,32.0290859],[118.8451896,32.0290931],[118.8452264,32.0291675],[118.8452405,32.0291987],[118.8452547,32.0292635],[118.8452415,32.0293948],[118.8451896,32.0299137],[118.8451669,32.0301396],[118.8450905,32.0302092],[118.8450254,32.0302476],[118.8449517,32.0302764],[118.8448583,32.030274]]]}},{"type":"Feature","id":"way/1425203287","properties":{"name":"钟山融府","landuse":"residential","osm_id":"way/1425203287","label":"钟山融府","category":"residential","kind":"residential"},"geometry":{"type":"Polygon","coordinates":[[[118.8454925,32.0252387],[118.8450079,32.0246625],[118.8450079,32.0244713],[118.8445583,32.0234956],[118.8444771,32.0230684],[118.8459761,32.0230313],[118.8458165,32.0252431],[118.8454925,32.0252387]]]}},{"type":"Feature","id":"way/1425203288","properties":{"name":"康定里","landuse":"residential","osm_id":"way/1425203288","label":"康定里","category":"residential","kind":"residential"},"geometry":{"type":"Polygon","coordinates":[[[118.8440443,32.0226726],[118.8435553,32.0213388],[118.8441437,32.0211157],[118.8452327,32.0210544],[118.8459872,32.0210218],[118.8460033,32.0225694],[118.8440443,32.0226726]]]}},{"type":"Feature","id":"way/1425203309","properties":{"name":"沧波门公园","leisure":"park","osm_id":"way/1425203309","label":"沧波门公园","category":"green","kind":"park"},"geometry":{"type":"Polygon","coordinates":[[[118.8869921,32.0299807],[118.8880485,32.0312707],[118.8876553,32.0315751],[118.8865571,32.0304411],[118.8869921,32.0299807]]]}},{"type":"Feature","id":"way/1425207241","properties":{"landuse":"grass","osm_id":"way/1425207241","label":"","category":"green","kind":"grass"},"geometry":{"type":"Polygon","coordinates":[[[118.8118799,32.0802366],[118.8120279,32.0797621],[118.8125086,32.079813],[118.8124635,32.0799585],[118.8125858,32.0799712],[118.8125558,32.0800803],[118.8119936,32.080273],[118.8119357,32.0803039],[118.8119013,32.0802875],[118.8118799,32.0802366]]]}},{"type":"Feature","id":"way/1425207248","properties":{"name":"南林一村","landuse":"residential","osm_id":"way/1425207248","label":"南林一村","category":"residential","kind":"residential"},"geometry":{"type":"Polygon","coordinates":[[[118.8097453,32.0779928],[118.8090993,32.0777936],[118.8085156,32.0776409],[118.8084556,32.07779],[118.8083427,32.0780218],[118.8077709,32.077886],[118.807761,32.0777691],[118.8074059,32.0776838],[118.8068113,32.0775686],[118.8066981,32.0773527],[118.8073266,32.0775062],[118.8073436,32.0776214],[118.8075928,32.0776886],[118.8078476,32.0777365],[118.8079722,32.0771128],[118.8076947,32.0770312],[118.8074285,32.0769709],[118.8074806,32.0767311],[118.8075424,32.0764969],[118.8075814,32.0762847],[118.8075717,32.0760394],[118.8074646,32.075878],[118.8074696,32.0757903],[118.8079527,32.0758613],[118.8083766,32.0759908],[118.808628,32.0761077],[118.8090914,32.0762289],[118.8102746,32.0764753],[118.8100429,32.0773066],[118.8097453,32.0779928]]]}},{"type":"Feature","id":"way/1425258278","properties":{"name":"仙居花园","landuse":"residential","osm_id":"way/1425258278","label":"仙居花园","category":"residential","kind":"residential"},"geometry":{"type":"Polygon","coordinates":[[[118.8968837,32.0862215],[118.8968817,32.0862535],[118.8967497,32.0864996],[118.8962981,32.0871224],[118.896053,32.0875347],[118.8957284,32.0880526],[118.8951903,32.0878794],[118.8937689,32.0873208],[118.8950485,32.0851898],[118.8955136,32.085465],[118.8968647,32.0861874],[118.8968837,32.0862215]]]}},{"type":"Feature","id":"way/1425258329","properties":{"name":"南京·钟山府","landuse":"residential","osm_id":"way/1425258329","label":"南京钟山府","category":"residential","kind":"residential"},"geometry":{"type":"Polygon","coordinates":[[[118.9009044,32.09139],[118.9009114,32.091365],[118.9009374,32.091337],[118.9020954,32.0902558],[118.9025384,32.0898777],[118.9025624,32.0898617],[118.9025864,32.0898527],[118.9026104,32.0898617],[118.9026314,32.0898787],[118.9029083,32.0900327],[118.9029343,32.0900407],[118.9029623,32.0900427],[118.9029853,32.0900357],[118.9035492,32.0895706],[118.9035792,32.0895586],[118.9036202,32.0895546],[118.9036732,32.0895716],[118.9051898,32.0903716],[118.9052148,32.0903926],[118.9052198,32.0904226],[118.9051938,32.0904536],[118.9049318,32.0906757],[118.9042099,32.0912599],[118.903549,32.0918081],[118.9018692,32.0931754],[118.9017542,32.0932594],[118.9017132,32.0932604],[118.9016782,32.0932504],[118.9016392,32.0932244],[118.9016252,32.0931874],[118.9014723,32.0925993],[118.9013653,32.0923042],[118.9012233,32.0919982],[118.9011754,32.0918821],[118.9010454,32.0916311],[118.9009174,32.091444],[118.9009044,32.09139]]]}},{"type":"Feature","id":"way/1425474453","properties":{"name":"仙鹤门公园","leisure":"park","osm_id":"way/1425474453","label":"仙鹤门公园","category":"green","kind":"park"},"geometry":{"type":"Polygon","coordinates":[[[118.9001006,32.0900017],[118.9000766,32.0899477],[118.9006856,32.0893446],[118.9008436,32.0891946],[118.9013316,32.0888495],[118.9018006,32.0884994],[118.9024415,32.0887855],[118.9025035,32.0888885],[118.9028304,32.0890975],[118.9031683,32.0892746],[118.9034613,32.0894906],[118.9034473,32.0895406],[118.9029133,32.0899037],[118.9026004,32.0897907],[118.9019054,32.0903158],[118.9018304,32.0902518],[118.9014365,32.0906589],[118.9011165,32.0908879],[118.9010635,32.0908999],[118.9003875,32.0903608],[118.9001006,32.0900017]]]}},{"type":"Feature","id":"way/1442176005","properties":{"name":"83417部队","landuse":"military","osm_id":"way/1442176005","label":"部队","category":"other","kind":"military"},"geometry":{"type":"Polygon","coordinates":[[[118.8195085,32.0750842],[118.8200246,32.074669],[118.8206442,32.0741781],[118.8210814,32.073772],[118.821355,32.0734902],[118.8216124,32.0732765],[118.8218217,32.0730894],[118.8234981,32.0730121],[118.8255687,32.0727485],[118.826073,32.0724212],[118.8269313,32.073003],[118.8264485,32.073303],[118.8239969,32.0746561],[118.8245119,32.0750061],[118.8251127,32.0753334],[118.8254668,32.0755698],[118.8259764,32.0766198],[118.8255902,32.0770971],[118.825043,32.077538],[118.8247211,32.0777698],[118.8245444,32.0779944],[118.8243454,32.0778823],[118.8220768,32.0770978],[118.821801,32.0769603],[118.8214348,32.0766645],[118.8206854,32.0760523],[118.8195085,32.0750842]]]}},{"type":"Feature","id":"way/1442527081","properties":{"natural":"wood","osm_id":"way/1442527081","label":"","category":"green","kind":"wood"},"geometry":{"type":"Polygon","coordinates":[[[118.8012672,32.0992571],[118.8012056,32.0992988],[118.8011686,32.0993223],[118.8011039,32.0993302],[118.8009653,32.0993328],[118.8009591,32.0993015],[118.8009283,32.0992153],[118.800688,32.0992232],[118.8007064,32.0993537],[118.8005894,32.0993693],[118.8003891,32.0993876],[118.8004137,32.0995103],[118.8003829,32.0995337],[118.8002689,32.0995181],[118.8001149,32.0994763],[118.7999177,32.0994633],[118.7998961,32.0995677],[118.8000902,32.0995912],[118.8002073,32.0996251],[118.8002997,32.0997478],[118.8003675,32.0997869],[118.8003891,32.0998574],[118.7993261,32.0996251],[118.7990119,32.0995129],[118.7986853,32.0993719],[118.7983402,32.099184],[118.7979705,32.0989465],[118.7979243,32.0989047],[118.7979397,32.0988264],[118.7972367,32.0981428],[118.7974191,32.0980791],[118.7980735,32.0982405],[118.799082,32.0985927],[118.79931,32.0982087],[118.7989023,32.098011],[118.7990445,32.0976656],[118.798901,32.0974575],[118.7981825,32.0972913],[118.7981862,32.096759],[118.7978958,32.0967258],[118.7977731,32.0970264],[118.7975846,32.0970424],[118.7972849,32.0967948],[118.7972313,32.0962318],[118.7967727,32.096225],[118.7961772,32.0965522],[118.796109,32.0965611],[118.7960417,32.09648],[118.7959354,32.0964847],[118.7958276,32.096516],[118.795957,32.0967666],[118.7961387,32.0970824],[118.7963236,32.097346],[118.7961634,32.0974478],[118.7960802,32.0975052],[118.7956951,32.0971137],[118.7955225,32.0970694],[118.7952884,32.0969937],[118.7952562,32.0969569],[118.7953192,32.0969362],[118.7957197,32.0969206],[118.7957228,32.0968866],[118.7957132,32.0968361],[118.795692,32.0967248],[118.795732,32.0966491],[118.7957844,32.0965813],[118.795744,32.096542],[118.7957167,32.0965299],[118.7955134,32.0964397],[118.7953779,32.0963829],[118.7954222,32.0962773],[118.7953673,32.096193],[118.7952386,32.0961537],[118.7952329,32.0960436],[118.7952422,32.0959235],[118.7952668,32.0958426],[118.7954024,32.095639],[118.7953901,32.0955711],[118.7953408,32.0954954],[118.795236,32.0957173],[118.7951651,32.0957982],[118.7951343,32.0958504],[118.7950326,32.0959861],[118.7949739,32.0959603],[118.7948139,32.0958791],[118.7948878,32.095746],[118.7950326,32.0956103],[118.7950604,32.0955555],[118.7950912,32.0955242],[118.7952514,32.0954432],[118.795236,32.0953571],[118.795159,32.0953649],[118.7950881,32.0954354],[118.7950142,32.0954772],[118.7949834,32.0955189],[118.7949187,32.0955346],[118.7948416,32.0955424],[118.794629,32.0955503],[118.7944996,32.0955268],[118.7943838,32.095423],[118.7943291,32.0953503],[118.7943641,32.0950909],[118.7943671,32.0950334],[118.7943579,32.0949891],[118.7942932,32.0949865],[118.7942408,32.0951457],[118.7942223,32.0951796],[118.7941515,32.095177],[118.7941661,32.0950332],[118.7931362,32.0948281],[118.7929868,32.0947228],[118.7928574,32.0944957],[118.7927249,32.0943705],[118.7924076,32.0941173],[118.7913496,32.0940748],[118.791246,32.0938876],[118.791129,32.0935065],[118.7910858,32.0933838],[118.7911937,32.0933629],[118.7911752,32.0932402],[118.7915018,32.0931567],[118.7914155,32.0928043],[118.7913908,32.0927704],[118.791434,32.092666],[118.7920101,32.0924989],[118.7924785,32.0923058],[118.7929499,32.0920709],[118.793147,32.0919508],[118.79307,32.0918934],[118.792916,32.0916454],[118.792802,32.0914757],[118.7928003,32.0913829],[118.7940436,32.0908205],[118.7941022,32.0908101],[118.7943764,32.0912826],[118.7944318,32.0913217],[118.7944854,32.0914362],[118.7945027,32.0914731],[118.7944688,32.0915801],[118.7944134,32.0916767],[118.7943425,32.0918646],[118.7944349,32.0921596],[118.7944842,32.0922431],[118.7946722,32.0924311],[118.7955344,32.0926934],[118.7960494,32.0927991],[118.7963174,32.0927626],[118.7964414,32.0927205],[118.7973414,32.0924447],[118.7975745,32.0924076],[118.7977162,32.0923919],[118.7978734,32.0922979],[118.7979843,32.0922249],[118.7981815,32.0920839],[118.7985666,32.0924154],[118.7991212,32.0919012],[118.7990811,32.0917968],[118.7989826,32.0916819],[118.7988223,32.0915358],[118.798733,32.0914522],[118.7986899,32.0913452],[118.7986991,32.0912042],[118.7987823,32.0910215],[118.7987576,32.0909484],[118.7985635,32.0908179],[118.7984341,32.0906691],[118.7983417,32.0905177],[118.7982616,32.090489],[118.798126,32.0905621],[118.7980274,32.0907031],[118.7979689,32.0907083],[118.7979103,32.0906796],[118.7979103,32.0906195],[118.7979843,32.090523],[118.7980089,32.0904551],[118.7979874,32.0902933],[118.7979442,32.0900818],[118.7978426,32.0899748],[118.7977378,32.0899931],[118.7976084,32.0901314],[118.797097,32.0897033],[118.7972541,32.0895206],[118.7980644,32.0881789],[118.7981414,32.088158],[118.7985666,32.0883903],[118.7986498,32.0882859],[118.7987607,32.0881972],[118.7989764,32.088299],[118.7993184,32.0884504],[118.7995864,32.0886253],[118.7996881,32.0886174],[118.799799,32.0886696],[118.7998545,32.0887819],[118.7998945,32.0888289],[118.8000732,32.0888915],[118.8002674,32.0889333],[118.8003382,32.0889646],[118.8005518,32.0895874],[118.8005539,32.0897216],[118.8011054,32.0910529],[118.801509,32.0920217],[118.8021595,32.0933654],[118.8020513,32.0934047],[118.8019619,32.0934412],[118.8019558,32.0934934],[118.8019465,32.0937806],[118.8019228,32.0939167],[118.801657,32.0943585],[118.8014747,32.094723],[118.8015706,32.0947202],[118.8016631,32.0947515],[118.8017647,32.094822],[118.8017339,32.0956338],[118.8016816,32.0957538],[118.8015213,32.0958269],[118.8014655,32.0960725],[118.8011022,32.0960804],[118.8010693,32.097177],[118.80131,32.097228],[118.8013519,32.0972834],[118.8014998,32.0974426],[118.8015106,32.0974719],[118.8015121,32.0977793],[118.8014845,32.097852],[118.8008959,32.0978759],[118.8008528,32.0979542],[118.801016,32.0983431],[118.8010315,32.0985284],[118.800939,32.0988051],[118.8011393,32.0988912],[118.8013118,32.0990269],[118.8013118,32.099147],[118.8012903,32.0992018],[118.8012672,32.0992571]]]}},{"type":"Feature","id":"way/1443057331","properties":{"name:en":"Nanjing Xuanwu Secondary Vocational School (Yinghua Road Campus)","amenity":"school","osm_id":"way/1443057331","label":"","category":"civic","kind":"school"},"geometry":{"type":"Polygon","coordinates":[[[118.8241741,32.0887672],[118.8244101,32.0881491],[118.8252068,32.0878741],[118.8256198,32.0879354],[118.8256118,32.0881332],[118.8256949,32.088474],[118.825931,32.0887444],[118.8261455,32.0888717],[118.8262796,32.0888967],[118.8262045,32.0892444],[118.8258022,32.0892989],[118.8246703,32.0890035],[118.8247079,32.0889126],[118.8241741,32.0887672]]]}},{"type":"Feature","id":"way/1443057332","properties":{"name":"樱铁村","landuse":"residential","osm_id":"way/1443057332","label":"樱铁村","category":"residential","kind":"residential"},"geometry":{"type":"Polygon","coordinates":[[[118.8205129,32.0888467],[118.8211191,32.0873287],[118.8214015,32.086773],[118.8223743,32.0872242],[118.8238871,32.0876423],[118.8246918,32.0877832],[118.8246287,32.0879991],[118.824382,32.0881138],[118.8241848,32.088641],[118.8237423,32.0897011],[118.8205129,32.0888467]]]}},{"type":"Feature","id":"way/1443057333","properties":{"name":"樱海公寓","landuse":"residential","osm_id":"way/1443057333","label":"樱海公寓","category":"residential","kind":"residential"},"geometry":{"type":"Polygon","coordinates":[[[118.8261643,32.0888422],[118.825947,32.0887194],[118.8257217,32.0884513],[118.825644,32.0881195],[118.8256761,32.0879468],[118.8273686,32.08814],[118.8273472,32.0884308],[118.8273928,32.0886308],[118.8270414,32.0886876],[118.8268751,32.0889512],[118.8267638,32.0890851],[118.8266498,32.089133],[118.8264862,32.0892466],[118.8262367,32.0892148],[118.8263145,32.0888649],[118.8261643,32.0888422]]]}},{"type":"Feature","id":"way/1443057337","properties":{"name":"龙悦山庄","landuse":"residential","osm_id":"way/1443057337","label":"龙悦山庄","category":"residential","kind":"residential"},"geometry":{"type":"Polygon","coordinates":[[[118.8363996,32.0910495],[118.8358732,32.0910002],[118.8358008,32.0909358],[118.8359027,32.089838],[118.8359636,32.089614],[118.8361157,32.0894102],[118.8365944,32.0894711],[118.836908,32.0896355],[118.8367269,32.0899444],[118.8366151,32.0905716],[118.837139,32.0907505],[118.8372122,32.0908344],[118.836948,32.0912101],[118.8368461,32.0912342],[118.8363996,32.0910495]]]}},{"type":"Feature","id":"way/1446669216","properties":{"name":"樱之歌广场","leisure":"park","osm_id":"way/1446669216","label":"樱之歌广场","category":"green","kind":"park"},"geometry":{"type":"Polygon","coordinates":[[[118.8252819,32.0857402],[118.8253784,32.0855175],[118.825593,32.0853107],[118.8262495,32.0847608],[118.8265888,32.0857198],[118.8261898,32.0858164],[118.825884,32.0858311],[118.825589,32.0858164],[118.8252819,32.0857402]]]}},{"type":"Feature","id":"way/1446669228","properties":{"leisure":"pitch","osm_id":"way/1446669228","label":"","category":"other","kind":"pitch"},"geometry":{"type":"Polygon","coordinates":[[[118.825567,32.0869182],[118.8255675,32.0871753],[118.8255598,32.087205],[118.8255443,32.0872324],[118.8255219,32.0872561],[118.8254937,32.0872749],[118.8254611,32.0872878],[118.825426,32.087294],[118.8253865,32.0872929],[118.8253485,32.0872834],[118.8253146,32.0872662],[118.8252868,32.0872423],[118.825267,32.0872133],[118.8252564,32.087181],[118.8252545,32.0869147],[118.8252577,32.0868787],[118.8252696,32.0868494],[118.8252892,32.0868231],[118.8253155,32.0868014],[118.825347,32.0867856],[118.8253821,32.0867763],[118.8254186,32.0867742],[118.8254596,32.0867806],[118.8254972,32.086796],[118.8255286,32.0868192],[118.8255517,32.0868486],[118.8255648,32.0868822],[118.825567,32.0869182]]]}},{"type":"Feature","id":"way/1446669240","properties":{"leisure":"pitch","osm_id":"way/1446669240","label":"","category":"other","kind":"pitch"},"geometry":{"type":"Polygon","coordinates":[[[118.8250552,32.088641],[118.8246133,32.0885248],[118.8245684,32.0885138],[118.8245309,32.0884954],[118.8244996,32.0884701],[118.824476,32.0884394],[118.8244615,32.0884048],[118.8244569,32.0883684],[118.8244624,32.088332],[118.824477,32.088299],[118.8244999,32.0882696],[118.8245299,32.0882453],[118.8245657,32.0882273],[118.8246052,32.0882165],[118.8246466,32.0882135],[118.8246877,32.0882184],[118.8247312,32.088233],[118.8251719,32.0883479],[118.8252059,32.0883683],[118.8252337,32.0883947],[118.8252538,32.0884256],[118.8252653,32.0884596],[118.8252675,32.0884949],[118.8252604,32.0885297],[118.825243,32.0885641],[118.8252165,32.0885941],[118.8251824,32.0886179],[118.8251426,32.0886342],[118.8250994,32.0886421],[118.8250552,32.088641]]]}},{"type":"Feature","id":"way/1446678872","properties":{"name":"南京市第十三中学（红山新城校区）","amenity":"school","osm_id":"way/1446678872","label":"南京市第十三中学红山新城校区","category":"civic","kind":"school"},"geometry":{"type":"Polygon","coordinates":[[[118.8093361,32.0906101],[118.8092825,32.0905896],[118.8092288,32.0905283],[118.8092235,32.0891308],[118.809261,32.0890785],[118.8093334,32.0890376],[118.8111815,32.0889353],[118.8114417,32.0900852],[118.8109052,32.0900874],[118.8109079,32.0906351],[118.8093817,32.0906215],[118.8093361,32.0906101]]]}},{"type":"Feature","id":"way/1446678875","properties":{"landuse":"residential","osm_id":"way/1446678875","label":"","category":"residential","kind":"residential"},"geometry":{"type":"Polygon","coordinates":[[[118.8158391,32.0965886],[118.8157761,32.0965363],[118.8157278,32.0964681],[118.8157707,32.0956047],[118.815819,32.0955456],[118.8158941,32.0954911],[118.8186246,32.095591],[118.8186997,32.095641],[118.8187426,32.0957228],[118.8187212,32.0966726],[118.818689,32.0967363],[118.81863,32.0967817],[118.8159209,32.0966272],[118.8158391,32.0965886]]]}},{"type":"Feature","id":"way/1453818508","properties":{"leisure":"park","osm_id":"way/1453818508","label":"","category":"green","kind":"park"},"geometry":{"type":"Polygon","coordinates":[[[118.8117328,32.0489984],[118.8117027,32.0489511],[118.8121389,32.0487143],[118.812242,32.0486378],[118.8124161,32.0484739],[118.8125085,32.0482955],[118.81256,32.0481498],[118.8125557,32.047995],[118.8125343,32.0476526],[118.8127427,32.0476325],[118.8127642,32.0480714],[118.8132132,32.0480514],[118.8132605,32.0483209],[118.8117328,32.0489984]]]}},{"type":"Feature","id":"way/1467945234","properties":{"name":"西家大塘","landuse":"residential","osm_id":"way/1467945234","label":"西家大塘","category":"residential","kind":"residential"},"geometry":{"type":"Polygon","coordinates":[[[118.7859444,32.0645441],[118.7861261,32.064253],[118.7858568,32.0642577],[118.7858125,32.0641191],[118.7864364,32.0639987],[118.7864285,32.0642142],[118.7867515,32.0642088],[118.7867855,32.0641004],[118.7879685,32.0641312],[118.7879551,32.0643012],[118.7875618,32.0643012],[118.7875436,32.0646505],[118.7879748,32.0649521],[118.7879542,32.0651442],[118.7884289,32.0658195],[118.7886279,32.0659252],[118.7886002,32.0660644],[118.7876612,32.0667725],[118.7876062,32.0667016],[118.7872491,32.0662484],[118.787732,32.0658746],[118.7878137,32.0658],[118.7869798,32.0651281],[118.7859444,32.0645441]]]}},{"type":"Feature","id":"way/1467945808","properties":{"name":"鸡鸣山庄","landuse":"residential","osm_id":"way/1467945808","label":"鸡鸣山庄","category":"residential","kind":"residential"},"geometry":{"type":"Polygon","coordinates":[[[118.7864364,32.0639987],[118.7858125,32.0641191],[118.785759,32.0640407],[118.7854984,32.0641752],[118.7854021,32.064038],[118.7857101,32.0638446],[118.7855711,32.0635615],[118.7858747,32.063546],[118.7865291,32.0635551],[118.786619,32.0634617],[118.7868994,32.0634544],[118.7868994,32.0634959],[118.7873701,32.0634825],[118.7873843,32.0632548],[118.78822,32.0632533],[118.7885357,32.0635414],[118.7885025,32.0638024],[118.7882925,32.0637783],[118.7882721,32.0640252],[118.7880359,32.0640179],[118.7879685,32.0641312],[118.7867855,32.0641004],[118.7867515,32.0642088],[118.7864285,32.0642142],[118.7864364,32.0639987]]]}},{"type":"Feature","id":"way/1467945903","properties":{"name":"峨眉新村","landuse":"residential","osm_id":"way/1467945903","label":"峨眉新村","category":"residential","kind":"residential"},"geometry":{"type":"Polygon","coordinates":[[[118.7854021,32.064038],[118.7847508,32.064275],[118.7839328,32.0636551],[118.7842186,32.0635176],[118.7847502,32.0629814],[118.7855895,32.0633911],[118.7855711,32.0635615],[118.7857101,32.0638446],[118.7854021,32.064038]]]}},{"type":"Feature","id":"way/1467946585","properties":{"name":"台城花园","landuse":"residential","osm_id":"way/1467946585","label":"台城花园","category":"residential","kind":"residential"},"geometry":{"type":"Polygon","coordinates":[[[118.7886002,32.0660644],[118.7886279,32.0659252],[118.7884289,32.0658195],[118.7879542,32.0651442],[118.7879748,32.0649521],[118.7875436,32.0646505],[118.7875618,32.0643012],[118.7879551,32.0643012],[118.7879685,32.0641312],[118.7880359,32.0640179],[118.7882721,32.0640252],[118.7882925,32.0637783],[118.7885025,32.0638024],[118.7885357,32.0635414],[118.7886808,32.0634619],[118.7895479,32.0640214],[118.789798,32.0641147],[118.7910236,32.0641548],[118.7913925,32.0641677],[118.7913867,32.0642998],[118.7911871,32.0644851],[118.7893736,32.0661967],[118.7886049,32.0661954],[118.7886002,32.0660644]]]}},{"type":"Feature","id":"way/1467947154","properties":{"name":"北极西村","landuse":"residential","osm_id":"way/1467947154","label":"北极西村","category":"residential","kind":"residential"},"geometry":{"type":"Polygon","coordinates":[[[118.7839328,32.0636551],[118.783568,32.0632824],[118.7832461,32.0628278],[118.7829779,32.062164],[118.7830876,32.0621464],[118.7847502,32.0629814],[118.7842186,32.0635176],[118.7839328,32.0636551]]]}},{"type":"Feature","id":"way/1467948579","properties":{"name":"南京玄武外国语学校附属小学","amenity":"school","osm_id":"way/1467948579","label":"南京玄武外国语学校附属小学","category":"civic","kind":"school"},"geometry":{"type":"Polygon","coordinates":[[[118.7828484,32.0676248],[118.7824256,32.067327],[118.7830344,32.0667064],[118.7834571,32.0670041],[118.7828484,32.0676248]]]}},{"type":"Feature","id":"way/1467949311","properties":{"name":"江苏省肿瘤医院","amenity":"hospital","osm_id":"way/1467949311","label":"江苏省肿瘤医院","category":"civic","kind":"hospital"},"geometry":{"type":"Polygon","coordinates":[[[118.7807287,32.0715719],[118.7807495,32.0713461],[118.7800356,32.0712898],[118.780098,32.0701931],[118.780161,32.069846],[118.7811656,32.0699379],[118.7811776,32.0698407],[118.7816764,32.0698871],[118.781707,32.0697831],[118.7819507,32.0698217],[118.7823346,32.0698759],[118.7821196,32.0708887],[118.7819984,32.0714597],[118.7819064,32.071686],[118.7811982,32.0716212],[118.7807287,32.0715719]]]}},{"type":"Feature","id":"way/1475083319","properties":{"name":"东部战区拜双岗营地","landuse":"military","osm_id":"way/1475083319","label":"东部战区拜双岗营地","category":"other","kind":"military"},"geometry":{"type":"Polygon","coordinates":[[[118.8666929,32.0268662],[118.8672832,32.0277309],[118.8682396,32.0292893],[118.8675447,32.0295426],[118.8668984,32.0297042],[118.8659607,32.029853],[118.8657701,32.0306005],[118.8656468,32.0307842],[118.8657141,32.0314113],[118.8649258,32.0315728],[118.864059,32.0316584],[118.8632932,32.0316932],[118.8635435,32.0312213],[118.8634445,32.0305467],[118.8628822,32.0306163],[118.8628669,32.0301602],[118.8628474,32.0293358],[118.8633808,32.0293303],[118.8634719,32.0281308],[118.863345,32.0281336],[118.863345,32.027902],[118.8627661,32.027913],[118.8627726,32.0265509],[118.8627791,32.0264323],[118.8633678,32.0264654],[118.8636117,32.0249571],[118.8640645,32.0250067],[118.864412,32.0251239],[118.8655683,32.025664],[118.866054,32.0258952],[118.8666929,32.0268662]]]}},{"type":"Feature","id":"way/1481273715","properties":{"landuse":"residential","osm_id":"way/1481273715","label":"","category":"residential","kind":"residential"},"geometry":{"type":"Polygon","coordinates":[[[118.8053465,32.07342],[118.8055585,32.0730092],[118.805949,32.0722526],[118.8072239,32.0726879],[118.8066261,32.0739067],[118.8053465,32.07342]]]}},{"type":"Feature","id":"way/1508342909","properties":{"leisure":"pitch","osm_id":"way/1508342909","label":"","category":"other","kind":"pitch"},"geometry":{"type":"Polygon","coordinates":[[[118.8506971,32.0383904],[118.8510262,32.0383029],[118.8511885,32.0387418],[118.8508594,32.0388292],[118.8506971,32.0383904]]]}},{"type":"Feature","id":"way/1508342910","properties":{"leisure":"pitch","osm_id":"way/1508342910","label":"","category":"other","kind":"pitch"},"geometry":{"type":"Polygon","coordinates":[[[118.8487056,32.0397989],[118.8485379,32.0393791],[118.8492353,32.039179],[118.849403,32.0395989],[118.8487056,32.0397989]]]}},{"type":"Feature","id":"way/1511284289","properties":{"landuse":"grass","osm_id":"way/1511284289","label":"","category":"green","kind":"grass"},"geometry":{"type":"Polygon","coordinates":[[[118.7954358,32.0878976],[118.7954107,32.0878795],[118.7953982,32.0878567],[118.7953964,32.0878219],[118.7955288,32.0877098],[118.7965379,32.0869872],[118.7971217,32.0865949],[118.7974552,32.0864078],[118.7996266,32.0852521],[118.8007457,32.0847619],[118.8020155,32.0843555],[118.8028094,32.0842282],[118.8033792,32.0841698],[118.8037712,32.0841568],[118.8039491,32.0841642],[118.803948,32.0843028],[118.8038968,32.0844879],[118.8037318,32.0845035],[118.8032711,32.0845816],[118.8027875,32.0847021],[118.8023664,32.0848301],[118.8017927,32.0850664],[118.801337,32.0852745],[118.8006395,32.0855953],[118.7988609,32.0864425],[118.7978132,32.0869382],[118.7974536,32.0870943],[118.7969767,32.0873041],[118.7961718,32.087621],[118.7954358,32.0878976]]]}},{"type":"Feature","id":"way/1517447679","properties":{"landuse":"grass","osm_id":"way/1517447679","label":"","category":"green","kind":"grass"},"geometry":{"type":"Polygon","coordinates":[[[118.8198301,32.0427721],[118.8200262,32.0427533],[118.8200144,32.0426645],[118.8202533,32.0426416],[118.8202815,32.0428536],[118.8202007,32.0428613],[118.8202095,32.0429268],[118.820159,32.0429316],[118.8201748,32.0430505],[118.819871,32.0430796],[118.8198301,32.0427721]]]}},{"type":"Feature","id":"way/1517447680","properties":{"landuse":"grass","osm_id":"way/1517447680","label":"","category":"green","kind":"grass"},"geometry":{"type":"Polygon","coordinates":[[[118.8200188,32.0425521],[118.8200122,32.0424832],[118.8198182,32.0424999],[118.8197619,32.0419798],[118.8201866,32.0419409],[118.8202416,32.0425299],[118.8200188,32.0425521]]]}},{"type":"Feature","id":"way/1517447681","properties":{"landuse":"grass","osm_id":"way/1517447681","label":"","category":"green","kind":"grass"},"geometry":{"type":"Polygon","coordinates":[[[118.8206321,32.0428203],[118.820506,32.0416678],[118.8206393,32.0416573],[118.8206096,32.0413857],[118.8206687,32.041381],[118.8208317,32.0428749],[118.8207178,32.0428838],[118.8207102,32.0428142],[118.8206321,32.0428203]]]}},{"type":"Feature","id":"way/1517447682","properties":{"landuse":"grass","osm_id":"way/1517447682","label":"","category":"green","kind":"grass"},"geometry":{"type":"Polygon","coordinates":[[[118.8204086,32.0415826],[118.8203904,32.0413966],[118.8205093,32.0413882],[118.8205275,32.0415742],[118.8204086,32.0415826]]]}},{"type":"Feature","id":"way/1517447683","properties":{"landuse":"grass","osm_id":"way/1517447683","label":"","category":"green","kind":"grass"},"geometry":{"type":"Polygon","coordinates":[[[118.8198061,32.0416353],[118.8197848,32.0414422],[118.8201874,32.0414103],[118.8202087,32.0416034],[118.8198061,32.0416353]]]}}]}