{"type":"FeatureCollection","metadata":{"source":"OpenStreetMap","attribution":"© OpenStreetMap contributors","license":"ODbL 1.0","licenseUrl":"https://opendatacommons.org/licenses/odbl/1-0/","snapshotAt":"2026-09-11T23:34:33Z","scope":"Xuanwu District area query; complete intersecting objects; not a cadastral survey"},"features":[{"type":"Feature","id":"relation/1929259","properties":{"name":"南京理工大学附属中学","amenity":"school","osm_id":"relation/1929259","label":"南京理工大学附属中学","category":"education","original_geometry":"Polygon"},"geometry":{"type":"Point","coordinates":[118.8445422,32.03001895]}},{"type":"Feature","id":"relation/2138994","properties":{"name":"玄武湖","name:en":"Xuanwu Lake","natural":"water","source":"landsat","osm_id":"relation/2138994","label":"玄武湖","category":"nature","original_geometry":"Polygon"},"geometry":{"type":"Point","coordinates":[118.79518815,32.0744744]}},{"type":"Feature","id":"relation/2196059","properties":{"name":"南京理工大学","name:en":"Nanjing University of Science and Technology","amenity":"university","source":"bing","osm_id":"relation/2196059","label":"南京理工大学","category":"education","original_geometry":"MultiPolygon"},"geometry":{"type":"Point","coordinates":[118.85199375,32.0300366]}},{"type":"Feature","id":"relation/6989378","properties":{"name":"四牌楼图书馆","building":"yes","amenity":"library","osm_id":"relation/6989378","label":"四牌楼图书馆","category":"education","original_geometry":"Polygon"},"geometry":{"type":"Point","coordinates":[118.78821214999999,32.05650815]}},{"type":"Feature","id":"relation/13449047","properties":{"name":"麒麟生态中央公园","leisure":"park","osm_id":"relation/13449047","label":"麒麟生态中央公园","category":"nature","original_geometry":"MultiPolygon"},"geometry":{"type":"Point","coordinates":[118.88629985,32.023394800000005]}},{"type":"Feature","id":"relation/14416173","properties":{"name":"南京外国语学校（大行宫校区）","amenity":"school","osm_id":"relation/14416173","label":"南京外国语学校大行宫校区","category":"education","original_geometry":"Polygon"},"geometry":{"type":"Point","coordinates":[118.78943925,32.046328599999995]}},{"type":"Feature","id":"relation/16272607","properties":{"name":"东南大学(四牌楼校区)","name:en":"Southeast University (Sipailou Campus)","amenity":"university","osm_id":"relation/16272607","label":"东南大学四牌楼校区","category":"education","original_geometry":"MultiPolygon"},"geometry":{"type":"Point","coordinates":[118.78890275,32.0568412]}},{"type":"Feature","id":"relation/18303735","properties":{"name":"中山陵","name:en":"Sun Yat-Sen Mausoleum","historic":"tomb","osm_id":"relation/18303735","label":"中山陵","category":"culture","original_geometry":"Polygon"},"geometry":{"type":"Point","coordinates":[118.8484339,32.0614329]}},{"type":"Feature","id":"relation/19719753","properties":{"name":"北门湖","natural":"water","osm_id":"relation/19719753","label":"北门湖","category":"nature","original_geometry":"Polygon"},"geometry":{"type":"Point","coordinates":[118.7948017,32.0951074]}},{"type":"Feature","id":"relation/20769981","properties":{"name":"新街口地下商业中心","name:en":"Xinjiekou Underground Commercial Center","building":"no","landuse":"commercial","tourism":"attraction","layer":"-1","source":"survey;official_records","osm_id":"relation/20769981","label":"新街口地下商业中心","category":"culture","original_geometry":"MultiPolygon"},"geometry":{"type":"Point","coordinates":[118.7784542,32.04253145]}},{"type":"Feature","id":"way/62344632","properties":{"name":"红山森林动物园","tourism":"zoo","osm_id":"way/62344632","label":"红山森林动物园","category":"culture","original_geometry":"Polygon"},"geometry":{"type":"Point","coordinates":[118.79667660000001,32.093952900000005]}},{"type":"Feature","id":"way/62353727","properties":{"name":"总统府","name:en":"Presidential Palace","tourism":"museum","historic":"heritage","osm_id":"way/62353727","label":"总统府","category":"culture","original_geometry":"Polygon"},"geometry":{"type":"Point","coordinates":[118.79225685,32.04622025]}},{"type":"Feature","id":"way/62354287","properties":{"name":"玄武湖公园","name:en":"Xuanwu Lake Park","leisure":"park","source":"bing","osm_id":"way/62354287","label":"玄武湖公园","category":"nature","original_geometry":"Polygon"},"geometry":{"type":"Point","coordinates":[118.7950605,32.07491565]}},{"type":"Feature","id":"way/62700582","properties":{"name":"琵琶湖","natural":"water","osm_id":"way/62700582","label":"琵琶湖","category":"nature","original_geometry":"Polygon"},"geometry":{"type":"Point","coordinates":[118.8174454,32.055597649999996]}},{"type":"Feature","id":"way/62700589","properties":{"name":"前湖","natural":"water","osm_id":"way/62700589","label":"前湖","category":"nature","original_geometry":"Polygon"},"geometry":{"type":"Point","coordinates":[118.8256473,32.0502975]}},{"type":"Feature","id":"way/89782443","properties":{"name":"白马湖","natural":"water","osm_id":"way/89782443","label":"白马湖","category":"nature","original_geometry":"Polygon"},"geometry":{"type":"Point","coordinates":[118.81005625,32.06248575]}},{"type":"Feature","id":"way/89931653","properties":{"name":"上黄马水库（留云湖）","natural":"water","osm_id":"way/89931653","label":"上黄马水库留云湖","category":"nature","original_geometry":"Polygon"},"geometry":{"type":"Point","coordinates":[118.86752165,32.0784751]}},{"type":"Feature","id":"way/89931656","properties":{"name":"下黄马水库","natural":"water","osm_id":"way/89931656","label":"下黄马水库","category":"nature","original_geometry":"Polygon"},"geometry":{"type":"Point","coordinates":[118.87228105,32.0757599]}},{"type":"Feature","id":"way/89931663","properties":{"name":"军民友谊水库","natural":"water","osm_id":"way/89931663","label":"军民友谊水库","category":"nature","original_geometry":"Polygon"},"geometry":{"type":"Point","coordinates":[118.85659820000001,32.08479845]}},{"type":"Feature","id":"way/91198730","properties":{"name":"南京林业大学","name:en":"Nanjing Forestry University","amenity":"university","osm_id":"way/91198730","label":"南京林业大学","category":"education","original_geometry":"Polygon"},"geometry":{"type":"Point","coordinates":[118.81172104999999,32.08106545]}},{"type":"Feature","id":"way/91203399","properties":{"name":"南京国际会议展览中心","name:en":"Nanjing International Convention and Exhibition Center","building":"yes","amenity":"conference_centre","osm_id":"way/91203399","label":"南京国际会议展览中心","category":"service","original_geometry":"Polygon"},"geometry":{"type":"Point","coordinates":[118.8038255,32.0766392]}},{"type":"Feature","id":"way/91828656","properties":{"name":"九华山公园","name:en":"Jiuhuashan Park","leisure":"park","osm_id":"way/91828656","label":"九华山公园","category":"nature","original_geometry":"Polygon"},"geometry":{"type":"Point","coordinates":[118.80237565,32.06162755]}},{"type":"Feature","id":"way/92361437","properties":{"name":"白马公园","name:en":"Pegasus Park","leisure":"park","osm_id":"way/92361437","label":"白马公园","category":"nature","original_geometry":"Polygon"},"geometry":{"type":"Point","coordinates":[118.81148239999999,32.06343655]}},{"type":"Feature","id":"way/94327966","properties":{"name":"南京图书馆","name:en":"Nanjing Library","building":"yes","amenity":"library","layer":"1","osm_id":"way/94327966","label":"南京图书馆","category":"education","original_geometry":"Polygon"},"geometry":{"type":"Point","coordinates":[118.7904824,32.04410935]}},{"type":"Feature","id":"way/95045341","properties":{"name":"南京市第十三中学","amenity":"school","osm_id":"way/95045341","label":"南京市第十三中学","category":"education","original_geometry":"Polygon"},"geometry":{"type":"Point","coordinates":[118.78630665,32.065885300000005]}},{"type":"Feature","id":"way/95763694","properties":{"name":"燕雀湖","natural":"water","osm_id":"way/95763694","label":"燕雀湖","category":"nature","original_geometry":"Polygon"},"geometry":{"type":"Point","coordinates":[118.82855415,32.0464946]}},{"type":"Feature","id":"way/95921003","properties":{"name":"沧池松影","natural":"water","osm_id":"way/95921003","label":"沧池松影","category":"nature","original_geometry":"Polygon"},"geometry":{"type":"Point","coordinates":[118.86110959999999,32.0538536]}},{"type":"Feature","id":"way/133117876","properties":{"name":"时间广场","name:en":"Time Square","leisure":"park","source":"bing,Survey","osm_id":"way/133117876","label":"时间广场","category":"nature","original_geometry":"Polygon"},"geometry":{"type":"Point","coordinates":[118.85196160000001,32.032784500000005]}},{"type":"Feature","id":"way/137078642","properties":{"name":"南京理工大学实验小学","amenity":"school","source":"bing","osm_id":"way/137078642","label":"南京理工大学实验小学","category":"education","original_geometry":"Polygon"},"geometry":{"type":"Point","coordinates":[118.8445221,32.03197735]}},{"type":"Feature","id":"way/137388563","properties":{"name":"南京理工大学医院","amenity":"hospital","source":"bing","osm_id":"way/137388563","label":"南京理工大学医院","category":"health","original_geometry":"Polygon"},"geometry":{"type":"Point","coordinates":[118.846399,32.032995299999996]}},{"type":"Feature","id":"way/137775972","properties":{"name":"中国工商银行","name:en":"Industrial and Commercial Bank of China","building":"yes","amenity":"bank","source":"bing","osm_id":"way/137775972","label":"中国工商银行","category":"service","original_geometry":"Polygon"},"geometry":{"type":"Point","coordinates":[118.84798895,32.0344987]}},{"type":"Feature","id":"way/138883122","properties":{"name":"南京理工大学图书馆","name:en":"NJUST Library","building":"yes","amenity":"library","source":"bing","osm_id":"way/138883122","label":"南京理工大学图书馆","category":"education","original_geometry":"Polygon"},"geometry":{"type":"Point","coordinates":[118.85019835,32.03002405]}},{"type":"Feature","id":"way/140266045","properties":{"name":"中山陵停车场","name:en":"Sun Yat-sen Mausoleum Parking Lot","amenity":"parking","source":"bing","osm_id":"way/140266045","label":"中山陵停车场","category":"service","original_geometry":"Polygon"},"geometry":{"type":"Point","coordinates":[118.84608075,32.05029785]}},{"type":"Feature","id":"way/140809500","properties":{"name":"南京市规划建设展览馆","building":"yes","amenity":"public_building","source":"bing","osm_id":"way/140809500","label":"南京市规划建设展览馆","category":"service","original_geometry":"Polygon"},"geometry":{"type":"Point","coordinates":[118.7803792,32.07299725]}},{"type":"Feature","id":"way/140809506","properties":{"name":"大钟亭公园","leisure":"park","source":"bing","osm_id":"way/140809506","label":"大钟亭公园","category":"nature","original_geometry":"Polygon"},"geometry":{"type":"Point","coordinates":[118.77948375,32.06249975]}},{"type":"Feature","id":"way/141166721","properties":{"name":"南京站·南广场东","amenity":"bus_station","osm_id":"way/141166721","label":"南京站南广场东","category":"transport","original_geometry":"Polygon"},"geometry":{"type":"Point","coordinates":[118.7932501,32.08663325]}},{"type":"Feature","id":"way/141166722","properties":{"name":"南京站·南广场西","name:en":"Nanjing Railway Station(West)","amenity":"bus_station","source":"bing","osm_id":"way/141166722","label":"南京站南广场西","category":"transport","original_geometry":"Polygon"},"geometry":{"type":"Point","coordinates":[118.7891362,32.088794]}},{"type":"Feature","id":"way/141915419","properties":{"name":"中山陵音乐台","amenity":"theatre","tourism":"attraction","source":"bing","osm_id":"way/141915419","label":"中山陵音乐台","category":"culture","original_geometry":"Polygon"},"geometry":{"type":"Point","coordinates":[118.8502518,32.05731525]}},{"type":"Feature","id":"way/142560608","properties":{"name":"如家快捷酒店 月牙湖银城东苑店","name:en":"Home Inn","building":"yes","tourism":"hotel","source":"bing","osm_id":"way/142560608","label":"如家快捷酒店月牙湖银城东苑店","category":"culture","original_geometry":"Polygon"},"geometry":{"type":"Point","coordinates":[118.83931405,32.03009365]}},{"type":"Feature","id":"way/142701522","properties":{"name":"下马坊遗址公园","name:en":"Xiamafang Ruins Park","leisure":"park","source":"bing","osm_id":"way/142701522","label":"下马坊遗址公园","category":"nature","original_geometry":"Polygon"},"geometry":{"type":"Point","coordinates":[118.8414927,32.0445408]}},{"type":"Feature","id":"way/142701523","properties":{"name":"明孝陵博物馆","name:en":"Ming Xiaoling Museum","building":"yes","tourism":"museum","source":"bing","osm_id":"way/142701523","label":"明孝陵博物馆","category":"culture","original_geometry":"Polygon"},"geometry":{"type":"Point","coordinates":[118.838126,32.0471792]}},{"type":"Feature","id":"way/142701525","properties":{"name":"肯德基","name:en":"KFC","building":"yes","amenity":"fast_food","osm_id":"way/142701525","label":"肯德基","category":"service","original_geometry":"Polygon"},"geometry":{"type":"Point","coordinates":[118.85328765,32.03806455]}},{"type":"Feature","id":"way/142701539","properties":{"name":"中国石化","name:en":"Sinopec","amenity":"fuel","osm_id":"way/142701539","label":"中国石化","category":"service","original_geometry":"Polygon"},"geometry":{"type":"Point","coordinates":[118.8377456,32.041827350000005]}},{"type":"Feature","id":"way/142741649","properties":{"name":"中国工商银行","name:en":"Industrial and Commercial Bank of China","building":"yes","amenity":"bank","source":"bing","osm_id":"way/142741649","label":"中国工商银行","category":"service","original_geometry":"Polygon"},"geometry":{"type":"Point","coordinates":[118.77964145,32.044197499999996]}},{"type":"Feature","id":"way/142741650","properties":{"name":"中国银行","name:en":"Bank of China","building":"yes","amenity":"bank","source":"bing","osm_id":"way/142741650","label":"中国银行","category":"service","original_geometry":"Polygon"},"geometry":{"type":"Point","coordinates":[118.7799244,32.0441061]}},{"type":"Feature","id":"way/142742728","properties":{"name":"中央饭店","building":"yes","tourism":"hotel","layer":"1","source":"bing","osm_id":"way/142742728","label":"中央饭店","category":"culture","original_geometry":"Polygon"},"geometry":{"type":"Point","coordinates":[118.7923583,32.043543549999995]}},{"type":"Feature","id":"way/147606582","properties":{"name":"南京时光国际青年旅舍","name:en":"Nanjing Time Hostel","building":"yes","tourism":"hostel","source":"bing","osm_id":"way/147606582","label":"南京时光国际青年旅舍","category":"culture","original_geometry":"Polygon"},"geometry":{"type":"Point","coordinates":[118.79858435,32.0460889]}},{"type":"Feature","id":"way/154993943","properties":{"name":"怡园","name:en":"Yi Garden","leisure":"park","osm_id":"way/154993943","label":"怡园","category":"nature","original_geometry":"Polygon"},"geometry":{"type":"Point","coordinates":[118.84922234999999,32.03282445]}},{"type":"Feature","id":"way/155394187","properties":{"name":"王庄水库","natural":"water","osm_id":"way/155394187","label":"王庄水库","category":"nature","original_geometry":"Polygon"},"geometry":{"type":"Point","coordinates":[118.88496094999999,32.0936176]}},{"type":"Feature","id":"way/155585699","properties":{"name":"五棵松水库","natural":"water","osm_id":"way/155585699","label":"五棵松水库","category":"nature","original_geometry":"Polygon"},"geometry":{"type":"Point","coordinates":[118.87473800000001,32.05064085]}},{"type":"Feature","id":"way/155586383","properties":{"name":"南京体育学院","amenity":"college","osm_id":"way/155586383","label":"南京体育学院","category":"education","original_geometry":"Polygon"},"geometry":{"type":"Point","coordinates":[118.8619999,32.0455728]}},{"type":"Feature","id":"way/155883027","properties":{"name":"孙中山先生像","name:en":"Statue of Mr. Sun Yat Sen","height":"11.12","tourism":"artwork","historic":"memorial","osm_id":"way/155883027","label":"孙中山先生像","category":"culture","original_geometry":"Polygon"},"geometry":{"type":"Point","coordinates":[118.7788594,32.04382785]}},{"type":"Feature","id":"way/155900482","properties":{"name":"鼓楼邮政支局","building":"yes","height":"155","amenity":"post_office","osm_id":"way/155900482","label":"鼓楼邮政支局","category":"service","original_geometry":"Polygon"},"geometry":{"type":"Point","coordinates":[118.77946465,32.059834550000005]}},{"type":"Feature","id":"way/156209624","properties":{"name":"鼓楼医院","name:en":"Gulou Hospital","amenity":"hospital","osm_id":"way/156209624","label":"鼓楼医院","category":"health","original_geometry":"Polygon"},"geometry":{"type":"Point","coordinates":[118.77801965,32.058208199999996]}},{"type":"Feature","id":"way/158325440","properties":{"name":"南京理工大","amenity":"bus_station","osm_id":"way/158325440","label":"南京理工大","category":"transport","original_geometry":"Polygon"},"geometry":{"type":"Point","coordinates":[118.84989064999999,32.03747205]}},{"type":"Feature","id":"way/158894755","properties":{"name":"紫鹿宾馆","name:en":"Zilu Hotel","building":"yes","tourism":"guest_house","source":"bing","osm_id":"way/158894755","label":"紫鹿宾馆","category":"culture","original_geometry":"Polygon"},"geometry":{"type":"Point","coordinates":[118.85345685,32.03216765]}},{"type":"Feature","id":"way/159607074","properties":{"name":"长城证券","building":"yes","amenity":"bank","source":"bing","osm_id":"way/159607074","label":"长城证券","category":"service","original_geometry":"Polygon"},"geometry":{"type":"Point","coordinates":[118.83625535,32.0401051]}},{"type":"Feature","id":"way/159607075","properties":{"name":"龙宫酒店","amenity":"restaurant","source":"bing","osm_id":"way/159607075","label":"龙宫酒店","category":"service","original_geometry":"Polygon"},"geometry":{"type":"Point","coordinates":[118.8348775,32.042208]}},{"type":"Feature","id":"way/159607313","properties":{"name":"南京农业大学校医院","building":"yes","amenity":"hospital","source":"bing","osm_id":"way/159607313","label":"南京农业大学校医院","category":"health","original_geometry":"Polygon"},"geometry":{"type":"Point","coordinates":[118.84221529999999,32.03563545]}},{"type":"Feature","id":"way/159607589","properties":{"name":"银城东苑","amenity":"bus_station","source":"bing","osm_id":"way/159607589","label":"银城东苑","category":"transport","original_geometry":"Polygon"},"geometry":{"type":"Point","coordinates":[118.84090845,32.02582855]}},{"type":"Feature","id":"way/161841312","properties":{"name":"长途东站","amenity":"bus_station","source":"bing","osm_id":"way/161841312","label":"长途东站","category":"transport","original_geometry":"Polygon"},"geometry":{"type":"Point","coordinates":[118.81747295,32.0849295]}},{"type":"Feature","id":"way/161841313","properties":{"name":"南京长途汽车东站","name:en":"Nanjing East Long Distance Bus Terminal","amenity":"bus_station","source":"bing","osm_id":"way/161841313","label":"南京长途汽车东站","category":"transport","original_geometry":"Polygon"},"geometry":{"type":"Point","coordinates":[118.81665525,32.08649645]}},{"type":"Feature","id":"way/161844779","properties":{"name":"教工研究生食堂","building":"yes","amenity":"restaurant","source":"bing","osm_id":"way/161844779","label":"教工研究生食堂","category":"service","original_geometry":"Polygon"},"geometry":{"type":"Point","coordinates":[118.8481565,32.0354667]}},{"type":"Feature","id":"way/161844780","properties":{"name":"教工研究生食堂","building":"yes","amenity":"restaurant","source":"bing","osm_id":"way/161844780","label":"教工研究生食堂","category":"service","original_geometry":"Polygon"},"geometry":{"type":"Point","coordinates":[118.84860155,32.0353242]}},{"type":"Feature","id":"way/164083826","properties":{"name":"明苑美食广场","building":"yes","amenity":"food_court","source":"bing","osm_id":"way/164083826","label":"明苑美食广场","category":"service","original_geometry":"Polygon"},"geometry":{"type":"Point","coordinates":[118.84925394999999,32.02627405]}},{"type":"Feature","id":"way/164083827","properties":{"name":"二三食堂","building":"yes","amenity":"restaurant","source":"bing","osm_id":"way/164083827","label":"二三食堂","category":"service","original_geometry":"Polygon"},"geometry":{"type":"Point","coordinates":[118.84827605,32.02861475]}},{"type":"Feature","id":"way/166719565","properties":{"name":"紫霞湖","natural":"water","osm_id":"way/166719565","label":"紫霞湖","category":"nature","original_geometry":"Polygon"},"geometry":{"type":"Point","coordinates":[118.83901555,32.06222925]}},{"type":"Feature","id":"way/192105392","properties":{"name":"金鹰珠江壹号国际酒店","name:en":"Golden Eagle Summit Hotel","building":"commercial","height":"200","tourism":"hotel","osm_id":"way/192105392","label":"金鹰珠江壹号国际酒店","category":"culture","original_geometry":"Polygon"},"geometry":{"type":"Point","coordinates":[118.77980335000001,32.052916100000004]}},{"type":"Feature","id":"way/205421877","properties":{"name":"江宁织造博物馆","height":"24","building:levels":"3","tourism":"museum","osm_id":"way/205421877","label":"江宁织造博物馆","category":"culture","original_geometry":"Polygon"},"geometry":{"type":"Point","coordinates":[118.7888597,32.0443029]}},{"type":"Feature","id":"way/223942718","properties":{"name":"南京外国语学校","name:en":"Nanjing Foreign Language School","amenity":"school","osm_id":"way/223942718","label":"南京外国语学校","category":"education","original_geometry":"Polygon"},"geometry":{"type":"Point","coordinates":[118.79598770000001,32.05826485]}},{"type":"Feature","id":"way/224044684","properties":{"name":"梅花湖","natural":"water","osm_id":"way/224044684","label":"梅花湖","category":"nature","original_geometry":"Polygon"},"geometry":{"type":"Point","coordinates":[118.83082195,32.04493045]}},{"type":"Feature","id":"way/236944615","properties":{"name":"中央喷泉","natural":"water","osm_id":"way/236944615","label":"中央喷泉","category":"nature","original_geometry":"Polygon"},"geometry":{"type":"Point","coordinates":[118.78898369999999,32.05735475]}},{"type":"Feature","id":"way/236945199","properties":{"name":"吴健雄纪念馆","building":"yes","tourism":"museum","osm_id":"way/236945199","label":"吴健雄纪念馆","category":"culture","original_geometry":"Polygon"},"geometry":{"type":"Point","coordinates":[118.78823,32.057552799999996]}},{"type":"Feature","id":"way/236945298","properties":{"name":"南门","building":"yes","historic":"city_gate","layer":"-1","osm_id":"way/236945298","label":"南门","category":"culture","original_geometry":"Polygon"},"geometry":{"type":"Point","coordinates":[118.78883655,32.05546645]}},{"type":"Feature","id":"way/236950762","properties":{"name":"南京师范大学附属小学","amenity":"school","osm_id":"way/236950762","label":"南京师范大学附属小学","category":"education","original_geometry":"Polygon"},"geometry":{"type":"Point","coordinates":[118.78630765,32.056518800000006]}},{"type":"Feature","id":"way/237316233","properties":{"name":"香园餐厅","building":"yes","amenity":"restaurant","osm_id":"way/237316233","label":"香园餐厅","category":"service","original_geometry":"Polygon"},"geometry":{"type":"Point","coordinates":[118.7836832,32.05746105]}},{"type":"Feature","id":"way/237318480","properties":{"name":"东南大学校医院","building":"yes","amenity":"hospital","osm_id":"way/237318480","label":"东南大学校医院","category":"health","original_geometry":"Polygon"},"geometry":{"type":"Point","coordinates":[118.7908296,32.053958050000006]}},{"type":"Feature","id":"way/246140259","properties":{"name":"白宫大酒店","building":"yes","tourism":"hotel","osm_id":"way/246140259","label":"白宫大酒店","category":"culture","original_geometry":"Polygon"},"geometry":{"type":"Point","coordinates":[118.77949129999999,32.09371195]}},{"type":"Feature","id":"way/272579917","properties":{"name":"范鸿仙墓","leisure":"park","osm_id":"way/272579917","label":"范鸿仙墓","category":"nature","original_geometry":"Polygon"},"geometry":{"type":"Point","coordinates":[118.87700269999999,32.05535535]}},{"type":"Feature","id":"way/275865269","properties":{"name":"大院操场","leisure":"park","osm_id":"way/275865269","label":"大院操场","category":"nature","original_geometry":"Polygon"},"geometry":{"type":"Point","coordinates":[118.79781055,32.051108400000004]}},{"type":"Feature","id":"way/308848178","properties":{"name":"太阳宫","building":"retail","amenity":"community_centre","osm_id":"way/308848178","label":"太阳宫","category":"service","original_geometry":"Polygon"},"geometry":{"type":"Point","coordinates":[118.80831915,32.0665942]}},{"type":"Feature","id":"way/318198215","properties":{"name":"江苏省美术馆","building":"yes","height":"24","building:levels":"4","amenity":"arts_centre","osm_id":"way/318198215","label":"江苏省美术馆","category":"service","original_geometry":"Polygon"},"geometry":{"type":"Point","coordinates":[118.79364165,32.043562550000004]}},{"type":"Feature","id":"way/318198218","properties":{"name":"毗卢寺","name:en":"Pilu Temple","amenity":"place_of_worship","start_date":"明嘉靖年间 (1522-1566CE)","osm_id":"way/318198218","label":"毗卢寺","category":"culture","original_geometry":"Polygon"},"geometry":{"type":"Point","coordinates":[118.79824210000001,32.04497925]}},{"type":"Feature","id":"way/319055520","properties":{"name":"鸡鸣寺","name:en":"Jiming Temple","amenity":"place_of_worship","start_date":"300","osm_id":"way/319055520","label":"鸡鸣寺","category":"culture","original_geometry":"Polygon"},"geometry":{"type":"Point","coordinates":[118.79003095,32.0630502]}},{"type":"Feature","id":"way/319998727","properties":{"name":"南京博物院","name:en":"NanJing Museum","landuse":"commercial","tourism":"museum","osm_id":"way/319998727","label":"南京博物院","category":"culture","original_geometry":"Polygon"},"geometry":{"type":"Point","coordinates":[118.81934915,32.0429527]}},{"type":"Feature","id":"way/321103179","properties":{"name":"南京汽车站","name:en":"Nanjing Bus Station","building":"yes","amenity":"bus_station","layer":"1","osm_id":"way/321103179","label":"南京汽车站","category":"transport","original_geometry":"Polygon"},"geometry":{"type":"Point","coordinates":[118.79525655,32.0894921]}},{"type":"Feature","id":"way/322654943","properties":{"name":"香铺营集贸市场","amenity":"marketplace","osm_id":"way/322654943","label":"香铺营集贸市场","category":"service","original_geometry":"Polygon"},"geometry":{"type":"Point","coordinates":[118.78535405,32.04807635]}},{"type":"Feature","id":"way/333793961","properties":{"name":"国立美术陈列馆旧址","name:en":"Former National Art Gallery","building":"public","height":"24","tourism":"museum","historic":"building","start_date":"1936","osm_id":"way/333793961","label":"国立美术陈列馆旧址","category":"culture","original_geometry":"Polygon"},"geometry":{"type":"Point","coordinates":[118.7884624,32.04619945]}},{"type":"Feature","id":"way/333793962","properties":{"name":"人民大会堂","name:en":"Great Hall of the People","building":"hall","height":"30","historic":"building","start_date":"1936","osm_id":"way/333793962","label":"人民大会堂","category":"culture","original_geometry":"Polygon"},"geometry":{"type":"Point","coordinates":[118.7878916,32.046230699999995]}},{"type":"Feature","id":"way/339296897","properties":{"name":"一食堂","building":"yes","amenity":"restaurant","osm_id":"way/339296897","label":"一食堂","category":"service","original_geometry":"Polygon"},"geometry":{"type":"Point","coordinates":[118.80819084999999,32.08216]}},{"type":"Feature","id":"way/339297724","properties":{"name":"材料与工程学院院楼","amenity":"college","osm_id":"way/339297724","label":"材料与工程学院院楼","category":"education","original_geometry":"Polygon"},"geometry":{"type":"Point","coordinates":[118.80996895000001,32.0801794]}},{"type":"Feature","id":"way/339297725","properties":{"name":"林学院","amenity":"college","osm_id":"way/339297725","label":"林学院","category":"education","original_geometry":"Polygon"},"geometry":{"type":"Point","coordinates":[118.80886004999999,32.0787495]}},{"type":"Feature","id":"way/339297726","properties":{"name":"林机楼","amenity":"college","osm_id":"way/339297726","label":"林机楼","category":"education","original_geometry":"Polygon"},"geometry":{"type":"Point","coordinates":[118.81030045,32.07906405]}},{"type":"Feature","id":"way/339297727","properties":{"name":"生物科技大楼","amenity":"college","osm_id":"way/339297727","label":"生物科技大楼","category":"education","original_geometry":"Polygon"},"geometry":{"type":"Point","coordinates":[118.8096846,32.0784846]}},{"type":"Feature","id":"way/339298071","properties":{"name":"第二食堂","building":"house","amenity":"restaurant","osm_id":"way/339298071","label":"第二食堂","category":"service","original_geometry":"Polygon"},"geometry":{"type":"Point","coordinates":[118.80844775,32.08307275]}},{"type":"Feature","id":"way/380371966","properties":{"name":"设计场地","leisure":"park","osm_id":"way/380371966","label":"设计场地","category":"nature","original_geometry":"Polygon"},"geometry":{"type":"Point","coordinates":[118.8075239,32.07942945]}},{"type":"Feature","id":"way/380371969","properties":{"name":"化工楼","amenity":"college","osm_id":"way/380371969","label":"化工楼","category":"education","original_geometry":"Polygon"},"geometry":{"type":"Point","coordinates":[118.80851655000001,32.079865850000004]}},{"type":"Feature","id":"way/380923041","properties":{"name":"明孝陵","name:en":"Ming Xiaoling","historic":"tomb","osm_id":"way/380923041","label":"明孝陵","category":"culture","original_geometry":"Polygon"},"geometry":{"type":"Point","coordinates":[118.83467495,32.06208255]}},{"type":"Feature","id":"way/380923042","properties":{"name":"明楼","building":"yes","building:levels":"4","historic":"building","osm_id":"way/380923042","label":"明楼","category":"culture","original_geometry":"Polygon"},"geometry":{"type":"Point","coordinates":[118.83462499999999,32.06060735]}},{"type":"Feature","id":"way/384126619","properties":{"name":"二村餐厅","building":"house","amenity":"restaurant","osm_id":"way/384126619","label":"二村餐厅","category":"service","original_geometry":"Polygon"},"geometry":{"type":"Point","coordinates":[118.81351415,32.0805666]}},{"type":"Feature","id":"way/384126646","properties":{"name":"老图书馆","building":"yes","amenity":"library","osm_id":"way/384126646","label":"老图书馆","category":"education","original_geometry":"Polygon"},"geometry":{"type":"Point","coordinates":[118.80900015,32.08082005]}},{"type":"Feature","id":"way/384126647","properties":{"name":"西潭","natural":"water","osm_id":"way/384126647","label":"西潭","category":"nature","original_geometry":"Polygon"},"geometry":{"type":"Point","coordinates":[118.8099435,32.08093215]}},{"type":"Feature","id":"way/385350098","properties":{"name":"基督教孝陵卫堂","building":"yes","amenity":"place_of_worship","osm_id":"way/385350098","label":"基督教孝陵卫堂","category":"culture","original_geometry":"Polygon"},"geometry":{"type":"Point","coordinates":[118.87037185,32.0300754]}},{"type":"Feature","id":"way/385353307","properties":{"name":"基督教天城堂","building":"yes","amenity":"place_of_worship","osm_id":"way/385353307","label":"基督教天城堂","category":"culture","original_geometry":"Polygon"},"geometry":{"type":"Point","coordinates":[118.78173910000001,32.06394365]}},{"type":"Feature","id":"way/398534328","properties":{"name":"中国科学院南京土壤研究所","building":"yes","amenity":"research_institute","osm_id":"way/398534328","label":"中国科学院南京土壤研究所","category":"service","original_geometry":"Polygon"},"geometry":{"type":"Point","coordinates":[118.79931225,32.06097165]}},{"type":"Feature","id":"way/398534658","properties":{"name":"中国科学院南京地理与湖泊研究所","building":"yes","amenity":"research_institute","osm_id":"way/398534658","label":"中国科学院南京地理与湖泊研究所","category":"service","original_geometry":"Polygon"},"geometry":{"type":"Point","coordinates":[118.80021885,32.0610647]}},{"type":"Feature","id":"way/404071178","properties":{"name":"沙塘园餐厅","building":"school","amenity":"restaurant","osm_id":"way/404071178","label":"沙塘园餐厅","category":"service","original_geometry":"Polygon"},"geometry":{"type":"Point","coordinates":[118.78928525,32.0549311]}},{"type":"Feature","id":"way/404071182","properties":{"name":"南京图书馆成贤街分馆","building":"yes","amenity":"library","osm_id":"way/404071182","label":"南京图书馆成贤街分馆","category":"education","original_geometry":"Polygon"},"geometry":{"type":"Point","coordinates":[118.79073055,32.053266550000004]}},{"type":"Feature","id":"way/439252888","properties":{"name":"南京古生物博物馆","name:en":"Nanjing Paleontological Museum","building":"yes","tourism":"museum","osm_id":"way/439252888","label":"南京古生物博物馆","category":"culture","original_geometry":"Polygon"},"geometry":{"type":"Point","coordinates":[118.79016375,32.06157195]}},{"type":"Feature","id":"way/439252994","properties":{"name":"和平公园","leisure":"park","osm_id":"way/439252994","label":"和平公园","category":"nature","original_geometry":"Polygon"},"geometry":{"type":"Point","coordinates":[118.79196759999999,32.0595826]}},{"type":"Feature","id":"way/440881741","properties":{"name":"竹海湖","natural":"water","osm_id":"way/440881741","label":"竹海湖","category":"nature","original_geometry":"Polygon"},"geometry":{"type":"Point","coordinates":[118.81693215,32.063298700000004]}},{"type":"Feature","id":"way/444227092","properties":{"name":"南京市第九中学","amenity":"school","osm_id":"way/444227092","label":"南京市第九中学","category":"education","original_geometry":"Polygon"},"geometry":{"type":"Point","coordinates":[118.78728095,32.0450595]}},{"type":"Feature","id":"way/474202731","properties":{"name":"南京理工大学图书馆","building":"yes","amenity":"library","osm_id":"way/474202731","label":"南京理工大学图书馆","category":"education","original_geometry":"Polygon"},"geometry":{"type":"Point","coordinates":[118.8514434,32.027724]}},{"type":"Feature","id":"way/483693967","properties":{"name":"祭堂","building":"yes","historic":"building","osm_id":"way/483693967","label":"祭堂","category":"culture","original_geometry":"Polygon"},"geometry":{"type":"Point","coordinates":[118.84828845,32.064382800000004]}},{"type":"Feature","id":"way/525509000","properties":{"name":"南京市樱花小学","amenity":"school","osm_id":"way/525509000","label":"南京市樱花小学","category":"education","original_geometry":"Polygon"},"geometry":{"type":"Point","coordinates":[118.82524565,32.0867549]}},{"type":"Feature","id":"way/525509007","properties":{"name":"中国医学科学院皮肤病医院","amenity":"hospital","osm_id":"way/525509007","label":"中国医学科学院皮肤病医院","category":"health","original_geometry":"Polygon"},"geometry":{"type":"Point","coordinates":[118.8226496,32.08334095]}},{"type":"Feature","id":"way/532885964","properties":{"name":"太平湖","natural":"water","osm_id":"way/532885964","label":"太平湖","category":"nature","original_geometry":"Polygon"},"geometry":{"type":"Point","coordinates":[118.79145215,32.0462514]}},{"type":"Feature","id":"way/546947420","properties":{"name":"南京市口腔医院","amenity":"hospital","osm_id":"way/546947420","label":"南京市口腔医院","category":"health","original_geometry":"Polygon"},"geometry":{"type":"Point","coordinates":[118.77957655,32.063537249999996]}},{"type":"Feature","id":"way/572769932","properties":{"name":"南京站·北广场东","building":"yes","amenity":"bus_station","layer":"-2","osm_id":"way/572769932","label":"南京站北广场东","category":"transport","original_geometry":"Polygon"},"geometry":{"type":"Point","coordinates":[118.79467555,32.09073535]}},{"type":"Feature","id":"way/572951930","properties":{"name":"沧波门公园","leisure":"park","osm_id":"way/572951930","label":"沧波门公园","category":"nature","original_geometry":"Polygon"},"geometry":{"type":"Point","coordinates":[118.88896055000001,32.02713335]}},{"type":"Feature","id":"way/583438490","properties":{"name":"紫金公园游园","leisure":"park","osm_id":"way/583438490","label":"紫金公园游园","category":"nature","original_geometry":"Polygon"},"geometry":{"type":"Point","coordinates":[118.8770787,32.0416241]}},{"type":"Feature","id":"way/583443727","properties":{"name":"麒麟郭台","leisure":"park","osm_id":"way/583443727","label":"麒麟郭台","category":"nature","original_geometry":"Polygon"},"geometry":{"type":"Point","coordinates":[118.8764005,32.0267559]}},{"type":"Feature","id":"way/590891898","properties":{"name":"南京农业大学(卫岗校区)","name:en":"Nanjing Agricultual University (Weigang Campus)","amenity":"university","osm_id":"way/590891898","label":"南京农业大学卫岗校区","category":"education","original_geometry":"Polygon"},"geometry":{"type":"Point","coordinates":[118.83776995,32.035692850000004]}},{"type":"Feature","id":"way/606870222","properties":{"name":"无梁殿（辛亥革命烈士蜡像馆）","building":"yes","historic":"monument","osm_id":"way/606870222","label":"无梁殿辛亥革命烈士蜡像馆","category":"culture","original_geometry":"Polygon"},"geometry":{"type":"Point","coordinates":[118.8616014,32.0571346]}},{"type":"Feature","id":"way/606870223","properties":{"name":"松风阁","building":"yes","tourism":"attraction","osm_id":"way/606870223","label":"松风阁","category":"culture","original_geometry":"Polygon"},"geometry":{"type":"Point","coordinates":[118.8618623,32.0590186]}},{"type":"Feature","id":"way/607087441","properties":{"name":"南京市玄武区看守所","amenity":"prison","osm_id":"way/607087441","label":"南京市玄武区看守所","category":"service","original_geometry":"Polygon"},"geometry":{"type":"Point","coordinates":[118.8882764,32.0335224]}},{"type":"Feature","id":"way/624598673","properties":{"name":"南林教八楼（图书馆A馆）","building":"yes","amenity":"library","osm_id":"way/624598673","label":"南林教八楼图书馆馆","category":"education","original_geometry":"Polygon"},"geometry":{"type":"Point","coordinates":[118.81269685,32.07940775]}},{"type":"Feature","id":"way/624598675","properties":{"name":"南林教八楼（图书馆B馆）","building":"yes","amenity":"library","osm_id":"way/624598675","label":"南林教八楼图书馆馆","category":"education","original_geometry":"Polygon"},"geometry":{"type":"Point","coordinates":[118.81296135,32.0797392]}},{"type":"Feature","id":"way/656141740","properties":{"name":"星苑美食广场","building":"yes","amenity":"restaurant","osm_id":"way/656141740","label":"星苑美食广场","category":"service","original_geometry":"Polygon"},"geometry":{"type":"Point","coordinates":[118.8533406,32.024697700000004]}},{"type":"Feature","id":"way/656141770","properties":{"name":"设计艺术与传媒学院","amenity":"college","osm_id":"way/656141770","label":"设计艺术与传媒学院","category":"education","original_geometry":"Polygon"},"geometry":{"type":"Point","coordinates":[118.85328634999999,32.03076025]}},{"type":"Feature","id":"way/656192328","properties":{"name":"钱学森学院与中法工程师学院","amenity":"college","osm_id":"way/656192328","label":"钱学森学院与中法工程师学院","category":"education","original_geometry":"Polygon"},"geometry":{"type":"Point","coordinates":[118.8496794,32.030717800000005]}},{"type":"Feature","id":"way/656192330","properties":{"name":"学生浴室","building":"yes","amenity":"public_bath","osm_id":"way/656192330","label":"学生浴室","category":"service","original_geometry":"Polygon"},"geometry":{"type":"Point","coordinates":[118.85324625,32.02354105]}},{"type":"Feature","id":"way/656464088","properties":{"name":"亚朵酒店","building":"yes","amenity":"restaurant","osm_id":"way/656464088","label":"亚朵酒店","category":"service","original_geometry":"Polygon"},"geometry":{"type":"Point","coordinates":[118.780016,32.08312705]}},{"type":"Feature","id":"way/660421682","properties":{"name":"南京第十三中科利华学校","amenity":"college","osm_id":"way/660421682","label":"南京第十三中科利华学校","category":"education","original_geometry":"Polygon"},"geometry":{"type":"Point","coordinates":[118.78043285,32.08081905]}},{"type":"Feature","id":"way/696404760","properties":{"name":"樱花小学东方城分校","amenity":"school","osm_id":"way/696404760","label":"樱花小学东方城分校","category":"education","original_geometry":"Polygon"},"geometry":{"type":"Point","coordinates":[118.82949099999999,32.09023235]}},{"type":"Feature","id":"way/697540146","properties":{"name":"东方城幼儿园","amenity":"school","osm_id":"way/697540146","label":"东方城幼儿园","category":"education","original_geometry":"Polygon"},"geometry":{"type":"Point","coordinates":[118.83024875,32.088789000000006]}},{"type":"Feature","id":"way/704454269","properties":{"name":"沁心湖","natural":"water","osm_id":"way/704454269","label":"沁心湖","category":"nature","original_geometry":"Polygon"},"geometry":{"type":"Point","coordinates":[118.87545259999999,32.07324625]}},{"type":"Feature","id":"way/743687351","properties":{"name":"文武方门","name:en":"Civil and Military Gate","building":"yes","historic":"building","osm_id":"way/743687351","label":"文武方门","category":"culture","original_geometry":"Polygon"},"geometry":{"type":"Point","coordinates":[118.83459905000001,32.0570474]}},{"type":"Feature","id":"way/749756609","properties":{"name":"南京天文光学技术研究所","landuse":"commercial","amenity":"research_institute","osm_id":"way/749756609","label":"南京天文光学技术研究所","category":"service","original_geometry":"Polygon"},"geometry":{"type":"Point","coordinates":[118.81926855,32.07772235]}},{"type":"Feature","id":"way/758671168","properties":{"name":"南京市中西医结合医院","amenity":"hospital","osm_id":"way/758671168","label":"南京市中西医结合医院","category":"health","original_geometry":"Polygon"},"geometry":{"type":"Point","coordinates":[118.8528525,32.03639945]}},{"type":"Feature","id":"way/779263296","properties":{"name":"李文忠墓","leisure":"park","osm_id":"way/779263296","label":"李文忠墓","category":"nature","original_geometry":"Polygon"},"geometry":{"type":"Point","coordinates":[118.8233355,32.08114405]}},{"type":"Feature","id":"way/791233541","properties":{"name":"南京军区档案馆","landuse":"civic_admin","amenity":"archive","osm_id":"way/791233541","label":"南京军区档案馆","category":"service","original_geometry":"Polygon"},"geometry":{"type":"Point","coordinates":[118.8164637,32.042176100000006]}},{"type":"Feature","id":"way/791234171","properties":{"name":"南京维景国际大酒店","tourism":"hotel","osm_id":"way/791234171","label":"南京维景国际大酒店","category":"culture","original_geometry":"Polygon"},"geometry":{"type":"Point","coordinates":[118.81823945,32.04228115]}},{"type":"Feature","id":"way/791253997","properties":{"name":"南京市第五十四中学","amenity":"school","osm_id":"way/791253997","label":"南京市第五十四中学","category":"education","original_geometry":"Polygon"},"geometry":{"type":"Point","coordinates":[118.81540799999999,32.0501215]}},{"type":"Feature","id":"way/791253998","properties":{"name":"南京市海英小学","amenity":"school","osm_id":"way/791253998","label":"南京市海英小学","category":"education","original_geometry":"Polygon"},"geometry":{"type":"Point","coordinates":[118.81750695,32.05145845]}},{"type":"Feature","id":"way/791253999","properties":{"name":"南京市雨花小学","amenity":"school","osm_id":"way/791253999","label":"南京市雨花小学","category":"education","original_geometry":"Polygon"},"geometry":{"type":"Point","coordinates":[118.81115885,32.05504375]}},{"type":"Feature","id":"way/791254000","properties":{"name":"明中山王徐达墓","leisure":"park","osm_id":"way/791254000","label":"明中山王徐达墓","category":"nature","original_geometry":"Polygon"},"geometry":{"type":"Point","coordinates":[118.81973535,32.0763923]}},{"type":"Feature","id":"way/791617218","properties":{"name":"享殿遗址","name:en":"Sacrificial Hall","historic":"ruins","osm_id":"way/791617218","label":"享殿遗址","category":"culture","original_geometry":"Polygon"},"geometry":{"type":"Point","coordinates":[118.83459725,32.05819845]}},{"type":"Feature","id":"way/803406635","properties":{"name":"太子享殿","historic":"ruins","osm_id":"way/803406635","label":"太子享殿","category":"culture","original_geometry":"Polygon"},"geometry":{"type":"Point","coordinates":[118.83628565000001,32.0583245]}},{"type":"Feature","id":"way/803406646","properties":{"name":"南京海底世界停车场","name:en":"Nanjing Seabed World P3 parking lot","amenity":"parking","osm_id":"way/803406646","label":"南京海底世界停车场","category":"service","original_geometry":"Polygon"},"geometry":{"type":"Point","coordinates":[118.8404817,32.05691785]}},{"type":"Feature","id":"way/803420974","properties":{"name":"邮局咖啡","building":"yes","amenity":"cafe","osm_id":"way/803420974","label":"邮局咖啡","category":"service","original_geometry":"Polygon"},"geometry":{"type":"Point","coordinates":[118.84674129999999,32.0569601]}},{"type":"Feature","id":"way/857245094","properties":{"name":"兰园集贸市场","building":"yes","building:levels":"4","amenity":"marketplace","osm_id":"way/857245094","label":"兰园集贸市场","category":"service","original_geometry":"Polygon"},"geometry":{"type":"Point","coordinates":[118.7974689,32.058230449999996]}},{"type":"Feature","id":"way/857738601","properties":{"name":"红山动物园","building":"yes","railway":"station","osm_id":"way/857738601","label":"红山动物园","category":"transport","original_geometry":"Polygon"},"geometry":{"type":"Point","coordinates":[118.79684209999999,32.097917249999995]}},{"type":"Feature","id":"way/858156412","properties":{"name":"南京市科利华中学铁北分校","amenity":"school","osm_id":"way/858156412","label":"南京市科利华中学铁北分校","category":"education","original_geometry":"Polygon"},"geometry":{"type":"Point","coordinates":[118.8172059,32.097475]}},{"type":"Feature","id":"way/858156414","properties":{"name":"北京东路小学（红山分校）","amenity":"school","osm_id":"way/858156414","label":"北京东路小学红山分校","category":"education","original_geometry":"Polygon"},"geometry":{"type":"Point","coordinates":[118.81278025,32.0896725]}},{"type":"Feature","id":"way/859591128","properties":{"name":"中山门","name:en":"Zhongshan Gate","building":"yes","historic":"city_gate","start_date":"1366","osm_id":"way/859591128","label":"中山门","category":"culture","original_geometry":"Polygon"},"geometry":{"type":"Point","coordinates":[118.82211455000001,32.04084625]}},{"type":"Feature","id":"way/859643765","properties":{"name":"享殿","building":"yes","historic":"building","osm_id":"way/859643765","label":"享殿","category":"culture","original_geometry":"Polygon"},"geometry":{"type":"Point","coordinates":[118.8345985,32.0582432]}},{"type":"Feature","id":"way/863056908","properties":{"name":"南京市第九初级中学","amenity":"school","osm_id":"way/863056908","label":"南京市第九初级中学","category":"education","original_geometry":"Polygon"},"geometry":{"type":"Point","coordinates":[118.7866406,32.0490479]}},{"type":"Feature","id":"way/878490872","properties":{"name":"南京市第十三中学红山校区","amenity":"school","osm_id":"way/878490872","label":"南京市第十三中学红山校区","category":"education","original_geometry":"Polygon"},"geometry":{"type":"Point","coordinates":[118.8259191,32.103731749999994]}},{"type":"Feature","id":"way/878490873","properties":{"name":"南京市第十三中学红山校区","amenity":"school","osm_id":"way/878490873","label":"南京市第十三中学红山校区","category":"education","original_geometry":"Polygon"},"geometry":{"type":"Point","coordinates":[118.83343529999999,32.105992650000005]}},{"type":"Feature","id":"way/884301630","properties":{"name":"龟山公园","leisure":"park","osm_id":"way/884301630","label":"龟山公园","category":"nature","original_geometry":"Polygon"},"geometry":{"type":"Point","coordinates":[118.8972728,32.0937055]}},{"type":"Feature","id":"way/884923657","properties":{"name":"神策门公园","leisure":"park","osm_id":"way/884923657","label":"神策门公园","category":"nature","original_geometry":"Polygon"},"geometry":{"type":"Point","coordinates":[118.78190445,32.090196000000006]}},{"type":"Feature","id":"way/894146231","properties":{"name":"仙鹤门停车场","amenity":"parking","osm_id":"way/894146231","label":"仙鹤门停车场","category":"service","original_geometry":"Polygon"},"geometry":{"type":"Point","coordinates":[118.89584065,32.089185549999996]}},{"type":"Feature","id":"way/894146232","properties":{"name":"南京市行知实验幼儿园","amenity":"kindergarten","osm_id":"way/894146232","label":"南京市行知实验幼儿园","category":"education","original_geometry":"Polygon"},"geometry":{"type":"Point","coordinates":[118.89531065,32.0900499]}},{"type":"Feature","id":"way/932922168","properties":{"name":"仙居雅苑公交场站","amenity":"parking","osm_id":"way/932922168","label":"仙居雅苑公交场站","category":"service","original_geometry":"Polygon"},"geometry":{"type":"Point","coordinates":[118.89286845000001,32.09501]}},{"type":"Feature","id":"way/932922172","properties":{"name":"月苑南路公交场站","amenity":"parking","osm_id":"way/932922172","label":"月苑南路公交场站","category":"service","original_geometry":"Polygon"},"geometry":{"type":"Point","coordinates":[118.8266583,32.10065045]}},{"type":"Feature","id":"way/932922173","properties":{"name":"墨香路公交场站","amenity":"parking","osm_id":"way/932922173","label":"墨香路公交场站","category":"service","original_geometry":"Polygon"},"geometry":{"type":"Point","coordinates":[118.82799485000001,32.095621449999996]}},{"type":"Feature","id":"way/940335843","properties":{"name":"玄武门","building":"yes","historic":"city_gate","layer":"1","osm_id":"way/940335843","label":"玄武门","category":"culture","original_geometry":"Polygon"},"geometry":{"type":"Point","coordinates":[118.78238505,32.07261855]}},{"type":"Feature","id":"way/961227001","properties":{"name":"孙中山先生铜像","height":"11.12","tourism":"artwork","osm_id":"way/961227001","label":"孙中山先生铜像","category":"culture","original_geometry":"Polygon"},"geometry":{"type":"Point","coordinates":[118.7788626,32.04382875]}},{"type":"Feature","id":"way/981895476","properties":{"name":"东南大学幼儿园","amenity":"kindergarten","osm_id":"way/981895476","label":"东南大学幼儿园","category":"education","original_geometry":"Polygon"},"geometry":{"type":"Point","coordinates":[118.7850311,32.0581677]}},{"type":"Feature","id":"way/982266618","properties":{"name":"桃李园","leisure":"park","osm_id":"way/982266618","label":"桃李园","category":"nature","original_geometry":"Polygon"},"geometry":{"type":"Point","coordinates":[118.7898192,32.058383250000006]}},{"type":"Feature","id":"way/991480527","properties":{"name":"红山派出所","amenity":"police","osm_id":"way/991480527","label":"红山派出所","category":"service","original_geometry":"Polygon"},"geometry":{"type":"Point","coordinates":[118.82995155,32.1073794]}},{"type":"Feature","id":"way/991819865","properties":{"name":"红山幼儿园","amenity":"kindergarten","osm_id":"way/991819865","label":"红山幼儿园","category":"education","original_geometry":"Polygon"},"geometry":{"type":"Point","coordinates":[118.82467969999999,32.100217799999996]}},{"type":"Feature","id":"way/992358630","properties":{"name":"中国人民解放军东部战区总医院","amenity":"hospital","osm_id":"way/992358630","label":"中国人民解放军东部战区总医院","category":"health","original_geometry":"Polygon"},"geometry":{"type":"Point","coordinates":[118.80393190000001,32.04454285]}},{"type":"Feature","id":"way/1013274620","properties":{"name":"中国银行","name:en":"Bank of China","building":"yes","height":"60","amenity":"bank","osm_id":"way/1013274620","label":"中国银行","category":"service","original_geometry":"Polygon"},"geometry":{"type":"Point","coordinates":[118.78361635,32.0438562]}},{"type":"Feature","id":"way/1021396084","properties":{"name":"南京大公机动车驾驶员培训学校","amenity":"driver_training","osm_id":"way/1021396084","label":"南京大公机动车驾驶员培训学校","category":"service","original_geometry":"Polygon"},"geometry":{"type":"Point","coordinates":[118.8786833,32.104875050000004]}},{"type":"Feature","id":"way/1021396088","properties":{"name":"北京东路小学阳光分校","amenity":"school","osm_id":"way/1021396088","label":"北京东路小学阳光分校","category":"education","original_geometry":"Polygon"},"geometry":{"type":"Point","coordinates":[118.8612892,32.09686575]}},{"type":"Feature","id":"way/1021844306","properties":{"name":"红山社区卫生服务中心","amenity":"clinic","osm_id":"way/1021844306","label":"红山社区卫生服务中心","category":"health","original_geometry":"Polygon"},"geometry":{"type":"Point","coordinates":[118.82331985,32.1051409]}},{"type":"Feature","id":"way/1021844314","properties":{"name":"南京市月苑第一小学","amenity":"school","osm_id":"way/1021844314","label":"南京市月苑第一小学","category":"education","original_geometry":"Polygon"},"geometry":{"type":"Point","coordinates":[118.82374405,32.101685200000006]}},{"type":"Feature","id":"way/1022153768","properties":{"name":"南京市公安局玄武分局","amenity":"police","osm_id":"way/1022153768","label":"南京市公安局玄武分局","category":"service","original_geometry":"Polygon"},"geometry":{"type":"Point","coordinates":[118.80499495000001,32.0981655]}},{"type":"Feature","id":"way/1022153803","properties":{"name":"月苑颐养中心","amenity":"nursing_home","osm_id":"way/1022153803","label":"月苑颐养中心","category":"service","original_geometry":"Polygon"},"geometry":{"type":"Point","coordinates":[118.82375435,32.10070235]}},{"type":"Feature","id":"way/1022153804","properties":{"name":"月苑幼儿园","amenity":"kindergarten","osm_id":"way/1022153804","label":"月苑幼儿园","category":"education","original_geometry":"Polygon"},"geometry":{"type":"Point","coordinates":[118.82356655,32.10087505]}},{"type":"Feature","id":"way/1054623407","properties":{"name":"北京东路小学附属幼儿园月香分园","amenity":"kindergarten","osm_id":"way/1054623407","label":"北京东路小学附属幼儿园月香分园","category":"education","original_geometry":"Polygon"},"geometry":{"type":"Point","coordinates":[118.83296225000001,32.10148975]}},{"type":"Feature","id":"way/1056198816","properties":{"name":"流榭","natural":"water","osm_id":"way/1056198816","label":"流榭","category":"nature","original_geometry":"Polygon"},"geometry":{"type":"Point","coordinates":[118.85432499999999,32.05576905]}},{"type":"Feature","id":"way/1056854748","properties":{"name":"莘园餐厅","building":"yes","amenity":"restaurant","osm_id":"way/1056854748","label":"莘园餐厅","category":"service","original_geometry":"Polygon"},"geometry":{"type":"Point","coordinates":[118.7936857,32.0567035]}},{"type":"Feature","id":"way/1056854757","properties":{"name":"东南大学东浴室","building":"yes","amenity":"public_bath","osm_id":"way/1056854757","label":"东南大学东浴室","category":"service","original_geometry":"Polygon"},"geometry":{"type":"Point","coordinates":[118.7930187,32.0567888]}},{"type":"Feature","id":"way/1056854758","properties":{"name":"文园宾馆","building":"yes","tourism":"hotel","osm_id":"way/1056854758","label":"文园宾馆","category":"culture","original_geometry":"Polygon"},"geometry":{"type":"Point","coordinates":[118.7927223,32.056888799999996]}},{"type":"Feature","id":"way/1056854767","properties":{"name":"南京军区空军第一招待所","tourism":"hotel","osm_id":"way/1056854767","label":"南京军区空军第一招待所","category":"culture","original_geometry":"Polygon"},"geometry":{"type":"Point","coordinates":[118.7986692,32.05400135]}},{"type":"Feature","id":"way/1056854768","properties":{"name":"南京华山饭店","tourism":"hotel","osm_id":"way/1056854768","label":"南京华山饭店","category":"culture","original_geometry":"Polygon"},"geometry":{"type":"Point","coordinates":[118.8006461,32.0531182]}},{"type":"Feature","id":"way/1056854769","properties":{"name":"南京玄武外国语学校","amenity":"school","osm_id":"way/1056854769","label":"南京玄武外国语学校","category":"education","original_geometry":"Polygon"},"geometry":{"type":"Point","coordinates":[118.79976535,32.0495466]}},{"type":"Feature","id":"way/1056854774","properties":{"name":"南京市中心医院(市级机关医院)","amenity":"hospital","osm_id":"way/1056854774","label":"南京市中心医院市级机关医院","category":"health","original_geometry":"Polygon"},"geometry":{"type":"Point","coordinates":[118.79153149999999,32.05792905]}},{"type":"Feature","id":"way/1061577687","properties":{"name":"六朝博物馆","name:en":"The Oriental Metropolitan Museum (The 3rd-6th Century)","building":"yes","building:levels":"4","tourism":"museum","osm_id":"way/1061577687","label":"六朝博物馆","category":"culture","original_geometry":"Polygon"},"geometry":{"type":"Point","coordinates":[118.79405564999999,32.0448802]}},{"type":"Feature","id":"way/1061577688","properties":{"name":"南京圣和府邸豪华精选酒店","building":"yes","tourism":"hotel","osm_id":"way/1061577688","label":"南京圣和府邸豪华精选酒店","category":"culture","original_geometry":"Polygon"},"geometry":{"type":"Point","coordinates":[118.7938174,32.0448453]}},{"type":"Feature","id":"way/1061607219","properties":{"name":"解放门","building":"yes","historic":"city_gate","layer":"1","osm_id":"way/1061607219","label":"解放门","category":"culture","original_geometry":"Polygon"},"geometry":{"type":"Point","coordinates":[118.7914376,32.0641179]}},{"type":"Feature","id":"way/1061610836","properties":{"name":"解放门","building":"yes","historic":"city_gate","layer":"1","osm_id":"way/1061610836","label":"解放门","category":"culture","original_geometry":"Polygon"},"geometry":{"type":"Point","coordinates":[118.7916275,32.0643043]}},{"type":"Feature","id":"way/1063644033","properties":{"name":"南京市孝陵卫初级中学","amenity":"school","osm_id":"way/1063644033","label":"南京市孝陵卫初级中学","category":"education","original_geometry":"Polygon"},"geometry":{"type":"Point","coordinates":[118.86269925,32.03497015]}},{"type":"Feature","id":"way/1063646224","properties":{"name":"南京玄武钟灵农科苑幼儿园","amenity":"kindergarten","osm_id":"way/1063646224","label":"南京玄武钟灵农科苑幼儿园","category":"education","original_geometry":"Polygon"},"geometry":{"type":"Point","coordinates":[118.8621712,32.03863725]}},{"type":"Feature","id":"way/1067774577","properties":{"name":"翰苑大厦","building":"yes","tourism":"hotel","osm_id":"way/1067774577","label":"翰苑大厦","category":"culture","original_geometry":"Polygon"},"geometry":{"type":"Point","coordinates":[118.8334916,32.031830799999994]}},{"type":"Feature","id":"way/1070143513","properties":{"name":"黄马生态湿地公园","leisure":"park","osm_id":"way/1070143513","label":"黄马生态湿地公园","category":"nature","original_geometry":"Polygon"},"geometry":{"type":"Point","coordinates":[118.88197145,32.0760073]}},{"type":"Feature","id":"way/1070512863","properties":{"name":"南京市长江路小学启迪分校","amenity":"school","osm_id":"way/1070512863","label":"南京市长江路小学启迪分校","category":"education","original_geometry":"Polygon"},"geometry":{"type":"Point","coordinates":[118.88689959999999,32.03132125]}},{"type":"Feature","id":"way/1083363085","properties":{"name":"钟山宾馆","tourism":"hotel","osm_id":"way/1083363085","label":"钟山宾馆","category":"culture","original_geometry":"Polygon"},"geometry":{"type":"Point","coordinates":[118.80672085,32.042972500000005]}},{"type":"Feature","id":"way/1083363109","properties":{"name":"钟山宾馆","building":"yes","height":"10","tourism":"hotel","osm_id":"way/1083363109","label":"钟山宾馆","category":"culture","original_geometry":"Polygon"},"geometry":{"type":"Point","coordinates":[118.80631145,32.043338500000004]}},{"type":"Feature","id":"way/1083375789","properties":{"name":"南京外国语学校大行宫校区","amenity":"school","osm_id":"way/1083375789","label":"南京外国语学校大行宫校区","category":"education","original_geometry":"Polygon"},"geometry":{"type":"Point","coordinates":[118.78943925,32.046328599999995]}},{"type":"Feature","id":"way/1083375791","properties":{"name":"假山","natural":"water","osm_id":"way/1083375791","label":"假山","category":"nature","original_geometry":"Polygon"},"geometry":{"type":"Point","coordinates":[118.7891018,32.04619975]}},{"type":"Feature","id":"way/1086342490","properties":{"name":"南京地质博物馆","building":"yes","tourism":"museum","osm_id":"way/1086342490","label":"南京地质博物馆","category":"culture","original_geometry":"Polygon"},"geometry":{"type":"Point","coordinates":[118.80212130000001,32.04675065]}},{"type":"Feature","id":"way/1088448627","properties":{"name":"灵谷寺","name:en":"Linggu Temple","amenity":"place_of_worship","start_date":"515","osm_id":"way/1088448627","label":"灵谷寺","category":"culture","original_geometry":"Polygon"},"geometry":{"type":"Point","coordinates":[118.86287279999999,32.057677549999994]}},{"type":"Feature","id":"way/1088780419","properties":{"name":"南京市玄武高级中学","amenity":"school","osm_id":"way/1088780419","label":"南京市玄武高级中学","category":"education","original_geometry":"Polygon"},"geometry":{"type":"Point","coordinates":[118.80946915000001,32.0582081]}},{"type":"Feature","id":"way/1088963672","properties":{"name":"钟山体育运动公园","leisure":"park","osm_id":"way/1088963672","label":"钟山体育运动公园","category":"nature","original_geometry":"Polygon"},"geometry":{"type":"Point","coordinates":[118.8678454,32.04752455]}},{"type":"Feature","id":"way/1091378534","properties":{"name":"uSmile","name:en":"Petrochina","building":"roof","amenity":"fuel","layer":"1","osm_id":"way/1091378534","label":"","category":"service","original_geometry":"Polygon"},"geometry":{"type":"Point","coordinates":[118.8444351,32.0936816]}},{"type":"Feature","id":"way/1091378658","properties":{"name":"中国石化","name:en":"Sinopec","amenity":"fuel","osm_id":"way/1091378658","label":"中国石化","category":"service","original_geometry":"Polygon"},"geometry":{"type":"Point","coordinates":[118.82059484999999,32.0765349]}},{"type":"Feature","id":"way/1093710268","properties":{"name":"中山康复医院","amenity":"hospital","osm_id":"way/1093710268","label":"中山康复医院","category":"health","original_geometry":"Polygon"},"geometry":{"type":"Point","coordinates":[118.84090895,32.0522087]}},{"type":"Feature","id":"way/1093710269","properties":{"name":"东苑宾馆","tourism":"hotel","osm_id":"way/1093710269","label":"东苑宾馆","category":"culture","original_geometry":"Polygon"},"geometry":{"type":"Point","coordinates":[118.8422609,32.056990150000004]}},{"type":"Feature","id":"way/1095550202","properties":{"name":"中南玄武湖乐园","name:en":"ZNC Land","tourism":"theme_park","osm_id":"way/1095550202","label":"中南玄武湖乐园","category":"culture","original_geometry":"Polygon"},"geometry":{"type":"Point","coordinates":[118.79432735,32.07181715]}},{"type":"Feature","id":"way/1161228936","properties":{"name":"南京明故宫遗址公园","name:en":"Nanjing Ming Palace Ruins Park","leisure":"park","tourism":"museum","osm_id":"way/1161228936","label":"南京明故宫遗址公园","category":"culture","original_geometry":"Polygon"},"geometry":{"type":"Point","coordinates":[118.81279425,32.04360855]}},{"type":"Feature","id":"way/1205715835","properties":{"name":"NJFU大学生活动中心","building":"yes","amenity":"community_centre","osm_id":"way/1205715835","label":"大学生活动中心","category":"service","original_geometry":"Polygon"},"geometry":{"type":"Point","coordinates":[118.8074906,32.08250995]}},{"type":"Feature","id":"way/1206400777","properties":{"name":"钟山风景名胜区环境综合整治纪念碑","leisure":"park","osm_id":"way/1206400777","label":"钟山风景名胜区环境综合整治纪念碑","category":"nature","original_geometry":"Polygon"},"geometry":{"type":"Point","coordinates":[118.82756814999999,32.04768005]}},{"type":"Feature","id":"way/1231581899","properties":{"name":"中国共产党代表团梅园新村纪念馆","historic":"monument","osm_id":"way/1231581899","label":"中国共产党代表团梅园新村纪念馆","category":"culture","original_geometry":"Polygon"},"geometry":{"type":"Point","coordinates":[118.79648135,32.045076949999995]}},{"type":"Feature","id":"way/1240414763","properties":{"name":"莲池","natural":"water","osm_id":"way/1240414763","label":"莲池","category":"nature","original_geometry":"Polygon"},"geometry":{"type":"Point","coordinates":[118.84032015,32.0350829]}},{"type":"Feature","id":"way/1240681704","properties":{"name":"教工食堂","building":"university","building:levels":"1","amenity":"restaurant","osm_id":"way/1240681704","label":"教工食堂","category":"service","original_geometry":"Polygon"},"geometry":{"type":"Point","coordinates":[118.83706245,32.03626655]}},{"type":"Feature","id":"way/1240681705","properties":{"name":"水榭","natural":"water","osm_id":"way/1240681705","label":"水榭","category":"nature","original_geometry":"Polygon"},"geometry":{"type":"Point","coordinates":[118.8376782,32.036129700000004]}},{"type":"Feature","id":"way/1273297989","properties":{"name":"垃圾分类站","amenity":"waste_transfer_station","osm_id":"way/1273297989","label":"垃圾分类站","category":"service","original_geometry":"Polygon"},"geometry":{"type":"Point","coordinates":[118.807502,32.0800033]}},{"type":"Feature","id":"way/1280559451","properties":{"name":"滑道探险公园","leisure":"park","osm_id":"way/1280559451","label":"滑道探险公园","category":"nature","original_geometry":"Polygon"},"geometry":{"type":"Point","coordinates":[118.85566370000001,32.05758675]}},{"type":"Feature","id":"way/1284585458","properties":{"name":"江苏省文化交流中心","building":"yes","amenity":"social_centre","osm_id":"way/1284585458","label":"江苏省文化交流中心","category":"service","original_geometry":"Polygon"},"geometry":{"type":"Point","coordinates":[118.85010215,32.093841]}},{"type":"Feature","id":"way/1284585462","properties":{"name":"友谊水库","natural":"water","osm_id":"way/1284585462","label":"友谊水库","category":"nature","original_geometry":"Polygon"},"geometry":{"type":"Point","coordinates":[118.86335925,32.08321235]}},{"type":"Feature","id":"way/1300055412","properties":{"name":"文化广场","leisure":"park","osm_id":"way/1300055412","label":"文化广场","category":"nature","original_geometry":"Polygon"},"geometry":{"type":"Point","coordinates":[118.84029609999999,32.037661299999996]}},{"type":"Feature","id":"way/1300055424","properties":{"name":"南京博物院南农大分院","building":"yes","tourism":"museum","osm_id":"way/1300055424","label":"南京博物院南农大分院","category":"culture","original_geometry":"Polygon"},"geometry":{"type":"Point","coordinates":[118.8382292,32.03804295]}},{"type":"Feature","id":"way/1300458931","properties":{"name":"南京农业大学幼儿园","amenity":"kindergarten","osm_id":"way/1300458931","label":"南京农业大学幼儿园","category":"education","original_geometry":"Polygon"},"geometry":{"type":"Point","coordinates":[118.83624845,32.0379286]}},{"type":"Feature","id":"way/1300458978","properties":{"name":"桃李廊","building":"yes","amenity":"shelter","osm_id":"way/1300458978","label":"桃李廊","category":"service","original_geometry":"Polygon"},"geometry":{"type":"Point","coordinates":[118.8399235,32.0373582]}},{"type":"Feature","id":"way/1300565595","properties":{"name":"南京农业大学动物医院","building":"yes","amenity":"veterinary","osm_id":"way/1300565595","label":"南京农业大学动物医院","category":"service","original_geometry":"Polygon"},"geometry":{"type":"Point","coordinates":[118.8347454,32.036308899999995]}},{"type":"Feature","id":"way/1300565621","properties":{"name":"主席台","building":"yes","amenity":"shelter","osm_id":"way/1300565621","label":"主席台","category":"service","original_geometry":"Polygon"},"geometry":{"type":"Point","coordinates":[118.838459,32.034312799999995]}},{"type":"Feature","id":"way/1307889312","properties":{"name":"南京市北京东路小学附属阳光幼儿园","amenity":"kindergarten","osm_id":"way/1307889312","label":"南京市北京东路小学附属阳光幼儿园","category":"education","original_geometry":"Polygon"},"geometry":{"type":"Point","coordinates":[118.8613771,32.09765255000001]}},{"type":"Feature","id":"way/1334432181","properties":{"name":"陵门","building":"yes","historic":"building","layer":"1","osm_id":"way/1334432181","label":"陵门","category":"culture","original_geometry":"Polygon"},"geometry":{"type":"Point","coordinates":[118.84842545000001,32.0622399]}},{"type":"Feature","id":"way/1334432182","properties":{"name":"碑亭","building":"yes","historic":"building","layer":"1","osm_id":"way/1334432182","label":"碑亭","category":"culture","original_geometry":"Polygon"},"geometry":{"type":"Point","coordinates":[118.84840475,32.0626242]}},{"type":"Feature","id":"way/1342403173","properties":{"name":"仙鹤门社区卫生服务中心","amenity":"hospital","osm_id":"way/1342403173","label":"仙鹤门社区卫生服务中心","category":"health","original_geometry":"Polygon"},"geometry":{"type":"Point","coordinates":[118.8939236,32.0922235]}},{"type":"Feature","id":"way/1343806293","properties":{"name":"吉兆营清真寺","name:en":"Jizhaoying Mosque","building":"yes","amenity":"place_of_worship","osm_id":"way/1343806293","label":"吉兆营清真寺","category":"culture","original_geometry":"Polygon"},"geometry":{"type":"Point","coordinates":[118.78004055,32.0541109]}},{"type":"Feature","id":"way/1367071972","properties":{"name":"陆军工程大学（岔路口营区）","landuse":"military","amenity":"university","osm_id":"way/1367071972","label":"陆军工程大学岔路口营区","category":"education","original_geometry":"Polygon"},"geometry":{"type":"Point","coordinates":[118.86405375000001,32.093013850000006]}},{"type":"Feature","id":"way/1368131386","properties":{"name":"中国石化岔路口加油站","building":"yes","amenity":"fuel","osm_id":"way/1368131386","label":"中国石化岔路口加油站","category":"service","original_geometry":"Polygon"},"geometry":{"type":"Point","coordinates":[118.8663399,32.09572605]}},{"type":"Feature","id":"way/1368435843","properties":{"name":"南京紫金山庄","name:en":"Purple Palace","building":"yes","tourism":"hotel","osm_id":"way/1368435843","label":"南京紫金山庄","category":"culture","original_geometry":"Polygon"},"geometry":{"type":"Point","coordinates":[118.87213209999999,32.077640650000006]}},{"type":"Feature","id":"way/1368438369","properties":{"name":"观涟湖","natural":"water","osm_id":"way/1368438369","label":"观涟湖","category":"nature","original_geometry":"Polygon"},"geometry":{"type":"Point","coordinates":[118.87719335,32.07136655]}},{"type":"Feature","id":"way/1369409710","properties":{"name":"海军指挥学院","name:en":"Naval Command College","landuse":"military","amenity":"college","osm_id":"way/1369409710","label":"海军指挥学院","category":"education","original_geometry":"Polygon"},"geometry":{"type":"Point","coordinates":[118.82128625,32.0473218]}},{"type":"Feature","id":"way/1413160943","properties":{"name":"南京抗日航空烈士纪念馆","historic":"monument","osm_id":"way/1413160943","label":"南京抗日航空烈士纪念馆","category":"culture","original_geometry":"Polygon"},"geometry":{"type":"Point","coordinates":[118.84105975,32.09140085]}},{"type":"Feature","id":"way/1416437322","properties":{"name":"南京警察学院(花园路校区)","name:en":"Nanjing Police University (Huayuan Road Campus)","landuse":"education","amenity":"university","osm_id":"way/1416437322","label":"南京警察学院花园路校区","category":"education","original_geometry":"Polygon"},"geometry":{"type":"Point","coordinates":[118.82020299999999,32.08573855]}},{"type":"Feature","id":"way/1419152274","properties":{"name":"南京紫金东郡幼儿园","amenity":"kindergarten","osm_id":"way/1419152274","label":"南京紫金东郡幼儿园","category":"education","original_geometry":"Polygon"},"geometry":{"type":"Point","coordinates":[118.89094005,32.08576745]}},{"type":"Feature","id":"way/1424823696","properties":{"name":"南京师范大学附属小学仙鹤门分校","amenity":"school","osm_id":"way/1424823696","label":"南京师范大学附属小学仙鹤门分校","category":"education","original_geometry":"Polygon"},"geometry":{"type":"Point","coordinates":[118.89697860000001,32.0872222]}},{"type":"Feature","id":"way/1424928197","properties":{"name":"三河公园","leisure":"park","osm_id":"way/1424928197","label":"三河公园","category":"nature","original_geometry":"Polygon"},"geometry":{"type":"Point","coordinates":[118.89026129999999,32.02589895]}},{"type":"Feature","id":"way/1425203307","properties":{"name":"银城东苑集贸市场","amenity":"marketplace","osm_id":"way/1425203307","label":"银城东苑集贸市场","category":"service","original_geometry":"Polygon"},"geometry":{"type":"Point","coordinates":[118.845325,32.02966475]}},{"type":"Feature","id":"way/1425203309","properties":{"name":"沧波门公园","leisure":"park","osm_id":"way/1425203309","label":"沧波门公园","category":"nature","original_geometry":"Polygon"},"geometry":{"type":"Point","coordinates":[118.8873028,32.030777900000004]}},{"type":"Feature","id":"way/1425207249","properties":{"name":"一村餐厅","building":"yes","amenity":"restaurant","osm_id":"way/1425207249","label":"一村餐厅","category":"service","original_geometry":"Polygon"},"geometry":{"type":"Point","coordinates":[118.80888254999999,32.07721575]}},{"type":"Feature","id":"way/1425474453","properties":{"name":"仙鹤门公园","leisure":"park","osm_id":"way/1425474453","label":"仙鹤门公园","category":"nature","original_geometry":"Polygon"},"geometry":{"type":"Point","coordinates":[118.90176895,32.08969965]}},{"type":"Feature","id":"way/1434634313","properties":{"name":"内红门","building":"yes","historic":"building","layer":"-1","osm_id":"way/1434634313","label":"内红门","category":"culture","original_geometry":"Polygon"},"geometry":{"type":"Point","coordinates":[118.83461224999999,32.05864355]}},{"type":"Feature","id":"way/1446669216","properties":{"name":"樱之歌广场","leisure":"park","osm_id":"way/1446669216","label":"樱之歌广场","category":"nature","original_geometry":"Polygon"},"geometry":{"type":"Point","coordinates":[118.82593535,32.08529595]}},{"type":"Feature","id":"way/1446669227","properties":{"name":"樱驼花园农贸市场","amenity":"marketplace","osm_id":"way/1446669227","label":"樱驼花园农贸市场","category":"service","original_geometry":"Polygon"},"geometry":{"type":"Point","coordinates":[118.82509074999999,32.08754815]}},{"type":"Feature","id":"way/1446678872","properties":{"name":"南京市第十三中学（红山新城校区）","amenity":"school","osm_id":"way/1446678872","label":"南京市第十三中学红山新城校区","category":"education","original_geometry":"Polygon"},"geometry":{"type":"Point","coordinates":[118.81033260000001,32.0897852]}},{"type":"Feature","id":"way/1448236261","properties":{"name":"北极阁丛葬地","name:en":"Beijige Mass Grave","historic":"grave","osm_id":"way/1448236261","label":"北极阁丛葬地","category":"culture","original_geometry":"Polygon"},"geometry":{"type":"Point","coordinates":[118.78566755,32.06047575]}},{"type":"Feature","id":"way/1448241830","properties":{"name":"东郊丛葬地","name:en":"Dongjiao Mass Grave","historic":"grave","osm_id":"way/1448241830","label":"东郊丛葬地","category":"culture","original_geometry":"Polygon"},"geometry":{"type":"Point","coordinates":[118.8621304,32.0493738]}},{"type":"Feature","id":"way/1448241832","properties":{"name":"仙鹤门丛葬地","name:en":"Xianhemen Mass Grave","historic":"grave","osm_id":"way/1448241832","label":"仙鹤门丛葬地","category":"culture","original_geometry":"Polygon"},"geometry":{"type":"Point","coordinates":[118.8944679,32.0927025]}},{"type":"Feature","id":"way/1467948579","properties":{"name":"南京玄武外国语学校附属小学","amenity":"school","osm_id":"way/1467948579","label":"南京玄武外国语学校附属小学","category":"education","original_geometry":"Polygon"},"geometry":{"type":"Point","coordinates":[118.78294135,32.067165599999996]}},{"type":"Feature","id":"way/1467949311","properties":{"name":"江苏省肿瘤医院","amenity":"hospital","osm_id":"way/1467949311","label":"江苏省肿瘤医院","category":"health","original_geometry":"Polygon"},"geometry":{"type":"Point","coordinates":[118.7811851,32.07073455]}},{"type":"Feature","id":"way/1525414526","properties":{"name":"白水河","natural":"water","osm_id":"way/1525414526","label":"白水河","category":"nature","original_geometry":"Polygon"},"geometry":{"type":"Point","coordinates":[118.8922676,32.055691949999996]}},{"type":"Feature","id":"way/1525466058","properties":{"name":"钟灵街公交场站","amenity":"bus_station","osm_id":"way/1525466058","label":"钟灵街公交场站","category":"transport","original_geometry":"Polygon"},"geometry":{"type":"Point","coordinates":[118.8640515,32.041683250000006]}},{"type":"Feature","id":"way/1540968600","properties":{"name":"六角广场","highway":"pedestrian","place":"square","osm_id":"way/1540968600","label":"六角广场","category":"place","original_geometry":"Polygon"},"geometry":{"type":"Point","coordinates":[118.80525645,32.082237649999996]}},{"type":"Feature","id":"node/244081381","properties":{"name":"南京市","name:en":"Nanjing","place":"city","osm_id":"node/244081381","label":"南京市","category":"place","original_geometry":"Point"},"geometry":{"type":"Point","coordinates":[118.7788631,32.0438284]}},{"type":"Feature","id":"node/244084413","properties":{"name":"玄武区","name:en":"Xuanwu","place":"city","osm_id":"node/244084413","label":"玄武区","category":"place","original_geometry":"Point"},"geometry":{"type":"Point","coordinates":[118.7927049,32.0506772]}},{"type":"Feature","id":"node/267225237","properties":{"name":"南京","name:en":"Nanjing","railway":"station","osm_id":"node/267225237","label":"南京","category":"transport","original_geometry":"Point"},"geometry":{"type":"Point","coordinates":[118.7917463,32.0887235]}},{"type":"Feature","id":"node/778873065","properties":{"name":"白马公园","name:en":"Pegasus Park","railway":"station","osm_id":"node/778873065","label":"白马公园","category":"transport","original_geometry":"Point"},"geometry":{"type":"Point","coordinates":[118.8107137,32.0607028]}},{"type":"Feature","id":"node/779093768","properties":{"name":"江苏美术馆","name:en":"Jiangsu Art Museum","amenity":"public_art_gallery","tourism":"museum","osm_id":"node/779093768","label":"江苏美术馆","category":"culture","original_geometry":"Point"},"geometry":{"type":"Point","coordinates":[118.7884651,32.0461959]}},{"type":"Feature","id":"node/779095530","properties":{"name":"汉府饭店","name:en":"Hanfu Hotel","tourism":"hotel","osm_id":"node/779095530","label":"汉府饭店","category":"culture","original_geometry":"Point"},"geometry":{"type":"Point","coordinates":[118.7871105,32.0461773]}},{"type":"Feature","id":"node/1028011087","properties":{"name":"肯德基","name:en":"KFC","amenity":"fast_food","osm_id":"node/1028011087","label":"肯德基","category":"service","original_geometry":"Point"},"geometry":{"type":"Point","coordinates":[118.7896728,32.0891108]}},{"type":"Feature","id":"node/1058298175","properties":{"name":"李文忠墓","historic":"memorial","osm_id":"node/1058298175","label":"李文忠墓","category":"culture","original_geometry":"Point"},"geometry":{"type":"Point","coordinates":[118.8223942,32.0812127]}},{"type":"Feature","id":"node/1058298198","properties":{"name":"徐达墓","historic":"memorial","osm_id":"node/1058298198","label":"徐达墓","category":"culture","original_geometry":"Point"},"geometry":{"type":"Point","coordinates":[118.8177593,32.0778128]}},{"type":"Feature","id":"node/1058300701","properties":{"name":"南京人口学校","amenity":"college","osm_id":"node/1058300701","label":"南京人口学校","category":"education","original_geometry":"Point"},"geometry":{"type":"Point","coordinates":[118.8194545,32.084667]}},{"type":"Feature","id":"node/1058302143","properties":{"name":"南京航空烈士公墓","historic":"monument","osm_id":"node/1058302143","label":"南京航空烈士公墓","category":"culture","original_geometry":"Point"},"geometry":{"type":"Point","coordinates":[118.8430761,32.091438]}},{"type":"Feature","id":"node/1058304427","properties":{"name":"南京师范大学紫金校区","amenity":"college","osm_id":"node/1058304427","label":"南京师范大学紫金校区","category":"education","original_geometry":"Point"},"geometry":{"type":"Point","coordinates":[118.8160641,32.0739218]}},{"type":"Feature","id":"node/1058313052","properties":{"name":"南京玄武高级中学","amenity":"school","osm_id":"node/1058313052","label":"南京玄武高级中学","category":"education","original_geometry":"Point"},"geometry":{"type":"Point","coordinates":[118.8087267,32.058319]}},{"type":"Feature","id":"node/1058331313","properties":{"name":"人民中学","amenity":"school","osm_id":"node/1058331313","label":"人民中学","category":"education","original_geometry":"Point"},"geometry":{"type":"Point","coordinates":[118.7798897,32.0507544]}},{"type":"Feature","id":"node/1058335545","properties":{"name":"梅园中学","amenity":"school","osm_id":"node/1058335545","label":"梅园中学","category":"education","original_geometry":"Point"},"geometry":{"type":"Point","coordinates":[118.7972919,32.0472079]}},{"type":"Feature","id":"node/1069288496","properties":{"name":"南京文化艺术中心","amenity":"theatre","osm_id":"node/1069288496","label":"南京文化艺术中心","category":"service","original_geometry":"Point"},"geometry":{"type":"Point","coordinates":[118.7825055,32.046315]}},{"type":"Feature","id":"node/1097657641","properties":{"name":"成贤街小学","amenity":"school","osm_id":"node/1097657641","label":"成贤街小学","category":"education","original_geometry":"Point"},"geometry":{"type":"Point","coordinates":[118.7923763,32.0535805]}},{"type":"Feature","id":"node/1315961416","properties":{"name":"工商银行","name:en":"Industrial and Commercial Bank of China","amenity":"bank","osm_id":"node/1315961416","label":"工商银行","category":"service","original_geometry":"Point"},"geometry":{"type":"Point","coordinates":[118.8284952,32.1056623]}},{"type":"Feature","id":"node/1470664904","properties":{"name":"南京理工大学 附属幼儿园","amenity":"kindergarten","source":"bing","osm_id":"node/1470664904","label":"南京理工大学附属幼儿园","category":"education","original_geometry":"Point"},"geometry":{"type":"Point","coordinates":[118.8469157,32.0382542]}},{"type":"Feature","id":"node/1475681478","properties":{"name":"基督教孝陵卫堂","name:en":"Xiaolingwei Church","amenity":"place_of_worship","source":"GPS","osm_id":"node/1475681478","label":"基督教孝陵卫堂","category":"culture","original_geometry":"Point"},"geometry":{"type":"Point","coordinates":[118.8704369,32.0303193]}},{"type":"Feature","id":"node/1475681498","properties":{"name":"中山陵大酒店","amenity":"restaurant","source":"GPS","osm_id":"node/1475681498","label":"中山陵大酒店","category":"service","original_geometry":"Point"},"geometry":{"type":"Point","coordinates":[118.8477362,32.0566253]}},{"type":"Feature","id":"node/1475681499","properties":{"name":"中国农业银行","name:en":"Agricultural Bank of China","amenity":"bank","source":"GPS","osm_id":"node/1475681499","label":"中国农业银行","category":"service","original_geometry":"Point"},"geometry":{"type":"Point","coordinates":[118.8564641,32.0377215]}},{"type":"Feature","id":"node/1475718685","properties":{"name":"麦当劳","name:en":"McDonald's","amenity":"fast_food","osm_id":"node/1475718685","label":"麦当劳","category":"service","original_geometry":"Point"},"geometry":{"type":"Point","coordinates":[118.7890426,32.0892343]}},{"type":"Feature","id":"node/1484539077","properties":{"name":"中国建设银行","name:en":"China Construction Bank","amenity":"bank","source":"GPS","osm_id":"node/1484539077","label":"中国建设银行","category":"service","original_geometry":"Point"},"geometry":{"type":"Point","coordinates":[118.8553826,32.0376759]}},{"type":"Feature","id":"node/1492509008","properties":{"name":"中国建设银行","name:en":"China Construction Bank","amenity":"bank","source":"GPS","osm_id":"node/1492509008","label":"中国建设银行","category":"service","original_geometry":"Point"},"geometry":{"type":"Point","coordinates":[118.8394141,32.0302625]}},{"type":"Feature","id":"node/1517497140","properties":{"name":"中山幼儿园","amenity":"kindergarten","source":"bing","osm_id":"node/1517497140","label":"中山幼儿园","category":"education","original_geometry":"Point"},"geometry":{"type":"Point","coordinates":[118.8584181,32.03481]}},{"type":"Feature","id":"node/1560705286","properties":{"name":"珠江路南站;赛百味","name:en":"SUBWAY","amenity":"fast_food","highway":"bus_stop","source":"GPS","osm_id":"node/1560705286","label":"珠江路南站赛百味","category":"service","original_geometry":"Point"},"geometry":{"type":"Point","coordinates":[118.7791599,32.0513224]}},{"type":"Feature","id":"node/1596449684","properties":{"name":"中国建设银行","name:en":"China Construction Bank","amenity":"bank","source":"GPS","osm_id":"node/1596449684","label":"中国建设银行","category":"service","original_geometry":"Point"},"geometry":{"type":"Point","coordinates":[118.8362561,32.0413183]}},{"type":"Feature","id":"node/1604417528","properties":{"name":"肯德基","name:en":"KFC","amenity":"fast_food","osm_id":"node/1604417528","label":"肯德基","category":"service","original_geometry":"Point"},"geometry":{"type":"Point","coordinates":[118.8456818,32.0396623]}},{"type":"Feature","id":"node/1604417541","properties":{"name":"蓝湾咖啡","name:en":"Blue Gulf Coffee","amenity":"cafe","osm_id":"node/1604417541","label":"蓝湾咖啡","category":"service","original_geometry":"Point"},"geometry":{"type":"Point","coordinates":[118.8455079,32.0397546]}},{"type":"Feature","id":"node/1608071471","properties":{"name":"中国工商银行小营支行","amenity":"bank","osm_id":"node/1608071471","label":"中国工商银行小营支行","category":"service","original_geometry":"Point"},"geometry":{"type":"Point","coordinates":[118.7985653,32.0493454]}},{"type":"Feature","id":"node/1608071472","properties":{"name":"中国银行","name:en":"Bank of China","amenity":"atm","osm_id":"node/1608071472","label":"中国银行","category":"service","original_geometry":"Point"},"geometry":{"type":"Point","coordinates":[118.795897,32.0497832]}},{"type":"Feature","id":"node/1608071503","properties":{"name":"招商银行","name:en":"China Merchants Bank","amenity":"atm","osm_id":"node/1608071503","label":"招商银行","category":"service","original_geometry":"Point"},"geometry":{"type":"Point","coordinates":[118.7997934,32.0488493]}},{"type":"Feature","id":"node/1608071505","properties":{"name":"江苏银行珠江路支行","amenity":"bank","osm_id":"node/1608071505","label":"江苏银行珠江路支行","category":"service","original_geometry":"Point"},"geometry":{"type":"Point","coordinates":[118.7973725,32.0491785]}},{"type":"Feature","id":"node/1608079748","properties":{"name":"珠江路小学","amenity":"school","osm_id":"node/1608079748","label":"珠江路小学","category":"education","original_geometry":"Point"},"geometry":{"type":"Point","coordinates":[118.7854604,32.0520014]}},{"type":"Feature","id":"node/1675270818","properties":{"name":"home","tourism":"guest_house","osm_id":"node/1675270818","label":"","category":"culture","original_geometry":"Point"},"geometry":{"type":"Point","coordinates":[118.8257054,32.0980826]}},{"type":"Feature","id":"node/1712469678","properties":{"name":"中国建设银行","name:en":"China Construction Bank","amenity":"bank","source":"GPS","osm_id":"node/1712469678","label":"中国建设银行","category":"service","original_geometry":"Point"},"geometry":{"type":"Point","coordinates":[118.785287,32.0437321]}},{"type":"Feature","id":"node/1717146822","properties":{"name":"卫岗邮政所","name:en":"Weigang Post Office","amenity":"post_office","source":"GPS","osm_id":"node/1717146822","label":"卫岗邮政所","category":"service","original_geometry":"Point"},"geometry":{"type":"Point","coordinates":[118.8358858,32.0410133]}},{"type":"Feature","id":"node/1717163260","properties":{"name":"中国银行","amenity":"atm","source":"GPS","osm_id":"node/1717163260","label":"中国银行","category":"service","original_geometry":"Point"},"geometry":{"type":"Point","coordinates":[118.8415259,32.0357212]}},{"type":"Feature","id":"node/1741656465","properties":{"name":"金陵之星大酒店","tourism":"hotel","source":"GPS","osm_id":"node/1741656465","label":"金陵之星大酒店","category":"culture","original_geometry":"Point"},"geometry":{"type":"Point","coordinates":[118.8073354,32.0749808]}},{"type":"Feature","id":"node/1742197502","properties":{"name":"中国邮政","name:en":"China Post","amenity":"post_office","source":"GPS","osm_id":"node/1742197502","label":"中国邮政","category":"service","original_geometry":"Point"},"geometry":{"type":"Point","coordinates":[118.813461,32.0474851]}},{"type":"Feature","id":"node/1764670899","properties":{"name":"交通银行","amenity":"atm","osm_id":"node/1764670899","label":"交通银行","category":"service","original_geometry":"Point"},"geometry":{"type":"Point","coordinates":[118.8503553,32.0316209]}},{"type":"Feature","id":"node/1964339132","properties":{"name":"锦江之星","tourism":"hotel","osm_id":"node/1964339132","label":"锦江之星","category":"culture","original_geometry":"Point"},"geometry":{"type":"Point","coordinates":[118.8203601,32.0797556]}},{"type":"Feature","id":"node/2007068935","properties":{"name":"苏宁钟山国际高尔夫酒店","name:en":"Sofitel","tourism":"hotel","osm_id":"node/2007068935","label":"苏宁钟山国际高尔夫酒店","category":"culture","original_geometry":"Point"},"geometry":{"type":"Point","coordinates":[118.8724032,32.0811172]}},{"type":"Feature","id":"node/2027220858","properties":{"name":"交通银行","name:en":"Bank of Communications","amenity":"bank","osm_id":"node/2027220858","label":"交通银行","category":"service","original_geometry":"Point"},"geometry":{"type":"Point","coordinates":[118.8393688,32.0308881]}},{"type":"Feature","id":"node/2030460172","properties":{"name":"中信银行","name:en":"China CITIC Bank","amenity":"bank","osm_id":"node/2030460172","label":"中信银行","category":"service","original_geometry":"Point"},"geometry":{"type":"Point","coordinates":[118.7793217,32.0581579]}},{"type":"Feature","id":"node/2034822918","properties":{"name":"麦当劳","name:en":"McDonald's","amenity":"fast_food","osm_id":"node/2034822918","label":"麦当劳","category":"service","original_geometry":"Point"},"geometry":{"type":"Point","coordinates":[118.7796951,32.0520864]}},{"type":"Feature","id":"node/2450052107","properties":{"name":"百年校庆鼎","tourism":"artwork","osm_id":"node/2450052107","label":"百年校庆鼎","category":"culture","original_geometry":"Point"},"geometry":{"type":"Point","coordinates":[118.7895051,32.0562365]}},{"type":"Feature","id":"node/2471715038","properties":{"name":"蓝蛙","name:en":"Blue Frog","amenity":"restaurant","osm_id":"node/2471715038","label":"蓝蛙","category":"service","original_geometry":"Point"},"geometry":{"type":"Point","coordinates":[118.7794143,32.049239]}},{"type":"Feature","id":"node/2471715042","properties":{"name":"Element Fresh","amenity":"restaurant","osm_id":"node/2471715042","label":"","category":"service","original_geometry":"Point"},"geometry":{"type":"Point","coordinates":[118.7794433,32.0490679]}},{"type":"Feature","id":"node/2600783562","properties":{"name":"头陀岭","natural":"peak","ele":"425","osm_id":"node/2600783562","label":"头陀岭","category":"nature","original_geometry":"Point"},"geometry":{"type":"Point","coordinates":[118.8371947,32.0726364]}},{"type":"Feature","id":"node/2600794742","properties":{"name":"道生说法","tourism":"viewpoint","osm_id":"node/2600794742","label":"道生说法","category":"culture","original_geometry":"Point"},"geometry":{"type":"Point","coordinates":[118.8457472,32.0708616]}},{"type":"Feature","id":"node/2600810866","properties":{"name":"北高峰","name:en":"Purple Mountain","natural":"peak","ele":"448.2","osm_id":"node/2600810866","label":"北高峰","category":"nature","original_geometry":"Point"},"geometry":{"type":"Point","coordinates":[118.8405689,32.0725123]}},{"type":"Feature","id":"node/2600810869","properties":{"name":"拥翠亭","amenity":"shelter","osm_id":"node/2600810869","label":"拥翠亭","category":"service","original_geometry":"Point"},"geometry":{"type":"Point","coordinates":[118.8703041,32.0644715]}},{"type":"Feature","id":"node/2600812883","properties":{"name":"天堡山","name:en":"Tianbao Mountain","natural":"peak","ele":"250","osm_id":"node/2600812883","label":"天堡山","category":"nature","original_geometry":"Point"},"geometry":{"type":"Point","coordinates":[118.8231836,32.0657505]}},{"type":"Feature","id":"node/2805283101","properties":{"name":"麦当劳","name:en":"McDonald's","amenity":"fast_food","osm_id":"node/2805283101","label":"麦当劳","category":"service","original_geometry":"Point"},"geometry":{"type":"Point","coordinates":[118.7916665,32.0507494]}},{"type":"Feature","id":"node/2805283332","properties":{"name":"玄武区少年宫","amenity":"social_facility","osm_id":"node/2805283332","label":"玄武区少年宫","category":"service","original_geometry":"Point"},"geometry":{"type":"Point","coordinates":[118.7917631,32.0528591]}},{"type":"Feature","id":"node/2805285911","properties":{"name":"红旗新村大院","place":"neighbourhood","osm_id":"node/2805285911","label":"红旗新村大院","category":"place","original_geometry":"Point"},"geometry":{"type":"Point","coordinates":[118.794853,32.0525863]}},{"type":"Feature","id":"node/3014093953","properties":{"name":"平台","amenity":"bar","osm_id":"node/3014093953","label":"平台","category":"service","original_geometry":"Point"},"geometry":{"type":"Point","coordinates":[118.8221029,32.0652184]}},{"type":"Feature","id":"node/3014093954","properties":{"name":"肯德基","name:en":"KFC","amenity":"fast_food","osm_id":"node/3014093954","label":"肯德基","category":"service","original_geometry":"Point"},"geometry":{"type":"Point","coordinates":[118.8386205,32.0723934]}},{"type":"Feature","id":"node/3727328553","properties":{"name":"水上运动学校","amenity":"school","osm_id":"node/3727328553","label":"水上运动学校","category":"education","original_geometry":"Point"},"geometry":{"type":"Point","coordinates":[118.8018007,32.0642731]}},{"type":"Feature","id":"node/3841633185","properties":{"name":"赛百味","name:en":"Subway","amenity":"fast_food","osm_id":"node/3841633185","label":"赛百味","category":"service","original_geometry":"Point"},"geometry":{"type":"Point","coordinates":[118.7797231,32.0497944]}},{"type":"Feature","id":"node/3842181609","properties":{"name":"廖仲恺何香凝墓","name:en":"Tomb of Liao Zhongkai and He Xiangning","historic":"tomb","osm_id":"node/3842181609","label":"廖仲恺何香凝墓","category":"culture","original_geometry":"Point"},"geometry":{"type":"Point","coordinates":[118.8244193,32.0587155]}},{"type":"Feature","id":"node/3874180552","properties":{"name":"地球仪","tourism":"artwork","osm_id":"node/3874180552","label":"地球仪","category":"culture","original_geometry":"Point"},"geometry":{"type":"Point","coordinates":[118.8081074,32.0791636]}},{"type":"Feature","id":"node/3887091895","properties":{"name":"南京银行","name:en":"Bank of Nanjing","amenity":"bank","osm_id":"node/3887091895","label":"南京银行","category":"service","original_geometry":"Point"},"geometry":{"type":"Point","coordinates":[118.8005744,32.04865]}},{"type":"Feature","id":"node/3887091897","properties":{"name":"固城湖螃蟹","amenity":"restaurant","osm_id":"node/3887091897","label":"固城湖螃蟹","category":"service","original_geometry":"Point"},"geometry":{"type":"Point","coordinates":[118.8006526,32.048841]}},{"type":"Feature","id":"node/3887109536","properties":{"name":"奥悦商务宾馆","tourism":"hotel","osm_id":"node/3887109536","label":"奥悦商务宾馆","category":"culture","original_geometry":"Point"},"geometry":{"type":"Point","coordinates":[118.7999758,32.0487752]}},{"type":"Feature","id":"node/3887109537","properties":{"name":"乐膳基","amenity":"fast_food","osm_id":"node/3887109537","label":"乐膳基","category":"service","original_geometry":"Point"},"geometry":{"type":"Point","coordinates":[118.7997448,32.048896]}},{"type":"Feature","id":"node/4012030053","properties":{"name":"学生第一食堂","amenity":"restaurant","osm_id":"node/4012030053","label":"学生第一食堂","category":"service","original_geometry":"Point"},"geometry":{"type":"Point","coordinates":[118.8415935,32.0338068]}},{"type":"Feature","id":"node/4012030055","properties":{"name":"学生第三食堂","amenity":"restaurant","osm_id":"node/4012030055","label":"学生第三食堂","category":"service","original_geometry":"Point"},"geometry":{"type":"Point","coordinates":[118.8413308,32.0345169]}},{"type":"Feature","id":"node/4012039934","properties":{"name":"校友山","natural":"peak","osm_id":"node/4012039934","label":"校友山","category":"nature","original_geometry":"Point"},"geometry":{"type":"Point","coordinates":[118.8404759,32.0346045]}},{"type":"Feature","id":"node/4158708921","properties":{"name":"中国工商银行","name:en":"Industrial and Commercial Bank of China","amenity":"bank","osm_id":"node/4158708921","label":"中国工商银行","category":"service","original_geometry":"Point"},"geometry":{"type":"Point","coordinates":[118.7791551,32.0904368]}},{"type":"Feature","id":"node/4386522951","properties":{"name":"朱元璋","historic":"memorial","osm_id":"node/4386522951","label":"朱元璋","category":"culture","original_geometry":"Point"},"geometry":{"type":"Point","coordinates":[118.8363391,32.0729308]}},{"type":"Feature","id":"node/4386522952","properties":{"name":"观音","historic":"memorial","osm_id":"node/4386522952","label":"观音","category":"culture","original_geometry":"Point"},"geometry":{"type":"Point","coordinates":[118.8356793,32.0722489]}},{"type":"Feature","id":"node/4386522953","properties":{"name":"弥勒佛","tourism":"artwork","osm_id":"node/4386522953","label":"弥勒佛","category":"culture","original_geometry":"Point"},"geometry":{"type":"Point","coordinates":[118.8374817,32.072699]}},{"type":"Feature","id":"node/4395880888","properties":{"name":"南京市人防办","amenity":"bicycle_rental","osm_id":"node/4395880888","label":"南京市人防办","category":"service","original_geometry":"Point"},"geometry":{"type":"Point","coordinates":[118.7846899,32.0602941]}},{"type":"Feature","id":"node/4411275191","properties":{"name":"综合表演馆","tourism":"attraction","osm_id":"node/4411275191","label":"综合表演馆","category":"culture","original_geometry":"Point"},"geometry":{"type":"Point","coordinates":[118.7988034,32.0906368]}},{"type":"Feature","id":"node/4411275211","properties":{"name":"红山主题餐厅","tourism":"attraction","osm_id":"node/4411275211","label":"红山主题餐厅","category":"culture","original_geometry":"Point"},"geometry":{"type":"Point","coordinates":[118.7988227,32.0918935]}},{"type":"Feature","id":"node/4411275216","properties":{"name":"儿童乐园","tourism":"attraction","osm_id":"node/4411275216","label":"儿童乐园","category":"culture","original_geometry":"Point"},"geometry":{"type":"Point","coordinates":[118.8009627,32.0946887]}},{"type":"Feature","id":"node/4411275285","properties":{"name":"中国猫科馆","tourism":"attraction","osm_id":"node/4411275285","label":"中国猫科馆","category":"culture","original_geometry":"Point"},"geometry":{"type":"Point","coordinates":[118.7999231,32.0951617]}},{"type":"Feature","id":"node/4418162898","properties":{"name":"Wagas","name:en":"Wagas","amenity":"cafe","osm_id":"node/4418162898","label":"","category":"service","original_geometry":"Point"},"geometry":{"type":"Point","coordinates":[118.7793038,32.0500889]}},{"type":"Feature","id":"node/4441508789","properties":{"name":"Sta Food","name:en":"Sta Food","amenity":"restaurant","osm_id":"node/4441508789","label":"","category":"service","original_geometry":"Point"},"geometry":{"type":"Point","coordinates":[118.7923735,32.04833]}},{"type":"Feature","id":"node/4449221089","properties":{"name":"总统府集合点","tourism":"information","osm_id":"node/4449221089","label":"总统府集合点","category":"culture","original_geometry":"Point"},"geometry":{"type":"Point","coordinates":[118.7911923,32.0434642]}},{"type":"Feature","id":"node/4539531994","properties":{"name":"肯德基","name:en":"KFC","amenity":"fast_food","osm_id":"node/4539531994","label":"肯德基","category":"service","original_geometry":"Point"},"geometry":{"type":"Point","coordinates":[118.8471251,32.0574328]}},{"type":"Feature","id":"node/4539531995","properties":{"name":"麦当劳","name:en":"McDonald's","amenity":"fast_food","osm_id":"node/4539531995","label":"麦当劳","category":"service","original_geometry":"Point"},"geometry":{"type":"Point","coordinates":[118.845318,32.0508143]}},{"type":"Feature","id":"node/4745773721","properties":{"name":"肯德基","name:en":"KFC","amenity":"fast_food","osm_id":"node/4745773721","label":"肯德基","category":"service","original_geometry":"Point"},"geometry":{"type":"Point","coordinates":[118.7906478,32.0480066]}},{"type":"Feature","id":"node/4769737935","properties":{"name":"Kopimellow Coffee","name:en":"Kopimellow Coffee","amenity":"cafe","osm_id":"node/4769737935","label":"","category":"service","original_geometry":"Point"},"geometry":{"type":"Point","coordinates":[118.7791374,32.0546116]}},{"type":"Feature","id":"node/4769737937","properties":{"name":"Maan Coffee","name:en":"Maan Coffee Waffle & Toast","amenity":"cafe","osm_id":"node/4769737937","label":"","category":"service","original_geometry":"Point"},"geometry":{"type":"Point","coordinates":[118.78057,32.0563263]}},{"type":"Feature","id":"node/4771298423","properties":{"name":"85 degree","amenity":"cafe","osm_id":"node/4771298423","label":"","category":"service","original_geometry":"Point"},"geometry":{"type":"Point","coordinates":[118.7818758,32.0535883]}},{"type":"Feature","id":"node/4771298525","properties":{"name":"Ananas Dessert Bar","amenity":"cafe","osm_id":"node/4771298525","label":"","category":"service","original_geometry":"Point"},"geometry":{"type":"Point","coordinates":[118.7836076,32.0485758]}},{"type":"Feature","id":"node/4773051721","properties":{"name":"Momentum Burger & Lobster & Cocktail","amenity":"restaurant","osm_id":"node/4773051721","label":"","category":"service","original_geometry":"Point"},"geometry":{"type":"Point","coordinates":[118.7790789,32.0493928]}},{"type":"Feature","id":"node/5090884922","properties":{"name":"中国银行","name:en":"Bank of China","amenity":"bank","osm_id":"node/5090884922","label":"中国银行","category":"service","original_geometry":"Point"},"geometry":{"type":"Point","coordinates":[118.7832318,32.044224]}},{"type":"Feature","id":"node/5104682252","properties":{"name":"小营小学","amenity":"school","osm_id":"node/5104682252","label":"小营小学","category":"education","original_geometry":"Point"},"geometry":{"type":"Point","coordinates":[118.8023363,32.0570063]}},{"type":"Feature","id":"node/5104682253","properties":{"name":"小百灵幼儿园","amenity":"kindergarten","osm_id":"node/5104682253","label":"小百灵幼儿园","category":"education","original_geometry":"Point"},"geometry":{"type":"Point","coordinates":[118.801686,32.0561573]}},{"type":"Feature","id":"node/5167506218","properties":{"name":"食堂","amenity":"restaurant","osm_id":"node/5167506218","label":"食堂","category":"service","original_geometry":"Point"},"geometry":{"type":"Point","coordinates":[118.7963196,32.0578458]}},{"type":"Feature","id":"node/5251808322","properties":{"name":"江苏省肿瘤医院","name:en":"Jiangsu Cancer Hospital","amenity":"hospital","osm_id":"node/5251808322","label":"江苏省肿瘤医院","category":"health","original_geometry":"Point"},"geometry":{"type":"Point","coordinates":[118.7815085,32.0707995]}},{"type":"Feature","id":"node/5500139643","properties":{"name":"地铁垂直电梯（1号口）","tourism":"information","osm_id":"node/5500139643","label":"地铁垂直电梯号口","category":"culture","original_geometry":"Point"},"geometry":{"type":"Point","coordinates":[118.7901874,32.0885923]}},{"type":"Feature","id":"node/5536911640","properties":{"name":"长途东站","amenity":"bus_station","osm_id":"node/5536911640","label":"长途东站","category":"transport","original_geometry":"Point"},"geometry":{"type":"Point","coordinates":[118.816995,32.0861511]}},{"type":"Feature","id":"node/5539159818","properties":{"name":"佛塔","tourism":"viewpoint","osm_id":"node/5539159818","label":"佛塔","category":"culture","original_geometry":"Point"},"geometry":{"type":"Point","coordinates":[118.8016452,32.0629992]}},{"type":"Feature","id":"node/5549566650","properties":{"name":"机场大巴候车点","amenity":"bus_station","osm_id":"node/5549566650","label":"机场大巴候车点","category":"transport","original_geometry":"Point"},"geometry":{"type":"Point","coordinates":[118.793703,32.0864194]}},{"type":"Feature","id":"node/5587941221","properties":{"name":"Tap Planet Co","amenity":"bar","osm_id":"node/5587941221","label":"","category":"service","original_geometry":"Point"},"geometry":{"type":"Point","coordinates":[118.7807328,32.0569304]}},{"type":"Feature","id":"node/5750575678","properties":{"name":"仰止亭","amenity":"shelter","osm_id":"node/5750575678","label":"仰止亭","category":"service","original_geometry":"Point"},"geometry":{"type":"Point","coordinates":[118.8546855,32.0580249]}},{"type":"Feature","id":"node/5750575689","properties":{"name":"中山书院","tourism":"attraction","osm_id":"node/5750575689","label":"中山书院","category":"culture","original_geometry":"Point"},"geometry":{"type":"Point","coordinates":[118.8531582,32.0609172]}},{"type":"Feature","id":"node/5750575711","properties":{"name":"孙中山纪念馆","name:en":"Sun Yat-sen Memorial Hall","historic":"monument","osm_id":"node/5750575711","label":"孙中山纪念馆","category":"culture","original_geometry":"Point"},"geometry":{"type":"Point","coordinates":[118.8555941,32.0623638]}},{"type":"Feature","id":"node/5752825677","properties":{"name":"阵亡将士公墓","tourism":"attraction","osm_id":"node/5752825677","label":"阵亡将士公墓","category":"culture","original_geometry":"Point"},"geometry":{"type":"Point","coordinates":[118.861458,32.0561578]}},{"type":"Feature","id":"node/5752825678","properties":{"name":"灵谷寺公园南门（红山门）","tourism":"attraction","osm_id":"node/5752825678","label":"灵谷寺公园南门红山门","category":"culture","original_geometry":"Point"},"geometry":{"type":"Point","coordinates":[118.8611469,32.0545575]}},{"type":"Feature","id":"node/5752825683","properties":{"name":"第五军淞沪抗战阵亡将士纪念碑","name:en":"Monument to the fallen soldiers of the Fifth Army in Songhu","tourism":"attraction","historic":"memorial","osm_id":"node/5752825683","label":"第五军淞沪抗战阵亡将士纪念碑","category":"culture","original_geometry":"Point"},"geometry":{"type":"Point","coordinates":[118.8617705,32.0585032]}},{"type":"Feature","id":"node/5752825693","properties":{"name":"邓演达墓","tourism":"attraction","osm_id":"node/5752825693","label":"邓演达墓","category":"culture","original_geometry":"Point"},"geometry":{"type":"Point","coordinates":[118.8648678,32.056884]}},{"type":"Feature","id":"node/5755478761","properties":{"name":"永慕庐","tourism":"attraction","osm_id":"node/5755478761","label":"永慕庐","category":"culture","original_geometry":"Point"},"geometry":{"type":"Point","coordinates":[118.851805,32.068131]}},{"type":"Feature","id":"node/5755478762","properties":{"name":"万福寺遗址（名僧塔林）","name:en":"Wanfu Temple Site","tourism":"attraction","osm_id":"node/5755478762","label":"万福寺遗址名僧塔林","category":"culture","original_geometry":"Point"},"geometry":{"type":"Point","coordinates":[118.8510862,32.0686992]}},{"type":"Feature","id":"node/5755478763","properties":{"name":"议政亭","tourism":"attraction","osm_id":"node/5755478763","label":"议政亭","category":"culture","original_geometry":"Point"},"geometry":{"type":"Point","coordinates":[118.8525208,32.0680172]}},{"type":"Feature","id":"node/5755478764","properties":{"name":"井亭","tourism":"attraction","osm_id":"node/5755478764","label":"井亭","category":"culture","original_geometry":"Point"},"geometry":{"type":"Point","coordinates":[118.8546715,32.0682101]}},{"type":"Feature","id":"node/5755478765","properties":{"name":"应潮井(应潮亭)","amenity":"shelter","osm_id":"node/5755478765","label":"应潮井应潮亭","category":"service","original_geometry":"Point"},"geometry":{"type":"Point","coordinates":[118.8546745,32.0681946]}},{"type":"Feature","id":"node/5755479616","properties":{"name":"范鸿仙墓","tourism":"attraction","osm_id":"node/5755479616","label":"范鸿仙墓","category":"culture","original_geometry":"Point"},"geometry":{"type":"Point","coordinates":[118.8776495,32.0565766]}},{"type":"Feature","id":"node/5833639986","properties":{"name":"太平门","tourism":"viewpoint","osm_id":"node/5833639986","label":"太平门","category":"culture","original_geometry":"Point"},"geometry":{"type":"Point","coordinates":[118.8078746,32.0600263]}},{"type":"Feature","id":"node/6066630843","properties":{"name":"智选假日酒店","name:en":"Holiday Inn Express","tourism":"hotel","osm_id":"node/6066630843","label":"智选假日酒店","category":"culture","original_geometry":"Point"},"geometry":{"type":"Point","coordinates":[118.8082897,32.0593555]}},{"type":"Feature","id":"node/6148844385","properties":{"name":"长征五号运载火箭模型","tourism":"artwork","osm_id":"node/6148844385","label":"长征五号运载火箭模型","category":"culture","original_geometry":"Point"},"geometry":{"type":"Point","coordinates":[118.8523767,32.0257069]}},{"type":"Feature","id":"node/6226305481","properties":{"name":"北京银行","name:en":"Bank of Beijing","amenity":"bank","osm_id":"node/6226305481","label":"北京银行","category":"service","original_geometry":"Point"},"geometry":{"type":"Point","coordinates":[118.7792456,32.0695845]}},{"type":"Feature","id":"node/6261098604","properties":{"name":"南京博物院站","amenity":"bicycle_rental","osm_id":"node/6261098604","label":"南京博物院站","category":"service","original_geometry":"Point"},"geometry":{"type":"Point","coordinates":[118.8195111,32.0412324]}},{"type":"Feature","id":"node/6261105297","properties":{"name":"问讯处","tourism":"information","osm_id":"node/6261105297","label":"问讯处","category":"culture","original_geometry":"Point"},"geometry":{"type":"Point","coordinates":[118.8197579,32.0425829]}},{"type":"Feature","id":"node/6261106902","properties":{"name":"文渊广场","tourism":"viewpoint","osm_id":"node/6261106902","label":"文渊广场","category":"culture","original_geometry":"Point"},"geometry":{"type":"Point","coordinates":[118.820364,32.042351]}},{"type":"Feature","id":"node/6261279991","properties":{"name":"台菱花架","amenity":"shelter","osm_id":"node/6261279991","label":"台菱花架","category":"service","original_geometry":"Point"},"geometry":{"type":"Point","coordinates":[118.7934053,32.0680424]}},{"type":"Feature","id":"node/6348688896","properties":{"name":"综合门诊部","amenity":"hospital","osm_id":"node/6348688896","label":"综合门诊部","category":"health","original_geometry":"Point"},"geometry":{"type":"Point","coordinates":[118.8116747,32.0788678]}},{"type":"Feature","id":"node/6460857786","properties":{"name":"The Wing (2)","amenity":"restaurant","osm_id":"node/6460857786","label":"","category":"service","original_geometry":"Point"},"geometry":{"type":"Point","coordinates":[118.8168122,32.0568637]}},{"type":"Feature","id":"node/6635347293","properties":{"name":"解放门","tourism":"information","osm_id":"node/6635347293","label":"解放门","category":"culture","original_geometry":"Point"},"geometry":{"type":"Point","coordinates":[118.7915211,32.0642217]}},{"type":"Feature","id":"node/6678074185","properties":{"name":"琵琶湖","tourism":"alpine_hut","osm_id":"node/6678074185","label":"琵琶湖","category":"culture","original_geometry":"Point"},"geometry":{"type":"Point","coordinates":[118.8216329,32.0554477]}},{"type":"Feature","id":"node/6679450185","properties":{"name":"一家親","tourism":"hotel","osm_id":"node/6679450185","label":"一家親","category":"culture","original_geometry":"Point"},"geometry":{"type":"Point","coordinates":[118.8711129,32.046341]}},{"type":"Feature","id":"node/6877641625","properties":{"name":"麦当劳","name:en":"McDonald's","amenity":"fast_food","osm_id":"node/6877641625","label":"麦当劳","category":"service","original_geometry":"Point"},"geometry":{"type":"Point","coordinates":[118.7932418,32.0897305]}},{"type":"Feature","id":"node/6877654647","properties":{"name":"南京维景国际大酒店","name:en":"Grand MetroPark Hotel Nanjing","tourism":"hotel","osm_id":"node/6877654647","label":"南京维景国际大酒店","category":"culture","original_geometry":"Point"},"geometry":{"type":"Point","coordinates":[118.8180042,32.0415681]}},{"type":"Feature","id":"node/6901818354","properties":{"name":"南京外国语学校图书馆","amenity":"library","osm_id":"node/6901818354","label":"南京外国语学校图书馆","category":"education","original_geometry":"Point"},"geometry":{"type":"Point","coordinates":[118.7963618,32.058181]}},{"type":"Feature","id":"node/7247271581","properties":{"name":"星巴克","name:en":"Starbucks","amenity":"cafe","osm_id":"node/7247271581","label":"星巴克","category":"service","original_geometry":"Point"},"geometry":{"type":"Point","coordinates":[118.7823769,32.061195]}},{"type":"Feature","id":"node/7396970216","properties":{"name":"熊猫餐厅","amenity":"restaurant","osm_id":"node/7396970216","label":"熊猫餐厅","category":"service","original_geometry":"Point"},"geometry":{"type":"Point","coordinates":[118.8191218,32.0453605]}},{"type":"Feature","id":"node/7401315675","properties":{"name":"半山园水闸","historic":"ruins","osm_id":"node/7401315675","label":"半山园水闸","category":"culture","original_geometry":"Point"},"geometry":{"type":"Point","coordinates":[118.8250332,32.0485788]}},{"type":"Feature","id":"node/7403767595","properties":{"name":"熊猫医院","amenity":"hospital","osm_id":"node/7403767595","label":"熊猫医院","category":"health","original_geometry":"Point"},"geometry":{"type":"Point","coordinates":[118.8181199,32.046007]}},{"type":"Feature","id":"node/7511713262","properties":{"name":"桂林石屋遗迹","name:en":"Guilin Stone House Relic","historic":"ruins","osm_id":"node/7511713262","label":"桂林石屋遗迹","category":"culture","original_geometry":"Point"},"geometry":{"type":"Point","coordinates":[118.8543016,32.064665]}},{"type":"Feature","id":"node/7562083707","properties":{"name":"喜茶","name:en":"Heytea","amenity":"cafe","osm_id":"node/7562083707","label":"喜茶","category":"service","original_geometry":"Point"},"geometry":{"type":"Point","coordinates":[118.7798955,32.0526978]}},{"type":"Feature","id":"node/7562083709","properties":{"name":"Costa咖啡","name:en":"Costa","amenity":"cafe","osm_id":"node/7562083709","label":"咖啡","category":"service","original_geometry":"Point"},"geometry":{"type":"Point","coordinates":[118.7802925,32.0526364]}},{"type":"Feature","id":"node/7967791173","properties":{"name":"北京东路小学","amenity":"school","osm_id":"node/7967791173","label":"北京东路小学","category":"education","original_geometry":"Point"},"geometry":{"type":"Point","coordinates":[118.7940867,32.0598423]}},{"type":"Feature","id":"node/7979245898","properties":{"name":"Dogtown Burger","amenity":"restaurant","osm_id":"node/7979245898","label":"","category":"service","original_geometry":"Point"},"geometry":{"type":"Point","coordinates":[118.77948,32.0498879]}},{"type":"Feature","id":"node/7979245899","properties":{"name":"Oasis","amenity":"restaurant","osm_id":"node/7979245899","label":"","category":"service","original_geometry":"Point"},"geometry":{"type":"Point","coordinates":[118.7793017,32.0501664]}},{"type":"Feature","id":"node/7979245900","properties":{"name":"星巴克","name:en":"Starbucks","amenity":"cafe","osm_id":"node/7979245900","label":"星巴克","category":"service","original_geometry":"Point"},"geometry":{"type":"Point","coordinates":[118.7793094,32.0498876]}},{"type":"Feature","id":"node/7985175427","properties":{"name":"肯德基","name:en":"KFC","amenity":"fast_food","osm_id":"node/7985175427","label":"肯德基","category":"service","original_geometry":"Point"},"geometry":{"type":"Point","coordinates":[118.7913656,32.0510244]}},{"type":"Feature","id":"node/7985175428","properties":{"name":"肯德基","name:en":"KFC","amenity":"fast_food","osm_id":"node/7985175428","label":"肯德基","category":"service","original_geometry":"Point"},"geometry":{"type":"Point","coordinates":[118.7901283,32.0513291]}},{"type":"Feature","id":"node/7985175429","properties":{"name":"肯德基","name:en":"KFC","amenity":"fast_food","osm_id":"node/7985175429","label":"肯德基","category":"service","original_geometry":"Point"},"geometry":{"type":"Point","coordinates":[118.7815616,32.0563066]}},{"type":"Feature","id":"node/7985376024","properties":{"name":"肯德基","name:en":"KFC","amenity":"fast_food","osm_id":"node/7985376024","label":"肯德基","category":"service","original_geometry":"Point"},"geometry":{"type":"Point","coordinates":[118.8402922,32.0493299]}},{"type":"Feature","id":"node/7985408452","properties":{"name":"Commune","name:en":"Commune","amenity":"bar","osm_id":"node/7985408452","label":"","category":"service","original_geometry":"Point"},"geometry":{"type":"Point","coordinates":[118.7917144,32.0480912]}},{"type":"Feature","id":"node/7987839258","properties":{"name":"Helen's","amenity":"bar","osm_id":"node/7987839258","label":"","category":"service","original_geometry":"Point"},"geometry":{"type":"Point","coordinates":[118.7867843,32.043655]}},{"type":"Feature","id":"node/7987839657","properties":{"name":"Moment","amenity":"cafe","osm_id":"node/7987839657","label":"","category":"service","original_geometry":"Point"},"geometry":{"type":"Point","coordinates":[118.7881159,32.0442338]}},{"type":"Feature","id":"node/7987847238","properties":{"name":"肯德基","name:en":"KFC","amenity":"fast_food","osm_id":"node/7987847238","label":"肯德基","category":"service","original_geometry":"Point"},"geometry":{"type":"Point","coordinates":[118.7918678,32.088321]}},{"type":"Feature","id":"node/7992465398","properties":{"name":"北京东路小学附属幼儿园","amenity":"kindergarten","osm_id":"node/7992465398","label":"北京东路小学附属幼儿园","category":"education","original_geometry":"Point"},"geometry":{"type":"Point","coordinates":[118.7935181,32.0600132]}},{"type":"Feature","id":"node/7992465408","properties":{"name":"新街口派出所","amenity":"police","osm_id":"node/7992465408","label":"新街口派出所","category":"service","original_geometry":"Point"},"geometry":{"type":"Point","coordinates":[118.7815756,32.055434]}},{"type":"Feature","id":"node/7992465414","properties":{"name":"梅园新村派出所","amenity":"police","osm_id":"node/7992465414","label":"梅园新村派出所","category":"service","original_geometry":"Point"},"geometry":{"type":"Point","coordinates":[118.793455,32.0525012]}},{"type":"Feature","id":"node/8001955539","properties":{"name":"南京林业大学·新庄","name:en":"NFU - Xinzhuang","railway":"station","osm_id":"node/8001955539","label":"南京林业大学新庄","category":"transport","original_geometry":"Point"},"geometry":{"type":"Point","coordinates":[118.8052423,32.078684]}},{"type":"Feature","id":"node/8040149937","properties":{"name":"星巴克","name:en":"Starbucks","amenity":"cafe","osm_id":"node/8040149937","label":"星巴克","category":"service","original_geometry":"Point"},"geometry":{"type":"Point","coordinates":[118.7900873,32.0510207]}},{"type":"Feature","id":"node/8040149949","properties":{"name":"东方珍珠饭店","amenity":"restaurant","osm_id":"node/8040149949","label":"东方珍珠饭店","category":"service","original_geometry":"Point"},"geometry":{"type":"Point","coordinates":[118.7902637,32.0512457]}},{"type":"Feature","id":"node/8040149954","properties":{"name":"中国工商银行","name:en":"Industrial and Commercial Bank of China","amenity":"bank","osm_id":"node/8040149954","label":"中国工商银行","category":"service","original_geometry":"Point"},"geometry":{"type":"Point","coordinates":[118.7905796,32.0548476]}},{"type":"Feature","id":"node/8040149955","properties":{"name":"中国农业银行","name:en":"Agricultural Bank of China","amenity":"bank","osm_id":"node/8040149955","label":"中国农业银行","category":"service","original_geometry":"Point"},"geometry":{"type":"Point","coordinates":[118.7874456,32.0551251]}},{"type":"Feature","id":"node/8263934279","properties":{"name":"陈禄明黄焖鸡米饭","amenity":"restaurant","osm_id":"node/8263934279","label":"陈禄明黄焖鸡米饭","category":"service","original_geometry":"Point"},"geometry":{"type":"Point","coordinates":[118.7867399,32.0538438]}},{"type":"Feature","id":"node/8280728427","properties":{"name":"紫金山","name:en":"Zijinshan","railway":"station","osm_id":"node/8280728427","label":"紫金山","category":"transport","original_geometry":"Point"},"geometry":{"type":"Point","coordinates":[118.8923959,32.0886743]}},{"type":"Feature","id":"node/8280728429","properties":{"name":"沧波门","name:en":"Cangbomen","railway":"station","osm_id":"node/8280728429","label":"沧波门","category":"transport","original_geometry":"Point"},"geometry":{"type":"Point","coordinates":[118.8775911,32.0327329]}},{"type":"Feature","id":"node/8373507032","properties":{"name":"The Ritz-Carlton, Nanjing","tourism":"hotel","osm_id":"node/8373507032","label":"","category":"culture","original_geometry":"Point"},"geometry":{"type":"Point","coordinates":[118.7798615,32.0469789]}},{"type":"Feature","id":"node/8516236662","properties":{"name":"中国邮政储蓄银行","name:en":"Postal Savings Bank of China","amenity":"bank","osm_id":"node/8516236662","label":"中国邮政储蓄银行","category":"service","original_geometry":"Point"},"geometry":{"type":"Point","coordinates":[118.7794,32.0599877]}},{"type":"Feature","id":"node/8516236696","properties":{"name":"幸福蓝海国际影城","name:en":"OmniJoi International Cinema","amenity":"cinema","osm_id":"node/8516236696","label":"幸福蓝海国际影城","category":"service","original_geometry":"Point"},"geometry":{"type":"Point","coordinates":[118.7802767,32.0597865]}},{"type":"Feature","id":"node/8674841517","properties":{"name":"教师食堂","amenity":"restaurant","osm_id":"node/8674841517","label":"教师食堂","category":"service","original_geometry":"Point"},"geometry":{"type":"Point","coordinates":[118.796319,32.0574122]}},{"type":"Feature","id":"node/8788443817","properties":{"name":"星巴克","name:en":"Starbucks","amenity":"cafe","osm_id":"node/8788443817","label":"星巴克","category":"service","original_geometry":"Point"},"geometry":{"type":"Point","coordinates":[118.79556,32.0494586]}},{"type":"Feature","id":"node/8788443819","properties":{"name":"汉堡王","name:en":"Burger King","amenity":"fast_food","osm_id":"node/8788443819","label":"汉堡王","category":"service","original_geometry":"Point"},"geometry":{"type":"Point","coordinates":[118.7944422,32.0496672]}},{"type":"Feature","id":"node/8788454098","properties":{"name":"IN FAB 西餐馆","amenity":"restaurant","osm_id":"node/8788454098","label":"西餐馆","category":"service","original_geometry":"Point"},"geometry":{"type":"Point","coordinates":[118.7953001,32.0495098]}},{"type":"Feature","id":"node/8891879564","properties":{"name":"海底捞火锅","name:en":"Hai Di Lao Hot Pot","amenity":"restaurant","osm_id":"node/8891879564","label":"海底捞火锅","category":"service","original_geometry":"Point"},"geometry":{"type":"Point","coordinates":[118.7841205,32.061195]}},{"type":"Feature","id":"node/9164163239","properties":{"name":"红山动物园","name:en":"Hongshan Zoo","railway":"station","osm_id":"node/9164163239","label":"红山动物园","category":"transport","original_geometry":"Point"},"geometry":{"type":"Point","coordinates":[118.796859,32.097955]}},{"type":"Feature","id":"node/9164163240","properties":{"name":"南京站","railway":"station","osm_id":"node/9164163240","label":"南京站","category":"transport","original_geometry":"Point"},"geometry":{"type":"Point","coordinates":[118.7914145,32.089061]}},{"type":"Feature","id":"node/9164163243","properties":{"name":"玄武门","railway":"station","osm_id":"node/9164163243","label":"玄武门","category":"transport","original_geometry":"Point"},"geometry":{"type":"Point","coordinates":[118.7790054,32.0724367]}},{"type":"Feature","id":"node/9164163246","properties":{"name":"珠江路","railway":"station","osm_id":"node/9164163246","label":"珠江路","category":"transport","original_geometry":"Point"},"geometry":{"type":"Point","coordinates":[118.7790309,32.0530398]}},{"type":"Feature","id":"node/9164739493","properties":{"name":"仙鹤门","railway":"station","osm_id":"node/9164739493","label":"仙鹤门","category":"transport","original_geometry":"Point"},"geometry":{"type":"Point","coordinates":[118.8999035,32.0872274]}},{"type":"Feature","id":"node/9164739498","properties":{"name":"钟灵街","railway":"station","osm_id":"node/9164739498","label":"钟灵街","category":"transport","original_geometry":"Point"},"geometry":{"type":"Point","coordinates":[118.8638447,32.0416668]}},{"type":"Feature","id":"node/9164739499","properties":{"name":"孝陵卫","name:en":"Xiaolingwei Station","railway":"station","osm_id":"node/9164739499","label":"孝陵卫","category":"transport","original_geometry":"Point"},"geometry":{"type":"Point","coordinates":[118.8527169,32.0377237]}},{"type":"Feature","id":"node/9164739500","properties":{"name":"下马坊","name:en":"Xiamafang Station","railway":"station","osm_id":"node/9164739500","label":"下马坊","category":"transport","original_geometry":"Point"},"geometry":{"type":"Point","coordinates":[118.8433757,32.0398762]}},{"type":"Feature","id":"node/9164739501","properties":{"name":"苜蓿园","railway":"station","osm_id":"node/9164739501","label":"苜蓿园","category":"transport","original_geometry":"Point"},"geometry":{"type":"Point","coordinates":[118.829969,32.0423793]}},{"type":"Feature","id":"node/9164739502","properties":{"name":"明故宫","railway":"station","osm_id":"node/9164739502","label":"明故宫","category":"transport","original_geometry":"Point"},"geometry":{"type":"Point","coordinates":[118.8144822,32.0413753]}},{"type":"Feature","id":"node/9164739504","properties":{"name":"大行宫","railway":"station","osm_id":"node/9164739504","label":"大行宫","category":"transport","original_geometry":"Point"},"geometry":{"type":"Point","coordinates":[118.7896339,32.0431408]}},{"type":"Feature","id":"node/9164739505","properties":{"name":"大行宫","railway":"station","osm_id":"node/9164739505","label":"大行宫","category":"transport","original_geometry":"Point"},"geometry":{"type":"Point","coordinates":[118.789426,32.0441325]}},{"type":"Feature","id":"node/9164878207","properties":{"name":"鸡鸣寺","railway":"station","osm_id":"node/9164878207","label":"鸡鸣寺","category":"transport","original_geometry":"Point"},"geometry":{"type":"Point","coordinates":[118.7927528,32.0591776]}},{"type":"Feature","id":"node/9164878208","properties":{"name":"鸡鸣寺","railway":"station","osm_id":"node/9164878208","label":"鸡鸣寺","category":"transport","original_geometry":"Point"},"geometry":{"type":"Point","coordinates":[118.7921868,32.0597171]}},{"type":"Feature","id":"node/9164878209","properties":{"name":"浮桥","railway":"station","osm_id":"node/9164878209","label":"浮桥","category":"transport","original_geometry":"Point"},"geometry":{"type":"Point","coordinates":[118.7910251,32.0514183]}},{"type":"Feature","id":"node/9164951627","properties":{"name":"九华山","railway":"station","osm_id":"node/9164951627","label":"九华山","category":"transport","original_geometry":"Point"},"geometry":{"type":"Point","coordinates":[118.8007151,32.0594559]}},{"type":"Feature","id":"node/9164951628","properties":{"name":"岗子村","name:en":"Gangzicun","railway":"station","osm_id":"node/9164951628","label":"岗子村","category":"transport","original_geometry":"Point"},"geometry":{"type":"Point","coordinates":[118.8107755,32.0674276]}},{"type":"Feature","id":"node/9164951629","properties":{"name":"蒋王庙","railway":"station","osm_id":"node/9164951629","label":"蒋王庙","category":"transport","original_geometry":"Point"},"geometry":{"type":"Point","coordinates":[118.82605,32.0797006]}},{"type":"Feature","id":"node/9164951630","properties":{"name":"王家湾","railway":"station","osm_id":"node/9164951630","label":"王家湾","category":"transport","original_geometry":"Point"},"geometry":{"type":"Point","coordinates":[118.8331103,32.0875442]}},{"type":"Feature","id":"node/9164951631","properties":{"name":"聚宝山","railway":"station","osm_id":"node/9164951631","label":"聚宝山","category":"transport","original_geometry":"Point"},"geometry":{"type":"Point","coordinates":[118.859754,32.0960929]}},{"type":"Feature","id":"node/9164951632","properties":{"name":"徐庄·苏宁总部","railway":"station","osm_id":"node/9164951632","label":"徐庄苏宁总部","category":"transport","original_geometry":"Point"},"geometry":{"type":"Point","coordinates":[118.8833105,32.0874529]}},{"type":"Feature","id":"node/9489099633","properties":{"name":"科学咖啡厅","amenity":"cafe","osm_id":"node/9489099633","label":"科学咖啡厅","category":"service","original_geometry":"Point"},"geometry":{"type":"Point","coordinates":[118.7902654,32.0619073]}},{"type":"Feature","id":"node/9546579447","properties":{"name":"中国邮政","name:en":"China Post","amenity":"post_office","osm_id":"node/9546579447","label":"中国邮政","category":"service","original_geometry":"Point"},"geometry":{"type":"Point","coordinates":[118.8486989,32.0383282]}},{"type":"Feature","id":"node/9636284472","properties":{"name":"南京市人民政府","amenity":"townhall","osm_id":"node/9636284472","label":"南京市人民政府","category":"service","original_geometry":"Point"},"geometry":{"type":"Point","coordinates":[118.7917216,32.0623313]}},{"type":"Feature","id":"node/9636284473","properties":{"name":"玄武区人民政府","amenity":"townhall","osm_id":"node/9636284473","label":"玄武区人民政府","category":"service","original_geometry":"Point"},"geometry":{"type":"Point","coordinates":[118.7926982,32.0506214]}},{"type":"Feature","id":"node/9660299944","properties":{"name":"小卖部","amenity":"fast_food","osm_id":"node/9660299944","label":"小卖部","category":"service","original_geometry":"Point"},"geometry":{"type":"Point","coordinates":[118.8458099,32.0707265]}},{"type":"Feature","id":"node/9711162065","properties":{"name":"国立中央大学旧址","historic":"memorial","osm_id":"node/9711162065","label":"国立中央大学旧址","category":"culture","original_geometry":"Point"},"geometry":{"type":"Point","coordinates":[118.7891402,32.0577336]}},{"type":"Feature","id":"node/9711162075","properties":{"name":"李瑞清雕像","tourism":"artwork","osm_id":"node/9711162075","label":"李瑞清雕像","category":"culture","original_geometry":"Point"},"geometry":{"type":"Point","coordinates":[118.7865551,32.0592695]}},{"type":"Feature","id":"node/9711573807","properties":{"name":"上海银行","name:en":"Bank of Shanghai","amenity":"bank","osm_id":"node/9711573807","label":"上海银行","category":"service","original_geometry":"Point"},"geometry":{"type":"Point","coordinates":[118.7931181,32.0588232]}},{"type":"Feature","id":"node/9717900516","properties":{"name":"紫金卫士酒店","tourism":"hotel","osm_id":"node/9717900516","label":"紫金卫士酒店","category":"culture","original_geometry":"Point"},"geometry":{"type":"Point","coordinates":[118.8447846,32.0359972]}},{"type":"Feature","id":"node/9717903017","properties":{"name":"都市118连锁酒店","tourism":"hotel","osm_id":"node/9717903017","label":"都市连锁酒店","category":"culture","original_geometry":"Point"},"geometry":{"type":"Point","coordinates":[118.8447899,32.0359012]}},{"type":"Feature","id":"node/9717903018","properties":{"name":"高淳老街精菜馆","amenity":"restaurant","osm_id":"node/9717903018","label":"高淳老街精菜馆","category":"service","original_geometry":"Point"},"geometry":{"type":"Point","coordinates":[118.844797,32.0357812]}},{"type":"Feature","id":"node/9717903020","properties":{"name":"福岗茶楼","amenity":"restaurant","osm_id":"node/9717903020","label":"福岗茶楼","category":"service","original_geometry":"Point"},"geometry":{"type":"Point","coordinates":[118.8447863,32.0355337]}},{"type":"Feature","id":"node/9728640884","properties":{"name":"站前喷泉","amenity":"fountain","osm_id":"node/9728640884","label":"站前喷泉","category":"service","original_geometry":"Point"},"geometry":{"type":"Point","coordinates":[118.7899414,32.0858439]}},{"type":"Feature","id":"node/9753366453","properties":{"name":"总统府停车场","amenity":"parking","layer":"-1","osm_id":"node/9753366453","label":"总统府停车场","category":"service","original_geometry":"Point"},"geometry":{"type":"Point","coordinates":[118.7917994,32.044361]}},{"type":"Feature","id":"node/9895217048","properties":{"name":"卓粤拉肠","amenity":"restaurant","osm_id":"node/9895217048","label":"卓粤拉肠","category":"service","original_geometry":"Point"},"geometry":{"type":"Point","coordinates":[118.7856528,32.0496536]}},{"type":"Feature","id":"node/9955335262","properties":{"name":"瑞幸","amenity":"cafe","osm_id":"node/9955335262","label":"瑞幸","category":"service","original_geometry":"Point"},"geometry":{"type":"Point","coordinates":[118.8819684,32.0892997]}},{"type":"Feature","id":"node/10154356358","properties":{"name":"玄武湖街道办事处","amenity":"townhall","osm_id":"node/10154356358","label":"玄武湖街道办事处","category":"service","original_geometry":"Point"},"geometry":{"type":"Point","coordinates":[118.8186556,32.074757]}},{"type":"Feature","id":"node/10568404212","properties":{"name":"谭延闿墓","historic":"tomb","osm_id":"node/10568404212","label":"谭延闿墓","category":"culture","original_geometry":"Point"},"geometry":{"type":"Point","coordinates":[118.8651031,32.0613966]}},{"type":"Feature","id":"node/10744555600","properties":{"name":"山晓亭","amenity":"shelter","osm_id":"node/10744555600","label":"山晓亭","category":"service","original_geometry":"Point"},"geometry":{"type":"Point","coordinates":[118.8314106,32.068657]}},{"type":"Feature","id":"node/10744555601","properties":{"name":"听琴亭","amenity":"shelter","osm_id":"node/10744555601","label":"听琴亭","category":"service","original_geometry":"Point"},"geometry":{"type":"Point","coordinates":[118.8356095,32.0716962]}},{"type":"Feature","id":"node/10797201051","properties":{"name":"辟邪","tourism":"artwork","osm_id":"node/10797201051","label":"辟邪","category":"culture","original_geometry":"Point"},"geometry":{"type":"Point","coordinates":[118.8242153,32.0416948]}},{"type":"Feature","id":"node/11035381777","properties":{"name":"蔚来换电站","name:en":"NIO Power Swap","amenity":"charging_station","osm_id":"node/11035381777","label":"蔚来换电站","category":"service","original_geometry":"Point"},"geometry":{"type":"Point","coordinates":[118.799489,32.0525033]}},{"type":"Feature","id":"node/11484552961","properties":{"name":"霸王茶姬","name:en":"Chagee","amenity":"cafe","osm_id":"node/11484552961","label":"霸王茶姬","category":"service","original_geometry":"Point"},"geometry":{"type":"Point","coordinates":[118.7911196,32.0480817]}},{"type":"Feature","id":"node/11497059491","properties":{"name":"萨莉亚","name:en":"Saizeriya","amenity":"restaurant","osm_id":"node/11497059491","label":"萨莉亚","category":"service","original_geometry":"Point"},"geometry":{"type":"Point","coordinates":[118.7832628,32.06138]}},{"type":"Feature","id":"node/11497059494","properties":{"name":"萨莉亚","name:en":"Saizeriya","amenity":"restaurant","osm_id":"node/11497059494","label":"萨莉亚","category":"service","original_geometry":"Point"},"geometry":{"type":"Point","coordinates":[118.8051901,32.0878903]}},{"type":"Feature","id":"node/11613039679","properties":{"name":"南京紫金山昆虫博物馆","tourism":"museum","osm_id":"node/11613039679","label":"南京紫金山昆虫博物馆","category":"culture","original_geometry":"Point"},"geometry":{"type":"Point","coordinates":[118.8389784,32.0542957]}},{"type":"Feature","id":"node/11782671760","properties":{"name":"周恩来铜像","tourism":"artwork","osm_id":"node/11782671760","label":"周恩来铜像","category":"culture","original_geometry":"Point"},"geometry":{"type":"Point","coordinates":[118.7962843,32.0443006]}},{"type":"Feature","id":"node/11822362156","properties":{"name":"麦当劳","name:en":"McDonald's","amenity":"fast_food","osm_id":"node/11822362156","label":"麦当劳","category":"service","original_geometry":"Point"},"geometry":{"type":"Point","coordinates":[118.8088111,32.0826722]}},{"type":"Feature","id":"node/11871552431","properties":{"name":"中马腰","amenity":"shelter","osm_id":"node/11871552431","label":"中马腰","category":"service","original_geometry":"Point"},"geometry":{"type":"Point","coordinates":[118.8458702,32.0706979]}},{"type":"Feature","id":"node/11886580907","properties":{"name":"行健亭","amenity":"shelter","osm_id":"node/11886580907","label":"行健亭","category":"service","original_geometry":"Point"},"geometry":{"type":"Point","coordinates":[118.8443437,32.0572211]}},{"type":"Feature","id":"node/11920190642","properties":{"name":"野路危险","tourism":"information","osm_id":"node/11920190642","label":"野路危险","category":"culture","original_geometry":"Point"},"geometry":{"type":"Point","coordinates":[118.8377059,32.0733783]}},{"type":"Feature","id":"node/12029120274","properties":{"name":"下行观光车四方城站","amenity":"bus_station","highway":"bus_stop","osm_id":"node/12029120274","label":"下行观光车四方城站","category":"transport","original_geometry":"Point"},"geometry":{"type":"Point","coordinates":[118.83598,32.0476174]}},{"type":"Feature","id":"node/12029123973","properties":{"name":"上行观光车海底世界站","amenity":"bus_station","highway":"bus_stop","osm_id":"node/12029123973","label":"上行观光车海底世界站","category":"transport","original_geometry":"Point"},"geometry":{"type":"Point","coordinates":[118.8425311,32.0546737]}},{"type":"Feature","id":"node/12035726669","properties":{"name":"太平商务大厦地下停车场","amenity":"parking","osm_id":"node/12035726669","label":"太平商务大厦地下停车场","category":"service","original_geometry":"Point"},"geometry":{"type":"Point","coordinates":[118.7901383,32.0499398]}},{"type":"Feature","id":"node/12035728969","properties":{"name":"来福食糖","amenity":"restaurant","osm_id":"node/12035728969","label":"来福食糖","category":"service","original_geometry":"Point"},"geometry":{"type":"Point","coordinates":[118.7897966,32.0500457]}},{"type":"Feature","id":"node/12035768069","properties":{"name":"南京海底世界","name:en":"Nanjing Seabed World","tourism":"aquarium","osm_id":"node/12035768069","label":"南京海底世界","category":"culture","original_geometry":"Point"},"geometry":{"type":"Point","coordinates":[118.8399035,32.0557296]}},{"type":"Feature","id":"node/12035772069","properties":{"name":"国家电网汽车充电站State","name:en":"State grid EV charging station","amenity":"charging_station","osm_id":"node/12035772069","label":"国家电网汽车充电站","category":"service","original_geometry":"Point"},"geometry":{"type":"Point","coordinates":[118.8404404,32.0568835]}},{"type":"Feature","id":"node/12042070925","properties":{"name":"孔子雕像","tourism":"artwork","osm_id":"node/12042070925","label":"孔子雕像","category":"culture","original_geometry":"Point"},"geometry":{"type":"Point","coordinates":[118.8398945,32.0372837]}},{"type":"Feature","id":"node/12042071036","properties":{"name":"学生第二食堂","amenity":"restaurant","osm_id":"node/12042071036","label":"学生第二食堂","category":"service","original_geometry":"Point"},"geometry":{"type":"Point","coordinates":[118.8411856,32.0338574]}},{"type":"Feature","id":"node/12042071041","properties":{"name":"人文与社会发展学院","amenity":"college","osm_id":"node/12042071041","label":"人文与社会发展学院","category":"education","original_geometry":"Point"},"geometry":{"type":"Point","coordinates":[118.8375616,32.033261]}},{"type":"Feature","id":"node/12042071042","properties":{"name":"动物科技学院","amenity":"college","osm_id":"node/12042071042","label":"动物科技学院","category":"education","original_geometry":"Point"},"geometry":{"type":"Point","coordinates":[118.8364522,32.0331621]}},{"type":"Feature","id":"node/12042071043","properties":{"name":"动物医学院","amenity":"college","osm_id":"node/12042071043","label":"动物医学院","category":"education","original_geometry":"Point"},"geometry":{"type":"Point","coordinates":[118.8366035,32.0332892]}},{"type":"Feature","id":"node/12042071044","properties":{"name":"公共管理学院","amenity":"college","osm_id":"node/12042071044","label":"公共管理学院","category":"education","original_geometry":"Point"},"geometry":{"type":"Point","coordinates":[118.8368945,32.0333772]}},{"type":"Feature","id":"node/12042071045","properties":{"name":"农学院","amenity":"college","osm_id":"node/12042071045","label":"农学院","category":"education","original_geometry":"Point"},"geometry":{"type":"Point","coordinates":[118.837276,32.0357606]}},{"type":"Feature","id":"node/12042071046","properties":{"name":"园艺学院","amenity":"college","osm_id":"node/12042071046","label":"园艺学院","category":"education","original_geometry":"Point"},"geometry":{"type":"Point","coordinates":[118.8371459,32.0355814]}},{"type":"Feature","id":"node/12042071047","properties":{"name":"生命科学学院","amenity":"college","osm_id":"node/12042071047","label":"生命科学学院","category":"education","original_geometry":"Point"},"geometry":{"type":"Point","coordinates":[118.8371882,32.0352933]}},{"type":"Feature","id":"node/12121433545","properties":{"name":"KAOS NIGHT CLUB","amenity":"bar","osm_id":"node/12121433545","label":"","category":"service","original_geometry":"Point"},"geometry":{"type":"Point","coordinates":[118.7806627,32.0598078]}},{"type":"Feature","id":"node/12257395443","properties":{"name":"外国语学院","amenity":"college","osm_id":"node/12257395443","label":"外国语学院","category":"education","original_geometry":"Point"},"geometry":{"type":"Point","coordinates":[118.8378383,32.0373419]}},{"type":"Feature","id":"node/12257405470","properties":{"name":"麦当劳","name:en":"McDonald's","amenity":"fast_food","osm_id":"node/12257405470","label":"麦当劳","category":"service","original_geometry":"Point"},"geometry":{"type":"Point","coordinates":[118.8354643,32.0410898]}},{"type":"Feature","id":"node/12345219981","properties":{"name":"孙中山先生铜像","tourism":"artwork","osm_id":"node/12345219981","label":"孙中山先生铜像","category":"culture","original_geometry":"Point"},"geometry":{"type":"Point","coordinates":[118.8482847,32.0643805]}},{"type":"Feature","id":"node/12345226893","properties":{"name":"孝经鼎","historic":"memorial","osm_id":"node/12345226893","label":"孝经鼎","category":"culture","original_geometry":"Point"},"geometry":{"type":"Point","coordinates":[118.8487465,32.0578711]}},{"type":"Feature","id":"node/12345226894","properties":{"name":"博爱坊","historic":"memorial","osm_id":"node/12345226894","label":"博爱坊","category":"culture","original_geometry":"Point"},"geometry":{"type":"Point","coordinates":[118.8486466,32.0587677]}},{"type":"Feature","id":"node/12419677416","properties":{"name":"仙鹤门遇难同胞纪念碑","name:en":"Memorial to the Fallen Compatriots in Xianhemen","historic":"memorial","start_date":"2007","osm_id":"node/12419677416","label":"仙鹤门遇难同胞纪念碑","category":"culture","original_geometry":"Point"},"geometry":{"type":"Point","coordinates":[118.8944664,32.0926977]}},{"type":"Feature","id":"node/12666207529","properties":{"name":"肯德基","amenity":"fast_food","osm_id":"node/12666207529","label":"肯德基","category":"service","original_geometry":"Point"},"geometry":{"type":"Point","coordinates":[118.8781321,32.093571]}},{"type":"Feature","id":"node/12666207541","properties":{"name":"老娘舅","amenity":"fast_food","osm_id":"node/12666207541","label":"老娘舅","category":"service","original_geometry":"Point"},"geometry":{"type":"Point","coordinates":[118.8788818,32.0949923]}},{"type":"Feature","id":"node/12666207542","properties":{"name":"麦当劳","amenity":"fast_food","osm_id":"node/12666207542","label":"麦当劳","category":"service","original_geometry":"Point"},"geometry":{"type":"Point","coordinates":[118.8788436,32.095236]}},{"type":"Feature","id":"node/12666207544","properties":{"name":"瑞幸咖啡","amenity":"cafe","osm_id":"node/12666207544","label":"瑞幸咖啡","category":"service","original_geometry":"Point"},"geometry":{"type":"Point","coordinates":[118.8758656,32.0924144]}},{"type":"Feature","id":"node/12666763349","properties":{"name":"铂纳酒店","tourism":"hotel","osm_id":"node/12666763349","label":"铂纳酒店","category":"culture","original_geometry":"Point"},"geometry":{"type":"Point","coordinates":[118.8849503,32.0889285]}},{"type":"Feature","id":"node/12673637495","properties":{"name":"紫金山庄国宾馆","tourism":"hotel","osm_id":"node/12673637495","label":"紫金山庄国宾馆","category":"culture","original_geometry":"Point"},"geometry":{"type":"Point","coordinates":[118.8660112,32.0782929]}},{"type":"Feature","id":"node/12916687193","properties":{"name":"馨罗冷面拌饭","amenity":"restaurant","osm_id":"node/12916687193","label":"馨罗冷面拌饭","category":"service","original_geometry":"Point"},"geometry":{"type":"Point","coordinates":[118.7834776,32.0519873]}},{"type":"Feature","id":"node/12986787510","properties":{"name":"正义之神","tourism":"artwork","osm_id":"node/12986787510","label":"正义之神","category":"culture","original_geometry":"Point"},"geometry":{"type":"Point","coordinates":[118.8402523,32.0912238]}},{"type":"Feature","id":"node/13070367918","properties":{"name":"西安瓦罐麵黃燜雞米飯(成賢街店)","amenity":"restaurant","osm_id":"node/13070367918","label":"西安瓦罐麵黃燜雞米飯成賢街店","category":"service","original_geometry":"Point"},"geometry":{"type":"Point","coordinates":[118.7902357,32.05388]}},{"type":"Feature","id":"node/13099730551","properties":{"name":"全季酒店","tourism":"hotel","osm_id":"node/13099730551","label":"全季酒店","category":"culture","original_geometry":"Point"},"geometry":{"type":"Point","coordinates":[118.8464103,32.0254802]}},{"type":"Feature","id":"node/13099730599","properties":{"name":"益丰大药房","amenity":"pharmacy","osm_id":"node/13099730599","label":"益丰大药房","category":"health","original_geometry":"Point"},"geometry":{"type":"Point","coordinates":[118.8406067,32.0310356]}},{"type":"Feature","id":"node/13099734602","properties":{"name":"老乡鸡","name:en":"Home Original Chicken","amenity":"restaurant","osm_id":"node/13099734602","label":"老乡鸡","category":"service","original_geometry":"Point"},"geometry":{"type":"Point","coordinates":[118.8403091,32.0307406]}},{"type":"Feature","id":"node/13099734603","properties":{"name":"美艺琴行","amenity":"music_school","osm_id":"node/13099734603","label":"美艺琴行","category":"service","original_geometry":"Point"},"geometry":{"type":"Point","coordinates":[118.8400879,32.0305379]}},{"type":"Feature","id":"node/13099734604","properties":{"name":"高济再康药房","amenity":"pharmacy","osm_id":"node/13099734604","label":"高济再康药房","category":"health","original_geometry":"Point"},"geometry":{"type":"Point","coordinates":[118.8409922,32.0309268]}},{"type":"Feature","id":"node/13099734606","properties":{"name":"瑞幸咖啡","name:en":"Luckin Coffee","amenity":"cafe","osm_id":"node/13099734606","label":"瑞幸咖啡","category":"service","original_geometry":"Point"},"geometry":{"type":"Point","coordinates":[118.8396878,32.0317195]}},{"type":"Feature","id":"node/13099734607","properties":{"name":"海天口腔门诊部","amenity":"dentist","osm_id":"node/13099734607","label":"海天口腔门诊部","category":"service","original_geometry":"Point"},"geometry":{"type":"Point","coordinates":[118.8398223,32.0316213]}},{"type":"Feature","id":"node/13099734620","properties":{"name":"瑞园土菜馆","amenity":"restaurant","osm_id":"node/13099734620","label":"瑞园土菜馆","category":"service","original_geometry":"Point"},"geometry":{"type":"Point","coordinates":[118.8454079,32.02939]}},{"type":"Feature","id":"node/13099762908","properties":{"name":"经济管理学院","amenity":"college","osm_id":"node/13099762908","label":"经济管理学院","category":"education","original_geometry":"Point"},"geometry":{"type":"Point","coordinates":[118.8063694,32.0793252]}},{"type":"Feature","id":"node/13099762909","properties":{"name":"家居与工业设计学院","amenity":"college","osm_id":"node/13099762909","label":"家居与工业设计学院","category":"education","original_geometry":"Point"},"geometry":{"type":"Point","coordinates":[118.8065612,32.0797247]}},{"type":"Feature","id":"node/13099762910","properties":{"name":"人文社会科学学院","amenity":"college","osm_id":"node/13099762910","label":"人文社会科学学院","category":"education","original_geometry":"Point"},"geometry":{"type":"Point","coordinates":[118.8060629,32.0798336]}},{"type":"Feature","id":"node/13099762911","properties":{"name":"艺术设计学院","amenity":"college","osm_id":"node/13099762911","label":"艺术设计学院","category":"education","original_geometry":"Point"},"geometry":{"type":"Point","coordinates":[118.8065825,32.0793916]}},{"type":"Feature","id":"node/13099762912","properties":{"name":"外国语学院","amenity":"college","osm_id":"node/13099762912","label":"外国语学院","category":"education","original_geometry":"Point"},"geometry":{"type":"Point","coordinates":[118.8061104,32.0792643]}},{"type":"Feature","id":"node/13099762913","properties":{"name":"马克思主义学院","amenity":"college","osm_id":"node/13099762913","label":"马克思主义学院","category":"education","original_geometry":"Point"},"geometry":{"type":"Point","coordinates":[118.8060353,32.079257]}},{"type":"Feature","id":"node/13099762914","properties":{"name":"MBA教育中心","amenity":"college","osm_id":"node/13099762914","label":"教育中心","category":"education","original_geometry":"Point"},"geometry":{"type":"Point","coordinates":[118.8060644,32.0803924]}},{"type":"Feature","id":"node/13099762915","properties":{"name":"继续教育学院","amenity":"college","osm_id":"node/13099762915","label":"继续教育学院","category":"education","original_geometry":"Point"},"geometry":{"type":"Point","coordinates":[118.8072924,32.0783809]}},{"type":"Feature","id":"node/13099762925","properties":{"name":"林草学院、水土保持学院","amenity":"college","osm_id":"node/13099762925","label":"林草学院水土保持学院","category":"education","original_geometry":"Point"},"geometry":{"type":"Point","coordinates":[118.8087912,32.0787297]}},{"type":"Feature","id":"node/13099762926","properties":{"name":"化学工程学院","amenity":"college","osm_id":"node/13099762926","label":"化学工程学院","category":"education","original_geometry":"Point"},"geometry":{"type":"Point","coordinates":[118.8084587,32.0798472]}},{"type":"Feature","id":"node/13099762927","properties":{"name":"机械电子工程学院","amenity":"college","osm_id":"node/13099762927","label":"机械电子工程学院","category":"education","original_geometry":"Point"},"geometry":{"type":"Point","coordinates":[118.8101922,32.0790431]}},{"type":"Feature","id":"node/13099762928","properties":{"name":"生命科学学院","amenity":"college","osm_id":"node/13099762928","label":"生命科学学院","category":"education","original_geometry":"Point"},"geometry":{"type":"Point","coordinates":[118.8095646,32.0785081]}},{"type":"Feature","id":"node/13099762929","properties":{"name":"生态与环境学院","amenity":"college","osm_id":"node/13099762929","label":"生态与环境学院","category":"education","original_geometry":"Point"},"geometry":{"type":"Point","coordinates":[118.8096543,32.0785683]}},{"type":"Feature","id":"node/13099762937","properties":{"name":"风景园林学院","amenity":"college","osm_id":"node/13099762937","label":"风景园林学院","category":"education","original_geometry":"Point"},"geometry":{"type":"Point","coordinates":[118.8172344,32.0803658]}},{"type":"Feature","id":"node/13099762938","properties":{"name":"轻工与食品学院","amenity":"college","osm_id":"node/13099762938","label":"轻工与食品学院","category":"education","original_geometry":"Point"},"geometry":{"type":"Point","coordinates":[118.8170542,32.0793877]}},{"type":"Feature","id":"node/13099762964","properties":{"name":"体育教研部","amenity":"college","osm_id":"node/13099762964","label":"体育教研部","category":"education","original_geometry":"Point"},"geometry":{"type":"Point","coordinates":[118.8116864,32.0834612]}},{"type":"Feature","id":"node/13099763002","properties":{"name":"国际教育学院","amenity":"college","osm_id":"node/13099763002","label":"国际教育学院","category":"education","original_geometry":"Point"},"geometry":{"type":"Point","coordinates":[118.8060291,32.0780411]}},{"type":"Feature","id":"node/13186197648","properties":{"name":"治隆唐宋碑","historic":"memorial","osm_id":"node/13186197648","label":"治隆唐宋碑","category":"culture","original_geometry":"Point"},"geometry":{"type":"Point","coordinates":[118.8346053,32.0574363]}},{"type":"Feature","id":"node/13186197649","properties":{"name":"特别告示碑","historic":"memorial","osm_id":"node/13186197649","label":"特别告示碑","category":"culture","original_geometry":"Point"},"geometry":{"type":"Point","coordinates":[118.8346377,32.0573974]}},{"type":"Feature","id":"node/13186278047","properties":{"name":"神功圣德碑","historic":"memorial","osm_id":"node/13186278047","label":"神功圣德碑","category":"culture","original_geometry":"Point"},"geometry":{"type":"Point","coordinates":[118.8382271,32.0488181]}},{"type":"Feature","id":"node/13186310801","properties":{"name":"无字碑","historic":"memorial","osm_id":"node/13186310801","label":"无字碑","category":"culture","original_geometry":"Point"},"geometry":{"type":"Point","coordinates":[118.8484041,32.0626248]}},{"type":"Feature","id":"node/13253575457","properties":{"name":"Mcd","amenity":"fast_food","osm_id":"node/13253575457","label":"","category":"service","original_geometry":"Point"},"geometry":{"type":"Point","coordinates":[118.7877939,32.07625]}},{"type":"Feature","id":"node/13283751065","properties":{"name":"肯德基","name:en":"KFC","amenity":"fast_food","osm_id":"node/13283751065","label":"肯德基","category":"service","original_geometry":"Point"},"geometry":{"type":"Point","coordinates":[118.8295588,32.0430211]}},{"type":"Feature","id":"node/13287565925","properties":{"name":"北极阁附近遇难同胞纪念碑","name:en":"Memorial to the Fallen Compatriots in Beijige","historic":"memorial","start_date":"1985-08-15","osm_id":"node/13287565925","label":"北极阁附近遇难同胞纪念碑","category":"culture","original_geometry":"Point"},"geometry":{"type":"Point","coordinates":[118.7856681,32.0604734]}},{"type":"Feature","id":"node/13287595349","properties":{"name":"东郊丛葬地纪念碑","name:en":"Dongjiao Mass Grave Memorial","historic":"memorial","start_date":"1988-5","osm_id":"node/13287595349","label":"东郊丛葬地纪念碑","category":"culture","original_geometry":"Point"},"geometry":{"type":"Point","coordinates":[118.8621309,32.0493714]}},{"type":"Feature","id":"node/13409930649","properties":{"name":"信息科学与技术学院、人工智能学院","amenity":"college","osm_id":"node/13409930649","label":"信息科学与技术学院人工智能学院","category":"education","original_geometry":"Point"},"geometry":{"type":"Point","coordinates":[118.8057485,32.0781913]}},{"type":"Feature","id":"node/13463720928","properties":{"name":"郑家牛肉面","amenity":"restaurant","osm_id":"node/13463720928","label":"郑家牛肉面","category":"service","original_geometry":"Point"},"geometry":{"type":"Point","coordinates":[118.7808296,32.0673729]}},{"type":"Feature","id":"node/13463723813","properties":{"name":"峨嵋路副食品市场","amenity":"marketplace","osm_id":"node/13463723813","label":"峨嵋路副食品市场","category":"service","original_geometry":"Point"},"geometry":{"type":"Point","coordinates":[118.7844354,32.0643825]}},{"type":"Feature","id":"node/13505925683","properties":{"name":"白马公园","name:en":"Pegasus Park","railway":"station","osm_id":"node/13505925683","label":"白马公园","category":"transport","original_geometry":"Point"},"geometry":{"type":"Point","coordinates":[118.8108538,32.0607777]}},{"type":"Feature","id":"node/13683750001","properties":{"name":"南京錦創書城","name:en":"Jinchuang Bookstore (Zhujiang Road Branch)","amenity":"library","osm_id":"node/13683750001","label":"南京錦創書城","category":"education","original_geometry":"Point"},"geometry":{"type":"Point","coordinates":[118.801329,32.0478809]}},{"type":"Feature","id":"node/13741877888","properties":{"name":"南湖胖子砂锅","amenity":"fast_food","osm_id":"node/13741877888","label":"南湖胖子砂锅","category":"service","original_geometry":"Point"},"geometry":{"type":"Point","coordinates":[118.7855821,32.0494841]}},{"type":"Feature","id":"node/13741877898","properties":{"name":"放心油条粥店","amenity":"fast_food","osm_id":"node/13741877898","label":"放心油条粥店","category":"service","original_geometry":"Point"},"geometry":{"type":"Point","coordinates":[118.7857349,32.0495939]}},{"type":"Feature","id":"node/13741908414","properties":{"name":"中国民生银行","name:en":"China Minsheng Bank","amenity":"bank","osm_id":"node/13741908414","label":"中国民生银行","category":"service","original_geometry":"Point"},"geometry":{"type":"Point","coordinates":[118.7834811,32.0451562]}},{"type":"Feature","id":"node/13741908415","properties":{"name":"蜜雪冰城","name:en":"Mixue Ice Cream & Tea","amenity":"cafe","osm_id":"node/13741908415","label":"蜜雪冰城","category":"service","original_geometry":"Point"},"geometry":{"type":"Point","coordinates":[118.785109,32.0497328]}},{"type":"Feature","id":"node/13741908438","properties":{"name":"贵阳糯米饭","amenity":"fast_food","osm_id":"node/13741908438","label":"贵阳糯米饭","category":"service","original_geometry":"Point"},"geometry":{"type":"Point","coordinates":[118.7858646,32.0494364]}},{"type":"Feature","id":"node/13741908449","properties":{"name":"鸡蛋汉堡","amenity":"fast_food","osm_id":"node/13741908449","label":"鸡蛋汉堡","category":"service","original_geometry":"Point"},"geometry":{"type":"Point","coordinates":[118.7859167,32.0494303]}},{"type":"Feature","id":"node/13741908470","properties":{"name":"暴啤汽麻辣烫","amenity":"fast_food","osm_id":"node/13741908470","label":"暴啤汽麻辣烫","category":"service","original_geometry":"Point"},"geometry":{"type":"Point","coordinates":[118.7856385,32.0494757]}},{"type":"Feature","id":"node/13741908476","properties":{"name":"王记包子店","amenity":"fast_food","osm_id":"node/13741908476","label":"王记包子店","category":"service","original_geometry":"Point"},"geometry":{"type":"Point","coordinates":[118.7860197,32.0495556]}},{"type":"Feature","id":"node/13741908505","properties":{"name":"小马牛肉面","amenity":"fast_food","osm_id":"node/13741908505","label":"小马牛肉面","category":"service","original_geometry":"Point"},"geometry":{"type":"Point","coordinates":[118.7853356,32.0495699]}},{"type":"Feature","id":"node/13741908507","properties":{"name":"半斤牛肉面","amenity":"fast_food","osm_id":"node/13741908507","label":"半斤牛肉面","category":"service","original_geometry":"Point"},"geometry":{"type":"Point","coordinates":[118.7858775,32.0495659]}},{"type":"Feature","id":"node/13741908512","properties":{"name":"恒信","amenity":"restaurant","osm_id":"node/13741908512","label":"恒信","category":"service","original_geometry":"Point"},"geometry":{"type":"Point","coordinates":[118.7857278,32.0494606]}},{"type":"Feature","id":"node/13741908513","properties":{"name":"面點美食","amenity":"fast_food","osm_id":"node/13741908513","label":"面點美食","category":"service","original_geometry":"Point"},"geometry":{"type":"Point","coordinates":[118.7858096,32.0495794]}},{"type":"Feature","id":"node/13741908525","properties":{"name":"大宝麻辣烫","amenity":"fast_food","osm_id":"node/13741908525","label":"大宝麻辣烫","category":"service","original_geometry":"Point"},"geometry":{"type":"Point","coordinates":[118.7859555,32.0495556]}},{"type":"Feature","id":"node/13741908526","properties":{"name":"翠园","amenity":"restaurant","osm_id":"node/13741908526","label":"翠园","category":"service","original_geometry":"Point"},"geometry":{"type":"Point","coordinates":[118.7799422,32.0469721]}},{"type":"Feature","id":"node/13741908527","properties":{"name":"南湖炸串","amenity":"fast_food","osm_id":"node/13741908527","label":"南湖炸串","category":"service","original_geometry":"Point"},"geometry":{"type":"Point","coordinates":[118.7859502,32.0494281]}},{"type":"Feature","id":"node/13741908533","properties":{"name":"秘制生蚝","amenity":"fast_food","osm_id":"node/13741908533","label":"秘制生蚝","category":"service","original_geometry":"Point"},"geometry":{"type":"Point","coordinates":[118.7851989,32.0497187]}},{"type":"Feature","id":"node/13741908534","properties":{"name":"江苏银行","name:en":"Bank of Jiangsu","amenity":"bank","osm_id":"node/13741908534","label":"江苏银行","category":"service","original_geometry":"Point"},"geometry":{"type":"Point","coordinates":[118.78257,32.0455685]}},{"type":"Feature","id":"node/13741908546","properties":{"name":"叶新鸭血粉丝汤","amenity":"fast_food","osm_id":"node/13741908546","label":"叶新鸭血粉丝汤","category":"service","original_geometry":"Point"},"geometry":{"type":"Point","coordinates":[118.7857892,32.0494527]}},{"type":"Feature","id":"node/13741908551","properties":{"name":"星巴克","name:en":"Starbucks","amenity":"cafe","osm_id":"node/13741908551","label":"星巴克","category":"service","original_geometry":"Point"},"geometry":{"type":"Point","coordinates":[118.7835731,32.0484952]}},{"type":"Feature","id":"node/13741908570","properties":{"name":"山东李家煎饼","amenity":"fast_food","osm_id":"node/13741908570","label":"山东李家煎饼","category":"service","original_geometry":"Point"},"geometry":{"type":"Point","coordinates":[118.7859942,32.0495465]}},{"type":"Feature","id":"node/13741908594","properties":{"name":"冰粉椰子铺","amenity":"fast_food","osm_id":"node/13741908594","label":"冰粉椰子铺","category":"service","original_geometry":"Point"},"geometry":{"type":"Point","coordinates":[118.7852991,32.0495776]}},{"type":"Feature","id":"node/13747451182","properties":{"name":"皮爷咖啡","amenity":"cafe","osm_id":"node/13747451182","label":"皮爷咖啡","category":"service","original_geometry":"Point"},"geometry":{"type":"Point","coordinates":[118.7793938,32.0490179]}},{"type":"Feature","id":"node/13747451183","properties":{"name":"Manner Coffee","amenity":"cafe","osm_id":"node/13747451183","label":"","category":"service","original_geometry":"Point"},"geometry":{"type":"Point","coordinates":[118.7795204,32.048835]}},{"type":"Feature","id":"node/13747451185","properties":{"name":"Grid Coffee","amenity":"cafe","osm_id":"node/13747451185","label":"","category":"service","original_geometry":"Point"},"geometry":{"type":"Point","coordinates":[118.779395,32.0489406]}},{"type":"Feature","id":"node/13747451188","properties":{"name":"肯德基","name:en":"KFC","amenity":"fast_food","osm_id":"node/13747451188","label":"肯德基","category":"service","original_geometry":"Point"},"geometry":{"type":"Point","coordinates":[118.7793962,32.0491551]}},{"type":"Feature","id":"node/13747451189","properties":{"name":"Podo in Podo","amenity":"restaurant","osm_id":"node/13747451189","label":"","category":"service","original_geometry":"Point"},"geometry":{"type":"Point","coordinates":[118.7793914,32.0490758]}},{"type":"Feature","id":"node/13823400901","properties":{"name":"Literature museum zhongshan","tourism":"museum","osm_id":"node/13823400901","label":"","category":"culture","original_geometry":"Point"},"geometry":{"type":"Point","coordinates":[118.8371871,32.0575833]}},{"type":"Feature","id":"node/13851939408","properties":{"name":"老乡鸡","name:en":"Home Original Chicken","amenity":"restaurant","osm_id":"node/13851939408","label":"老乡鸡","category":"service","original_geometry":"Point"},"geometry":{"type":"Point","coordinates":[118.8862516,32.0926522]}},{"type":"Feature","id":"node/13852223036","properties":{"name":"老茶馆","amenity":"theatre","osm_id":"node/13852223036","label":"老茶馆","category":"service","original_geometry":"Point"},"geometry":{"type":"Point","coordinates":[118.8194879,32.0422487]}},{"type":"Feature","id":"node/13852223075","properties":{"name":"鸡鸣汤包","amenity":"restaurant","osm_id":"node/13852223075","label":"鸡鸣汤包","category":"service","original_geometry":"Point"},"geometry":{"type":"Point","coordinates":[118.8165897,32.046984]}},{"type":"Feature","id":"node/13875857165","properties":{"name":"小厨娘淮扬菜","amenity":"restaurant","osm_id":"node/13875857165","label":"小厨娘淮扬菜","category":"service","original_geometry":"Point"},"geometry":{"type":"Point","coordinates":[118.7821391,32.061721]}},{"type":"Feature","id":"node/13875931795","properties":{"name":"鸡鸣寺","amenity":"bicycle_rental","osm_id":"node/13875931795","label":"鸡鸣寺","category":"service","original_geometry":"Point"},"geometry":{"type":"Point","coordinates":[118.7901739,32.0614589]}},{"type":"Feature","id":"node/4414141318","properties":{"name":"入水口","place":"hamlet","osm_id":"node/4414141318","label":"入水口","category":"place","original_geometry":"Point"},"geometry":{"type":"Point","coordinates":[118.7987398,32.0804138]}},{"type":"Feature","id":"node/4414141346","properties":{"name":"入水口","place":"hamlet","osm_id":"node/4414141346","label":"入水口","category":"place","original_geometry":"Point"},"geometry":{"type":"Point","coordinates":[118.7850551,32.0868634]}},{"type":"Feature","id":"node/5524009853","properties":{"name":"鸡笼山","natural":"peak","osm_id":"node/5524009853","label":"鸡笼山","category":"nature","original_geometry":"Point"},"geometry":{"type":"Point","coordinates":[118.7867847,32.0618921]}},{"type":"Feature","id":"node/5524009854","properties":{"name":"九华山","natural":"peak","osm_id":"node/5524009854","label":"九华山","category":"nature","original_geometry":"Point"},"geometry":{"type":"Point","coordinates":[118.8022021,32.0625695]}},{"type":"Feature","id":"node/5524060179","properties":{"name":"朝阳山","natural":"peak","ele":"123","osm_id":"node/5524060179","label":"朝阳山","category":"nature","original_geometry":"Point"},"geometry":{"type":"Point","coordinates":[118.8513699,32.0992532]}},{"type":"Feature","id":"node/5536911623","properties":{"name":"北大山","natural":"peak","osm_id":"node/5536911623","label":"北大山","category":"nature","original_geometry":"Point"},"geometry":{"type":"Point","coordinates":[118.8147793,32.0835379]}},{"type":"Feature","id":"node/5546846703","properties":{"name":"余粮庄","place":"hamlet","osm_id":"node/5546846703","label":"余粮庄","category":"place","original_geometry":"Point"},"geometry":{"type":"Point","coordinates":[118.8784763,32.0352739]}},{"type":"Feature","id":"node/5572405709","properties":{"name":"东杨坊","place":"village","osm_id":"node/5572405709","label":"东杨坊","category":"place","original_geometry":"Point"},"geometry":{"type":"Point","coordinates":[118.8686941,32.0994812]}},{"type":"Feature","id":"node/5572424218","properties":{"name":"狮子山","natural":"peak","osm_id":"node/5572424218","label":"狮子山","category":"nature","original_geometry":"Point"},"geometry":{"type":"Point","coordinates":[118.8816974,32.0953548]}},{"type":"Feature","id":"node/7396886712","properties":{"name":"中山门广场","place":"square","osm_id":"node/7396886712","label":"中山门广场","category":"place","original_geometry":"Point"},"geometry":{"type":"Point","coordinates":[118.8241981,32.0417195]}},{"type":"Feature","id":"node/9972113377","properties":{"name":"东洼子","place":"locality","osm_id":"node/9972113377","label":"东洼子","category":"place","original_geometry":"Point"},"geometry":{"type":"Point","coordinates":[118.8717928,32.048868]}},{"type":"Feature","id":"node/9972136438","properties":{"name":"孙权纪念馆","place":"locality","osm_id":"node/9972136438","label":"孙权纪念馆","category":"place","original_geometry":"Point"},"geometry":{"type":"Point","coordinates":[118.8345591,32.0523141]}},{"type":"Feature","id":"node/9972266462","properties":{"name":"太阳历广场","place":"locality","osm_id":"node/9972266462","label":"太阳历广场","category":"place","original_geometry":"Point"},"geometry":{"type":"Point","coordinates":[118.8563418,32.0426206]}},{"type":"Feature","id":"node/9972266471","properties":{"name":"东新村","place":"locality","osm_id":"node/9972266471","label":"东新村","category":"place","original_geometry":"Point"},"geometry":{"type":"Point","coordinates":[118.854427,32.0523992]}},{"type":"Feature","id":"node/10015466540","properties":{"name":"新街口街道","name:en":"Xinjiekou","place":"suburb","osm_id":"node/10015466540","label":"新街口街道","category":"place","original_geometry":"Point"},"geometry":{"type":"Point","coordinates":[118.7839384,32.0557056]}},{"type":"Feature","id":"node/10016086253","properties":{"name":"梅园新村街道","name:en":"Meiyuan Xincun","place":"suburb","osm_id":"node/10016086253","label":"梅园新村街道","category":"place","original_geometry":"Point"},"geometry":{"type":"Point","coordinates":[118.8091014,32.047963]}},{"type":"Feature","id":"node/10017295978","properties":{"name":"王莲池","place":"locality","osm_id":"node/10017295978","label":"王莲池","category":"place","original_geometry":"Point"},"geometry":{"type":"Point","coordinates":[118.832018,32.0578015]}},{"type":"Feature","id":"node/10018192630","properties":{"name":"玄武门街道","name:en":"Xuanwumen","place":"suburb","osm_id":"node/10018192630","label":"玄武门街道","category":"place","original_geometry":"Point"},"geometry":{"type":"Point","coordinates":[118.7810357,32.0624183]}},{"type":"Feature","id":"node/10021721124","properties":{"name":"锁金村街道","name:en":"Suojincun","place":"suburb","osm_id":"node/10021721124","label":"锁金村街道","category":"place","original_geometry":"Point"},"geometry":{"type":"Point","coordinates":[118.8113046,32.0738665]}},{"type":"Feature","id":"node/10023818532","properties":{"name":"红山街道","name:en":"Hongshan","place":"suburb","osm_id":"node/10023818532","label":"红山街道","category":"place","original_geometry":"Point"},"geometry":{"type":"Point","coordinates":[118.8244078,32.104482]}},{"type":"Feature","id":"node/10023833328","properties":{"name":"玄武湖街道","name:en":"Xuanwuhu","place":"suburb","osm_id":"node/10023833328","label":"玄武湖街道","category":"place","original_geometry":"Point"},"geometry":{"type":"Point","coordinates":[118.8186917,32.074782]}},{"type":"Feature","id":"node/10023839250","properties":{"name":"孝陵卫街道","name:en":"Xiaolingwei","place":"suburb","osm_id":"node/10023839250","label":"孝陵卫街道","category":"place","original_geometry":"Point"},"geometry":{"type":"Point","coordinates":[118.8551769,32.0357982]}},{"type":"Feature","id":"node/10744538258","properties":{"name":"蒋王庙4","place":"locality","osm_id":"node/10744538258","label":"蒋王庙","category":"place","original_geometry":"Point"},"geometry":{"type":"Point","coordinates":[118.8348533,32.0765742]}},{"type":"Feature","id":"node/10744538259","properties":{"name":"蒋王庙3","place":"locality","osm_id":"node/10744538259","label":"蒋王庙","category":"place","original_geometry":"Point"},"geometry":{"type":"Point","coordinates":[118.8335662,32.0786634]}},{"type":"Feature","id":"node/10744538260","properties":{"name":"蒋王庙2","place":"locality","osm_id":"node/10744538260","label":"蒋王庙","category":"place","original_geometry":"Point"},"geometry":{"type":"Point","coordinates":[118.8309991,32.0795331]}},{"type":"Feature","id":"node/10744538261","properties":{"name":"北王7","place":"locality","osm_id":"node/10744538261","label":"北王","category":"place","original_geometry":"Point"},"geometry":{"type":"Point","coordinates":[118.8362442,32.0778047]}},{"type":"Feature","id":"node/10744538262","properties":{"name":"蒋王庙6","place":"locality","osm_id":"node/10744538262","label":"蒋王庙","category":"place","original_geometry":"Point"},"geometry":{"type":"Point","coordinates":[118.8368966,32.0735203]}},{"type":"Feature","id":"node/10744538263","properties":{"name":"蒋王庙5","place":"locality","osm_id":"node/10744538263","label":"蒋王庙","category":"place","original_geometry":"Point"},"geometry":{"type":"Point","coordinates":[118.8365663,32.0745559]}},{"type":"Feature","id":"node/10744538264","properties":{"name":"北王1","place":"locality","osm_id":"node/10744538264","label":"北王","category":"place","original_geometry":"Point"},"geometry":{"type":"Point","coordinates":[118.8319998,32.0853739]}},{"type":"Feature","id":"node/10744538265","properties":{"name":"樱驼1","place":"locality","osm_id":"node/10744538265","label":"樱驼","category":"place","original_geometry":"Point"},"geometry":{"type":"Point","coordinates":[118.8290726,32.0853915]}},{"type":"Feature","id":"node/10744538266","properties":{"name":"樱驼4","place":"locality","osm_id":"node/10744538266","label":"樱驼","category":"place","original_geometry":"Point"},"geometry":{"type":"Point","coordinates":[118.8334612,32.079791]}},{"type":"Feature","id":"node/10744538267","properties":{"name":"北王2","place":"locality","osm_id":"node/10744538267","label":"北王","category":"place","original_geometry":"Point"},"geometry":{"type":"Point","coordinates":[118.8324007,32.0837413]}},{"type":"Feature","id":"node/10744538268","properties":{"name":"北王3","place":"locality","osm_id":"node/10744538268","label":"北王","category":"place","original_geometry":"Point"},"geometry":{"type":"Point","coordinates":[118.8329044,32.0827018]}},{"type":"Feature","id":"node/10744538269","properties":{"name":"北王4","place":"locality","osm_id":"node/10744538269","label":"北王","category":"place","original_geometry":"Point"},"geometry":{"type":"Point","coordinates":[118.8344805,32.0802118]}},{"type":"Feature","id":"node/10744538270","properties":{"name":"北王5","place":"locality","osm_id":"node/10744538270","label":"北王","category":"place","original_geometry":"Point"},"geometry":{"type":"Point","coordinates":[118.8350515,32.0793262]}},{"type":"Feature","id":"node/10744538271","properties":{"name":"北王6","place":"locality","osm_id":"node/10744538271","label":"北王","category":"place","original_geometry":"Point"},"geometry":{"type":"Point","coordinates":[118.8359516,32.0783645]}},{"type":"Feature","id":"node/10744538272","properties":{"name":"弹琴石","place":"locality","osm_id":"node/10744538272","label":"弹琴石","category":"place","original_geometry":"Point"},"geometry":{"type":"Point","coordinates":[118.8358001,32.0717843]}},{"type":"Feature","id":"node/11871513024","properties":{"name":"翠竹音乐台","place":"locality","osm_id":"node/11871513024","label":"翠竹音乐台","category":"place","original_geometry":"Point"},"geometry":{"type":"Point","coordinates":[118.8197574,32.0669485]}},{"type":"Feature","id":"node/11886580906","properties":{"name":"永丰书社","place":"locality","osm_id":"node/11886580906","label":"永丰书社","category":"place","original_geometry":"Point"},"geometry":{"type":"Point","coordinates":[118.8440972,32.0566191]}},{"type":"Feature","id":"node/11886580908","properties":{"name":"探险公园","place":"locality","osm_id":"node/11886580908","label":"探险公园","category":"place","original_geometry":"Point"},"geometry":{"type":"Point","coordinates":[118.8555906,32.0575546]}},{"type":"Feature","id":"node/11886580917","properties":{"name":"地震科学馆","place":"locality","osm_id":"node/11886580917","label":"地震科学馆","category":"place","original_geometry":"Point"},"geometry":{"type":"Point","coordinates":[118.8554188,32.051831]}},{"type":"Feature","id":"node/11886580933","properties":{"name":"营盘山","natural":"peak","osm_id":"node/11886580933","label":"营盘山","category":"nature","original_geometry":"Point"},"geometry":{"type":"Point","coordinates":[118.8174929,32.064861]}},{"type":"Feature","id":"node/11886580934","properties":{"name":"富贵山","natural":"peak","osm_id":"node/11886580934","label":"富贵山","category":"nature","original_geometry":"Point"},"geometry":{"type":"Point","coordinates":[118.8151719,32.0594723]}},{"type":"Feature","id":"node/11917381843","properties":{"name":"小石屋","place":"locality","osm_id":"node/11917381843","label":"小石屋","category":"place","original_geometry":"Point"},"geometry":{"type":"Point","coordinates":[118.840696,32.0734296]}},{"type":"Feature","id":"node/11917381844","properties":{"name":"北王9","place":"locality","osm_id":"node/11917381844","label":"北王","category":"place","original_geometry":"Point"},"geometry":{"type":"Point","coordinates":[118.8378053,32.0750944]}},{"type":"Feature","id":"node/11917381860","properties":{"name":"北王8","place":"locality","osm_id":"node/11917381860","label":"北王","category":"place","original_geometry":"Point"},"geometry":{"type":"Point","coordinates":[118.837292,32.0760535]}},{"type":"Feature","id":"node/11917410987","properties":{"name":"上三旗","place":"locality","osm_id":"node/11917410987","label":"上三旗","category":"place","original_geometry":"Point"},"geometry":{"type":"Point","coordinates":[118.8577969,32.0948045]}},{"type":"Feature","id":"node/11917411021","properties":{"name":"黄马北","place":"locality","osm_id":"node/11917411021","label":"黄马北","category":"place","original_geometry":"Point"},"geometry":{"type":"Point","coordinates":[118.8636043,32.0807459]}},{"type":"Feature","id":"node/11917423313","properties":{"name":"樱驼2","place":"locality","osm_id":"node/11917423313","label":"樱驼","category":"place","original_geometry":"Point"},"geometry":{"type":"Point","coordinates":[118.8311998,32.0824163]}},{"type":"Feature","id":"node/11917423314","properties":{"name":"樱驼3","place":"locality","osm_id":"node/11917423314","label":"樱驼","category":"place","original_geometry":"Point"},"geometry":{"type":"Point","coordinates":[118.8327013,32.080865]}},{"type":"Feature","id":"node/11917423315","properties":{"name":"樱驼5","place":"locality","osm_id":"node/11917423315","label":"樱驼","category":"place","original_geometry":"Point"},"geometry":{"type":"Point","coordinates":[118.8355891,32.0769529]}},{"type":"Feature","id":"node/12042070969","properties":{"name":"中央广场","place":"square","osm_id":"node/12042070969","label":"中央广场","category":"place","original_geometry":"Point"},"geometry":{"type":"Point","coordinates":[118.8381664,32.0365801]}},{"type":"Feature","id":"node/12042071001","properties":{"name":"金陵广场","place":"square","osm_id":"node/12042071001","label":"金陵广场","category":"place","original_geometry":"Point"},"geometry":{"type":"Point","coordinates":[118.8368199,32.032205]}},{"type":"Feature","id":"node/12325223482","properties":{"name":"爱神广场","place":"locality","osm_id":"node/12325223482","label":"爱神广场","category":"place","original_geometry":"Point"},"geometry":{"type":"Point","coordinates":[118.802538,32.0733249]}},{"type":"Feature","id":"node/12325223484","properties":{"name":"莲花广场","place":"locality","osm_id":"node/12325223484","label":"莲花广场","category":"place","original_geometry":"Point"},"geometry":{"type":"Point","coordinates":[118.7890507,32.0763044]}},{"type":"Feature","id":"node/12325223488","properties":{"name":"二龙戏珠","place":"locality","osm_id":"node/12325223488","label":"二龙戏珠","category":"place","original_geometry":"Point"},"geometry":{"type":"Point","coordinates":[118.7926124,32.0706881]}},{"type":"Feature","id":"node/12325268544","properties":{"name":"小竹林","place":"locality","osm_id":"node/12325268544","label":"小竹林","category":"place","original_geometry":"Point"},"geometry":{"type":"Point","coordinates":[118.7945788,32.0776095]}},{"type":"Feature","id":"node/12325268545","properties":{"name":"松鼠乐园","place":"locality","osm_id":"node/12325268545","label":"松鼠乐园","category":"place","original_geometry":"Point"},"geometry":{"type":"Point","coordinates":[118.7959946,32.0784188]}}]}