{"type":"FeatureCollection","metadata":{"version":"SERVICES-07","snapshotAt":"2026-09-12T02:20:24Z","downloadedAt":"2026-09-12","source":"OpenStreetMap / Overpass","url":"https://www.openstreetmap.org/copyright","license":"ODbL 1.0","attribution":"© OpenStreetMap contributors","queryBounds":[118.76,32,118.92,32.125],"scope":"玄武区及邻近矩形范围，含跨区配套；非设施普查。分类相同且同名、相距80m以内的对象合并，保留原始ID；不同名称的同址设施可能仍重复。地铁、公交等交通点位不代表运营时刻核验。","rawCount":4340,"classifiedCount":2885,"count":2697,"excluded":{"inactive":1,"irrelevant":1454,"noCoordinate":0},"counts":{"transit":654,"education":331,"health":83,"park":138,"heritage":186,"daily":1305}},"features":[{"type":"Feature","id":"node/10017296008","geometry":{"type":"Point","coordinates":[118.837166,32.0550899]},"properties":{"osm_id":"node/10017296008","name":"紫霞湖","named":true,"category":"transit","kind":"bus_stop","location_method":"OSM 节点","access":"未标注","source_date":"2026-09-12T02:20:24Z","original_name":"紫霞湖","related_osm_ids":["node/10017296008"]}},{"type":"Feature","id":"node/10017296009","geometry":{"type":"Point","coordinates":[118.8422387,32.0535108]},"properties":{"osm_id":"node/10017296009","name":"海底世界","named":true,"category":"transit","kind":"bus_stop","location_method":"OSM 节点","access":"未标注","source_date":"2026-09-12T02:20:24Z","original_name":"海底世界","related_osm_ids":["node/10017296009"]}},{"type":"Feature","id":"node/10017296023","geometry":{"type":"Point","coordinates":[118.8437792,32.056616]},"properties":{"osm_id":"node/10017296023","name":"未命名交通点位","named":false,"category":"transit","kind":"bus_stop","location_method":"OSM 节点","access":"未标注","source_date":"2026-09-12T02:20:24Z","related_osm_ids":["node/10017296023"]}},{"type":"Feature","id":"node/10038426061","geometry":{"type":"Point","coordinates":[118.7609877,32.0114769]},"properties":{"osm_id":"node/10038426061","name":"Apple 虹悦城","named":true,"category":"daily","kind":"electronics","location_method":"OSM 节点","access":"未标注","source_date":"2026-09-12T02:20:24Z","original_name":"Apple 虹悦城","related_osm_ids":["node/10038426061"]}},{"type":"Feature","id":"node/10068033173","geometry":{"type":"Point","coordinates":[118.7929469,32.0595547]},"properties":{"osm_id":"node/10068033173","name":"和平公园","named":true,"category":"transit","kind":"bus_stop","location_method":"OSM 节点","access":"未标注","source_date":"2026-09-12T02:20:24Z","original_name":"和平公园","related_osm_ids":["node/10068033173"]}},{"type":"Feature","id":"node/10198789988","geometry":{"type":"Point","coordinates":[118.8039788,32.1044155]},"properties":{"osm_id":"node/10198789988","name":"麦当劳","named":true,"category":"daily","kind":"fast_food","location_method":"OSM 节点","access":"未标注","source_date":"2026-09-12T02:20:24Z","original_name":"麦当劳","related_osm_ids":["node/10198789988"]}},{"type":"Feature","id":"node/1027660030","geometry":{"type":"Point","coordinates":[118.7721046,32.0082359]},"properties":{"osm_id":"node/1027660030","name":"中华门","named":true,"category":"transit","kind":"station","location_method":"OSM 节点","access":"未标注","source_date":"2026-09-12T02:20:24Z","original_name":"中华门","related_osm_ids":["node/1027660030"]}},{"type":"Feature","id":"node/1028011087","geometry":{"type":"Point","coordinates":[118.7896728,32.0891108]},"properties":{"osm_id":"node/1028011087","name":"肯德基","named":true,"category":"daily","kind":"fast_food","location_method":"OSM 节点","access":"未标注","source_date":"2026-09-12T02:20:24Z","original_name":"肯德基","related_osm_ids":["node/1028011087"]}},{"type":"Feature","id":"node/10295121804","geometry":{"type":"Point","coordinates":[118.9028599,32.0745879]},"properties":{"osm_id":"node/10295121804","name":"汉堡王","named":true,"category":"daily","kind":"fast_food","location_method":"OSM 节点","access":"未标注","source_date":"2026-09-12T02:20:24Z","original_name":"汉堡王","related_osm_ids":["node/10295121804"]}},{"type":"Feature","id":"node/10302314464","geometry":{"type":"Point","coordinates":[118.788146,32.0299542]},"properties":{"osm_id":"node/10302314464","name":"桃源村","named":true,"category":"daily","kind":"yes","location_method":"OSM 节点","access":"未标注","source_date":"2026-09-12T02:20:24Z","original_name":"桃源村","related_osm_ids":["node/10302314464"]}},{"type":"Feature","id":"node/1038849726","geometry":{"type":"Point","coordinates":[118.7981593,32.0352698]},"properties":{"osm_id":"node/1038849726","name":"金润发","named":true,"category":"daily","kind":"supermarket","location_method":"OSM 节点","access":"未标注","source_date":"2026-09-12T02:20:24Z","original_name":"金润发","related_osm_ids":["node/1038849726"]}},{"type":"Feature","id":"node/10566749905","geometry":{"type":"Point","coordinates":[118.8826268,32.124713]},"properties":{"osm_id":"node/10566749905","name":"尧化门","named":true,"category":"transit","kind":"station","location_method":"OSM 节点","access":"未标注","source_date":"2026-09-12T02:20:24Z","original_name":"尧化门","related_osm_ids":["node/10566749905"]}},{"type":"Feature","id":"node/10566785109","geometry":{"type":"Point","coordinates":[118.8706718,32.1175252]},"properties":{"osm_id":"node/10566785109","name":"尧化新村","named":true,"category":"transit","kind":"station","location_method":"OSM 节点","access":"未标注","source_date":"2026-09-12T02:20:24Z","original_name":"尧化新村","related_osm_ids":["node/10566785109"]}},{"type":"Feature","id":"node/10566785117","geometry":{"type":"Point","coordinates":[118.8549628,32.1097738]},"properties":{"osm_id":"node/10566785117","name":"丁家庄南","named":true,"category":"transit","kind":"station","location_method":"OSM 节点","access":"未标注","source_date":"2026-09-12T02:20:24Z","original_name":"丁家庄南","related_osm_ids":["node/10566785117"]}},{"type":"Feature","id":"node/10566785128","geometry":{"type":"Point","coordinates":[118.8449143,32.1137391]},"properties":{"osm_id":"node/10566785128","name":"丁家庄","named":true,"category":"transit","kind":"station","location_method":"OSM 节点","access":"未标注","source_date":"2026-09-12T02:20:24Z","original_name":"丁家庄","related_osm_ids":["node/10566785128"]}},{"type":"Feature","id":"node/10566785140","geometry":{"type":"Point","coordinates":[118.829763,32.1221186]},"properties":{"osm_id":"node/10566785140","name":"万寿","named":true,"category":"transit","kind":"station","location_method":"OSM 节点","access":"未标注","source_date":"2026-09-12T02:20:24Z","original_name":"万寿","related_osm_ids":["node/10566785140"]}},{"type":"Feature","id":"node/10566816529","geometry":{"type":"Point","coordinates":[118.7651751,32.1063273]},"properties":{"osm_id":"node/10566816529","name":"幕府西路","named":true,"category":"transit","kind":"station","location_method":"OSM 节点","access":"未标注","source_date":"2026-09-12T02:20:24Z","original_name":"幕府西路","related_osm_ids":["node/10566816529"]}},{"type":"Feature","id":"node/10568404212","geometry":{"type":"Point","coordinates":[118.8651031,32.0613966]},"properties":{"osm_id":"node/10568404212","name":"谭延闿墓","named":true,"category":"heritage","kind":"tomb","location_method":"OSM 节点","access":"未标注","source_date":"2026-09-12T02:20:24Z","original_name":"谭延闿墓","related_osm_ids":["node/10568404212"]}},{"type":"Feature","id":"node/1058298175","geometry":{"type":"Point","coordinates":[118.8223942,32.0812127]},"properties":{"osm_id":"node/1058298175","name":"李文忠墓","named":true,"category":"heritage","kind":"memorial","location_method":"OSM 节点","access":"未标注","source_date":"2026-09-12T02:20:24Z","original_name":"李文忠墓","related_osm_ids":["node/1058298175"]}},{"type":"Feature","id":"node/1058298198","geometry":{"type":"Point","coordinates":[118.8177593,32.0778128]},"properties":{"osm_id":"node/1058298198","name":"徐达墓","named":true,"category":"heritage","kind":"memorial","location_method":"OSM 节点","access":"未标注","source_date":"2026-09-12T02:20:24Z","original_name":"徐达墓","related_osm_ids":["node/1058298198"]}},{"type":"Feature","id":"node/1058300701","geometry":{"type":"Point","coordinates":[118.8194545,32.084667]},"properties":{"osm_id":"node/1058300701","name":"南京人口学校","named":true,"category":"education","kind":"college","location_method":"OSM 节点","access":"未标注","source_date":"2026-09-12T02:20:24Z","original_name":"南京人口学校","related_osm_ids":["node/1058300701"]}},{"type":"Feature","id":"node/1058302143","geometry":{"type":"Point","coordinates":[118.8430761,32.091438]},"properties":{"osm_id":"node/1058302143","name":"南京航空烈士公墓","named":true,"category":"heritage","kind":"monument","location_method":"OSM 节点","access":"未标注","source_date":"2026-09-12T02:20:24Z","original_name":"南京航空烈士公墓","related_osm_ids":["node/1058302143"]}},{"type":"Feature","id":"node/1058304427","geometry":{"type":"Point","coordinates":[118.8160641,32.0739218]},"properties":{"osm_id":"node/1058304427","name":"南京师范大学紫金校区","named":true,"category":"education","kind":"college","location_method":"OSM 节点","access":"未标注","source_date":"2026-09-12T02:20:24Z","original_name":"南京师范大学紫金校区","related_osm_ids":["node/1058304427"]}},{"type":"Feature","id":"node/1058313052","geometry":{"type":"Point","coordinates":[118.8087267,32.058319]},"properties":{"osm_id":"node/1058313052","name":"南京玄武高级中学","named":true,"category":"education","kind":"school","location_method":"OSM 节点","access":"未标注","source_date":"2026-09-12T02:20:24Z","original_name":"南京玄武高级中学","related_osm_ids":["node/1058313052"]}},{"type":"Feature","id":"node/1058313068","geometry":{"type":"Point","coordinates":[118.8060016,32.0744855]},"properties":{"osm_id":"node/1058313068","name":"未命名交通点位","named":false,"category":"transit","kind":"bus_station","location_method":"OSM 节点","access":"未标注","source_date":"2026-09-12T02:20:24Z","related_osm_ids":["node/1058313068"]}},{"type":"Feature","id":"node/1058331313","geometry":{"type":"Point","coordinates":[118.7798897,32.0507544]},"properties":{"osm_id":"node/1058331313","name":"人民中学","named":true,"category":"education","kind":"school","location_method":"OSM 节点","access":"未标注","source_date":"2026-09-12T02:20:24Z","original_name":"人民中学","related_osm_ids":["node/1058331313"]}},{"type":"Feature","id":"node/1058335545","geometry":{"type":"Point","coordinates":[118.7972919,32.0472079]},"properties":{"osm_id":"node/1058335545","name":"梅园中学","named":true,"category":"education","kind":"school","location_method":"OSM 节点","access":"未标注","source_date":"2026-09-12T02:20:24Z","original_name":"梅园中学","related_osm_ids":["node/1058335545"]}},{"type":"Feature","id":"node/1060725227","geometry":{"type":"Point","coordinates":[118.7854623,32.029625]},"properties":{"osm_id":"node/1060725227","name":"白下路","named":true,"category":"transit","kind":"bus_stop","location_method":"OSM 节点","access":"未标注","source_date":"2026-09-12T02:20:24Z","original_name":"白下路","related_osm_ids":["node/1060725227"]}},{"type":"Feature","id":"node/1067141184","geometry":{"type":"Point","coordinates":[118.7652549,32.081501]},"properties":{"osm_id":"node/1067141184","name":"南京邮电大学","named":true,"category":"education","kind":"university","location_method":"OSM 节点","access":"未标注","source_date":"2026-09-12T02:20:24Z","original_name":"南京邮电大学","related_osm_ids":["node/1067141184"]}},{"type":"Feature","id":"node/1068746635","geometry":{"type":"Point","coordinates":[118.7659296,32.0205846]},"properties":{"osm_id":"node/1068746635","name":"集庆门","named":true,"category":"transit","kind":"bus_station","location_method":"OSM 节点","access":"未标注","source_date":"2026-09-12T02:20:24Z","original_name":"集庆门","related_osm_ids":["node/1068746635"]}},{"type":"Feature","id":"node/1069278225","geometry":{"type":"Point","coordinates":[118.7784154,32.042603]},"properties":{"osm_id":"node/1069278225","name":"东方商城","named":true,"category":"daily","kind":"department_store","location_method":"OSM 节点","access":"未标注","source_date":"2026-09-12T02:20:24Z","original_name":"东方商城","related_osm_ids":["node/1069278225"]}},{"type":"Feature","id":"node/1069278227","geometry":{"type":"Point","coordinates":[118.7793694,32.0364376]},"properties":{"osm_id":"node/1069278227","name":"大众书局南京书城","named":true,"category":"daily","kind":"books","location_method":"OSM 节点","access":"未标注","source_date":"2026-09-12T02:20:24Z","original_name":"大众书局南京书城","related_osm_ids":["node/1069278227"]}},{"type":"Feature","id":"node/1069278228","geometry":{"type":"Point","coordinates":[118.7797275,32.0405219]},"properties":{"osm_id":"node/1069278228","name":"中央商场","named":true,"category":"daily","kind":"department_store","location_method":"OSM 节点","access":"未标注","source_date":"2026-09-12T02:20:24Z","original_name":"中央商场","related_osm_ids":["node/1069278228","way/319201085"]}},{"type":"Feature","id":"node/1069278232","geometry":{"type":"Point","coordinates":[118.7785473,32.0450963]},"properties":{"osm_id":"node/1069278232","name":"新街口邮局","named":true,"category":"daily","kind":"post_office","location_method":"OSM 节点","access":"未标注","source_date":"2026-09-12T02:20:24Z","original_name":"新街口邮局","related_osm_ids":["node/1069278232"]}},{"type":"Feature","id":"node/1069287035","geometry":{"type":"Point","coordinates":[118.7808897,32.0393146]},"properties":{"osm_id":"node/1069287035","name":"苏宁电器","named":true,"category":"daily","kind":"department_store","location_method":"OSM 节点","access":"未标注","source_date":"2026-09-12T02:20:24Z","original_name":"苏宁电器","related_osm_ids":["node/1069287035"]}},{"type":"Feature","id":"node/1069287042","geometry":{"type":"Point","coordinates":[118.7816947,32.039994]},"properties":{"osm_id":"node/1069287042","name":"沃尔玛","named":true,"category":"daily","kind":"supermarket","location_method":"OSM 节点","access":"未标注","source_date":"2026-09-12T02:20:24Z","original_name":"沃尔玛","related_osm_ids":["node/1069287042"]}},{"type":"Feature","id":"node/1069289223","geometry":{"type":"Point","coordinates":[118.7801934,32.0435114]},"properties":{"osm_id":"node/1069289223","name":"麦当劳","named":true,"category":"daily","kind":"fast_food","location_method":"OSM 节点","access":"未标注","source_date":"2026-09-12T02:20:24Z","original_name":"麦当劳","related_osm_ids":["node/1069289223"]}},{"type":"Feature","id":"node/1069289225","geometry":{"type":"Point","coordinates":[118.7785149,32.0421412]},"properties":{"osm_id":"node/1069289225","name":"肯德基","named":true,"category":"daily","kind":"fast_food","location_method":"OSM 节点","access":"未标注","source_date":"2026-09-12T02:20:24Z","original_name":"肯德基","related_osm_ids":["node/1069289225"]}},{"type":"Feature","id":"node/1069289227","geometry":{"type":"Point","coordinates":[118.7802953,32.0415865]},"properties":{"osm_id":"node/1069289227","name":"必胜客","named":true,"category":"daily","kind":"restaurant","location_method":"OSM 节点","access":"未标注","source_date":"2026-09-12T02:20:24Z","original_name":"必胜客","related_osm_ids":["node/1069289227"]}},{"type":"Feature","id":"node/10744555731","geometry":{"type":"Point","coordinates":[118.8379939,32.0723785]},"properties":{"osm_id":"node/10744555731","name":"未命名生活服务","named":false,"category":"daily","kind":"fast_food","location_method":"OSM 节点","access":"未标注","source_date":"2026-09-12T02:20:24Z","related_osm_ids":["node/10744555731"]}},{"type":"Feature","id":"node/10873736946","geometry":{"type":"Point","coordinates":[118.7852271,32.0180321]},"properties":{"osm_id":"node/10873736946","name":"琵琶巷","named":true,"category":"transit","kind":"bus_stop","location_method":"OSM 节点","access":"未标注","source_date":"2026-09-12T02:20:24Z","original_name":"琵琶巷","related_osm_ids":["node/10873736946","node/10873736947"]}},{"type":"Feature","id":"node/10873736948","geometry":{"type":"Point","coordinates":[118.7892757,32.0165559]},"properties":{"osm_id":"node/10873736948","name":"武定门","named":true,"category":"transit","kind":"bus_stop","location_method":"OSM 节点","access":"未标注","source_date":"2026-09-12T02:20:24Z","original_name":"武定门","related_osm_ids":["node/10873736948"]}},{"type":"Feature","id":"node/10873736949","geometry":{"type":"Point","coordinates":[118.7914098,32.0166204]},"properties":{"osm_id":"node/10873736949","name":"武定门","named":true,"category":"transit","kind":"bus_stop","location_method":"OSM 节点","access":"未标注","source_date":"2026-09-12T02:20:24Z","original_name":"武定门","related_osm_ids":["node/10873736949"]}},{"type":"Feature","id":"node/10873736952","geometry":{"type":"Point","coordinates":[118.7790299,32.0234369]},"properties":{"osm_id":"node/10873736952","name":"中华路·瞻园路","named":true,"category":"transit","kind":"bus_stop","location_method":"OSM 节点","access":"未标注","source_date":"2026-09-12T02:20:24Z","original_name":"中华路·瞻园路","related_osm_ids":["node/10873736952"]}},{"type":"Feature","id":"node/10924018603","geometry":{"type":"Point","coordinates":[118.7721404,32.07296]},"properties":{"osm_id":"node/10924018603","name":"牛肉锅贴店","named":true,"category":"daily","kind":"fast_food","location_method":"OSM 节点","access":"未标注","source_date":"2026-09-12T02:20:24Z","original_name":"牛肉锅贴店","related_osm_ids":["node/10924018603"]}},{"type":"Feature","id":"node/10924018604","geometry":{"type":"Point","coordinates":[118.7729218,32.0730843]},"properties":{"osm_id":"node/10924018604","name":"未命名生活服务","named":false,"category":"daily","kind":"fast_food","location_method":"OSM 节点","access":"未标注","source_date":"2026-09-12T02:20:24Z","related_osm_ids":["node/10924018604"]}},{"type":"Feature","id":"node/10924023005","geometry":{"type":"Point","coordinates":[118.7734797,32.073201]},"properties":{"osm_id":"node/10924023005","name":"未命名生活服务","named":false,"category":"daily","kind":"fast_food","location_method":"OSM 节点","access":"未标注","source_date":"2026-09-12T02:20:24Z","related_osm_ids":["node/10924023005"]}},{"type":"Feature","id":"node/10924023006","geometry":{"type":"Point","coordinates":[118.7719777,32.0734707]},"properties":{"osm_id":"node/10924023006","name":"未命名生活服务","named":false,"category":"daily","kind":"fast_food","location_method":"OSM 节点","access":"未标注","source_date":"2026-09-12T02:20:24Z","related_osm_ids":["node/10924023006"]}},{"type":"Feature","id":"node/10924023008","geometry":{"type":"Point","coordinates":[118.7783595,32.0834842]},"properties":{"osm_id":"node/10924023008","name":"未命名生活服务","named":false,"category":"daily","kind":"fast_food","location_method":"OSM 节点","access":"未标注","source_date":"2026-09-12T02:20:24Z","related_osm_ids":["node/10924023008"]}},{"type":"Feature","id":"node/10924023009","geometry":{"type":"Point","coordinates":[118.7771865,32.0835023]},"properties":{"osm_id":"node/10924023009","name":"未命名生活服务","named":false,"category":"daily","kind":"fast_food","location_method":"OSM 节点","access":"未标注","source_date":"2026-09-12T02:20:24Z","related_osm_ids":["node/10924023009"]}},{"type":"Feature","id":"node/10924023010","geometry":{"type":"Point","coordinates":[118.7769666,32.0836008]},"properties":{"osm_id":"node/10924023010","name":"未命名生活服务","named":false,"category":"daily","kind":"fast_food","location_method":"OSM 节点","access":"未标注","source_date":"2026-09-12T02:20:24Z","related_osm_ids":["node/10924023010"]}},{"type":"Feature","id":"node/10924023011","geometry":{"type":"Point","coordinates":[118.7782147,32.0853401]},"properties":{"osm_id":"node/10924023011","name":"未命名生活服务","named":false,"category":"daily","kind":"fast_food","location_method":"OSM 节点","access":"未标注","source_date":"2026-09-12T02:20:24Z","related_osm_ids":["node/10924023011"]}},{"type":"Feature","id":"node/10924023012","geometry":{"type":"Point","coordinates":[118.7773063,32.0852022]},"properties":{"osm_id":"node/10924023012","name":"未命名生活服务","named":false,"category":"daily","kind":"fast_food","location_method":"OSM 节点","access":"未标注","source_date":"2026-09-12T02:20:24Z","related_osm_ids":["node/10924023012"]}},{"type":"Feature","id":"node/10924023013","geometry":{"type":"Point","coordinates":[118.7781611,32.0851916]},"properties":{"osm_id":"node/10924023013","name":"未命名生活服务","named":false,"category":"daily","kind":"fast_food","location_method":"OSM 节点","access":"未标注","source_date":"2026-09-12T02:20:24Z","related_osm_ids":["node/10924023013"]}},{"type":"Feature","id":"node/10924023014","geometry":{"type":"Point","coordinates":[118.7790516,32.0866854]},"properties":{"osm_id":"node/10924023014","name":"未命名生活服务","named":false,"category":"daily","kind":"fast_food","location_method":"OSM 节点","access":"未标注","source_date":"2026-09-12T02:20:24Z","related_osm_ids":["node/10924023014"]}},{"type":"Feature","id":"node/10924023015","geometry":{"type":"Point","coordinates":[118.7781468,32.0861491]},"properties":{"osm_id":"node/10924023015","name":"中国建设银行","named":true,"category":"daily","kind":"bank","location_method":"OSM 节点","access":"未标注","source_date":"2026-09-12T02:20:24Z","original_name":"中国建设银行","related_osm_ids":["node/10924023015"]}},{"type":"Feature","id":"node/10951736048","geometry":{"type":"Point","coordinates":[118.7780856,32.0462664]},"properties":{"osm_id":"node/10951736048","name":"瑞幸咖啡","named":true,"category":"daily","kind":"cafe","location_method":"OSM 节点","access":"未标注","source_date":"2026-09-12T02:20:24Z","original_name":"瑞幸咖啡","related_osm_ids":["node/10951736048"]}},{"type":"Feature","id":"node/1097657641","geometry":{"type":"Point","coordinates":[118.7923763,32.0535805]},"properties":{"osm_id":"node/1097657641","name":"成贤街小学","named":true,"category":"education","kind":"school","location_method":"OSM 节点","access":"未标注","source_date":"2026-09-12T02:20:24Z","original_name":"成贤街小学","related_osm_ids":["node/1097657641"]}},{"type":"Feature","id":"node/10983698598","geometry":{"type":"Point","coordinates":[118.7967797,32.0239452]},"properties":{"osm_id":"node/10983698598","name":"汉堡王","named":true,"category":"daily","kind":"fast_food","location_method":"OSM 节点","access":"未标注","source_date":"2026-09-12T02:20:24Z","original_name":"汉堡王","related_osm_ids":["node/10983698598"]}},{"type":"Feature","id":"node/10983698599","geometry":{"type":"Point","coordinates":[118.7959848,32.0239037]},"properties":{"osm_id":"node/10983698599","name":"盒马鲜生","named":true,"category":"daily","kind":"supermarket","location_method":"OSM 节点","access":"未标注","source_date":"2026-09-12T02:20:24Z","original_name":"盒马鲜生","related_osm_ids":["node/10983698599"]}},{"type":"Feature","id":"node/10983698600","geometry":{"type":"Point","coordinates":[118.7957361,32.0235564]},"properties":{"osm_id":"node/10983698600","name":"星巴克","named":true,"category":"daily","kind":"cafe","location_method":"OSM 节点","access":"未标注","source_date":"2026-09-12T02:20:24Z","original_name":"星巴克","related_osm_ids":["node/10983698600"]}},{"type":"Feature","id":"node/10983698601","geometry":{"type":"Point","coordinates":[118.7960174,32.0240852]},"properties":{"osm_id":"node/10983698601","name":"红跑车","named":true,"category":"daily","kind":"bakery","location_method":"OSM 节点","access":"未标注","source_date":"2026-09-12T02:20:24Z","original_name":"红跑车","related_osm_ids":["node/10983698601"]}},{"type":"Feature","id":"node/10991477411","geometry":{"type":"Point","coordinates":[118.7776677,32.0143276]},"properties":{"osm_id":"node/10991477411","name":"城墙咖啡馆☕️","named":true,"category":"daily","kind":"cafe","location_method":"OSM 节点","access":"未标注","source_date":"2026-09-12T02:20:24Z","original_name":"城墙咖啡馆☕️","related_osm_ids":["node/10991477411"]}},{"type":"Feature","id":"node/11089188253","geometry":{"type":"Point","coordinates":[118.9096122,32.0490431]},"properties":{"osm_id":"node/11089188253","name":"马高路","named":true,"category":"transit","kind":"station","location_method":"OSM 节点","access":"未标注","source_date":"2026-09-12T02:20:24Z","original_name":"马高路","related_osm_ids":["node/11089188253"]}},{"type":"Feature","id":"node/11092830105","geometry":{"type":"Point","coordinates":[118.7815155,32.0321242]},"properties":{"osm_id":"node/11092830105","name":"瑞幸咖啡","named":true,"category":"daily","kind":"cafe","location_method":"OSM 节点","access":"未标注","source_date":"2026-09-12T02:20:24Z","original_name":"瑞幸咖啡","related_osm_ids":["node/11092830105"]}},{"type":"Feature","id":"node/11092830106","geometry":{"type":"Point","coordinates":[118.7806848,32.0246212]},"properties":{"osm_id":"node/11092830106","name":"未命名生活服务","named":false,"category":"daily","kind":"fast_food","location_method":"OSM 节点","access":"未标注","source_date":"2026-09-12T02:20:24Z","related_osm_ids":["node/11092830106"]}},{"type":"Feature","id":"node/11092830205","geometry":{"type":"Point","coordinates":[118.7804293,32.024676]},"properties":{"osm_id":"node/11092830205","name":"Apple Store","named":true,"category":"daily","kind":"electronics","location_method":"OSM 节点","access":"未标注","source_date":"2026-09-12T02:20:24Z","original_name":"Apple Store","related_osm_ids":["node/11092830205"]}},{"type":"Feature","id":"node/11092830405","geometry":{"type":"Point","coordinates":[118.7811008,32.0244422]},"properties":{"osm_id":"node/11092830405","name":"未命名生活服务","named":false,"category":"daily","kind":"cafe","location_method":"OSM 节点","access":"未标注","source_date":"2026-09-12T02:20:24Z","related_osm_ids":["node/11092830405"]}},{"type":"Feature","id":"node/11092830406","geometry":{"type":"Point","coordinates":[118.7810406,32.0237826]},"properties":{"osm_id":"node/11092830406","name":"未命名生活服务","named":false,"category":"daily","kind":"beauty","location_method":"OSM 节点","access":"未标注","source_date":"2026-09-12T02:20:24Z","related_osm_ids":["node/11092830406"]}},{"type":"Feature","id":"node/11092830505","geometry":{"type":"Point","coordinates":[118.782234,32.0225177]},"properties":{"osm_id":"node/11092830505","name":"未命名生活服务","named":false,"category":"daily","kind":"cafe","location_method":"OSM 节点","access":"未标注","source_date":"2026-09-12T02:20:24Z","related_osm_ids":["node/11092830505"]}},{"type":"Feature","id":"node/11137616906","geometry":{"type":"Point","coordinates":[118.7749901,32.0369153]},"properties":{"osm_id":"node/11137616906","name":"未命名生活服务","named":false,"category":"daily","kind":"cafe","location_method":"OSM 节点","access":"未标注","source_date":"2026-09-12T02:20:24Z","related_osm_ids":["node/11137616906"]}},{"type":"Feature","id":"node/11137616907","geometry":{"type":"Point","coordinates":[118.7746391,32.0356474]},"properties":{"osm_id":"node/11137616907","name":"未命名生活服务","named":false,"category":"daily","kind":"cafe","location_method":"OSM 节点","access":"未标注","source_date":"2026-09-12T02:20:24Z","related_osm_ids":["node/11137616907"]}},{"type":"Feature","id":"node/11137620206","geometry":{"type":"Point","coordinates":[118.7753765,32.0375454]},"properties":{"osm_id":"node/11137620206","name":"未命名生活服务","named":false,"category":"daily","kind":"cafe","location_method":"OSM 节点","access":"未标注","source_date":"2026-09-12T02:20:24Z","related_osm_ids":["node/11137620206"]}},{"type":"Feature","id":"node/11137620207","geometry":{"type":"Point","coordinates":[118.7750209,32.0369431]},"properties":{"osm_id":"node/11137620207","name":"未命名生活服务","named":false,"category":"daily","kind":"beauty","location_method":"OSM 节点","access":"未标注","source_date":"2026-09-12T02:20:24Z","related_osm_ids":["node/11137620207"]}},{"type":"Feature","id":"node/11137620407","geometry":{"type":"Point","coordinates":[118.7766624,32.0360682]},"properties":{"osm_id":"node/11137620407","name":"未命名生活服务","named":false,"category":"daily","kind":"confectionery","location_method":"OSM 节点","access":"未标注","source_date":"2026-09-12T02:20:24Z","related_osm_ids":["node/11137620407"]}},{"type":"Feature","id":"node/11137620606","geometry":{"type":"Point","coordinates":[118.7751357,32.0371593]},"properties":{"osm_id":"node/11137620606","name":"未命名生活服务","named":false,"category":"daily","kind":"cafe","location_method":"OSM 节点","access":"未标注","source_date":"2026-09-12T02:20:24Z","related_osm_ids":["node/11137620606"]}},{"type":"Feature","id":"node/11137631405","geometry":{"type":"Point","coordinates":[118.7746342,32.0357372]},"properties":{"osm_id":"node/11137631405","name":"未命名生活服务","named":false,"category":"daily","kind":"cafe","location_method":"OSM 节点","access":"未标注","source_date":"2026-09-12T02:20:24Z","related_osm_ids":["node/11137631405"]}},{"type":"Feature","id":"node/11138447705","geometry":{"type":"Point","coordinates":[118.7815561,32.0356569]},"properties":{"osm_id":"node/11138447705","name":"未命名生活服务","named":false,"category":"daily","kind":"cafe","location_method":"OSM 节点","access":"未标注","source_date":"2026-09-12T02:20:24Z","related_osm_ids":["node/11138447705"]}},{"type":"Feature","id":"node/11140857107","geometry":{"type":"Point","coordinates":[118.7796298,32.0345291]},"properties":{"osm_id":"node/11140857107","name":"未命名生活服务","named":false,"category":"daily","kind":"cafe","location_method":"OSM 节点","access":"未标注","source_date":"2026-09-12T02:20:24Z","related_osm_ids":["node/11140857107"]}},{"type":"Feature","id":"node/11140857405","geometry":{"type":"Point","coordinates":[118.7792342,32.0364404]},"properties":{"osm_id":"node/11140857405","name":"瑞幸咖啡","named":true,"category":"daily","kind":"cafe","location_method":"OSM 节点","access":"未标注","source_date":"2026-09-12T02:20:24Z","original_name":"瑞幸咖啡","related_osm_ids":["node/11140857405"]}},{"type":"Feature","id":"node/11144456905","geometry":{"type":"Point","coordinates":[118.7800586,32.034719]},"properties":{"osm_id":"node/11144456905","name":"未命名生活服务","named":false,"category":"daily","kind":"cafe","location_method":"OSM 节点","access":"未标注","source_date":"2026-09-12T02:20:24Z","related_osm_ids":["node/11144456905"]}},{"type":"Feature","id":"node/11144457005","geometry":{"type":"Point","coordinates":[118.7826458,32.0339668]},"properties":{"osm_id":"node/11144457005","name":"未命名生活服务","named":false,"category":"daily","kind":"cafe","location_method":"OSM 节点","access":"未标注","source_date":"2026-09-12T02:20:24Z","related_osm_ids":["node/11144457005"]}},{"type":"Feature","id":"node/11144457105","geometry":{"type":"Point","coordinates":[118.7772215,32.0358184]},"properties":{"osm_id":"node/11144457105","name":"未命名生活服务","named":false,"category":"daily","kind":"beauty","location_method":"OSM 节点","access":"未标注","source_date":"2026-09-12T02:20:24Z","related_osm_ids":["node/11144457105"]}},{"type":"Feature","id":"node/11173734231","geometry":{"type":"Point","coordinates":[118.8090584,32.0832216]},"properties":{"osm_id":"node/11173734231","name":"未命名生活服务","named":false,"category":"daily","kind":"newsagent","location_method":"OSM 节点","access":"未标注","source_date":"2026-09-12T02:20:24Z","related_osm_ids":["node/11173734231"]}},{"type":"Feature","id":"node/1120918906","geometry":{"type":"Point","coordinates":[118.7688083,32.0731665]},"properties":{"osm_id":"node/1120918906","name":"盒马鲜生","named":true,"category":"daily","kind":"supermarket","location_method":"OSM 节点","access":"未标注","source_date":"2026-09-12T02:20:24Z","original_name":"盒马鲜生","related_osm_ids":["node/1120918906"]}},{"type":"Feature","id":"node/1143311257","geometry":{"type":"Point","coordinates":[118.7845111,32.0556888]},"properties":{"osm_id":"node/1143311257","name":"苏果便利店","named":true,"category":"daily","kind":"convenience","location_method":"OSM 节点","access":"未标注","source_date":"2026-09-12T02:20:24Z","original_name":"苏果便利店","related_osm_ids":["node/1143311257"]}},{"type":"Feature","id":"node/11484552961","geometry":{"type":"Point","coordinates":[118.7911196,32.0480817]},"properties":{"osm_id":"node/11484552961","name":"霸王茶姬","named":true,"category":"daily","kind":"cafe","location_method":"OSM 节点","access":"未标注","source_date":"2026-09-12T02:20:24Z","original_name":"霸王茶姬","related_osm_ids":["node/11484552961"]}},{"type":"Feature","id":"node/11491101254","geometry":{"type":"Point","coordinates":[118.7803857,32.0419998]},"properties":{"osm_id":"node/11491101254","name":"名创优品","named":true,"category":"daily","kind":"variety_store","location_method":"OSM 节点","access":"未标注","source_date":"2026-09-12T02:20:24Z","original_name":"名创优品","related_osm_ids":["node/11491101254"]}},{"type":"Feature","id":"node/11491101255","geometry":{"type":"Point","coordinates":[118.7804257,32.0419949]},"properties":{"osm_id":"node/11491101255","name":"中国积木","named":true,"category":"daily","kind":"toys","location_method":"OSM 节点","access":"未标注","source_date":"2026-09-12T02:20:24Z","original_name":"中国积木","related_osm_ids":["node/11491101255"]}},{"type":"Feature","id":"node/11491101256","geometry":{"type":"Point","coordinates":[118.7802718,32.0419016]},"properties":{"osm_id":"node/11491101256","name":"好利来","named":true,"category":"daily","kind":"bakery","location_method":"OSM 节点","access":"未标注","source_date":"2026-09-12T02:20:24Z","original_name":"好利来","related_osm_ids":["node/11491101256"]}},{"type":"Feature","id":"node/11491101257","geometry":{"type":"Point","coordinates":[118.7802423,32.0418344]},"properties":{"osm_id":"node/11491101257","name":"霸王茶姬","named":true,"category":"daily","kind":"cafe","location_method":"OSM 节点","access":"未标注","source_date":"2026-09-12T02:20:24Z","original_name":"霸王茶姬","related_osm_ids":["node/11491101257"]}},{"type":"Feature","id":"node/11491101258","geometry":{"type":"Point","coordinates":[118.7803374,32.0419664]},"properties":{"osm_id":"node/11491101258","name":"屈臣氏","named":true,"category":"daily","kind":"chemist","location_method":"OSM 节点","access":"未标注","source_date":"2026-09-12T02:20:24Z","original_name":"屈臣氏","related_osm_ids":["node/11491101258"]}},{"type":"Feature","id":"node/11491101260","geometry":{"type":"Point","coordinates":[118.7794725,32.0406372]},"properties":{"osm_id":"node/11491101260","name":"巴黎贝甜","named":true,"category":"daily","kind":"bakery","location_method":"OSM 节点","access":"未标注","source_date":"2026-09-12T02:20:24Z","original_name":"巴黎贝甜","related_osm_ids":["node/11491101260"]}},{"type":"Feature","id":"node/11491101261","geometry":{"type":"Point","coordinates":[118.7792704,32.0446345]},"properties":{"osm_id":"node/11491101261","name":"Sephora","named":true,"category":"daily","kind":"cosmetics","location_method":"OSM 节点","access":"未标注","source_date":"2026-09-12T02:20:24Z","original_name":"Sephora","related_osm_ids":["node/11491101261"]}},{"type":"Feature","id":"node/11491337237","geometry":{"type":"Point","coordinates":[118.7793802,32.0445587]},"properties":{"osm_id":"node/11491337237","name":"Giorgio Armani","named":true,"category":"daily","kind":"clothes","location_method":"OSM 节点","access":"未标注","source_date":"2026-09-12T02:20:24Z","original_name":"Giorgio Armani","related_osm_ids":["node/11491337237"]}},{"type":"Feature","id":"node/11497059491","geometry":{"type":"Point","coordinates":[118.7832628,32.06138]},"properties":{"osm_id":"node/11497059491","name":"萨莉亚","named":true,"category":"daily","kind":"restaurant","location_method":"OSM 节点","access":"未标注","source_date":"2026-09-12T02:20:24Z","original_name":"萨莉亚","related_osm_ids":["node/11497059491"]}},{"type":"Feature","id":"node/11497059492","geometry":{"type":"Point","coordinates":[118.776956,32.0406965]},"properties":{"osm_id":"node/11497059492","name":"萨莉亚","named":true,"category":"daily","kind":"restaurant","location_method":"OSM 节点","access":"未标注","source_date":"2026-09-12T02:20:24Z","original_name":"萨莉亚","related_osm_ids":["node/11497059492"]}},{"type":"Feature","id":"node/11497059493","geometry":{"type":"Point","coordinates":[118.7718457,32.0440496]},"properties":{"osm_id":"node/11497059493","name":"萨莉亚","named":true,"category":"daily","kind":"restaurant","location_method":"OSM 节点","access":"未标注","source_date":"2026-09-12T02:20:24Z","original_name":"萨莉亚","related_osm_ids":["node/11497059493"]}},{"type":"Feature","id":"node/11497059494","geometry":{"type":"Point","coordinates":[118.8051901,32.0878903]},"properties":{"osm_id":"node/11497059494","name":"萨莉亚","named":true,"category":"daily","kind":"restaurant","location_method":"OSM 节点","access":"未标注","source_date":"2026-09-12T02:20:24Z","original_name":"萨莉亚","related_osm_ids":["node/11497059494"]}},{"type":"Feature","id":"node/11497059495","geometry":{"type":"Point","coordinates":[118.8081664,32.1039914]},"properties":{"osm_id":"node/11497059495","name":"萨莉亚","named":true,"category":"daily","kind":"restaurant","location_method":"OSM 节点","access":"未标注","source_date":"2026-09-12T02:20:24Z","original_name":"萨莉亚","related_osm_ids":["node/11497059495"]}},{"type":"Feature","id":"node/11497059496","geometry":{"type":"Point","coordinates":[118.8302785,32.1232166]},"properties":{"osm_id":"node/11497059496","name":"萨莉亚","named":true,"category":"daily","kind":"restaurant","location_method":"OSM 节点","access":"未标注","source_date":"2026-09-12T02:20:24Z","original_name":"萨莉亚","related_osm_ids":["node/11497059496"]}},{"type":"Feature","id":"node/1157144995","geometry":{"type":"Point","coordinates":[118.7772755,32.0427683]},"properties":{"osm_id":"node/1157144995","name":"未命名生活服务","named":false,"category":"daily","kind":"restaurant","location_method":"OSM 节点","access":"未标注","source_date":"2026-09-12T02:20:24Z","related_osm_ids":["node/1157144995"]}},{"type":"Feature","id":"node/1157145737","geometry":{"type":"Point","coordinates":[118.8012009,32.047929]},"properties":{"osm_id":"node/1157145737","name":"华润苏果","named":true,"category":"daily","kind":"supermarket","location_method":"OSM 节点","access":"未标注","source_date":"2026-09-12T02:20:24Z","original_name":"华润苏果","related_osm_ids":["node/1157145737","way/385356214"]}},{"type":"Feature","id":"node/11786706394","geometry":{"type":"Point","coordinates":[118.784931,32.0017811]},"properties":{"osm_id":"node/11786706394","name":"普天职工医院","named":true,"category":"health","kind":"hospital","location_method":"OSM 节点","access":"未标注","source_date":"2026-09-12T02:20:24Z","original_name":"普天职工医院","related_osm_ids":["node/11786706394"]}},{"type":"Feature","id":"node/11786706536","geometry":{"type":"Point","coordinates":[118.7892997,32.0016493]},"properties":{"osm_id":"node/11786706536","name":"南京上元堂药店","named":true,"category":"health","kind":"pharmacy","location_method":"OSM 节点","access":"未标注","source_date":"2026-09-12T02:20:24Z","original_name":"南京上元堂药店","related_osm_ids":["node/11786706536"]}},{"type":"Feature","id":"node/11786706725","geometry":{"type":"Point","coordinates":[118.7717384,32.0067747]},"properties":{"osm_id":"node/11786706725","name":"交通银行","named":true,"category":"daily","kind":"bank","location_method":"OSM 节点","access":"未标注","source_date":"2026-09-12T02:20:24Z","original_name":"交通银行","related_osm_ids":["node/11786706725"]}},{"type":"Feature","id":"node/11817681218","geometry":{"type":"Point","coordinates":[118.8535186,32.0378415]},"properties":{"osm_id":"node/11817681218","name":"孝陵卫","named":true,"category":"transit","kind":"bus_stop","location_method":"OSM 节点","access":"未标注","source_date":"2026-09-12T02:20:24Z","original_name":"孝陵卫","related_osm_ids":["node/11817681218","node/9164739499"]}},{"type":"Feature","id":"node/11817681219","geometry":{"type":"Point","coordinates":[118.8677988,32.0435303]},"properties":{"osm_id":"node/11817681219","name":"中山门大街·柳营西路","named":true,"category":"transit","kind":"bus_stop","location_method":"OSM 节点","access":"未标注","source_date":"2026-09-12T02:20:24Z","original_name":"中山门大街·柳营西路","related_osm_ids":["node/11817681219"]}},{"type":"Feature","id":"node/11817885487","geometry":{"type":"Point","coordinates":[118.8931708,32.0941505]},"properties":{"osm_id":"node/11817885487","name":"仙居雅苑","named":true,"category":"transit","kind":"bus_stop","location_method":"OSM 节点","access":"未标注","source_date":"2026-09-12T02:20:24Z","original_name":"仙居雅苑","related_osm_ids":["node/11817885487","node/11817885497"]}},{"type":"Feature","id":"node/11817885488","geometry":{"type":"Point","coordinates":[118.8952736,32.0906408]},"properties":{"osm_id":"node/11817885488","name":"仙鹤茗苑","named":true,"category":"transit","kind":"bus_stop","location_method":"OSM 节点","access":"未标注","source_date":"2026-09-12T02:20:24Z","original_name":"仙鹤茗苑","related_osm_ids":["node/11817885488","node/11817885496"]}},{"type":"Feature","id":"node/11817885489","geometry":{"type":"Point","coordinates":[118.8979066,32.0871738]},"properties":{"osm_id":"node/11817885489","name":"仙鹤门地铁站","named":true,"category":"transit","kind":"bus_stop","location_method":"OSM 节点","access":"未标注","source_date":"2026-09-12T02:20:24Z","original_name":"仙鹤门地铁站","related_osm_ids":["node/11817885489","node/11817885495"]}},{"type":"Feature","id":"node/11817885490","geometry":{"type":"Point","coordinates":[118.9036683,32.0680198]},"properties":{"osm_id":"node/11817885490","name":"紫金上林苑","named":true,"category":"transit","kind":"bus_stop","location_method":"OSM 节点","access":"未标注","source_date":"2026-09-12T02:20:24Z","original_name":"紫金上林苑","related_osm_ids":["node/11817885490"]}},{"type":"Feature","id":"node/11817885491","geometry":{"type":"Point","coordinates":[118.906926,32.0620339]},"properties":{"osm_id":"node/11817885491","name":"交通技师学院西门","named":true,"category":"transit","kind":"bus_stop","location_method":"OSM 节点","access":"未标注","source_date":"2026-09-12T02:20:24Z","original_name":"交通技师学院西门","related_osm_ids":["node/11817885491"]}},{"type":"Feature","id":"node/11817909894","geometry":{"type":"Point","coordinates":[118.9174203,32.0556101]},"properties":{"osm_id":"node/11817909894","name":"文荟路北","named":true,"category":"transit","kind":"bus_stop","location_method":"OSM 节点","access":"未标注","source_date":"2026-09-12T02:20:24Z","original_name":"文荟路北","related_osm_ids":["node/11817909894","node/11817909895"]}},{"type":"Feature","id":"node/11817964439","geometry":{"type":"Point","coordinates":[118.8803149,32.0709978]},"properties":{"osm_id":"node/11817964439","name":"黄马","named":true,"category":"transit","kind":"bus_stop","location_method":"OSM 节点","access":"未标注","source_date":"2026-09-12T02:20:24Z","original_name":"黄马","related_osm_ids":["node/11817964439","node/1835419156"]}},{"type":"Feature","id":"node/11817964440","geometry":{"type":"Point","coordinates":[118.8817414,32.0657423]},"properties":{"osm_id":"node/11817964440","name":"青马","named":true,"category":"transit","kind":"bus_stop","location_method":"OSM 节点","access":"未标注","source_date":"2026-09-12T02:20:24Z","original_name":"青马","related_osm_ids":["node/11817964440","node/1835419152"]}},{"type":"Feature","id":"node/11822362156","geometry":{"type":"Point","coordinates":[118.8088111,32.0826722]},"properties":{"osm_id":"node/11822362156","name":"麦当劳","named":true,"category":"daily","kind":"fast_food","location_method":"OSM 节点","access":"未标注","source_date":"2026-09-12T02:20:24Z","original_name":"麦当劳","related_osm_ids":["node/11822362156"]}},{"type":"Feature","id":"node/11868442872","geometry":{"type":"Point","coordinates":[118.7766787,32.0037351]},"properties":{"osm_id":"node/11868442872","name":"江南第二泉","named":true,"category":"heritage","kind":"yes","location_method":"OSM 节点","access":"未标注","source_date":"2026-09-12T02:20:24Z","original_name":"江南第二泉","related_osm_ids":["node/11868442872"]}},{"type":"Feature","id":"node/11871516435","geometry":{"type":"Point","coordinates":[118.8398897,32.0691998]},"properties":{"osm_id":"node/11871516435","name":"明孝陵8号入口（买票）","named":true,"category":"daily","kind":"ticket","location_method":"OSM 节点","access":"未标注","source_date":"2026-09-12T02:20:24Z","original_name":"明孝陵8号入口（买票）","related_osm_ids":["node/11871516435"]}},{"type":"Feature","id":"node/11876268942","geometry":{"type":"Point","coordinates":[118.8533673,32.0543924]},"properties":{"osm_id":"node/11876268942","name":"流徽榭","named":true,"category":"transit","kind":"bus_stop","location_method":"OSM 节点","access":"未标注","source_date":"2026-09-12T02:20:24Z","original_name":"流徽榭","related_osm_ids":["node/11876268942"]}},{"type":"Feature","id":"node/11876268944","geometry":{"type":"Point","coordinates":[118.8461521,32.0552107]},"properties":{"osm_id":"node/11876268944","name":"中山陵南站","named":true,"category":"transit","kind":"bus_stop","location_method":"OSM 节点","access":"未标注","source_date":"2026-09-12T02:20:24Z","original_name":"中山陵南站","related_osm_ids":["node/11876268944"]}},{"type":"Feature","id":"node/11876268945","geometry":{"type":"Point","coordinates":[118.8407502,32.0491455]},"properties":{"osm_id":"node/11876268945","name":"美龄宫","named":true,"category":"transit","kind":"bus_stop","location_method":"OSM 节点","access":"未标注","source_date":"2026-09-12T02:20:24Z","original_name":"美龄宫","related_osm_ids":["node/11876268945"]}},{"type":"Feature","id":"node/11876268946","geometry":{"type":"Point","coordinates":[118.7853987,32.0073402]},"properties":{"osm_id":"node/11876268946","name":"应天大街·养虎巷","named":true,"category":"transit","kind":"bus_stop","location_method":"OSM 节点","access":"未标注","source_date":"2026-09-12T02:20:24Z","original_name":"应天大街·养虎巷","related_osm_ids":["node/11876268946","node/11876268947"]}},{"type":"Feature","id":"node/11876268948","geometry":{"type":"Point","coordinates":[118.7892826,32.0069399]},"properties":{"osm_id":"node/11876268948","name":"双桥门西","named":true,"category":"transit","kind":"bus_stop","location_method":"OSM 节点","access":"未标注","source_date":"2026-09-12T02:20:24Z","original_name":"双桥门西","related_osm_ids":["node/11876268948","node/11876268949"]}},{"type":"Feature","id":"node/11876268950","geometry":{"type":"Point","coordinates":[118.7792377,32.020165]},"properties":{"osm_id":"node/11876268950","name":"市第一医院","named":true,"category":"transit","kind":"bus_stop","location_method":"OSM 节点","access":"未标注","source_date":"2026-09-12T02:20:24Z","original_name":"市第一医院","related_osm_ids":["node/11876268950","node/11876268951"]}},{"type":"Feature","id":"node/11876268952","geometry":{"type":"Point","coordinates":[118.7767942,32.0162147]},"properties":{"osm_id":"node/11876268952","name":"中华门城堡","named":true,"category":"transit","kind":"bus_stop","location_method":"OSM 节点","access":"未标注","source_date":"2026-09-12T02:20:24Z","original_name":"中华门城堡","related_osm_ids":["node/11876268952","node/11876268953"]}},{"type":"Feature","id":"node/11876268956","geometry":{"type":"Point","coordinates":[118.763486,32.1171444]},"properties":{"osm_id":"node/11876268956","name":"上元门","named":true,"category":"transit","kind":"bus_stop","location_method":"OSM 节点","access":"未标注","source_date":"2026-09-12T02:20:24Z","original_name":"上元门","related_osm_ids":["node/11876268956"]}},{"type":"Feature","id":"node/11909645758","geometry":{"type":"Point","coordinates":[118.7782844,32.0025572]},"properties":{"osm_id":"node/11909645758","name":"革命烈士殉难处","named":true,"category":"heritage","kind":"memorial","location_method":"OSM 节点","access":"未标注","source_date":"2026-09-12T02:20:24Z","original_name":"革命烈士殉难处","related_osm_ids":["node/11909645758"]}},{"type":"Feature","id":"node/11909645759","geometry":{"type":"Point","coordinates":[118.7792094,32.0018879]},"properties":{"osm_id":"node/11909645759","name":"李杰墓","named":true,"category":"heritage","kind":"tomb","location_method":"OSM 节点","access":"未标注","source_date":"2026-09-12T02:20:24Z","original_name":"李杰墓","related_osm_ids":["node/11909645759"]}},{"type":"Feature","id":"node/11909645760","geometry":{"type":"Point","coordinates":[118.7768402,32.0010759]},"properties":{"osm_id":"node/11909645760","name":"知名烈士墓","named":true,"category":"heritage","kind":"tomb","location_method":"OSM 节点","access":"未标注","source_date":"2026-09-12T02:20:24Z","original_name":"知名烈士墓","related_osm_ids":["node/11909645760"]}},{"type":"Feature","id":"node/11909645761","geometry":{"type":"Point","coordinates":[118.7779135,32.0050002]},"properties":{"osm_id":"node/11909645761","name":"方孝孺墓","named":true,"category":"heritage","kind":"tomb","location_method":"OSM 节点","access":"未标注","source_date":"2026-09-12T02:20:24Z","original_name":"方孝孺墓","related_osm_ids":["node/11909645761"]}},{"type":"Feature","id":"node/11909645788","geometry":{"type":"Point","coordinates":[118.7751784,32.005193]},"properties":{"osm_id":"node/11909645788","name":"杨邦乂墓","named":true,"category":"heritage","kind":"tomb","location_method":"OSM 节点","access":"未标注","source_date":"2026-09-12T02:20:24Z","original_name":"杨邦乂墓","related_osm_ids":["node/11909645788"]}},{"type":"Feature","id":"node/11909645808","geometry":{"type":"Point","coordinates":[118.7746764,32.0016335]},"properties":{"osm_id":"node/11909645808","name":"国际歌","named":true,"category":"heritage","kind":"memorial","location_method":"OSM 节点","access":"未标注","source_date":"2026-09-12T02:20:24Z","original_name":"国际歌","related_osm_ids":["node/11909645808"]}},{"type":"Feature","id":"node/11914758332","geometry":{"type":"Point","coordinates":[118.7748708,32.0008611]},"properties":{"osm_id":"node/11914758332","name":"国歌","named":true,"category":"heritage","kind":"memorial","location_method":"OSM 节点","access":"未标注","source_date":"2026-09-12T02:20:24Z","original_name":"国歌","related_osm_ids":["node/11914758332"]}},{"type":"Feature","id":"node/11915761393","geometry":{"type":"Point","coordinates":[118.8600964,32.0412883]},"properties":{"osm_id":"node/11915761393","name":"未命名交通点位","named":false,"category":"transit","kind":"bus_stop","location_method":"OSM 节点","access":"未标注","source_date":"2026-09-12T02:20:24Z","related_osm_ids":["node/11915761393"]}},{"type":"Feature","id":"node/11917375548","geometry":{"type":"Point","coordinates":[118.8279049,32.0883342]},"properties":{"osm_id":"node/11917375548","name":"未命名生活服务","named":false,"category":"daily","kind":"fast_food","location_method":"OSM 节点","access":"未标注","source_date":"2026-09-12T02:20:24Z","related_osm_ids":["node/11917375548"]}},{"type":"Feature","id":"node/11917410990","geometry":{"type":"Point","coordinates":[118.8583981,32.0961574]},"properties":{"osm_id":"node/11917410990","name":"未命名生活服务","named":false,"category":"daily","kind":"fast_food","location_method":"OSM 节点","access":"未标注","source_date":"2026-09-12T02:20:24Z","related_osm_ids":["node/11917410990"]}},{"type":"Feature","id":"node/11917423318","geometry":{"type":"Point","coordinates":[118.8248239,32.0797268]},"properties":{"osm_id":"node/11917423318","name":"未命名生活服务","named":false,"category":"daily","kind":"supermarket","location_method":"OSM 节点","access":"未标注","source_date":"2026-09-12T02:20:24Z","related_osm_ids":["node/11917423318"]}},{"type":"Feature","id":"node/11917431184","geometry":{"type":"Point","coordinates":[118.8270503,32.0835548]},"properties":{"osm_id":"node/11917431184","name":"未命名生活服务","named":false,"category":"daily","kind":"fast_food","location_method":"OSM 节点","access":"未标注","source_date":"2026-09-12T02:20:24Z","related_osm_ids":["node/11917431184"]}},{"type":"Feature","id":"node/11917431185","geometry":{"type":"Point","coordinates":[118.8266873,32.0834896]},"properties":{"osm_id":"node/11917431185","name":"未命名生活服务","named":false,"category":"daily","kind":"supermarket","location_method":"OSM 节点","access":"未标注","source_date":"2026-09-12T02:20:24Z","related_osm_ids":["node/11917431185"]}},{"type":"Feature","id":"node/12005721269","geometry":{"type":"Point","coordinates":[118.7837802,32.0225096]},"properties":{"osm_id":"node/12005721269","name":"未命名历史要素","named":false,"category":"heritage","kind":"monument","location_method":"OSM 节点","access":"未标注","source_date":"2026-09-12T02:20:24Z","related_osm_ids":["node/12005721269"]}},{"type":"Feature","id":"node/12029120274","geometry":{"type":"Point","coordinates":[118.83598,32.0476174]},"properties":{"osm_id":"node/12029120274","name":"下行观光车四方城站","named":true,"category":"transit","kind":"bus_station","location_method":"OSM 节点","access":"未标注","source_date":"2026-09-12T02:20:24Z","original_name":"下行观光车四方城站","related_osm_ids":["node/12029120274"]}},{"type":"Feature","id":"node/12029120728","geometry":{"type":"Point","coordinates":[118.8396783,32.0484303]},"properties":{"osm_id":"node/12029120728","name":"上行观光车美龄宫站","named":true,"category":"transit","kind":"bus_stop","location_method":"OSM 节点","access":"未标注","source_date":"2026-09-12T02:20:24Z","original_name":"上行观光车美龄宫站","related_osm_ids":["node/12029120728"]}},{"type":"Feature","id":"node/12029123117","geometry":{"type":"Point","coordinates":[118.8480384,32.0551751]},"properties":{"osm_id":"node/12029123117","name":"上行观光车终点站","named":true,"category":"transit","kind":"bus_stop","location_method":"OSM 节点","access":"未标注","source_date":"2026-09-12T02:20:24Z","original_name":"上行观光车终点站","related_osm_ids":["node/12029123117"]}},{"type":"Feature","id":"node/12029123973","geometry":{"type":"Point","coordinates":[118.8425311,32.0546737]},"properties":{"osm_id":"node/12029123973","name":"上行观光车海底世界站","named":true,"category":"transit","kind":"bus_station","location_method":"OSM 节点","access":"未标注","source_date":"2026-09-12T02:20:24Z","original_name":"上行观光车海底世界站","related_osm_ids":["node/12029123973"]}},{"type":"Feature","id":"node/12029130075","geometry":{"type":"Point","coordinates":[118.830774,32.0425776]},"properties":{"osm_id":"node/12029130075","name":"上行观光车起点站","named":true,"category":"transit","kind":"bus_stop","location_method":"OSM 节点","access":"未标注","source_date":"2026-09-12T02:20:24Z","original_name":"上行观光车起点站","related_osm_ids":["node/12029130075"]}},{"type":"Feature","id":"node/12029130884","geometry":{"type":"Point","coordinates":[118.8422378,32.0535387]},"properties":{"osm_id":"node/12029130884","name":"下行观光车海底世界站","named":true,"category":"transit","kind":"bus_stop","location_method":"OSM 节点","access":"未标注","source_date":"2026-09-12T02:20:24Z","original_name":"下行观光车海底世界站","related_osm_ids":["node/12029130884"]}},{"type":"Feature","id":"node/12029135994","geometry":{"type":"Point","coordinates":[118.8468505,32.0557208]},"properties":{"osm_id":"node/12029135994","name":"下行观光车起点站","named":true,"category":"transit","kind":"bus_stop","location_method":"OSM 节点","access":"未标注","source_date":"2026-09-12T02:20:24Z","original_name":"下行观光车起点站","related_osm_ids":["node/12029135994"]}},{"type":"Feature","id":"node/12029139630","geometry":{"type":"Point","coordinates":[118.8407627,32.0493807]},"properties":{"osm_id":"node/12029139630","name":"下行观光车美龄宫明孝陵站","named":true,"category":"transit","kind":"bus_stop","location_method":"OSM 节点","access":"未标注","source_date":"2026-09-12T02:20:24Z","original_name":"下行观光车美龄宫明孝陵站","related_osm_ids":["node/12029139630"]}},{"type":"Feature","id":"node/12035728969","geometry":{"type":"Point","coordinates":[118.7897966,32.0500457]},"properties":{"osm_id":"node/12035728969","name":"来福食糖","named":true,"category":"daily","kind":"restaurant","location_method":"OSM 节点","access":"未标注","source_date":"2026-09-12T02:20:24Z","original_name":"来福食糖","related_osm_ids":["node/12035728969"]}},{"type":"Feature","id":"node/12042071036","geometry":{"type":"Point","coordinates":[118.8411856,32.0338574]},"properties":{"osm_id":"node/12042071036","name":"学生第二食堂","named":true,"category":"daily","kind":"restaurant","location_method":"OSM 节点","access":"未标注","source_date":"2026-09-12T02:20:24Z","original_name":"学生第二食堂","related_osm_ids":["node/12042071036"]}},{"type":"Feature","id":"node/12042071041","geometry":{"type":"Point","coordinates":[118.8375616,32.033261]},"properties":{"osm_id":"node/12042071041","name":"人文与社会发展学院","named":true,"category":"education","kind":"college","location_method":"OSM 节点","access":"未标注","source_date":"2026-09-12T02:20:24Z","original_name":"人文与社会发展学院","related_osm_ids":["node/12042071041"]}},{"type":"Feature","id":"node/12042071042","geometry":{"type":"Point","coordinates":[118.8364522,32.0331621]},"properties":{"osm_id":"node/12042071042","name":"动物科技学院","named":true,"category":"education","kind":"college","location_method":"OSM 节点","access":"未标注","source_date":"2026-09-12T02:20:24Z","original_name":"动物科技学院","related_osm_ids":["node/12042071042"]}},{"type":"Feature","id":"node/12042071043","geometry":{"type":"Point","coordinates":[118.8366035,32.0332892]},"properties":{"osm_id":"node/12042071043","name":"动物医学院","named":true,"category":"education","kind":"college","location_method":"OSM 节点","access":"未标注","source_date":"2026-09-12T02:20:24Z","original_name":"动物医学院","related_osm_ids":["node/12042071043"]}},{"type":"Feature","id":"node/12042071044","geometry":{"type":"Point","coordinates":[118.8368945,32.0333772]},"properties":{"osm_id":"node/12042071044","name":"公共管理学院","named":true,"category":"education","kind":"college","location_method":"OSM 节点","access":"未标注","source_date":"2026-09-12T02:20:24Z","original_name":"公共管理学院","related_osm_ids":["node/12042071044"]}},{"type":"Feature","id":"node/12042071045","geometry":{"type":"Point","coordinates":[118.837276,32.0357606]},"properties":{"osm_id":"node/12042071045","name":"农学院","named":true,"category":"education","kind":"college","location_method":"OSM 节点","access":"未标注","source_date":"2026-09-12T02:20:24Z","original_name":"农学院","related_osm_ids":["node/12042071045"]}},{"type":"Feature","id":"node/12042071046","geometry":{"type":"Point","coordinates":[118.8371459,32.0355814]},"properties":{"osm_id":"node/12042071046","name":"园艺学院","named":true,"category":"education","kind":"college","location_method":"OSM 节点","access":"未标注","source_date":"2026-09-12T02:20:24Z","original_name":"园艺学院","related_osm_ids":["node/12042071046"]}},{"type":"Feature","id":"node/12042071047","geometry":{"type":"Point","coordinates":[118.8371882,32.0352933]},"properties":{"osm_id":"node/12042071047","name":"生命科学学院","named":true,"category":"education","kind":"college","location_method":"OSM 节点","access":"未标注","source_date":"2026-09-12T02:20:24Z","original_name":"生命科学学院","related_osm_ids":["node/12042071047"]}},{"type":"Feature","id":"node/12094752693","geometry":{"type":"Point","coordinates":[118.8706514,32.1178849]},"properties":{"osm_id":"node/12094752693","name":"苏果社区店","named":true,"category":"daily","kind":"department_store","location_method":"OSM 节点","access":"未标注","source_date":"2026-09-12T02:20:24Z","original_name":"苏果社区店","related_osm_ids":["node/12094752693"]}},{"type":"Feature","id":"node/12094752694","geometry":{"type":"Point","coordinates":[118.8708865,32.1179401]},"properties":{"osm_id":"node/12094752694","name":"肯德基","named":true,"category":"daily","kind":"fast_food","location_method":"OSM 节点","access":"未标注","source_date":"2026-09-12T02:20:24Z","original_name":"肯德基","related_osm_ids":["node/12094752694"]}},{"type":"Feature","id":"node/12094752695","geometry":{"type":"Point","coordinates":[118.8717503,32.118433]},"properties":{"osm_id":"node/12094752695","name":"中国农业银行","named":true,"category":"daily","kind":"bank","location_method":"OSM 节点","access":"未标注","source_date":"2026-09-12T02:20:24Z","original_name":"中国农业银行","related_osm_ids":["node/12094752695"]}},{"type":"Feature","id":"node/12095609572","geometry":{"type":"Point","coordinates":[118.874549,32.1194838]},"properties":{"osm_id":"node/12095609572","name":"中国建设银行","named":true,"category":"daily","kind":"bank","location_method":"OSM 节点","access":"未标注","source_date":"2026-09-12T02:20:24Z","original_name":"中国建设银行","related_osm_ids":["node/12095609572"]}},{"type":"Feature","id":"node/12095609740","geometry":{"type":"Point","coordinates":[118.8728027,32.1184268]},"properties":{"osm_id":"node/12095609740","name":"江苏银行","named":true,"category":"daily","kind":"bank","location_method":"OSM 节点","access":"未标注","source_date":"2026-09-12T02:20:24Z","original_name":"江苏银行","related_osm_ids":["node/12095609740"]}},{"type":"Feature","id":"node/12098324673","geometry":{"type":"Point","coordinates":[118.8680754,32.1202901]},"properties":{"osm_id":"node/12098324673","name":"高岗里小马牛肉面","named":true,"category":"daily","kind":"fast_food","location_method":"OSM 节点","access":"未标注","source_date":"2026-09-12T02:20:24Z","original_name":"高岗里小马牛肉面","related_osm_ids":["node/12098324673"]}},{"type":"Feature","id":"node/12098627936","geometry":{"type":"Point","coordinates":[118.8687009,32.1161346]},"properties":{"osm_id":"node/12098627936","name":"交通银行","named":true,"category":"daily","kind":"bank","location_method":"OSM 节点","access":"未标注","source_date":"2026-09-12T02:20:24Z","original_name":"交通银行","related_osm_ids":["node/12098627936"]}},{"type":"Feature","id":"node/12099109620","geometry":{"type":"Point","coordinates":[118.870803,32.1171863]},"properties":{"osm_id":"node/12099109620","name":"先声再康尧化一村药店","named":true,"category":"health","kind":"pharmacy","location_method":"OSM 节点","access":"未标注","source_date":"2026-09-12T02:20:24Z","original_name":"先声再康尧化一村药店","related_osm_ids":["node/12099109620"]}},{"type":"Feature","id":"node/12099109621","geometry":{"type":"Point","coordinates":[118.8711205,32.1173564]},"properties":{"osm_id":"node/12099109621","name":"奇冠药店","named":true,"category":"health","kind":"pharmacy","location_method":"OSM 节点","access":"未标注","source_date":"2026-09-12T02:20:24Z","original_name":"奇冠药店","related_osm_ids":["node/12099109621"]}},{"type":"Feature","id":"node/12101805120","geometry":{"type":"Point","coordinates":[118.8744333,32.1047387]},"properties":{"osm_id":"node/12101805120","name":"江苏探戈房车营地","named":true,"category":"daily","kind":"car","location_method":"OSM 节点","access":"未标注","source_date":"2026-09-12T02:20:24Z","original_name":"江苏探戈房车营地","related_osm_ids":["node/12101805120"]}},{"type":"Feature","id":"node/12114454033","geometry":{"type":"Point","coordinates":[118.8492849,32.1013579]},"properties":{"osm_id":"node/12114454033","name":"南京康贤职业培训学校","named":true,"category":"education","kind":"school","location_method":"OSM 节点","access":"未标注","source_date":"2026-09-12T02:20:24Z","original_name":"南京康贤职业培训学校","related_osm_ids":["node/12114454033"]}},{"type":"Feature","id":"node/12116975644","geometry":{"type":"Point","coordinates":[118.8426487,32.1196504]},"properties":{"osm_id":"node/12116975644","name":"南京人民药店no.8","named":true,"category":"health","kind":"pharmacy","location_method":"OSM 节点","access":"未标注","source_date":"2026-09-12T02:20:24Z","original_name":"南京人民药店no.8","related_osm_ids":["node/12116975644"]}},{"type":"Feature","id":"node/12116975645","geometry":{"type":"Point","coordinates":[118.84371,32.1203247]},"properties":{"osm_id":"node/12116975645","name":"伟东便利超市","named":true,"category":"daily","kind":"supermarket","location_method":"OSM 节点","access":"未标注","source_date":"2026-09-12T02:20:24Z","original_name":"伟东便利超市","related_osm_ids":["node/12116975645"]}},{"type":"Feature","id":"node/12116975646","geometry":{"type":"Point","coordinates":[118.8433421,32.119982]},"properties":{"osm_id":"node/12116975646","name":"苏果生活超市","named":true,"category":"daily","kind":"supermarket","location_method":"OSM 节点","access":"未标注","source_date":"2026-09-12T02:20:24Z","original_name":"苏果生活超市","related_osm_ids":["node/12116975646"]}},{"type":"Feature","id":"node/12116977622","geometry":{"type":"Point","coordinates":[118.8481738,32.1154859]},"properties":{"osm_id":"node/12116977622","name":"星巴克","named":true,"category":"daily","kind":"cafe","location_method":"OSM 节点","access":"未标注","source_date":"2026-09-12T02:20:24Z","original_name":"星巴克","related_osm_ids":["node/12116977622"]}},{"type":"Feature","id":"node/12116977623","geometry":{"type":"Point","coordinates":[118.8483634,32.1149758]},"properties":{"osm_id":"node/12116977623","name":"好特卖","named":true,"category":"daily","kind":"variety_store","location_method":"OSM 节点","access":"未标注","source_date":"2026-09-12T02:20:24Z","original_name":"好特卖","related_osm_ids":["node/12116977623"]}},{"type":"Feature","id":"node/12116977624","geometry":{"type":"Point","coordinates":[118.8474945,32.1143818]},"properties":{"osm_id":"node/12116977624","name":"达美乐比萨","named":true,"category":"daily","kind":"fast_food","location_method":"OSM 节点","access":"未标注","source_date":"2026-09-12T02:20:24Z","original_name":"达美乐比萨","related_osm_ids":["node/12116977624"]}},{"type":"Feature","id":"node/12116977625","geometry":{"type":"Point","coordinates":[118.8472693,32.1147576]},"properties":{"osm_id":"node/12116977625","name":"肯德基","named":true,"category":"daily","kind":"fast_food","location_method":"OSM 节点","access":"未标注","source_date":"2026-09-12T02:20:24Z","original_name":"肯德基","related_osm_ids":["node/12116977625"]}},{"type":"Feature","id":"node/12121318873","geometry":{"type":"Point","coordinates":[118.8523344,32.11573]},"properties":{"osm_id":"node/12121318873","name":"苏果超市燕歌园店","named":true,"category":"daily","kind":"convenience","location_method":"OSM 节点","access":"未标注","source_date":"2026-09-12T02:20:24Z","original_name":"苏果超市燕歌园店","related_osm_ids":["node/12121318873"]}},{"type":"Feature","id":"node/12121318874","geometry":{"type":"Point","coordinates":[118.8521021,32.1180613]},"properties":{"osm_id":"node/12121318874","name":"先声再康药店丁家庄药店","named":true,"category":"health","kind":"pharmacy","location_method":"OSM 节点","access":"未标注","source_date":"2026-09-12T02:20:24Z","original_name":"先声再康药店丁家庄药店","related_osm_ids":["node/12121318874"]}},{"type":"Feature","id":"node/12121318875","geometry":{"type":"Point","coordinates":[118.8493517,32.1189377]},"properties":{"osm_id":"node/12121318875","name":"中国工商银行","named":true,"category":"daily","kind":"bank","location_method":"OSM 节点","access":"未标注","source_date":"2026-09-12T02:20:24Z","original_name":"中国工商银行","related_osm_ids":["node/12121318875"]}},{"type":"Feature","id":"node/12121318876","geometry":{"type":"Point","coordinates":[118.8503333,32.1189686]},"properties":{"osm_id":"node/12121318876","name":"百合华府百姓超市丁家庄店","named":true,"category":"daily","kind":"supermarket","location_method":"OSM 节点","access":"未标注","source_date":"2026-09-12T02:20:24Z","original_name":"百合华府百姓超市丁家庄店","related_osm_ids":["node/12121318876"]}},{"type":"Feature","id":"node/12123655488","geometry":{"type":"Point","coordinates":[118.8654292,32.1244352]},"properties":{"osm_id":"node/12123655488","name":"老侉子全羊馆","named":true,"category":"daily","kind":"restaurant","location_method":"OSM 节点","access":"未标注","source_date":"2026-09-12T02:20:24Z","original_name":"老侉子全羊馆","related_osm_ids":["node/12123655488"]}},{"type":"Feature","id":"node/12123655489","geometry":{"type":"Point","coordinates":[118.8650376,32.1242966]},"properties":{"osm_id":"node/12123655489","name":"小四川家常菜","named":true,"category":"daily","kind":"restaurant","location_method":"OSM 节点","access":"未标注","source_date":"2026-09-12T02:20:24Z","original_name":"小四川家常菜","related_osm_ids":["node/12123655489"]}},{"type":"Feature","id":"node/12123655490","geometry":{"type":"Point","coordinates":[118.8653219,32.124392]},"properties":{"osm_id":"node/12123655490","name":"鼎香烧鸡公","named":true,"category":"daily","kind":"restaurant","location_method":"OSM 节点","access":"未标注","source_date":"2026-09-12T02:20:24Z","original_name":"鼎香烧鸡公","related_osm_ids":["node/12123655490"]}},{"type":"Feature","id":"node/12123655491","geometry":{"type":"Point","coordinates":[118.8660327,32.1247078]},"properties":{"osm_id":"node/12123655491","name":"城东第一锅酸菜鱼","named":true,"category":"daily","kind":"restaurant","location_method":"OSM 节点","access":"未标注","source_date":"2026-09-12T02:20:24Z","original_name":"城东第一锅酸菜鱼","related_osm_ids":["node/12123655491"]}},{"type":"Feature","id":"node/12124974307","geometry":{"type":"Point","coordinates":[118.8751097,32.1206267]},"properties":{"osm_id":"node/12124974307","name":"紫金农商银行","named":true,"category":"daily","kind":"bank","location_method":"OSM 节点","access":"未标注","source_date":"2026-09-12T02:20:24Z","original_name":"紫金农商银行","related_osm_ids":["node/12124974307"]}},{"type":"Feature","id":"node/12124974308","geometry":{"type":"Point","coordinates":[118.875746,32.1209478]},"properties":{"osm_id":"node/12124974308","name":"中国电信","named":true,"category":"daily","kind":"telecommunication","location_method":"OSM 节点","access":"未标注","source_date":"2026-09-12T02:20:24Z","original_name":"中国电信","related_osm_ids":["node/12124974308"]}},{"type":"Feature","id":"node/1212800145","geometry":{"type":"Point","coordinates":[118.7765724,32.0788928]},"properties":{"osm_id":"node/1212800145","name":"新模范马路东（停车场）","named":true,"category":"transit","kind":"bus_station","location_method":"OSM 节点","access":"未标注","source_date":"2026-09-12T02:20:24Z","original_name":"新模范马路东（停车场）","related_osm_ids":["node/1212800145"]}},{"type":"Feature","id":"node/1214509745","geometry":{"type":"Point","coordinates":[118.8091151,32.0341076]},"properties":{"osm_id":"node/1214509745","name":"麦当劳","named":true,"category":"daily","kind":"fast_food","location_method":"OSM 节点","access":"未标注","source_date":"2026-09-12T02:20:24Z","original_name":"麦当劳","related_osm_ids":["node/1214509745"]}},{"type":"Feature","id":"node/1214509761","geometry":{"type":"Point","coordinates":[118.8113718,32.025242]},"properties":{"osm_id":"node/1214509761","name":"肯德基","named":true,"category":"daily","kind":"fast_food","location_method":"OSM 节点","access":"未标注","source_date":"2026-09-12T02:20:24Z","original_name":"肯德基","related_osm_ids":["node/1214509761"]}},{"type":"Feature","id":"node/1214510976","geometry":{"type":"Point","coordinates":[118.798347,32.0350559]},"properties":{"osm_id":"node/1214510976","name":"未命名生活服务","named":false,"category":"daily","kind":"fast_food","location_method":"OSM 节点","access":"未标注","source_date":"2026-09-12T02:20:24Z","related_osm_ids":["node/1214510976"]}},{"type":"Feature","id":"node/12155633012","geometry":{"type":"Point","coordinates":[118.8377203,32.1249123]},"properties":{"osm_id":"node/12155633012","name":"彭德楷黄焖鸡米饭","named":true,"category":"daily","kind":"fast_food","location_method":"OSM 节点","access":"未标注","source_date":"2026-09-12T02:20:24Z","original_name":"彭德楷黄焖鸡米饭","related_osm_ids":["node/12155633012"]}},{"type":"Feature","id":"node/12155633013","geometry":{"type":"Point","coordinates":[118.8378765,32.124911]},"properties":{"osm_id":"node/12155633013","name":"可可同学私房蛋糕","named":true,"category":"daily","kind":"bakery","location_method":"OSM 节点","access":"未标注","source_date":"2026-09-12T02:20:24Z","original_name":"可可同学私房蛋糕","related_osm_ids":["node/12155633013"]}},{"type":"Feature","id":"node/12155633014","geometry":{"type":"Point","coordinates":[118.8377101,32.1246408]},"properties":{"osm_id":"node/12155633014","name":"小蛮妞螺狮粉","named":true,"category":"daily","kind":"fast_food","location_method":"OSM 节点","access":"未标注","source_date":"2026-09-12T02:20:24Z","original_name":"小蛮妞螺狮粉","related_osm_ids":["node/12155633014"]}},{"type":"Feature","id":"node/12155633016","geometry":{"type":"Point","coordinates":[118.8373976,32.1245734]},"properties":{"osm_id":"node/12155633016","name":"童记私房菜","named":true,"category":"daily","kind":"restaurant","location_method":"OSM 节点","access":"未标注","source_date":"2026-09-12T02:20:24Z","original_name":"童记私房菜","related_osm_ids":["node/12155633016"]}},{"type":"Feature","id":"node/12155633017","geometry":{"type":"Point","coordinates":[118.8373333,32.1245734]},"properties":{"osm_id":"node/12155633017","name":"满堂红菜馆","named":true,"category":"daily","kind":"restaurant","location_method":"OSM 节点","access":"未标注","source_date":"2026-09-12T02:20:24Z","original_name":"满堂红菜馆","related_osm_ids":["node/12155633017"]}},{"type":"Feature","id":"node/12155633018","geometry":{"type":"Point","coordinates":[118.8370822,32.1240479]},"properties":{"osm_id":"node/12155633018","name":"云南一品过桥米线","named":true,"category":"daily","kind":"fast_food","location_method":"OSM 节点","access":"未标注","source_date":"2026-09-12T02:20:24Z","original_name":"云南一品过桥米线","related_osm_ids":["node/12155633018"]}},{"type":"Feature","id":"node/12155633019","geometry":{"type":"Point","coordinates":[118.8371034,32.1241283]},"properties":{"osm_id":"node/12155633019","name":"刘记特色小笼包","named":true,"category":"daily","kind":"fast_food","location_method":"OSM 节点","access":"未标注","source_date":"2026-09-12T02:20:24Z","original_name":"刘记特色小笼包","related_osm_ids":["node/12155633019"]}},{"type":"Feature","id":"node/12155633020","geometry":{"type":"Point","coordinates":[118.837153,32.1244547]},"properties":{"osm_id":"node/12155633020","name":"贺记东北烧烤","named":true,"category":"daily","kind":"fast_food","location_method":"OSM 节点","access":"未标注","source_date":"2026-09-12T02:20:24Z","original_name":"贺记东北烧烤","related_osm_ids":["node/12155633020"]}},{"type":"Feature","id":"node/12155633021","geometry":{"type":"Point","coordinates":[118.8371713,32.1245753]},"properties":{"osm_id":"node/12155633021","name":"禧满楼中式快餐","named":true,"category":"daily","kind":"fast_food","location_method":"OSM 节点","access":"未标注","source_date":"2026-09-12T02:20:24Z","original_name":"禧满楼中式快餐","related_osm_ids":["node/12155633021"]}},{"type":"Feature","id":"node/12155633022","geometry":{"type":"Point","coordinates":[118.8371596,32.1244955]},"properties":{"osm_id":"node/12155633022","name":"仇亮牛肉汤","named":true,"category":"daily","kind":"fast_food","location_method":"OSM 节点","access":"未标注","source_date":"2026-09-12T02:20:24Z","original_name":"仇亮牛肉汤","related_osm_ids":["node/12155633022"]}},{"type":"Feature","id":"node/12155633023","geometry":{"type":"Point","coordinates":[118.8371311,32.1243379]},"properties":{"osm_id":"node/12155633023","name":"港师傅菠萝包万寿店","named":true,"category":"daily","kind":"bakery","location_method":"OSM 节点","access":"未标注","source_date":"2026-09-12T02:20:24Z","original_name":"港师傅菠萝包万寿店","related_osm_ids":["node/12155633023"]}},{"type":"Feature","id":"node/12155633025","geometry":{"type":"Point","coordinates":[118.8371304,32.1243039]},"properties":{"osm_id":"node/12155633025","name":"中国邮政储蓄银行","named":true,"category":"daily","kind":"bank","location_method":"OSM 节点","access":"未标注","source_date":"2026-09-12T02:20:24Z","original_name":"中国邮政储蓄银行","related_osm_ids":["node/12155633025"]}},{"type":"Feature","id":"node/12155633026","geometry":{"type":"Point","coordinates":[118.8370574,32.1239848]},"properties":{"osm_id":"node/12155633026","name":"唐记贵州烙锅","named":true,"category":"daily","kind":"fast_food","location_method":"OSM 节点","access":"未标注","source_date":"2026-09-12T02:20:24Z","original_name":"唐记贵州烙锅","related_osm_ids":["node/12155633026"]}},{"type":"Feature","id":"node/12155633027","geometry":{"type":"Point","coordinates":[118.8370924,32.1240887]},"properties":{"osm_id":"node/12155633027","name":"一家花店","named":true,"category":"daily","kind":"florist","location_method":"OSM 节点","access":"未标注","source_date":"2026-09-12T02:20:24Z","original_name":"一家花店","related_osm_ids":["node/12155633027"]}},{"type":"Feature","id":"node/12155633028","geometry":{"type":"Point","coordinates":[118.8371121,32.1241685]},"properties":{"osm_id":"node/12155633028","name":"曹丞相地锅鸡地锅鱼","named":true,"category":"daily","kind":"fast_food","location_method":"OSM 节点","access":"未标注","source_date":"2026-09-12T02:20:24Z","original_name":"曹丞相地锅鸡地锅鱼","related_osm_ids":["node/12155633028"]}},{"type":"Feature","id":"node/12155633029","geometry":{"type":"Point","coordinates":[118.8370136,32.1238352]},"properties":{"osm_id":"node/12155633029","name":"沙县小吃","named":true,"category":"daily","kind":"fast_food","location_method":"OSM 节点","access":"未标注","source_date":"2026-09-12T02:20:24Z","original_name":"沙县小吃","related_osm_ids":["node/12155633029"]}},{"type":"Feature","id":"node/12155633031","geometry":{"type":"Point","coordinates":[118.8369442,32.1236324]},"properties":{"osm_id":"node/12155633031","name":"淮安长鱼面馆","named":true,"category":"daily","kind":"fast_food","location_method":"OSM 节点","access":"未标注","source_date":"2026-09-12T02:20:24Z","original_name":"淮安长鱼面馆","related_osm_ids":["node/12155633031"]}},{"type":"Feature","id":"node/12158168291","geometry":{"type":"Point","coordinates":[118.8337658,32.1222839]},"properties":{"osm_id":"node/12158168291","name":"易捷长荣快修保养","named":true,"category":"daily","kind":"car_repair","location_method":"OSM 节点","access":"未标注","source_date":"2026-09-12T02:20:24Z","original_name":"易捷长荣快修保养","related_osm_ids":["node/12158168291"]}},{"type":"Feature","id":"node/12158168292","geometry":{"type":"Point","coordinates":[118.8338032,32.1224605]},"properties":{"osm_id":"node/12158168292","name":"轮库汽车服务连锁","named":true,"category":"daily","kind":"car_repair","location_method":"OSM 节点","access":"未标注","source_date":"2026-09-12T02:20:24Z","original_name":"轮库汽车服务连锁","related_osm_ids":["node/12158168292"]}},{"type":"Feature","id":"node/12159481998","geometry":{"type":"Point","coordinates":[118.8340098,32.1213163]},"properties":{"osm_id":"node/12159481998","name":"肯德基","named":true,"category":"daily","kind":"fast_food","location_method":"OSM 节点","access":"未标注","source_date":"2026-09-12T02:20:24Z","original_name":"肯德基","related_osm_ids":["node/12159481998"]}},{"type":"Feature","id":"node/12159503156","geometry":{"type":"Point","coordinates":[118.8311546,32.1212822]},"properties":{"osm_id":"node/12159503156","name":"朝阳轮胎","named":true,"category":"daily","kind":"tyres","location_method":"OSM 节点","access":"未标注","source_date":"2026-09-12T02:20:24Z","original_name":"朝阳轮胎","related_osm_ids":["node/12159503156"]}},{"type":"Feature","id":"node/12159503157","geometry":{"type":"Point","coordinates":[118.8302681,32.1203338]},"properties":{"osm_id":"node/12159503157","name":"佳通轮胎","named":true,"category":"daily","kind":"tyres","location_method":"OSM 节点","access":"未标注","source_date":"2026-09-12T02:20:24Z","original_name":"佳通轮胎","related_osm_ids":["node/12159503157"]}},{"type":"Feature","id":"node/12159503158","geometry":{"type":"Point","coordinates":[118.8302708,32.1200215]},"properties":{"osm_id":"node/12159503158","name":"固特异轮胎","named":true,"category":"daily","kind":"tyres","location_method":"OSM 节点","access":"未标注","source_date":"2026-09-12T02:20:24Z","original_name":"固特异轮胎","related_osm_ids":["node/12159503158"]}},{"type":"Feature","id":"node/12159503159","geometry":{"type":"Point","coordinates":[118.8302708,32.1193525]},"properties":{"osm_id":"node/12159503159","name":"南京三门轮胎有限公司","named":true,"category":"daily","kind":"car_repair","location_method":"OSM 节点","access":"未标注","source_date":"2026-09-12T02:20:24Z","original_name":"南京三门轮胎有限公司","related_osm_ids":["node/12159503159"]}},{"type":"Feature","id":"node/12159503160","geometry":{"type":"Point","coordinates":[118.8302399,32.1193513]},"properties":{"osm_id":"node/12159503160","name":"三门轮胎","named":true,"category":"daily","kind":"tyres","location_method":"OSM 节点","access":"未标注","source_date":"2026-09-12T02:20:24Z","original_name":"三门轮胎","related_osm_ids":["node/12159503160"]}},{"type":"Feature","id":"node/12159503161","geometry":{"type":"Point","coordinates":[118.8302399,32.1196387]},"properties":{"osm_id":"node/12159503161","name":"华泰轮胎有限公司","named":true,"category":"daily","kind":"tyres","location_method":"OSM 节点","access":"未标注","source_date":"2026-09-12T02:20:24Z","original_name":"华泰轮胎有限公司","related_osm_ids":["node/12159503161"]}},{"type":"Feature","id":"node/12159503162","geometry":{"type":"Point","coordinates":[118.8308917,32.1195887]},"properties":{"osm_id":"node/12159503162","name":"宁顺昌改装","named":true,"category":"daily","kind":"car_repair","location_method":"OSM 节点","access":"未标注","source_date":"2026-09-12T02:20:24Z","original_name":"宁顺昌改装","related_osm_ids":["node/12159503162"]}},{"type":"Feature","id":"node/12161289443","geometry":{"type":"Point","coordinates":[118.8737571,32.0001836]},"properties":{"osm_id":"node/12161289443","name":"华为","named":true,"category":"daily","kind":"mobile_phone","location_method":"OSM 节点","access":"未标注","source_date":"2026-09-12T02:20:24Z","original_name":"华为","related_osm_ids":["node/12161289443"]}},{"type":"Feature","id":"node/12161289446","geometry":{"type":"Point","coordinates":[118.8744035,32.0001472]},"properties":{"osm_id":"node/12161289446","name":"杨国福麻辣烫","named":true,"category":"daily","kind":"restaurant","location_method":"OSM 节点","access":"未标注","source_date":"2026-09-12T02:20:24Z","original_name":"杨国福麻辣烫","related_osm_ids":["node/12161289446"]}},{"type":"Feature","id":"node/12161289447","geometry":{"type":"Point","coordinates":[118.8742767,32.000422]},"properties":{"osm_id":"node/12161289447","name":"霸王茶姬","named":true,"category":"daily","kind":"cafe","location_method":"OSM 节点","access":"未标注","source_date":"2026-09-12T02:20:24Z","original_name":"霸王茶姬","related_osm_ids":["node/12161289447"]}},{"type":"Feature","id":"node/12161289448","geometry":{"type":"Point","coordinates":[118.8740765,32.0006049]},"properties":{"osm_id":"node/12161289448","name":"Vivo","named":true,"category":"daily","kind":"mobile_phone","location_method":"OSM 节点","access":"未标注","source_date":"2026-09-12T02:20:24Z","original_name":"Vivo","related_osm_ids":["node/12161289448"]}},{"type":"Feature","id":"node/12161289449","geometry":{"type":"Point","coordinates":[118.8738331,32.00055]},"properties":{"osm_id":"node/12161289449","name":"罗森","named":true,"category":"daily","kind":"convenience","location_method":"OSM 节点","access":"未标注","source_date":"2026-09-12T02:20:24Z","original_name":"罗森","related_osm_ids":["node/12161289449"]}},{"type":"Feature","id":"node/12161289450","geometry":{"type":"Point","coordinates":[118.873867,32.0007199]},"properties":{"osm_id":"node/12161289450","name":"南京银行","named":true,"category":"daily","kind":"bank","location_method":"OSM 节点","access":"未标注","source_date":"2026-09-12T02:20:24Z","original_name":"南京银行","related_osm_ids":["node/12161289450"]}},{"type":"Feature","id":"node/12161289451","geometry":{"type":"Point","coordinates":[118.8740241,32.0002835]},"properties":{"osm_id":"node/12161289451","name":"中国黄金","named":true,"category":"daily","kind":"jewelry","location_method":"OSM 节点","access":"未标注","source_date":"2026-09-12T02:20:24Z","original_name":"中国黄金","related_osm_ids":["node/12161289451"]}},{"type":"Feature","id":"node/12161289452","geometry":{"type":"Point","coordinates":[118.874058,32.0008662]},"properties":{"osm_id":"node/12161289452","name":"沪上阿姨","named":true,"category":"daily","kind":"cafe","location_method":"OSM 节点","access":"未标注","source_date":"2026-09-12T02:20:24Z","original_name":"沪上阿姨","related_osm_ids":["node/12161289452"]}},{"type":"Feature","id":"node/12161289468","geometry":{"type":"Point","coordinates":[118.8647023,32.0128747]},"properties":{"osm_id":"node/12161289468","name":"霸王茶姬","named":true,"category":"daily","kind":"cafe","location_method":"OSM 节点","access":"未标注","source_date":"2026-09-12T02:20:24Z","original_name":"霸王茶姬","related_osm_ids":["node/12161289468"]}},{"type":"Feature","id":"node/12161289469","geometry":{"type":"Point","coordinates":[118.8643695,32.0131934]},"properties":{"osm_id":"node/12161289469","name":"沪上阿姨","named":true,"category":"daily","kind":"cafe","location_method":"OSM 节点","access":"未标注","source_date":"2026-09-12T02:20:24Z","original_name":"沪上阿姨","related_osm_ids":["node/12161289469"]}},{"type":"Feature","id":"node/12161289470","geometry":{"type":"Point","coordinates":[118.8642524,32.0130053]},"properties":{"osm_id":"node/12161289470","name":"罗森","named":true,"category":"daily","kind":"convenience","location_method":"OSM 节点","access":"未标注","source_date":"2026-09-12T02:20:24Z","original_name":"罗森","related_osm_ids":["node/12161289470"]}},{"type":"Feature","id":"node/12161289472","geometry":{"type":"Point","coordinates":[118.8639998,32.0143272]},"properties":{"osm_id":"node/12161289472","name":"中国电信","named":true,"category":"daily","kind":"telecommunication","location_method":"OSM 节点","access":"未标注","source_date":"2026-09-12T02:20:24Z","original_name":"中国电信","related_osm_ids":["node/12161289472"]}},{"type":"Feature","id":"node/12161289473","geometry":{"type":"Point","coordinates":[118.8644619,32.0128799]},"properties":{"osm_id":"node/12161289473","name":"肯德基","named":true,"category":"daily","kind":"fast_food","location_method":"OSM 节点","access":"未标注","source_date":"2026-09-12T02:20:24Z","original_name":"肯德基","related_osm_ids":["node/12161289473"]}},{"type":"Feature","id":"node/12162749127","geometry":{"type":"Point","coordinates":[118.8311914,32.1244613]},"properties":{"osm_id":"node/12162749127","name":"阿香卤菜店","named":true,"category":"daily","kind":"deli","location_method":"OSM 节点","access":"未标注","source_date":"2026-09-12T02:20:24Z","original_name":"阿香卤菜店","related_osm_ids":["node/12162749127"]}},{"type":"Feature","id":"node/12162749128","geometry":{"type":"Point","coordinates":[118.8312095,32.1247169]},"properties":{"osm_id":"node/12162749128","name":"张府园大碗面","named":true,"category":"daily","kind":"fast_food","location_method":"OSM 节点","access":"未标注","source_date":"2026-09-12T02:20:24Z","original_name":"张府园大碗面","related_osm_ids":["node/12162749128"]}},{"type":"Feature","id":"node/12162749129","geometry":{"type":"Point","coordinates":[118.8315958,32.1242171]},"properties":{"osm_id":"node/12162749129","name":"老百姓大药房","named":true,"category":"health","kind":"pharmacy","location_method":"OSM 节点","access":"未标注","source_date":"2026-09-12T02:20:24Z","original_name":"老百姓大药房","related_osm_ids":["node/12162749129"]}},{"type":"Feature","id":"node/12162749130","geometry":{"type":"Point","coordinates":[118.831864,32.1242308]},"properties":{"osm_id":"node/12162749130","name":"無法现烤的三明治","named":true,"category":"daily","kind":"fast_food","location_method":"OSM 节点","access":"未标注","source_date":"2026-09-12T02:20:24Z","original_name":"無法现烤的三明治","related_osm_ids":["node/12162749130"]}},{"type":"Feature","id":"node/12162749135","geometry":{"type":"Point","coordinates":[118.8302064,32.1241115]},"properties":{"osm_id":"node/12162749135","name":"杨国福麻辣烫","named":true,"category":"daily","kind":"restaurant","location_method":"OSM 节点","access":"未标注","source_date":"2026-09-12T02:20:24Z","original_name":"杨国福麻辣烫","related_osm_ids":["node/12162749135"]}},{"type":"Feature","id":"node/12162749136","geometry":{"type":"Point","coordinates":[118.8306262,32.1246112]},"properties":{"osm_id":"node/12162749136","name":"中国电信万象天地店","named":true,"category":"daily","kind":"mobile_phone","location_method":"OSM 节点","access":"未标注","source_date":"2026-09-12T02:20:24Z","original_name":"中国电信万象天地店","related_osm_ids":["node/12162749136"]}},{"type":"Feature","id":"node/12162749147","geometry":{"type":"Point","coordinates":[118.8302064,32.124149]},"properties":{"osm_id":"node/12162749147","name":"平安银行","named":true,"category":"daily","kind":"bank","location_method":"OSM 节点","access":"未标注","source_date":"2026-09-12T02:20:24Z","original_name":"平安银行","related_osm_ids":["node/12162749147"]}},{"type":"Feature","id":"node/12162749148","geometry":{"type":"Point","coordinates":[118.830256,32.1243648]},"properties":{"osm_id":"node/12162749148","name":"李家面馆","named":true,"category":"daily","kind":"fast_food","location_method":"OSM 节点","access":"未标注","source_date":"2026-09-12T02:20:24Z","original_name":"李家面馆","related_osm_ids":["node/12162749148"]}},{"type":"Feature","id":"node/12162749149","geometry":{"type":"Point","coordinates":[118.8306624,32.1241808]},"properties":{"osm_id":"node/12162749149","name":"肯德基","named":true,"category":"daily","kind":"fast_food","location_method":"OSM 节点","access":"未标注","source_date":"2026-09-12T02:20:24Z","original_name":"肯德基","related_osm_ids":["node/12162749149"]}},{"type":"Feature","id":"node/12184007002","geometry":{"type":"Point","coordinates":[118.8745865,32.0925575]},"properties":{"osm_id":"node/12184007002","name":"大苏越野改装","named":true,"category":"daily","kind":"car","location_method":"OSM 节点","access":"未标注","source_date":"2026-09-12T02:20:24Z","original_name":"大苏越野改装","related_osm_ids":["node/12184007002"]}},{"type":"Feature","id":"node/12257395443","geometry":{"type":"Point","coordinates":[118.8378383,32.0373419]},"properties":{"osm_id":"node/12257395443","name":"外国语学院","named":true,"category":"education","kind":"college","location_method":"OSM 节点","access":"未标注","source_date":"2026-09-12T02:20:24Z","original_name":"外国语学院","related_osm_ids":["node/12257395443"]}},{"type":"Feature","id":"node/12257405470","geometry":{"type":"Point","coordinates":[118.8354643,32.0410898]},"properties":{"osm_id":"node/12257405470","name":"麦当劳","named":true,"category":"daily","kind":"fast_food","location_method":"OSM 节点","access":"未标注","source_date":"2026-09-12T02:20:24Z","original_name":"麦当劳","related_osm_ids":["node/12257405470"]}},{"type":"Feature","id":"node/12325511454","geometry":{"type":"Point","coordinates":[118.7770126,32.0112937]},"properties":{"osm_id":"node/12325511454","name":"天王殿遗址","named":true,"category":"heritage","kind":"archaeological_site","location_method":"OSM 节点","access":"未标注","source_date":"2026-09-12T02:20:24Z","original_name":"天王殿遗址","related_osm_ids":["node/12325511454"]}},{"type":"Feature","id":"node/12325511455","geometry":{"type":"Point","coordinates":[118.7787247,32.0114357]},"properties":{"osm_id":"node/12325511455","name":"伽蓝殿遗址","named":true,"category":"heritage","kind":"archaeological_site","location_method":"OSM 节点","access":"未标注","source_date":"2026-09-12T02:20:24Z","original_name":"伽蓝殿遗址","related_osm_ids":["node/12325511455"]}},{"type":"Feature","id":"node/12325511456","geometry":{"type":"Point","coordinates":[118.7785935,32.0109646]},"properties":{"osm_id":"node/12325511456","name":"地宫","named":true,"category":"heritage","kind":"archaeological_site","location_method":"OSM 节点","access":"未标注","source_date":"2026-09-12T02:20:24Z","original_name":"地宫","related_osm_ids":["node/12325511456"]}},{"type":"Feature","id":"node/12327783835","geometry":{"type":"Point","coordinates":[118.779407,32.0466261]},"properties":{"osm_id":"node/12327783835","name":"Vacheron Constantin","named":true,"category":"daily","kind":"watches","location_method":"OSM 节点","access":"未标注","source_date":"2026-09-12T02:20:24Z","original_name":"Vacheron Constantin","related_osm_ids":["node/12327783835"]}},{"type":"Feature","id":"node/12327783836","geometry":{"type":"Point","coordinates":[118.7796016,32.0465944]},"properties":{"osm_id":"node/12327783836","name":"RAPL","named":true,"category":"daily","kind":"bakery","location_method":"OSM 节点","access":"未标注","source_date":"2026-09-12T02:20:24Z","original_name":"RAPL","related_osm_ids":["node/12327783836"]}},{"type":"Feature","id":"node/12336803805","geometry":{"type":"Point","coordinates":[118.8262515,32.1166139]},"properties":{"osm_id":"node/12336803805","name":"奋斗菜市场","named":true,"category":"daily","kind":"marketplace","location_method":"OSM 节点","access":"未标注","source_date":"2026-09-12T02:20:24Z","original_name":"奋斗菜市场","related_osm_ids":["node/12336803805"]}},{"type":"Feature","id":"node/12336803806","geometry":{"type":"Point","coordinates":[118.8261187,32.1166639]},"properties":{"osm_id":"node/12336803806","name":"青秀图书馆","named":true,"category":"education","kind":"library","location_method":"OSM 节点","access":"未标注","source_date":"2026-09-12T02:20:24Z","original_name":"青秀图书馆","related_osm_ids":["node/12336803806"]}},{"type":"Feature","id":"node/12336803807","geometry":{"type":"Point","coordinates":[118.8266042,32.1165162]},"properties":{"osm_id":"node/12336803807","name":"奋斗社区卫生服务站","named":true,"category":"health","kind":"hospital","location_method":"OSM 节点","access":"未标注","source_date":"2026-09-12T02:20:24Z","original_name":"奋斗社区卫生服务站","related_osm_ids":["node/12336803807"]}},{"type":"Feature","id":"node/12339149247","geometry":{"type":"Point","coordinates":[118.8332051,32.1159415]},"properties":{"osm_id":"node/12339149247","name":"南港轮胎","named":true,"category":"daily","kind":"tyres","location_method":"OSM 节点","access":"未标注","source_date":"2026-09-12T02:20:24Z","original_name":"南港轮胎","related_osm_ids":["node/12339149247"]}},{"type":"Feature","id":"node/12345226893","geometry":{"type":"Point","coordinates":[118.8487465,32.0578711]},"properties":{"osm_id":"node/12345226893","name":"孝经鼎","named":true,"category":"heritage","kind":"memorial","location_method":"OSM 节点","access":"未标注","source_date":"2026-09-12T02:20:24Z","original_name":"孝经鼎","related_osm_ids":["node/12345226893"]}},{"type":"Feature","id":"node/12345226894","geometry":{"type":"Point","coordinates":[118.8486466,32.0587677]},"properties":{"osm_id":"node/12345226894","name":"博爱坊","named":true,"category":"heritage","kind":"memorial","location_method":"OSM 节点","access":"未标注","source_date":"2026-09-12T02:20:24Z","original_name":"博爱坊","related_osm_ids":["node/12345226894"]}},{"type":"Feature","id":"node/1234713974","geometry":{"type":"Point","coordinates":[118.7795241,32.0416422]},"properties":{"osm_id":"node/1234713974","name":"苏宁易购","named":true,"category":"daily","kind":"electronics","location_method":"OSM 节点","access":"未标注","source_date":"2026-09-12T02:20:24Z","original_name":"苏宁易购","related_osm_ids":["node/1234713974"]}},{"type":"Feature","id":"node/1234713975","geometry":{"type":"Point","coordinates":[118.7825342,32.0390544]},"properties":{"osm_id":"node/1234713975","name":"国美电器","named":true,"category":"daily","kind":"department_store","location_method":"OSM 节点","access":"未标注","source_date":"2026-09-12T02:20:24Z","original_name":"国美电器","related_osm_ids":["node/1234713975"]}},{"type":"Feature","id":"node/12415609618","geometry":{"type":"Point","coordinates":[118.7715269,32.0695298]},"properties":{"osm_id":"node/12415609618","name":"爷爷不泡茶","named":true,"category":"daily","kind":"cafe","location_method":"OSM 节点","access":"未标注","source_date":"2026-09-12T02:20:24Z","original_name":"爷爷不泡茶","related_osm_ids":["node/12415609618"]}},{"type":"Feature","id":"node/12417754823","geometry":{"type":"Point","coordinates":[118.77928,32.052182]},"properties":{"osm_id":"node/12417754823","name":"及及广场","named":true,"category":"daily","kind":"mall","location_method":"OSM 节点","access":"未标注","source_date":"2026-09-12T02:20:24Z","original_name":"及及广场","related_osm_ids":["node/12417754823"]}},{"type":"Feature","id":"node/12419677416","geometry":{"type":"Point","coordinates":[118.8944664,32.0926977]},"properties":{"osm_id":"node/12419677416","name":"仙鹤门遇难同胞纪念碑","named":true,"category":"heritage","kind":"memorial","location_method":"OSM 节点","access":"未标注","source_date":"2026-09-12T02:20:24Z","original_name":"仙鹤门遇难同胞纪念碑","related_osm_ids":["node/12419677416"]}},{"type":"Feature","id":"node/12462545492","geometry":{"type":"Point","coordinates":[118.766433,32.0932355]},"properties":{"osm_id":"node/12462545492","name":"钟阜路","named":true,"category":"transit","kind":"station","location_method":"OSM 节点","access":"未标注","source_date":"2026-09-12T02:20:24Z","original_name":"钟阜路","related_osm_ids":["node/12462545492"]}},{"type":"Feature","id":"node/12466653247","geometry":{"type":"Point","coordinates":[118.7806078,32.0221511]},"properties":{"osm_id":"node/12466653247","name":"航天馒头","named":true,"category":"daily","kind":"restaurant","location_method":"OSM 节点","access":"未标注","source_date":"2026-09-12T02:20:24Z","original_name":"航天馒头","related_osm_ids":["node/12466653247"]}},{"type":"Feature","id":"node/12466666242","geometry":{"type":"Point","coordinates":[118.7822102,32.0246358]},"properties":{"osm_id":"node/12466666242","name":"永和园酒楼","named":true,"category":"daily","kind":"restaurant","location_method":"OSM 节点","access":"未标注","source_date":"2026-09-12T02:20:24Z","original_name":"永和园酒楼","related_osm_ids":["node/12466666242"]}},{"type":"Feature","id":"node/12466666243","geometry":{"type":"Point","coordinates":[118.7844696,32.0250386]},"properties":{"osm_id":"node/12466666243","name":"中国邮政","named":true,"category":"daily","kind":"post_office","location_method":"OSM 节点","access":"未标注","source_date":"2026-09-12T02:20:24Z","original_name":"中国邮政","related_osm_ids":["node/12466666243"]}},{"type":"Feature","id":"node/12630234629","geometry":{"type":"Point","coordinates":[118.7733925,32.0024983]},"properties":{"osm_id":"node/12630234629","name":"革命烈士西殉难处","named":true,"category":"heritage","kind":"memorial","location_method":"OSM 节点","access":"未标注","source_date":"2026-09-12T02:20:24Z","original_name":"革命烈士西殉难处","related_osm_ids":["node/12630234629"]}},{"type":"Feature","id":"node/12645079076","geometry":{"type":"Point","coordinates":[118.7634894,32.0453208]},"properties":{"osm_id":"node/12645079076","name":"FUJIFILM","named":true,"category":"daily","kind":"camera","location_method":"OSM 节点","access":"未标注","source_date":"2026-09-12T02:20:24Z","original_name":"FUJIFILM","related_osm_ids":["node/12645079076"]}},{"type":"Feature","id":"node/12666207528","geometry":{"type":"Point","coordinates":[118.8779497,32.0934596]},"properties":{"osm_id":"node/12666207528","name":"罗森","named":true,"category":"daily","kind":"convenience","location_method":"OSM 节点","access":"未标注","source_date":"2026-09-12T02:20:24Z","original_name":"罗森","related_osm_ids":["node/12666207528"]}},{"type":"Feature","id":"node/12666207529","geometry":{"type":"Point","coordinates":[118.8781321,32.093571]},"properties":{"osm_id":"node/12666207529","name":"肯德基","named":true,"category":"daily","kind":"fast_food","location_method":"OSM 节点","access":"未标注","source_date":"2026-09-12T02:20:24Z","original_name":"肯德基","related_osm_ids":["node/12666207529"]}},{"type":"Feature","id":"node/12666207541","geometry":{"type":"Point","coordinates":[118.8788818,32.0949923]},"properties":{"osm_id":"node/12666207541","name":"老娘舅","named":true,"category":"daily","kind":"fast_food","location_method":"OSM 节点","access":"未标注","source_date":"2026-09-12T02:20:24Z","original_name":"老娘舅","related_osm_ids":["node/12666207541"]}},{"type":"Feature","id":"node/12666207542","geometry":{"type":"Point","coordinates":[118.8788436,32.095236]},"properties":{"osm_id":"node/12666207542","name":"麦当劳","named":true,"category":"daily","kind":"fast_food","location_method":"OSM 节点","access":"未标注","source_date":"2026-09-12T02:20:24Z","original_name":"麦当劳","related_osm_ids":["node/12666207542"]}},{"type":"Feature","id":"node/12666207544","geometry":{"type":"Point","coordinates":[118.8758656,32.0924144]},"properties":{"osm_id":"node/12666207544","name":"瑞幸咖啡","named":true,"category":"daily","kind":"cafe","location_method":"OSM 节点","access":"未标注","source_date":"2026-09-12T02:20:24Z","original_name":"瑞幸咖啡","related_osm_ids":["node/12666207544"]}},{"type":"Feature","id":"node/12743971563","geometry":{"type":"Point","coordinates":[118.7931589,32.0560009]},"properties":{"osm_id":"node/12743971563","name":"十足便利店","named":true,"category":"daily","kind":"supermarket","location_method":"OSM 节点","access":"未标注","source_date":"2026-09-12T02:20:24Z","original_name":"十足便利店","related_osm_ids":["node/12743971563"]}},{"type":"Feature","id":"node/12916687193","geometry":{"type":"Point","coordinates":[118.7834776,32.0519873]},"properties":{"osm_id":"node/12916687193","name":"馨罗冷面拌饭","named":true,"category":"daily","kind":"restaurant","location_method":"OSM 节点","access":"未标注","source_date":"2026-09-12T02:20:24Z","original_name":"馨罗冷面拌饭","related_osm_ids":["node/12916687193"]}},{"type":"Feature","id":"node/12956016017","geometry":{"type":"Point","coordinates":[118.7989747,32.0367763]},"properties":{"osm_id":"node/12956016017","name":"金凱樓","named":true,"category":"daily","kind":"restaurant","location_method":"OSM 节点","access":"未标注","source_date":"2026-09-12T02:20:24Z","original_name":"金凱樓","related_osm_ids":["node/12956016017"]}},{"type":"Feature","id":"node/13011416284","geometry":{"type":"Point","coordinates":[118.9026904,32.0819382]},"properties":{"osm_id":"node/13011416284","name":"苏润万家生活超市","named":true,"category":"daily","kind":"supermarket","location_method":"OSM 节点","access":"未标注","source_date":"2026-09-12T02:20:24Z","original_name":"苏润万家生活超市","related_osm_ids":["node/13011416284"]}},{"type":"Feature","id":"node/13057948208","geometry":{"type":"Point","coordinates":[118.7676754,32.0706063]},"properties":{"osm_id":"node/13057948208","name":"青春广场","named":true,"category":"transit","kind":"station","location_method":"OSM 节点","access":"未标注","source_date":"2026-09-12T02:20:24Z","original_name":"青春广场","related_osm_ids":["node/13057948208"]}},{"type":"Feature","id":"node/13059454865","geometry":{"type":"Point","coordinates":[118.8176309,32.0005677]},"properties":{"osm_id":"node/13059454865","name":"大校场","named":true,"category":"transit","kind":"station","location_method":"OSM 节点","access":"未标注","source_date":"2026-09-12T02:20:24Z","original_name":"大校场","related_osm_ids":["node/13059454865"]}},{"type":"Feature","id":"node/13059454868","geometry":{"type":"Point","coordinates":[118.8202145,32.0109156]},"properties":{"osm_id":"node/13059454868","name":"七桥瓮","named":true,"category":"transit","kind":"station","location_method":"OSM 节点","access":"未标注","source_date":"2026-09-12T02:20:24Z","original_name":"七桥瓮","related_osm_ids":["node/13059454868"]}},{"type":"Feature","id":"node/13059514805","geometry":{"type":"Point","coordinates":[118.8096828,32.0256074]},"properties":{"osm_id":"node/13059514805","name":"光华门","named":true,"category":"transit","kind":"station","location_method":"OSM 节点","access":"未标注","source_date":"2026-09-12T02:20:24Z","original_name":"光华门","related_osm_ids":["node/13059514805"]}},{"type":"Feature","id":"node/13059514808","geometry":{"type":"Point","coordinates":[118.8196412,32.0195816]},"properties":{"osm_id":"node/13059514808","name":"石门坎","named":true,"category":"transit","kind":"station","location_method":"OSM 节点","access":"未标注","source_date":"2026-09-12T02:20:24Z","original_name":"石门坎","related_osm_ids":["node/13059514808"]}},{"type":"Feature","id":"node/13059514811","geometry":{"type":"Point","coordinates":[118.7993248,32.0277296]},"properties":{"osm_id":"node/13059514811","name":"通济门","named":true,"category":"transit","kind":"station","location_method":"OSM 节点","access":"未标注","source_date":"2026-09-12T02:20:24Z","original_name":"通济门","related_osm_ids":["node/13059514811","node/1596449657"]}},{"type":"Feature","id":"node/13059514818","geometry":{"type":"Point","coordinates":[118.7674333,32.0347115]},"properties":{"osm_id":"node/13059514818","name":"朝天宫","named":true,"category":"transit","kind":"station","location_method":"OSM 节点","access":"未标注","source_date":"2026-09-12T02:20:24Z","original_name":"朝天宫","related_osm_ids":["node/13059514818"]}},{"type":"Feature","id":"node/13059514821","geometry":{"type":"Point","coordinates":[118.7713051,32.0522202]},"properties":{"osm_id":"node/13059514821","name":"五台山","named":true,"category":"transit","kind":"station","location_method":"OSM 节点","access":"未标注","source_date":"2026-09-12T02:20:24Z","original_name":"五台山","related_osm_ids":["node/13059514821"]}},{"type":"Feature","id":"node/13070338739","geometry":{"type":"Point","coordinates":[118.7737566,32.0402903]},"properties":{"osm_id":"node/13070338739","name":"芳婆糕团店(王府大街店)","named":true,"category":"daily","kind":"restaurant","location_method":"OSM 节点","access":"未标注","source_date":"2026-09-12T02:20:24Z","original_name":"芳婆糕团店(王府大街店)","related_osm_ids":["node/13070338739"]}},{"type":"Feature","id":"node/13070367918","geometry":{"type":"Point","coordinates":[118.7902357,32.05388]},"properties":{"osm_id":"node/13070367918","name":"西安瓦罐麵黃燜雞米飯(成賢街店)","named":true,"category":"daily","kind":"restaurant","location_method":"OSM 节点","access":"未标注","source_date":"2026-09-12T02:20:24Z","original_name":"西安瓦罐麵黃燜雞米飯(成賢街店)","related_osm_ids":["node/13070367918"]}},{"type":"Feature","id":"node/13070375661","geometry":{"type":"Point","coordinates":[118.859847,32.0569616]},"properties":{"osm_id":"node/13070375661","name":"未命名历史要素","named":false,"category":"heritage","kind":"tomb","location_method":"OSM 节点","access":"未标注","source_date":"2026-09-12T02:20:24Z","related_osm_ids":["node/13070375661"]}},{"type":"Feature","id":"node/13099718672","geometry":{"type":"Point","coordinates":[118.8897269,32.0285029]},"properties":{"osm_id":"node/13099718672","name":"顺丰速运","named":true,"category":"daily","kind":"post_office","location_method":"OSM 节点","access":"未标注","source_date":"2026-09-12T02:20:24Z","original_name":"顺丰速运","related_osm_ids":["node/13099718672"]}},{"type":"Feature","id":"node/13099718681","geometry":{"type":"Point","coordinates":[118.9001906,32.0274104]},"properties":{"osm_id":"node/13099718681","name":"原味酸菜鱼","named":true,"category":"daily","kind":"restaurant","location_method":"OSM 节点","access":"未标注","source_date":"2026-09-12T02:20:24Z","original_name":"原味酸菜鱼","related_osm_ids":["node/13099718681"]}},{"type":"Feature","id":"node/13099718682","geometry":{"type":"Point","coordinates":[118.8997248,32.0289141]},"properties":{"osm_id":"node/13099718682","name":"江湖足迹足道·SPA","named":true,"category":"daily","kind":"massage","location_method":"OSM 节点","access":"未标注","source_date":"2026-09-12T02:20:24Z","original_name":"江湖足迹足道·SPA","related_osm_ids":["node/13099718682"]}},{"type":"Feature","id":"node/13099718683","geometry":{"type":"Point","coordinates":[118.9008493,32.0293766]},"properties":{"osm_id":"node/13099718683","name":"苏娘家","named":true,"category":"daily","kind":"restaurant","location_method":"OSM 节点","access":"未标注","source_date":"2026-09-12T02:20:24Z","original_name":"苏娘家","related_osm_ids":["node/13099718683"]}},{"type":"Feature","id":"node/13099730561","geometry":{"type":"Point","coordinates":[118.8573518,32.0203079]},"properties":{"osm_id":"node/13099730561","name":"何记牛肉面","named":true,"category":"daily","kind":"restaurant","location_method":"OSM 节点","access":"未标注","source_date":"2026-09-12T02:20:24Z","original_name":"何记牛肉面","related_osm_ids":["node/13099730561"]}},{"type":"Feature","id":"node/13099730599","geometry":{"type":"Point","coordinates":[118.8406067,32.0310356]},"properties":{"osm_id":"node/13099730599","name":"益丰大药房","named":true,"category":"health","kind":"pharmacy","location_method":"OSM 节点","access":"未标注","source_date":"2026-09-12T02:20:24Z","original_name":"益丰大药房","related_osm_ids":["node/13099730599"]}},{"type":"Feature","id":"node/13099730600","geometry":{"type":"Point","coordinates":[118.8404376,32.0309088]},"properties":{"osm_id":"node/13099730600","name":"中国电信","named":true,"category":"daily","kind":"telecommunication","location_method":"OSM 节点","access":"未标注","source_date":"2026-09-12T02:20:24Z","original_name":"中国电信","related_osm_ids":["node/13099730600"]}},{"type":"Feature","id":"node/13099734601","geometry":{"type":"Point","coordinates":[118.8404733,32.0307916]},"properties":{"osm_id":"node/13099734601","name":"巴黎贝甜","named":true,"category":"daily","kind":"bakery","location_method":"OSM 节点","access":"未标注","source_date":"2026-09-12T02:20:24Z","original_name":"巴黎贝甜","related_osm_ids":["node/13099734601"]}},{"type":"Feature","id":"node/13099734602","geometry":{"type":"Point","coordinates":[118.8403091,32.0307406]},"properties":{"osm_id":"node/13099734602","name":"老乡鸡","named":true,"category":"daily","kind":"restaurant","location_method":"OSM 节点","access":"未标注","source_date":"2026-09-12T02:20:24Z","original_name":"老乡鸡","related_osm_ids":["node/13099734602"]}},{"type":"Feature","id":"node/13099734604","geometry":{"type":"Point","coordinates":[118.8409922,32.0309268]},"properties":{"osm_id":"node/13099734604","name":"高济再康药房","named":true,"category":"health","kind":"pharmacy","location_method":"OSM 节点","access":"未标注","source_date":"2026-09-12T02:20:24Z","original_name":"高济再康药房","related_osm_ids":["node/13099734604"]}},{"type":"Feature","id":"node/13099734605","geometry":{"type":"Point","coordinates":[118.8401721,32.0306006]},"properties":{"osm_id":"node/13099734605","name":"来伊份","named":true,"category":"daily","kind":"convenience","location_method":"OSM 节点","access":"未标注","source_date":"2026-09-12T02:20:24Z","original_name":"来伊份","related_osm_ids":["node/13099734605"]}},{"type":"Feature","id":"node/13099734606","geometry":{"type":"Point","coordinates":[118.8396878,32.0317195]},"properties":{"osm_id":"node/13099734606","name":"瑞幸咖啡","named":true,"category":"daily","kind":"cafe","location_method":"OSM 节点","access":"未标注","source_date":"2026-09-12T02:20:24Z","original_name":"瑞幸咖啡","related_osm_ids":["node/13099734606"]}},{"type":"Feature","id":"node/13099734607","geometry":{"type":"Point","coordinates":[118.8398223,32.0316213]},"properties":{"osm_id":"node/13099734607","name":"海天口腔门诊部","named":true,"category":"health","kind":"dentist","location_method":"OSM 节点","access":"未标注","source_date":"2026-09-12T02:20:24Z","original_name":"海天口腔门诊部","related_osm_ids":["node/13099734607"]}},{"type":"Feature","id":"node/13099734620","geometry":{"type":"Point","coordinates":[118.8454079,32.02939]},"properties":{"osm_id":"node/13099734620","name":"瑞园土菜馆","named":true,"category":"daily","kind":"restaurant","location_method":"OSM 节点","access":"未标注","source_date":"2026-09-12T02:20:24Z","original_name":"瑞园土菜馆","related_osm_ids":["node/13099734620"]}},{"type":"Feature","id":"node/13099734623","geometry":{"type":"Point","coordinates":[118.8818344,32.0293837]},"properties":{"osm_id":"node/13099734623","name":"麒麟中央公园三期","named":true,"category":"park","kind":"park","location_method":"OSM 节点","access":"未标注","source_date":"2026-09-12T02:20:24Z","original_name":"麒麟中央公园三期","related_osm_ids":["node/13099734623"]}},{"type":"Feature","id":"node/13099734624","geometry":{"type":"Point","coordinates":[118.8836626,32.0268732]},"properties":{"osm_id":"node/13099734624","name":"麒麟中央公园二期","named":true,"category":"park","kind":"park","location_method":"OSM 节点","access":"未标注","source_date":"2026-09-12T02:20:24Z","original_name":"麒麟中央公园二期","related_osm_ids":["node/13099734624"]}},{"type":"Feature","id":"node/13099762908","geometry":{"type":"Point","coordinates":[118.8063694,32.0793252]},"properties":{"osm_id":"node/13099762908","name":"经济管理学院","named":true,"category":"education","kind":"college","location_method":"OSM 节点","access":"未标注","source_date":"2026-09-12T02:20:24Z","original_name":"经济管理学院","related_osm_ids":["node/13099762908"]}},{"type":"Feature","id":"node/13099762909","geometry":{"type":"Point","coordinates":[118.8065612,32.0797247]},"properties":{"osm_id":"node/13099762909","name":"家居与工业设计学院","named":true,"category":"education","kind":"college","location_method":"OSM 节点","access":"未标注","source_date":"2026-09-12T02:20:24Z","original_name":"家居与工业设计学院","related_osm_ids":["node/13099762909"]}},{"type":"Feature","id":"node/13099762910","geometry":{"type":"Point","coordinates":[118.8060629,32.0798336]},"properties":{"osm_id":"node/13099762910","name":"人文社会科学学院","named":true,"category":"education","kind":"college","location_method":"OSM 节点","access":"未标注","source_date":"2026-09-12T02:20:24Z","original_name":"人文社会科学学院","related_osm_ids":["node/13099762910"]}},{"type":"Feature","id":"node/13099762911","geometry":{"type":"Point","coordinates":[118.8065825,32.0793916]},"properties":{"osm_id":"node/13099762911","name":"艺术设计学院","named":true,"category":"education","kind":"college","location_method":"OSM 节点","access":"未标注","source_date":"2026-09-12T02:20:24Z","original_name":"艺术设计学院","related_osm_ids":["node/13099762911"]}},{"type":"Feature","id":"node/13099762912","geometry":{"type":"Point","coordinates":[118.8061104,32.0792643]},"properties":{"osm_id":"node/13099762912","name":"外国语学院","named":true,"category":"education","kind":"college","location_method":"OSM 节点","access":"未标注","source_date":"2026-09-12T02:20:24Z","original_name":"外国语学院","related_osm_ids":["node/13099762912"]}},{"type":"Feature","id":"node/13099762913","geometry":{"type":"Point","coordinates":[118.8060353,32.079257]},"properties":{"osm_id":"node/13099762913","name":"马克思主义学院","named":true,"category":"education","kind":"college","location_method":"OSM 节点","access":"未标注","source_date":"2026-09-12T02:20:24Z","original_name":"马克思主义学院","related_osm_ids":["node/13099762913"]}},{"type":"Feature","id":"node/13099762914","geometry":{"type":"Point","coordinates":[118.8060644,32.0803924]},"properties":{"osm_id":"node/13099762914","name":"MBA教育中心","named":true,"category":"education","kind":"college","location_method":"OSM 节点","access":"未标注","source_date":"2026-09-12T02:20:24Z","original_name":"MBA教育中心","related_osm_ids":["node/13099762914"]}},{"type":"Feature","id":"node/13099762915","geometry":{"type":"Point","coordinates":[118.8072924,32.0783809]},"properties":{"osm_id":"node/13099762915","name":"继续教育学院","named":true,"category":"education","kind":"college","location_method":"OSM 节点","access":"未标注","source_date":"2026-09-12T02:20:24Z","original_name":"继续教育学院","related_osm_ids":["node/13099762915"]}},{"type":"Feature","id":"node/13099762925","geometry":{"type":"Point","coordinates":[118.8087912,32.0787297]},"properties":{"osm_id":"node/13099762925","name":"林草学院、水土保持学院","named":true,"category":"education","kind":"college","location_method":"OSM 节点","access":"未标注","source_date":"2026-09-12T02:20:24Z","original_name":"林草学院、水土保持学院","related_osm_ids":["node/13099762925"]}},{"type":"Feature","id":"node/13099762926","geometry":{"type":"Point","coordinates":[118.8084587,32.0798472]},"properties":{"osm_id":"node/13099762926","name":"化学工程学院","named":true,"category":"education","kind":"college","location_method":"OSM 节点","access":"未标注","source_date":"2026-09-12T02:20:24Z","original_name":"化学工程学院","related_osm_ids":["node/13099762926"]}},{"type":"Feature","id":"node/13099762927","geometry":{"type":"Point","coordinates":[118.8101922,32.0790431]},"properties":{"osm_id":"node/13099762927","name":"机械电子工程学院","named":true,"category":"education","kind":"college","location_method":"OSM 节点","access":"未标注","source_date":"2026-09-12T02:20:24Z","original_name":"机械电子工程学院","related_osm_ids":["node/13099762927"]}},{"type":"Feature","id":"node/13099762928","geometry":{"type":"Point","coordinates":[118.8095646,32.0785081]},"properties":{"osm_id":"node/13099762928","name":"生命科学学院","named":true,"category":"education","kind":"college","location_method":"OSM 节点","access":"未标注","source_date":"2026-09-12T02:20:24Z","original_name":"生命科学学院","related_osm_ids":["node/13099762928"]}},{"type":"Feature","id":"node/13099762929","geometry":{"type":"Point","coordinates":[118.8096543,32.0785683]},"properties":{"osm_id":"node/13099762929","name":"生态与环境学院","named":true,"category":"education","kind":"college","location_method":"OSM 节点","access":"未标注","source_date":"2026-09-12T02:20:24Z","original_name":"生态与环境学院","related_osm_ids":["node/13099762929"]}},{"type":"Feature","id":"node/13099762937","geometry":{"type":"Point","coordinates":[118.8172344,32.0803658]},"properties":{"osm_id":"node/13099762937","name":"风景园林学院","named":true,"category":"education","kind":"college","location_method":"OSM 节点","access":"未标注","source_date":"2026-09-12T02:20:24Z","original_name":"风景园林学院","related_osm_ids":["node/13099762937"]}},{"type":"Feature","id":"node/13099762938","geometry":{"type":"Point","coordinates":[118.8170542,32.0793877]},"properties":{"osm_id":"node/13099762938","name":"轻工与食品学院","named":true,"category":"education","kind":"college","location_method":"OSM 节点","access":"未标注","source_date":"2026-09-12T02:20:24Z","original_name":"轻工与食品学院","related_osm_ids":["node/13099762938"]}},{"type":"Feature","id":"node/13099762964","geometry":{"type":"Point","coordinates":[118.8116864,32.0834612]},"properties":{"osm_id":"node/13099762964","name":"体育教研部","named":true,"category":"education","kind":"college","location_method":"OSM 节点","access":"未标注","source_date":"2026-09-12T02:20:24Z","original_name":"体育教研部","related_osm_ids":["node/13099762964"]}},{"type":"Feature","id":"node/13099763002","geometry":{"type":"Point","coordinates":[118.8060291,32.0780411]},"properties":{"osm_id":"node/13099763002","name":"国际教育学院","named":true,"category":"education","kind":"college","location_method":"OSM 节点","access":"未标注","source_date":"2026-09-12T02:20:24Z","original_name":"国际教育学院","related_osm_ids":["node/13099763002"]}},{"type":"Feature","id":"node/13125813001","geometry":{"type":"Point","coordinates":[118.7769075,32.0483205]},"properties":{"osm_id":"node/13125813001","name":"未命名生活服务","named":false,"category":"daily","kind":"restaurant","location_method":"OSM 节点","access":"未标注","source_date":"2026-09-12T02:20:24Z","related_osm_ids":["node/13125813001"]}},{"type":"Feature","id":"node/13127447501","geometry":{"type":"Point","coordinates":[118.8345723,32.0522619]},"properties":{"osm_id":"node/13127447501","name":"未命名历史要素","named":false,"category":"heritage","kind":"memorial","location_method":"OSM 节点","access":"未标注","source_date":"2026-09-12T02:20:24Z","related_osm_ids":["node/13127447501"]}},{"type":"Feature","id":"node/13147495901","geometry":{"type":"Point","coordinates":[118.7867339,32.0225768]},"properties":{"osm_id":"node/13147495901","name":"未命名生活服务","named":false,"category":"daily","kind":"fast_food","location_method":"OSM 节点","access":"未标注","source_date":"2026-09-12T02:20:24Z","related_osm_ids":["node/13147495901"]}},{"type":"Feature","id":"node/13147496001","geometry":{"type":"Point","coordinates":[118.7814836,32.0262118]},"properties":{"osm_id":"node/13147496001","name":"顺小满土菜院子","named":true,"category":"daily","kind":"restaurant","location_method":"OSM 节点","access":"未标注","source_date":"2026-09-12T02:20:24Z","original_name":"顺小满土菜院子","related_osm_ids":["node/13147496001"]}},{"type":"Feature","id":"node/13157969501","geometry":{"type":"Point","coordinates":[118.7795831,32.0264486]},"properties":{"osm_id":"node/13157969501","name":"满江红足道 足道推拿SPA","named":true,"category":"daily","kind":"massage","location_method":"OSM 节点","access":"未标注","source_date":"2026-09-12T02:20:24Z","original_name":"满江红足道 足道推拿SPA","related_osm_ids":["node/13157969501"]}},{"type":"Feature","id":"node/1315961416","geometry":{"type":"Point","coordinates":[118.8284952,32.1056623]},"properties":{"osm_id":"node/1315961416","name":"工商银行","named":true,"category":"daily","kind":"bank","location_method":"OSM 节点","access":"未标注","source_date":"2026-09-12T02:20:24Z","original_name":"工商银行","related_osm_ids":["node/1315961416"]}},{"type":"Feature","id":"node/1315961417","geometry":{"type":"Point","coordinates":[118.8288278,32.1067391]},"properties":{"osm_id":"node/1315961417","name":"小营村","named":true,"category":"transit","kind":"bus_stop","location_method":"OSM 节点","access":"未标注","source_date":"2026-09-12T02:20:24Z","original_name":"小营村","related_osm_ids":["node/1315961417","node/1315961419"]}},{"type":"Feature","id":"node/1315961418","geometry":{"type":"Point","coordinates":[118.8283182,32.1055896]},"properties":{"osm_id":"node/1315961418","name":"未命名生活服务","named":false,"category":"daily","kind":"car_repair","location_method":"OSM 节点","access":"未标注","source_date":"2026-09-12T02:20:24Z","related_osm_ids":["node/1315961418"]}},{"type":"Feature","id":"node/1315968112","geometry":{"type":"Point","coordinates":[118.9105379,32.0961392]},"properties":{"osm_id":"node/1315968112","name":"华润苏果","named":true,"category":"daily","kind":"supermarket","location_method":"OSM 节点","access":"未标注","source_date":"2026-09-12T02:20:24Z","original_name":"华润苏果","related_osm_ids":["node/1315968112"]}},{"type":"Feature","id":"node/13186197648","geometry":{"type":"Point","coordinates":[118.8346053,32.0574363]},"properties":{"osm_id":"node/13186197648","name":"治隆唐宋碑","named":true,"category":"heritage","kind":"memorial","location_method":"OSM 节点","access":"未标注","source_date":"2026-09-12T02:20:24Z","original_name":"治隆唐宋碑","related_osm_ids":["node/13186197648"]}},{"type":"Feature","id":"node/13186197649","geometry":{"type":"Point","coordinates":[118.8346377,32.0573974]},"properties":{"osm_id":"node/13186197649","name":"特别告示碑","named":true,"category":"heritage","kind":"memorial","location_method":"OSM 节点","access":"未标注","source_date":"2026-09-12T02:20:24Z","original_name":"特别告示碑","related_osm_ids":["node/13186197649"]}},{"type":"Feature","id":"node/13186278047","geometry":{"type":"Point","coordinates":[118.8382271,32.0488181]},"properties":{"osm_id":"node/13186278047","name":"神功圣德碑","named":true,"category":"heritage","kind":"memorial","location_method":"OSM 节点","access":"未标注","source_date":"2026-09-12T02:20:24Z","original_name":"神功圣德碑","related_osm_ids":["node/13186278047"]}},{"type":"Feature","id":"node/13186310801","geometry":{"type":"Point","coordinates":[118.8484041,32.0626248]},"properties":{"osm_id":"node/13186310801","name":"无字碑","named":true,"category":"heritage","kind":"memorial","location_method":"OSM 节点","access":"未标注","source_date":"2026-09-12T02:20:24Z","original_name":"无字碑","related_osm_ids":["node/13186310801"]}},{"type":"Feature","id":"node/13204294314","geometry":{"type":"Point","coordinates":[118.7833215,32.0148456]},"properties":{"osm_id":"node/13204294314","name":"罗森","named":true,"category":"daily","kind":"convenience","location_method":"OSM 节点","access":"未标注","source_date":"2026-09-12T02:20:24Z","original_name":"罗森","related_osm_ids":["node/13204294314"]}},{"type":"Feature","id":"node/13208034322","geometry":{"type":"Point","coordinates":[118.7884853,32.0135792]},"properties":{"osm_id":"node/13208034322","name":"周记 · 城乡味道","named":true,"category":"daily","kind":"restaurant","location_method":"OSM 节点","access":"未标注","source_date":"2026-09-12T02:20:24Z","original_name":"周记 · 城乡味道","related_osm_ids":["node/13208034322"]}},{"type":"Feature","id":"node/13208034325","geometry":{"type":"Point","coordinates":[118.7886176,32.0139079]},"properties":{"osm_id":"node/13208034325","name":"小孟车行","named":true,"category":"daily","kind":"motorcycle_repair","location_method":"OSM 节点","access":"未标注","source_date":"2026-09-12T02:20:24Z","original_name":"小孟车行","related_osm_ids":["node/13208034325"]}},{"type":"Feature","id":"node/13208034330","geometry":{"type":"Point","coordinates":[118.7887347,32.0141158]},"properties":{"osm_id":"node/13208034330","name":"未命名医疗服务","named":false,"category":"health","kind":"dentist","location_method":"OSM 节点","access":"未标注","source_date":"2026-09-12T02:20:24Z","related_osm_ids":["node/13208034330"]}},{"type":"Feature","id":"node/13208034332","geometry":{"type":"Point","coordinates":[118.7887933,32.0144256]},"properties":{"osm_id":"node/13208034332","name":"胖子烧烤","named":true,"category":"daily","kind":"restaurant","location_method":"OSM 节点","access":"未标注","source_date":"2026-09-12T02:20:24Z","original_name":"胖子烧烤","related_osm_ids":["node/13208034332"]}},{"type":"Feature","id":"node/13208034333","geometry":{"type":"Point","coordinates":[118.7887748,32.0143692]},"properties":{"osm_id":"node/13208034333","name":"东北铝盆扒拉肉","named":true,"category":"daily","kind":"restaurant","location_method":"OSM 节点","access":"未标注","source_date":"2026-09-12T02:20:24Z","original_name":"东北铝盆扒拉肉","related_osm_ids":["node/13208034333"]}},{"type":"Feature","id":"node/13208034346","geometry":{"type":"Point","coordinates":[118.7886491,32.0149948]},"properties":{"osm_id":"node/13208034346","name":"肯德基","named":true,"category":"daily","kind":"fast_food","location_method":"OSM 节点","access":"未标注","source_date":"2026-09-12T02:20:24Z","original_name":"肯德基","related_osm_ids":["node/13208034346"]}},{"type":"Feature","id":"node/13208034348","geometry":{"type":"Point","coordinates":[118.7885076,32.0153526]},"properties":{"osm_id":"node/13208034348","name":"邂江南","named":true,"category":"daily","kind":"restaurant","location_method":"OSM 节点","access":"未标注","source_date":"2026-09-12T02:20:24Z","original_name":"邂江南","related_osm_ids":["node/13208034348"]}},{"type":"Feature","id":"node/13208034365","geometry":{"type":"Point","coordinates":[118.7893624,32.0163945]},"properties":{"osm_id":"node/13208034365","name":"麦当劳","named":true,"category":"daily","kind":"fast_food","location_method":"OSM 节点","access":"未标注","source_date":"2026-09-12T02:20:24Z","original_name":"麦当劳","related_osm_ids":["node/13208034365"]}},{"type":"Feature","id":"node/13208034366","geometry":{"type":"Point","coordinates":[118.7892932,32.0164406]},"properties":{"osm_id":"node/13208034366","name":"老娘舅","named":true,"category":"daily","kind":"restaurant","location_method":"OSM 节点","access":"未标注","source_date":"2026-09-12T02:20:24Z","original_name":"老娘舅","related_osm_ids":["node/13208034366"]}},{"type":"Feature","id":"node/13208034367","geometry":{"type":"Point","coordinates":[118.7894062,32.0162807]},"properties":{"osm_id":"node/13208034367","name":"Coco","named":true,"category":"daily","kind":"beverages","location_method":"OSM 节点","access":"未标注","source_date":"2026-09-12T02:20:24Z","original_name":"Coco","related_osm_ids":["node/13208034367"]}},{"type":"Feature","id":"node/13253443549","geometry":{"type":"Point","coordinates":[118.7896919,32.0783016]},"properties":{"osm_id":"node/13253443549","name":"未命名生活服务","named":false,"category":"daily","kind":"gift","location_method":"OSM 节点","access":"未标注","source_date":"2026-09-12T02:20:24Z","related_osm_ids":["node/13253443549"]}},{"type":"Feature","id":"node/13253546685","geometry":{"type":"Point","coordinates":[118.7943663,32.0782963]},"properties":{"osm_id":"node/13253546685","name":"未命名生活服务","named":false,"category":"daily","kind":"kiosk","location_method":"OSM 节点","access":"未标注","source_date":"2026-09-12T02:20:24Z","related_osm_ids":["node/13253546685"]}},{"type":"Feature","id":"node/13253575457","geometry":{"type":"Point","coordinates":[118.7877939,32.07625]},"properties":{"osm_id":"node/13253575457","name":"Mcd","named":true,"category":"daily","kind":"fast_food","location_method":"OSM 节点","access":"未标注","source_date":"2026-09-12T02:20:24Z","original_name":"Mcd","related_osm_ids":["node/13253575457"]}},{"type":"Feature","id":"node/13253575458","geometry":{"type":"Point","coordinates":[118.7879142,32.076398]},"properties":{"osm_id":"node/13253575458","name":"未命名生活服务","named":false,"category":"daily","kind":"books","location_method":"OSM 节点","access":"未标注","source_date":"2026-09-12T02:20:24Z","related_osm_ids":["node/13253575458"]}},{"type":"Feature","id":"node/13253575459","geometry":{"type":"Point","coordinates":[118.787684,32.0758797]},"properties":{"osm_id":"node/13253575459","name":"罗森","named":true,"category":"daily","kind":"convenience","location_method":"OSM 节点","access":"未标注","source_date":"2026-09-12T02:20:24Z","original_name":"罗森","related_osm_ids":["node/13253575459"]}},{"type":"Feature","id":"node/13253582173","geometry":{"type":"Point","coordinates":[118.7874608,32.0761893]},"properties":{"osm_id":"node/13253582173","name":"未命名生活服务","named":false,"category":"daily","kind":"restaurant","location_method":"OSM 节点","access":"未标注","source_date":"2026-09-12T02:20:24Z","related_osm_ids":["node/13253582173"]}},{"type":"Feature","id":"node/13253582174","geometry":{"type":"Point","coordinates":[118.7873916,32.0761014]},"properties":{"osm_id":"node/13253582174","name":"未命名生活服务","named":false,"category":"daily","kind":"cafe","location_method":"OSM 节点","access":"未标注","source_date":"2026-09-12T02:20:24Z","related_osm_ids":["node/13253582174"]}},{"type":"Feature","id":"node/13253776326","geometry":{"type":"Point","coordinates":[118.7644594,32.0626097]},"properties":{"osm_id":"node/13253776326","name":"Seventeen","named":true,"category":"daily","kind":"restaurant","location_method":"OSM 节点","access":"未标注","source_date":"2026-09-12T02:20:24Z","original_name":"Seventeen","related_osm_ids":["node/13253776326"]}},{"type":"Feature","id":"node/13253784130","geometry":{"type":"Point","coordinates":[118.7641859,32.0631123]},"properties":{"osm_id":"node/13253784130","name":"未命名生活服务","named":false,"category":"daily","kind":"bakery","location_method":"OSM 节点","access":"未标注","source_date":"2026-09-12T02:20:24Z","related_osm_ids":["node/13253784130"]}},{"type":"Feature","id":"node/13253784133","geometry":{"type":"Point","coordinates":[118.764051,32.0625785]},"properties":{"osm_id":"node/13253784133","name":"Cong Long","named":true,"category":"daily","kind":"restaurant","location_method":"OSM 节点","access":"未标注","source_date":"2026-09-12T02:20:24Z","original_name":"Cong Long","related_osm_ids":["node/13253784133"]}},{"type":"Feature","id":"node/13253784136","geometry":{"type":"Point","coordinates":[118.7643242,32.0625474]},"properties":{"osm_id":"node/13253784136","name":"未命名生活服务","named":false,"category":"daily","kind":"restaurant","location_method":"OSM 节点","access":"未标注","source_date":"2026-09-12T02:20:24Z","related_osm_ids":["node/13253784136"]}},{"type":"Feature","id":"node/13253784137","geometry":{"type":"Point","coordinates":[118.7643588,32.0625079]},"properties":{"osm_id":"node/13253784137","name":"Olly Owl","named":true,"category":"daily","kind":"cafe","location_method":"OSM 节点","access":"未标注","source_date":"2026-09-12T02:20:24Z","original_name":"Olly Owl","related_osm_ids":["node/13253784137"]}},{"type":"Feature","id":"node/13253784138","geometry":{"type":"Point","coordinates":[118.7641099,32.0624886]},"properties":{"osm_id":"node/13253784138","name":"Lotus","named":true,"category":"daily","kind":"restaurant","location_method":"OSM 节点","access":"未标注","source_date":"2026-09-12T02:20:24Z","original_name":"Lotus","related_osm_ids":["node/13253784138"]}},{"type":"Feature","id":"node/13253784139","geometry":{"type":"Point","coordinates":[118.763948,32.062841]},"properties":{"osm_id":"node/13253784139","name":"未命名生活服务","named":false,"category":"daily","kind":"restaurant","location_method":"OSM 节点","access":"未标注","source_date":"2026-09-12T02:20:24Z","related_osm_ids":["node/13253784139"]}},{"type":"Feature","id":"node/13253784140","geometry":{"type":"Point","coordinates":[118.7642562,32.0627125]},"properties":{"osm_id":"node/13253784140","name":"Manco Grill","named":true,"category":"daily","kind":"restaurant","location_method":"OSM 节点","access":"未标注","source_date":"2026-09-12T02:20:24Z","original_name":"Manco Grill","related_osm_ids":["node/13253784140"]}},{"type":"Feature","id":"node/13253796347","geometry":{"type":"Point","coordinates":[118.764226,32.0629205]},"properties":{"osm_id":"node/13253796347","name":"星巴克","named":true,"category":"daily","kind":"cafe","location_method":"OSM 节点","access":"未标注","source_date":"2026-09-12T02:20:24Z","original_name":"星巴克","related_osm_ids":["node/13253796347"]}},{"type":"Feature","id":"node/13253843029","geometry":{"type":"Point","coordinates":[118.777669,32.0626292]},"properties":{"osm_id":"node/13253843029","name":"Bread Talk","named":true,"category":"daily","kind":"bakery","location_method":"OSM 节点","access":"未标注","source_date":"2026-09-12T02:20:24Z","original_name":"Bread Talk","related_osm_ids":["node/13253843029"]}},{"type":"Feature","id":"node/13253887024","geometry":{"type":"Point","coordinates":[118.777805,32.0623943]},"properties":{"osm_id":"node/13253887024","name":"Mstand","named":true,"category":"daily","kind":"cafe","location_method":"OSM 节点","access":"未标注","source_date":"2026-09-12T02:20:24Z","original_name":"Mstand","related_osm_ids":["node/13253887024"]}},{"type":"Feature","id":"node/13253887025","geometry":{"type":"Point","coordinates":[118.7773522,32.0628386]},"properties":{"osm_id":"node/13253887025","name":"Wagas","named":true,"category":"daily","kind":"cafe","location_method":"OSM 节点","access":"未标注","source_date":"2026-09-12T02:20:24Z","original_name":"Wagas","related_osm_ids":["node/13253887025"]}},{"type":"Feature","id":"node/13253887026","geometry":{"type":"Point","coordinates":[118.777257,32.0629458]},"properties":{"osm_id":"node/13253887026","name":"Mcd","named":true,"category":"daily","kind":"fast_food","location_method":"OSM 节点","access":"未标注","source_date":"2026-09-12T02:20:24Z","original_name":"Mcd","related_osm_ids":["node/13253887026"]}},{"type":"Feature","id":"node/13255345518","geometry":{"type":"Point","coordinates":[118.843938,32.0563881]},"properties":{"osm_id":"node/13255345518","name":"未命名生活服务","named":false,"category":"daily","kind":"cafe","location_method":"OSM 节点","access":"未标注","source_date":"2026-09-12T02:20:24Z","related_osm_ids":["node/13255345518"]}},{"type":"Feature","id":"node/13255359623","geometry":{"type":"Point","coordinates":[118.8439,32.0563342]},"properties":{"osm_id":"node/13255359623","name":"未命名生活服务","named":false,"category":"daily","kind":"gift","location_method":"OSM 节点","access":"未标注","source_date":"2026-09-12T02:20:24Z","related_osm_ids":["node/13255359623"]}},{"type":"Feature","id":"node/13257160317","geometry":{"type":"Point","coordinates":[118.837649,32.0723488]},"properties":{"osm_id":"node/13257160317","name":"未命名生活服务","named":false,"category":"daily","kind":"restaurant","location_method":"OSM 节点","access":"未标注","source_date":"2026-09-12T02:20:24Z","related_osm_ids":["node/13257160317"]}},{"type":"Feature","id":"node/13277118663","geometry":{"type":"Point","coordinates":[118.7814249,32.0324983]},"properties":{"osm_id":"node/13277118663","name":"中国农业银行","named":true,"category":"daily","kind":"bank","location_method":"OSM 节点","access":"未标注","source_date":"2026-09-12T02:20:24Z","original_name":"中国农业银行","related_osm_ids":["node/13277118663"]}},{"type":"Feature","id":"node/13281355673","geometry":{"type":"Point","coordinates":[118.7791528,32.0432129]},"properties":{"osm_id":"node/13281355673","name":"Lego","named":true,"category":"daily","kind":"toys","location_method":"OSM 节点","access":"未标注","source_date":"2026-09-12T02:20:24Z","original_name":"Lego","related_osm_ids":["node/13281355673"]}},{"type":"Feature","id":"node/13281374976","geometry":{"type":"Point","coordinates":[118.7777203,32.0471362]},"properties":{"osm_id":"node/13281374976","name":"7-Eleven","named":true,"category":"daily","kind":"convenience","location_method":"OSM 节点","access":"未标注","source_date":"2026-09-12T02:20:24Z","original_name":"7-Eleven","related_osm_ids":["node/13281374976"]}},{"type":"Feature","id":"node/13282449492","geometry":{"type":"Point","coordinates":[118.7918021,32.0449096]},"properties":{"osm_id":"node/13282449492","name":"未命名生活服务","named":false,"category":"daily","kind":"ticket","location_method":"OSM 节点","access":"未标注","source_date":"2026-09-12T02:20:24Z","related_osm_ids":["node/13282449492"]}},{"type":"Feature","id":"node/13283751065","geometry":{"type":"Point","coordinates":[118.8295588,32.0430211]},"properties":{"osm_id":"node/13283751065","name":"肯德基","named":true,"category":"daily","kind":"fast_food","location_method":"OSM 节点","access":"未标注","source_date":"2026-09-12T02:20:24Z","original_name":"肯德基","related_osm_ids":["node/13283751065"]}},{"type":"Feature","id":"node/13283751066","geometry":{"type":"Point","coordinates":[118.8297785,32.0430874]},"properties":{"osm_id":"node/13283751066","name":"未命名生活服务","named":false,"category":"daily","kind":"restaurant","location_method":"OSM 节点","access":"未标注","source_date":"2026-09-12T02:20:24Z","related_osm_ids":["node/13283751066"]}},{"type":"Feature","id":"node/13283768387","geometry":{"type":"Point","coordinates":[118.8364376,32.0552452]},"properties":{"osm_id":"node/13283768387","name":"未命名生活服务","named":false,"category":"daily","kind":"ticket","location_method":"OSM 节点","access":"未标注","source_date":"2026-09-12T02:20:24Z","related_osm_ids":["node/13283768387"]}},{"type":"Feature","id":"node/13287554383","geometry":{"type":"Point","coordinates":[118.7704973,32.0024112]},"properties":{"osm_id":"node/13287554383","name":"普德寺丛葬地纪念碑","named":true,"category":"heritage","kind":"memorial","location_method":"OSM 节点","access":"未标注","source_date":"2026-09-12T02:20:24Z","original_name":"普德寺丛葬地纪念碑","related_osm_ids":["node/13287554383"]}},{"type":"Feature","id":"node/13287565925","geometry":{"type":"Point","coordinates":[118.7856681,32.0604734]},"properties":{"osm_id":"node/13287565925","name":"北极阁附近遇难同胞纪念碑","named":true,"category":"heritage","kind":"memorial","location_method":"OSM 节点","access":"未标注","source_date":"2026-09-12T02:20:24Z","original_name":"北极阁附近遇难同胞纪念碑","related_osm_ids":["node/13287565925"]}},{"type":"Feature","id":"node/13287565935","geometry":{"type":"Point","coordinates":[118.7715763,32.057819]},"properties":{"osm_id":"node/13287565935","name":"金陵大学难民收容所及遇难同胞纪念碑","named":true,"category":"heritage","kind":"memorial","location_method":"OSM 节点","access":"未标注","source_date":"2026-09-12T02:20:24Z","original_name":"金陵大学难民收容所及遇难同胞纪念碑","related_osm_ids":["node/13287565935"]}},{"type":"Feature","id":"node/13287595349","geometry":{"type":"Point","coordinates":[118.8621309,32.0493714]},"properties":{"osm_id":"node/13287595349","name":"东郊丛葬地纪念碑","named":true,"category":"heritage","kind":"memorial","location_method":"OSM 节点","access":"未标注","source_date":"2026-09-12T02:20:24Z","original_name":"东郊丛葬地纪念碑","related_osm_ids":["node/13287595349"]}},{"type":"Feature","id":"node/13287595354","geometry":{"type":"Point","coordinates":[118.7905261,32.016006]},"properties":{"osm_id":"node/13287595354","name":"正觉寺遇难同胞纪念碑","named":true,"category":"heritage","kind":"memorial","location_method":"OSM 节点","access":"未标注","source_date":"2026-09-12T02:20:24Z","original_name":"正觉寺遇难同胞纪念碑","related_osm_ids":["node/13287595354"]}},{"type":"Feature","id":"node/13287595363","geometry":{"type":"Point","coordinates":[118.7676963,32.0504266]},"properties":{"osm_id":"node/13287595363","name":"五台山丛葬地纪念碑","named":true,"category":"heritage","kind":"memorial","location_method":"OSM 节点","access":"未标注","source_date":"2026-09-12T02:20:24Z","original_name":"五台山丛葬地纪念碑","related_osm_ids":["node/13287595363"]}},{"type":"Feature","id":"node/13319288599","geometry":{"type":"Point","coordinates":[118.790507,32.0429315]},"properties":{"osm_id":"node/13319288599","name":"大行宫东","named":true,"category":"transit","kind":"bus_stop","location_method":"OSM 节点","access":"未标注","source_date":"2026-09-12T02:20:24Z","original_name":"大行宫东","related_osm_ids":["node/13319288599"]}},{"type":"Feature","id":"node/13319288600","geometry":{"type":"Point","coordinates":[118.7963513,32.0427092]},"properties":{"osm_id":"node/13319288600","name":"中山东路·逸仙桥（毗卢寺）","named":true,"category":"transit","kind":"bus_stop","location_method":"OSM 节点","access":"未标注","source_date":"2026-09-12T02:20:24Z","original_name":"中山东路·逸仙桥（毗卢寺）","related_osm_ids":["node/13319288600","node/1562115845"]}},{"type":"Feature","id":"node/13319297401","geometry":{"type":"Point","coordinates":[118.8025343,32.0423816]},"properties":{"osm_id":"node/13319297401","name":"西安门","named":true,"category":"transit","kind":"bus_stop","location_method":"OSM 节点","access":"未标注","source_date":"2026-09-12T02:20:24Z","original_name":"西安门","related_osm_ids":["node/13319297401"]}},{"type":"Feature","id":"node/13319297402","geometry":{"type":"Point","coordinates":[118.8116836,32.0407985]},"properties":{"osm_id":"node/13319297402","name":"明故宫南","named":true,"category":"transit","kind":"bus_stop","location_method":"OSM 节点","access":"未标注","source_date":"2026-09-12T02:20:24Z","original_name":"明故宫南","related_osm_ids":["node/13319297402"]}},{"type":"Feature","id":"node/13319297403","geometry":{"type":"Point","coordinates":[118.8136602,32.0439079]},"properties":{"osm_id":"node/13319297403","name":"明故宫","named":true,"category":"transit","kind":"bus_stop","location_method":"OSM 节点","access":"未标注","source_date":"2026-09-12T02:20:24Z","original_name":"明故宫","related_osm_ids":["node/13319297403"]}},{"type":"Feature","id":"node/13319297408","geometry":{"type":"Point","coordinates":[118.8133123,32.0465793]},"properties":{"osm_id":"node/13319297408","name":"后宰门南","named":true,"category":"transit","kind":"bus_stop","location_method":"OSM 节点","access":"未标注","source_date":"2026-09-12T02:20:24Z","original_name":"后宰门南","related_osm_ids":["node/13319297408","node/1707486555"]}},{"type":"Feature","id":"node/13339621902","geometry":{"type":"Point","coordinates":[118.8508363,32.014312]},"properties":{"osm_id":"node/13339621902","name":"星瀚路南","named":true,"category":"transit","kind":"bus_stop","location_method":"OSM 节点","access":"未标注","source_date":"2026-09-12T02:20:24Z","original_name":"星瀚路南","related_osm_ids":["node/13339621902"]}},{"type":"Feature","id":"node/13339622101","geometry":{"type":"Point","coordinates":[118.8568101,32.0207413]},"properties":{"osm_id":"node/13339622101","name":"紫金明珠西","named":true,"category":"transit","kind":"bus_stop","location_method":"OSM 节点","access":"未标注","source_date":"2026-09-12T02:20:24Z","original_name":"紫金明珠西","related_osm_ids":["node/13339622101"]}},{"type":"Feature","id":"node/13347034004","geometry":{"type":"Point","coordinates":[118.8109147,32.0251383]},"properties":{"osm_id":"node/13347034004","name":"麦当劳","named":true,"category":"daily","kind":"fast_food","location_method":"OSM 节点","access":"未标注","source_date":"2026-09-12T02:20:24Z","original_name":"麦当劳","related_osm_ids":["node/13347034004"]}},{"type":"Feature","id":"node/13347034005","geometry":{"type":"Point","coordinates":[118.8109063,32.0250915]},"properties":{"osm_id":"node/13347034005","name":"达美乐比萨","named":true,"category":"daily","kind":"fast_food","location_method":"OSM 节点","access":"未标注","source_date":"2026-09-12T02:20:24Z","original_name":"达美乐比萨","related_osm_ids":["node/13347034005"]}},{"type":"Feature","id":"node/13356551448","geometry":{"type":"Point","coordinates":[118.9092489,32.0591799]},"properties":{"osm_id":"node/13356551448","name":"未命名交通点位","named":false,"category":"transit","kind":"bus_stop","location_method":"OSM 节点","access":"未标注","source_date":"2026-09-12T02:20:24Z","related_osm_ids":["node/13356551448"]}},{"type":"Feature","id":"node/13387721994","geometry":{"type":"Point","coordinates":[118.8370982,32.0074563]},"properties":{"osm_id":"node/13387721994","name":"高桥门","named":true,"category":"transit","kind":"station","location_method":"OSM 节点","access":"未标注","source_date":"2026-09-12T02:20:24Z","original_name":"高桥门","related_osm_ids":["node/13387721994"]}},{"type":"Feature","id":"node/13387721995","geometry":{"type":"Point","coordinates":[118.8237744,32.0032943]},"properties":{"osm_id":"node/13387721995","name":"承天大道","named":true,"category":"transit","kind":"station","location_method":"OSM 节点","access":"未标注","source_date":"2026-09-12T02:20:24Z","original_name":"承天大道","related_osm_ids":["node/13387721995"]}},{"type":"Feature","id":"node/13387721996","geometry":{"type":"Point","coordinates":[118.8183395,32.0001073]},"properties":{"osm_id":"node/13387721996","name":"大校场","named":true,"category":"transit","kind":"station","location_method":"OSM 节点","access":"未标注","source_date":"2026-09-12T02:20:24Z","original_name":"大校场","related_osm_ids":["node/13387721996"]}},{"type":"Feature","id":"node/13387744853","geometry":{"type":"Point","coordinates":[118.8691568,32.0074608]},"properties":{"osm_id":"node/13387744853","name":"石杨路","named":true,"category":"transit","kind":"station","location_method":"OSM 节点","access":"未标注","source_date":"2026-09-12T02:20:24Z","original_name":"石杨路","related_osm_ids":["node/13387744853"]}},{"type":"Feature","id":"node/13387744882","geometry":{"type":"Point","coordinates":[118.8576705,32.0088326]},"properties":{"osm_id":"node/13387744882","name":"杨庄","named":true,"category":"transit","kind":"station","location_method":"OSM 节点","access":"未标注","source_date":"2026-09-12T02:20:24Z","original_name":"杨庄","related_osm_ids":["node/13387744882"]}},{"type":"Feature","id":"node/13387744886","geometry":{"type":"Point","coordinates":[118.8837783,32.0015699]},"properties":{"osm_id":"node/13387744886","name":"东麒路","named":true,"category":"transit","kind":"station","location_method":"OSM 节点","access":"未标注","source_date":"2026-09-12T02:20:24Z","original_name":"东麒路","related_osm_ids":["node/13387744886"]}},{"type":"Feature","id":"node/13409930649","geometry":{"type":"Point","coordinates":[118.8057485,32.0781913]},"properties":{"osm_id":"node/13409930649","name":"信息科学与技术学院、人工智能学院","named":true,"category":"education","kind":"college","location_method":"OSM 节点","access":"未标注","source_date":"2026-09-12T02:20:24Z","original_name":"信息科学与技术学院、人工智能学院","related_osm_ids":["node/13409930649"]}},{"type":"Feature","id":"node/13463720928","geometry":{"type":"Point","coordinates":[118.7808296,32.0673729]},"properties":{"osm_id":"node/13463720928","name":"郑家牛肉面","named":true,"category":"daily","kind":"restaurant","location_method":"OSM 节点","access":"未标注","source_date":"2026-09-12T02:20:24Z","original_name":"郑家牛肉面","related_osm_ids":["node/13463720928"]}},{"type":"Feature","id":"node/13463721230","geometry":{"type":"Point","coordinates":[118.7855345,32.064465]},"properties":{"osm_id":"node/13463721230","name":"西家大塘(公交站)","named":true,"category":"transit","kind":"bus_stop","location_method":"OSM 节点","access":"未标注","source_date":"2026-09-12T02:20:24Z","original_name":"西家大塘(公交站)","related_osm_ids":["node/13463721230"]}},{"type":"Feature","id":"node/13463723813","geometry":{"type":"Point","coordinates":[118.7844354,32.0643825]},"properties":{"osm_id":"node/13463723813","name":"峨嵋路副食品市场","named":true,"category":"daily","kind":"marketplace","location_method":"OSM 节点","access":"未标注","source_date":"2026-09-12T02:20:24Z","original_name":"峨嵋路副食品市场","related_osm_ids":["node/13463723813"]}},{"type":"Feature","id":"node/13463735927","geometry":{"type":"Point","coordinates":[118.7844388,32.0644489]},"properties":{"osm_id":"node/13463735927","name":"苏果生活超市(峨嵋路店)","named":true,"category":"daily","kind":"supermarket","location_method":"OSM 节点","access":"未标注","source_date":"2026-09-12T02:20:24Z","original_name":"苏果生活超市(峨嵋路店)","related_osm_ids":["node/13463735927"]}},{"type":"Feature","id":"node/13505925683","geometry":{"type":"Point","coordinates":[118.8108538,32.0607777]},"properties":{"osm_id":"node/13505925683","name":"白马公园","named":true,"category":"transit","kind":"station","location_method":"OSM 节点","access":"未标注","source_date":"2026-09-12T02:20:24Z","original_name":"白马公园","related_osm_ids":["node/13505925683","node/778873065"]}},{"type":"Feature","id":"node/1351223863","geometry":{"type":"Point","coordinates":[118.7978548,32.0243722]},"properties":{"osm_id":"node/1351223863","name":"象房村西站","named":true,"category":"transit","kind":"bus_stop","location_method":"OSM 节点","access":"未标注","source_date":"2026-09-12T02:20:24Z","original_name":"象房村西站","related_osm_ids":["node/1351223863"]}},{"type":"Feature","id":"node/1351984392","geometry":{"type":"Point","coordinates":[118.8041352,32.0246859]},"properties":{"osm_id":"node/1351984392","name":"解放路南站","named":true,"category":"transit","kind":"bus_stop","location_method":"OSM 节点","access":"未标注","source_date":"2026-09-12T02:20:24Z","original_name":"解放路南站","related_osm_ids":["node/1351984392"]}},{"type":"Feature","id":"node/1351987098","geometry":{"type":"Point","coordinates":[118.8029082,32.0269653]},"properties":{"osm_id":"node/1351987098","name":"大光路","named":true,"category":"transit","kind":"bus_stop","location_method":"OSM 节点","access":"未标注","source_date":"2026-09-12T02:20:24Z","original_name":"大光路","related_osm_ids":["node/1351987098","node/1597813133"]}},{"type":"Feature","id":"node/1351997773","geometry":{"type":"Point","coordinates":[118.7946035,32.0221393]},"properties":{"osm_id":"node/1351997773","name":"七里街","named":true,"category":"transit","kind":"bus_stop","location_method":"OSM 节点","access":"未标注","source_date":"2026-09-12T02:20:24Z","original_name":"七里街","related_osm_ids":["node/1351997773"]}},{"type":"Feature","id":"node/1351999751","geometry":{"type":"Point","coordinates":[118.7934218,32.0181595]},"properties":{"osm_id":"node/1351999751","name":"白鹭东苑","named":true,"category":"transit","kind":"bus_stop","location_method":"OSM 节点","access":"未标注","source_date":"2026-09-12T02:20:24Z","original_name":"白鹭东苑","related_osm_ids":["node/1351999751","node/1352418890"]}},{"type":"Feature","id":"node/1352414266","geometry":{"type":"Point","coordinates":[118.7914047,32.0034237]},"properties":{"osm_id":"node/1352414266","name":"路子铺","named":true,"category":"transit","kind":"bus_stop","location_method":"OSM 节点","access":"未标注","source_date":"2026-09-12T02:20:24Z","original_name":"路子铺","related_osm_ids":["node/1352414266"]}},{"type":"Feature","id":"node/1354433886","geometry":{"type":"Point","coordinates":[118.8030214,32.0270871]},"properties":{"osm_id":"node/1354433886","name":"大光路幼儿园","named":true,"category":"education","kind":"kindergarten","location_method":"OSM 节点","access":"未标注","source_date":"2026-09-12T02:20:24Z","original_name":"大光路幼儿园","related_osm_ids":["node/1354433886"]}},{"type":"Feature","id":"node/1354433926","geometry":{"type":"Point","coordinates":[118.80426,32.0261829]},"properties":{"osm_id":"node/1354433926","name":"平安银行","named":true,"category":"daily","kind":"bank","location_method":"OSM 节点","access":"未标注","source_date":"2026-09-12T02:20:24Z","original_name":"平安银行","related_osm_ids":["node/1354433926"]}},{"type":"Feature","id":"node/1354433964","geometry":{"type":"Point","coordinates":[118.8041694,32.0258955]},"properties":{"osm_id":"node/1354433964","name":"中国民生银行","named":true,"category":"daily","kind":"bank","location_method":"OSM 节点","access":"未标注","source_date":"2026-09-12T02:20:24Z","original_name":"中国民生银行","related_osm_ids":["node/1354433964"]}},{"type":"Feature","id":"node/1354554363","geometry":{"type":"Point","coordinates":[118.8037491,32.0263424]},"properties":{"osm_id":"node/1354554363","name":"交通银行","named":true,"category":"daily","kind":"bank","location_method":"OSM 节点","access":"未标注","source_date":"2026-09-12T02:20:24Z","original_name":"交通银行","related_osm_ids":["node/1354554363"]}},{"type":"Feature","id":"node/1354554833","geometry":{"type":"Point","coordinates":[118.8031589,32.0265107]},"properties":{"osm_id":"node/1354554833","name":"招商银行","named":true,"category":"daily","kind":"bank","location_method":"OSM 节点","access":"未标注","source_date":"2026-09-12T02:20:24Z","original_name":"招商银行","related_osm_ids":["node/1354554833"]}},{"type":"Feature","id":"node/1355988982","geometry":{"type":"Point","coordinates":[118.808818,32.0337417]},"properties":{"osm_id":"node/1355988982","name":"肯德基","named":true,"category":"daily","kind":"fast_food","location_method":"OSM 节点","access":"未标注","source_date":"2026-09-12T02:20:24Z","original_name":"肯德基","related_osm_ids":["node/1355988982"]}},{"type":"Feature","id":"node/1355988983","geometry":{"type":"Point","coordinates":[118.8090808,32.0337144]},"properties":{"osm_id":"node/1355988983","name":"苏果瑞金路店","named":true,"category":"daily","kind":"supermarket","location_method":"OSM 节点","access":"未标注","source_date":"2026-09-12T02:20:24Z","original_name":"苏果瑞金路店","related_osm_ids":["node/1355988983"]}},{"type":"Feature","id":"node/13621823577","geometry":{"type":"Point","coordinates":[118.7877975,32.0737996]},"properties":{"osm_id":"node/13621823577","name":"藏春亭","named":true,"category":"park","kind":"park","location_method":"OSM 节点","access":"未标注","source_date":"2026-09-12T02:20:24Z","original_name":"藏春亭","related_osm_ids":["node/13621823577"]}},{"type":"Feature","id":"node/13629334374","geometry":{"type":"Point","coordinates":[118.768597,32.0365927]},"properties":{"osm_id":"node/13629334374","name":"沪上阿姨","named":true,"category":"daily","kind":"cafe","location_method":"OSM 节点","access":"未标注","source_date":"2026-09-12T02:20:24Z","original_name":"沪上阿姨","related_osm_ids":["node/13629334374"]}},{"type":"Feature","id":"node/1363270548","geometry":{"type":"Point","coordinates":[118.8037668,32.0029552]},"properties":{"osm_id":"node/1363270548","name":"后江沿","named":true,"category":"transit","kind":"bus_stop","location_method":"OSM 节点","access":"未标注","source_date":"2026-09-12T02:20:24Z","original_name":"后江沿","related_osm_ids":["node/1363270548","node/1721252130"]}},{"type":"Feature","id":"node/1363270859","geometry":{"type":"Point","coordinates":[118.8056544,32.0066017]},"properties":{"osm_id":"node/1363270859","name":"光卡路","named":true,"category":"transit","kind":"bus_stop","location_method":"OSM 节点","access":"未标注","source_date":"2026-09-12T02:20:24Z","original_name":"光卡路","related_osm_ids":["node/1363270859"]}},{"type":"Feature","id":"node/1363271309","geometry":{"type":"Point","coordinates":[118.8068937,32.0112061]},"properties":{"osm_id":"node/1363271309","name":"马家圩","named":true,"category":"transit","kind":"bus_stop","location_method":"OSM 节点","access":"未标注","source_date":"2026-09-12T02:20:24Z","original_name":"马家圩","related_osm_ids":["node/1363271309"]}},{"type":"Feature","id":"node/1363272245","geometry":{"type":"Point","coordinates":[118.8086346,32.0209069]},"properties":{"osm_id":"node/1363272245","name":"中和桥","named":true,"category":"transit","kind":"bus_stop","location_method":"OSM 节点","access":"未标注","source_date":"2026-09-12T02:20:24Z","original_name":"中和桥","related_osm_ids":["node/1363272245"]}},{"type":"Feature","id":"node/1363273652","geometry":{"type":"Point","coordinates":[118.8133888,32.0217531]},"properties":{"osm_id":"node/1363273652","name":"装饰大世界","named":true,"category":"transit","kind":"bus_stop","location_method":"OSM 节点","access":"未标注","source_date":"2026-09-12T02:20:24Z","original_name":"装饰大世界","related_osm_ids":["node/1363273652"]}},{"type":"Feature","id":"node/1363274944","geometry":{"type":"Point","coordinates":[118.8187692,32.0215696]},"properties":{"osm_id":"node/1363274944","name":"石门坎","named":true,"category":"transit","kind":"bus_stop","location_method":"OSM 节点","access":"未标注","source_date":"2026-09-12T02:20:24Z","original_name":"石门坎","related_osm_ids":["node/1363274944"]}},{"type":"Feature","id":"node/1363277008","geometry":{"type":"Point","coordinates":[118.8209232,32.0213072]},"properties":{"osm_id":"node/1363277008","name":"肯德基","named":true,"category":"daily","kind":"fast_food","location_method":"OSM 节点","access":"未标注","source_date":"2026-09-12T02:20:24Z","original_name":"肯德基","related_osm_ids":["node/1363277008"]}},{"type":"Feature","id":"node/1363277387","geometry":{"type":"Point","coordinates":[118.8208449,32.0213072]},"properties":{"osm_id":"node/1363277387","name":"苏果","named":true,"category":"daily","kind":"supermarket","location_method":"OSM 节点","access":"未标注","source_date":"2026-09-12T02:20:24Z","original_name":"苏果","related_osm_ids":["node/1363277387"]}},{"type":"Feature","id":"node/1363296947","geometry":{"type":"Point","coordinates":[118.8082091,32.020193]},"properties":{"osm_id":"node/1363296947","name":"中和桥","named":true,"category":"transit","kind":"bus_stop","location_method":"OSM 节点","access":"未标注","source_date":"2026-09-12T02:20:24Z","original_name":"中和桥","related_osm_ids":["node/1363296947"]}},{"type":"Feature","id":"node/13649412219","geometry":{"type":"Point","coordinates":[118.7683333,32.0569048]},"properties":{"osm_id":"node/13649412219","name":"同堂韩式料理","named":true,"category":"daily","kind":"restaurant","location_method":"OSM 节点","access":"未标注","source_date":"2026-09-12T02:20:24Z","original_name":"同堂韩式料理","related_osm_ids":["node/13649412219"]}},{"type":"Feature","id":"node/13651195653","geometry":{"type":"Point","coordinates":[118.7610219,32.1158633]},"properties":{"osm_id":"node/13651195653","name":"燕江路东","named":true,"category":"transit","kind":"bus_stop","location_method":"OSM 节点","access":"未标注","source_date":"2026-09-12T02:20:24Z","original_name":"燕江路东","related_osm_ids":["node/13651195653"]}},{"type":"Feature","id":"node/13651195654","geometry":{"type":"Point","coordinates":[118.7652788,32.1167638]},"properties":{"osm_id":"node/13651195654","name":"上元门地铁站","named":true,"category":"transit","kind":"bus_stop","location_method":"OSM 节点","access":"未标注","source_date":"2026-09-12T02:20:24Z","original_name":"上元门地铁站","related_osm_ids":["node/13651195654"]}},{"type":"Feature","id":"node/13651195655","geometry":{"type":"Point","coordinates":[118.7704779,32.1142428]},"properties":{"osm_id":"node/13651195655","name":"白云新寓","named":true,"category":"transit","kind":"bus_stop","location_method":"OSM 节点","access":"未标注","source_date":"2026-09-12T02:20:24Z","original_name":"白云新寓","related_osm_ids":["node/13651195655"]}},{"type":"Feature","id":"node/13651195656","geometry":{"type":"Point","coordinates":[118.7738224,32.1106065]},"properties":{"osm_id":"node/13651195656","name":"五塘村","named":true,"category":"transit","kind":"bus_stop","location_method":"OSM 节点","access":"未标注","source_date":"2026-09-12T02:20:24Z","original_name":"五塘村","related_osm_ids":["node/13651195656"]}},{"type":"Feature","id":"node/13651195657","geometry":{"type":"Point","coordinates":[118.7753089,32.1077601]},"properties":{"osm_id":"node/13651195657","name":"五佰村路","named":true,"category":"transit","kind":"bus_stop","location_method":"OSM 节点","access":"未标注","source_date":"2026-09-12T02:20:24Z","original_name":"五佰村路","related_osm_ids":["node/13651195657"]}},{"type":"Feature","id":"node/13651195658","geometry":{"type":"Point","coordinates":[118.7787153,32.0806751]},"properties":{"osm_id":"node/13651195658","name":"玄武湖隧道","named":true,"category":"transit","kind":"bus_stop","location_method":"OSM 节点","access":"未标注","source_date":"2026-09-12T02:20:24Z","original_name":"玄武湖隧道","related_osm_ids":["node/13651195658","node/1560705285","node/1836157001"]}},{"type":"Feature","id":"node/13651195659","geometry":{"type":"Point","coordinates":[118.778713,32.0680749]},"properties":{"osm_id":"node/13651195659","name":"玄武门地铁站南","named":true,"category":"transit","kind":"bus_stop","location_method":"OSM 节点","access":"未标注","source_date":"2026-09-12T02:20:24Z","original_name":"玄武门地铁站南","related_osm_ids":["node/13651195659"]}},{"type":"Feature","id":"node/13651195660","geometry":{"type":"Point","coordinates":[118.7787566,32.0539295]},"properties":{"osm_id":"node/13651195660","name":"中山路·珠江路北","named":true,"category":"transit","kind":"bus_stop","location_method":"OSM 节点","access":"未标注","source_date":"2026-09-12T02:20:24Z","original_name":"中山路·珠江路北","related_osm_ids":["node/13651195660"]}},{"type":"Feature","id":"node/13651195661","geometry":{"type":"Point","coordinates":[118.7787754,32.0510128]},"properties":{"osm_id":"node/13651195661","name":"中山路·珠江路南","named":true,"category":"transit","kind":"bus_stop","location_method":"OSM 节点","access":"未标注","source_date":"2026-09-12T02:20:24Z","original_name":"中山路·珠江路南","related_osm_ids":["node/13651195661"]}},{"type":"Feature","id":"node/13651195662","geometry":{"type":"Point","coordinates":[118.7871096,32.0357735]},"properties":{"osm_id":"node/13651195662","name":"太平南路·常府街","named":true,"category":"transit","kind":"bus_stop","location_method":"OSM 节点","access":"未标注","source_date":"2026-09-12T02:20:24Z","original_name":"太平南路·常府街","related_osm_ids":["node/13651195662","node/13651195669"]}},{"type":"Feature","id":"node/13651195664","geometry":{"type":"Point","coordinates":[118.7843041,32.0271192]},"properties":{"osm_id":"node/13651195664","name":"太平南路·夫子庙","named":true,"category":"transit","kind":"bus_stop","location_method":"OSM 节点","access":"未标注","source_date":"2026-09-12T02:20:24Z","original_name":"太平南路·夫子庙","related_osm_ids":["node/13651195664"]}},{"type":"Feature","id":"node/13651195665","geometry":{"type":"Point","coordinates":[118.7872804,32.0256597]},"properties":{"osm_id":"node/13651195665","name":"建康路·夫子庙","named":true,"category":"transit","kind":"bus_stop","location_method":"OSM 节点","access":"未标注","source_date":"2026-09-12T02:20:24Z","original_name":"建康路·夫子庙","related_osm_ids":["node/13651195665"]}},{"type":"Feature","id":"node/13651195667","geometry":{"type":"Point","coordinates":[118.7857554,32.0315989]},"properties":{"osm_id":"node/13651195667","name":"太平南路·白下路","named":true,"category":"transit","kind":"bus_stop","location_method":"OSM 节点","access":"未标注","source_date":"2026-09-12T02:20:24Z","original_name":"太平南路·白下路","related_osm_ids":["node/13651195667","node/13651195668"]}},{"type":"Feature","id":"node/13651195672","geometry":{"type":"Point","coordinates":[118.7880437,32.0380955]},"properties":{"osm_id":"node/13651195672","name":"杨公井","named":true,"category":"transit","kind":"bus_stop","location_method":"OSM 节点","access":"未标注","source_date":"2026-09-12T02:20:24Z","original_name":"杨公井","related_osm_ids":["node/13651195672","node/1776891919"]}},{"type":"Feature","id":"node/13651195674","geometry":{"type":"Point","coordinates":[118.7889263,32.0406488]},"properties":{"osm_id":"node/13651195674","name":"大行宫南","named":true,"category":"transit","kind":"bus_stop","location_method":"OSM 节点","access":"未标注","source_date":"2026-09-12T02:20:24Z","original_name":"大行宫南","related_osm_ids":["node/13651195674"]}},{"type":"Feature","id":"node/13683750001","geometry":{"type":"Point","coordinates":[118.801329,32.0478809]},"properties":{"osm_id":"node/13683750001","name":"南京錦創書城","named":true,"category":"education","kind":"library","location_method":"OSM 节点","access":"未标注","source_date":"2026-09-12T02:20:24Z","original_name":"南京錦創書城","related_osm_ids":["node/13683750001"]}},{"type":"Feature","id":"node/1370695019","geometry":{"type":"Point","coordinates":[118.8109281,32.0238316]},"properties":{"osm_id":"node/1370695019","name":"未命名生活服务","named":false,"category":"daily","kind":"convenience","location_method":"OSM 节点","access":"未标注","source_date":"2026-09-12T02:20:24Z","related_osm_ids":["node/1370695019"]}},{"type":"Feature","id":"node/13719014040","geometry":{"type":"Point","coordinates":[118.7632147,32.0212]},"properties":{"osm_id":"node/13719014040","name":"集庆门","named":true,"category":"heritage","kind":"city_gate","location_method":"OSM 节点","access":"未标注","source_date":"2026-09-12T02:20:24Z","original_name":"集庆门","related_osm_ids":["node/13719014040"]}},{"type":"Feature","id":"node/13741877888","geometry":{"type":"Point","coordinates":[118.7855821,32.0494841]},"properties":{"osm_id":"node/13741877888","name":"南湖胖子砂锅","named":true,"category":"daily","kind":"fast_food","location_method":"OSM 节点","access":"未标注","source_date":"2026-09-12T02:20:24Z","original_name":"南湖胖子砂锅","related_osm_ids":["node/13741877888"]}},{"type":"Feature","id":"node/13741877891","geometry":{"type":"Point","coordinates":[118.7894458,32.0415132]},"properties":{"osm_id":"node/13741877891","name":"中国建设银行","named":true,"category":"daily","kind":"bank","location_method":"OSM 节点","access":"未标注","source_date":"2026-09-12T02:20:24Z","original_name":"中国建设银行","related_osm_ids":["node/13741877891"]}},{"type":"Feature","id":"node/13741877892","geometry":{"type":"Point","coordinates":[118.7857554,32.0494569]},"properties":{"osm_id":"node/13741877892","name":"未命名生活服务","named":false,"category":"daily","kind":"fast_food","location_method":"OSM 节点","access":"未标注","source_date":"2026-09-12T02:20:24Z","related_osm_ids":["node/13741877892"]}},{"type":"Feature","id":"node/13741877894","geometry":{"type":"Point","coordinates":[118.7828445,32.0420923]},"properties":{"osm_id":"node/13741877894","name":"雅戈尔","named":true,"category":"daily","kind":"clothes","location_method":"OSM 节点","access":"未标注","source_date":"2026-09-12T02:20:24Z","original_name":"雅戈尔","related_osm_ids":["node/13741877894"]}},{"type":"Feature","id":"node/13741877896","geometry":{"type":"Point","coordinates":[118.7860471,32.0495716]},"properties":{"osm_id":"node/13741877896","name":"新鲜水果超市","named":true,"category":"daily","kind":"greengrocer","location_method":"OSM 节点","access":"未标注","source_date":"2026-09-12T02:20:24Z","original_name":"新鲜水果超市","related_osm_ids":["node/13741877896"]}},{"type":"Feature","id":"node/13741877897","geometry":{"type":"Point","coordinates":[118.78812,32.0393886]},"properties":{"osm_id":"node/13741877897","name":"老庙","named":true,"category":"daily","kind":"jewelry","location_method":"OSM 节点","access":"未标注","source_date":"2026-09-12T02:20:24Z","original_name":"老庙","related_osm_ids":["node/13741877897"]}},{"type":"Feature","id":"node/13741877898","geometry":{"type":"Point","coordinates":[118.7857349,32.0495939]},"properties":{"osm_id":"node/13741877898","name":"放心油条粥店","named":true,"category":"daily","kind":"fast_food","location_method":"OSM 节点","access":"未标注","source_date":"2026-09-12T02:20:24Z","original_name":"放心油条粥店","related_osm_ids":["node/13741877898"]}},{"type":"Feature","id":"node/13741877899","geometry":{"type":"Point","coordinates":[118.7841326,32.0495159]},"properties":{"osm_id":"node/13741877899","name":"未命名生活服务","named":false,"category":"daily","kind":"clothes","location_method":"OSM 节点","access":"未标注","source_date":"2026-09-12T02:20:24Z","related_osm_ids":["node/13741877899"]}},{"type":"Feature","id":"node/13741908408","geometry":{"type":"Point","coordinates":[118.7858448,32.0495726]},"properties":{"osm_id":"node/13741908408","name":"未命名生活服务","named":false,"category":"daily","kind":"fast_food","location_method":"OSM 节点","access":"未标注","source_date":"2026-09-12T02:20:24Z","related_osm_ids":["node/13741908408"]}},{"type":"Feature","id":"node/13741908410","geometry":{"type":"Point","coordinates":[118.7885087,32.0390644]},"properties":{"osm_id":"node/13741908410","name":"捷安特","named":true,"category":"daily","kind":"bicycle","location_method":"OSM 节点","access":"未标注","source_date":"2026-09-12T02:20:24Z","original_name":"捷安特","related_osm_ids":["node/13741908410"]}},{"type":"Feature","id":"node/13741908411","geometry":{"type":"Point","coordinates":[118.7842426,32.0371907]},"properties":{"osm_id":"node/13741908411","name":"瑞幸咖啡","named":true,"category":"daily","kind":"cafe","location_method":"OSM 节点","access":"未标注","source_date":"2026-09-12T02:20:24Z","original_name":"瑞幸咖啡","related_osm_ids":["node/13741908411"]}},{"type":"Feature","id":"node/13741908412","geometry":{"type":"Point","coordinates":[118.7886302,32.0395627]},"properties":{"osm_id":"node/13741908412","name":"未命名生活服务","named":false,"category":"daily","kind":"restaurant","location_method":"OSM 节点","access":"未标注","source_date":"2026-09-12T02:20:24Z","related_osm_ids":["node/13741908412"]}},{"type":"Feature","id":"node/13741908414","geometry":{"type":"Point","coordinates":[118.7834811,32.0451562]},"properties":{"osm_id":"node/13741908414","name":"中国民生银行","named":true,"category":"daily","kind":"bank","location_method":"OSM 节点","access":"未标注","source_date":"2026-09-12T02:20:24Z","original_name":"中国民生银行","related_osm_ids":["node/13741908414"]}},{"type":"Feature","id":"node/13741908415","geometry":{"type":"Point","coordinates":[118.785109,32.0497328]},"properties":{"osm_id":"node/13741908415","name":"蜜雪冰城","named":true,"category":"daily","kind":"cafe","location_method":"OSM 节点","access":"未标注","source_date":"2026-09-12T02:20:24Z","original_name":"蜜雪冰城","related_osm_ids":["node/13741908415"]}},{"type":"Feature","id":"node/13741908416","geometry":{"type":"Point","coordinates":[118.7800216,32.0466947]},"properties":{"osm_id":"node/13741908416","name":"Skypeople","named":true,"category":"daily","kind":"clothes","location_method":"OSM 节点","access":"未标注","source_date":"2026-09-12T02:20:24Z","original_name":"Skypeople","related_osm_ids":["node/13741908416"]}},{"type":"Feature","id":"node/13741908417","geometry":{"type":"Point","coordinates":[118.7858919,32.0494351]},"properties":{"osm_id":"node/13741908417","name":"未命名生活服务","named":false,"category":"daily","kind":"fast_food","location_method":"OSM 节点","access":"未标注","source_date":"2026-09-12T02:20:24Z","related_osm_ids":["node/13741908417"]}},{"type":"Feature","id":"node/13741908420","geometry":{"type":"Point","coordinates":[118.7817069,32.0386007]},"properties":{"osm_id":"node/13741908420","name":"霸王茶姬","named":true,"category":"daily","kind":"cafe","location_method":"OSM 节点","access":"未标注","source_date":"2026-09-12T02:20:24Z","original_name":"霸王茶姬","related_osm_ids":["node/13741908420"]}},{"type":"Feature","id":"node/13741908421","geometry":{"type":"Point","coordinates":[118.7836347,32.0485153]},"properties":{"osm_id":"node/13741908421","name":"相府营","named":true,"category":"transit","kind":"bus_stop","location_method":"OSM 节点","access":"未标注","source_date":"2026-09-12T02:20:24Z","original_name":"相府营","related_osm_ids":["node/13741908421"]}},{"type":"Feature","id":"node/13741908423","geometry":{"type":"Point","coordinates":[118.7841249,32.0372181]},"properties":{"osm_id":"node/13741908423","name":"库迪咖啡","named":true,"category":"daily","kind":"cafe","location_method":"OSM 节点","access":"未标注","source_date":"2026-09-12T02:20:24Z","original_name":"库迪咖啡","related_osm_ids":["node/13741908423"]}},{"type":"Feature","id":"node/13741908424","geometry":{"type":"Point","coordinates":[118.7655764,32.0283031]},"properties":{"osm_id":"node/13741908424","name":"未命名生活服务","named":false,"category":"daily","kind":"cafe","location_method":"OSM 节点","access":"未标注","source_date":"2026-09-12T02:20:24Z","related_osm_ids":["node/13741908424"]}},{"type":"Feature","id":"node/13741908425","geometry":{"type":"Point","coordinates":[118.7859104,32.0495593]},"properties":{"osm_id":"node/13741908425","name":"未命名生活服务","named":false,"category":"daily","kind":"fast_food","location_method":"OSM 节点","access":"未标注","source_date":"2026-09-12T02:20:24Z","related_osm_ids":["node/13741908425"]}},{"type":"Feature","id":"node/13741908426","geometry":{"type":"Point","coordinates":[118.7885789,32.040443]},"properties":{"osm_id":"node/13741908426","name":"霸王茶姬","named":true,"category":"daily","kind":"cafe","location_method":"OSM 节点","access":"未标注","source_date":"2026-09-12T02:20:24Z","original_name":"霸王茶姬","related_osm_ids":["node/13741908426"]}},{"type":"Feature","id":"node/13741908432","geometry":{"type":"Point","coordinates":[118.7824695,32.0431063]},"properties":{"osm_id":"node/13741908432","name":"瑞幸咖啡","named":true,"category":"daily","kind":"cafe","location_method":"OSM 节点","access":"未标注","source_date":"2026-09-12T02:20:24Z","original_name":"瑞幸咖啡","related_osm_ids":["node/13741908432"]}},{"type":"Feature","id":"node/13741908434","geometry":{"type":"Point","coordinates":[118.7840571,32.0488075]},"properties":{"osm_id":"node/13741908434","name":"未命名生活服务","named":false,"category":"daily","kind":"florist","location_method":"OSM 节点","access":"未标注","source_date":"2026-09-12T02:20:24Z","related_osm_ids":["node/13741908434"]}},{"type":"Feature","id":"node/13741908437","geometry":{"type":"Point","coordinates":[118.7876515,32.0366691]},"properties":{"osm_id":"node/13741908437","name":"罗森","named":true,"category":"daily","kind":"convenience","location_method":"OSM 节点","access":"未标注","source_date":"2026-09-12T02:20:24Z","original_name":"罗森","related_osm_ids":["node/13741908437"]}},{"type":"Feature","id":"node/13741908438","geometry":{"type":"Point","coordinates":[118.7858646,32.0494364]},"properties":{"osm_id":"node/13741908438","name":"贵阳糯米饭","named":true,"category":"daily","kind":"fast_food","location_method":"OSM 节点","access":"未标注","source_date":"2026-09-12T02:20:24Z","original_name":"贵阳糯米饭","related_osm_ids":["node/13741908438"]}},{"type":"Feature","id":"node/13741908440","geometry":{"type":"Point","coordinates":[118.7882366,32.0382478]},"properties":{"osm_id":"node/13741908440","name":"未命名生活服务","named":false,"category":"daily","kind":"clothes","location_method":"OSM 节点","access":"未标注","source_date":"2026-09-12T02:20:24Z","related_osm_ids":["node/13741908440"]}},{"type":"Feature","id":"node/13741908441","geometry":{"type":"Point","coordinates":[118.7645127,32.0256753]},"properties":{"osm_id":"node/13741908441","name":"未命名生活服务","named":false,"category":"daily","kind":"clothes","location_method":"OSM 节点","access":"未标注","source_date":"2026-09-12T02:20:24Z","related_osm_ids":["node/13741908441"]}},{"type":"Feature","id":"node/13741908443","geometry":{"type":"Point","coordinates":[118.7833643,32.045674]},"properties":{"osm_id":"node/13741908443","name":"青石街","named":true,"category":"transit","kind":"bus_stop","location_method":"OSM 节点","access":"未标注","source_date":"2026-09-12T02:20:24Z","original_name":"青石街","related_osm_ids":["node/13741908443","node/13741908550"]}},{"type":"Feature","id":"node/13741908448","geometry":{"type":"Point","coordinates":[118.7882533,32.0382941]},"properties":{"osm_id":"node/13741908448","name":"未命名生活服务","named":false,"category":"daily","kind":"clothes","location_method":"OSM 节点","access":"未标注","source_date":"2026-09-12T02:20:24Z","related_osm_ids":["node/13741908448"]}},{"type":"Feature","id":"node/13741908449","geometry":{"type":"Point","coordinates":[118.7859167,32.0494303]},"properties":{"osm_id":"node/13741908449","name":"鸡蛋汉堡","named":true,"category":"daily","kind":"fast_food","location_method":"OSM 节点","access":"未标注","source_date":"2026-09-12T02:20:24Z","original_name":"鸡蛋汉堡","related_osm_ids":["node/13741908449"]}},{"type":"Feature","id":"node/13741908454","geometry":{"type":"Point","coordinates":[118.7846542,32.0375671]},"properties":{"osm_id":"node/13741908454","name":"未命名生活服务","named":false,"category":"daily","kind":"clothes","location_method":"OSM 节点","access":"未标注","source_date":"2026-09-12T02:20:24Z","related_osm_ids":["node/13741908454"]}},{"type":"Feature","id":"node/13741908457","geometry":{"type":"Point","coordinates":[118.7847413,32.0375496]},"properties":{"osm_id":"node/13741908457","name":"未命名生活服务","named":false,"category":"daily","kind":"clothes","location_method":"OSM 节点","access":"未标注","source_date":"2026-09-12T02:20:24Z","related_osm_ids":["node/13741908457"]}},{"type":"Feature","id":"node/13741908459","geometry":{"type":"Point","coordinates":[118.7819308,32.0400382]},"properties":{"osm_id":"node/13741908459","name":"未命名生活服务","named":false,"category":"daily","kind":"optician","location_method":"OSM 节点","access":"未标注","source_date":"2026-09-12T02:20:24Z","related_osm_ids":["node/13741908459"]}},{"type":"Feature","id":"node/13741908463","geometry":{"type":"Point","coordinates":[118.7819629,32.0402476]},"properties":{"osm_id":"node/13741908463","name":"未命名生活服务","named":false,"category":"daily","kind":"optician","location_method":"OSM 节点","access":"未标注","source_date":"2026-09-12T02:20:24Z","related_osm_ids":["node/13741908463"]}},{"type":"Feature","id":"node/13741908464","geometry":{"type":"Point","coordinates":[118.7798675,32.0466873]},"properties":{"osm_id":"node/13741908464","name":"Gentle Monster","named":true,"category":"daily","kind":"optician","location_method":"OSM 节点","access":"未标注","source_date":"2026-09-12T02:20:24Z","original_name":"Gentle Monster","related_osm_ids":["node/13741908464"]}},{"type":"Feature","id":"node/13741908465","geometry":{"type":"Point","coordinates":[118.7874802,32.0371216]},"properties":{"osm_id":"node/13741908465","name":"1点点","named":true,"category":"daily","kind":"cafe","location_method":"OSM 节点","access":"未标注","source_date":"2026-09-12T02:20:24Z","original_name":"1点点","related_osm_ids":["node/13741908465"]}},{"type":"Feature","id":"node/13741908467","geometry":{"type":"Point","coordinates":[118.7817248,32.0386933]},"properties":{"osm_id":"node/13741908467","name":"Popeyes","named":true,"category":"daily","kind":"fast_food","location_method":"OSM 节点","access":"未标注","source_date":"2026-09-12T02:20:24Z","original_name":"Popeyes","related_osm_ids":["node/13741908467"]}},{"type":"Feature","id":"node/13741908468","geometry":{"type":"Point","coordinates":[118.7836874,32.0477795]},"properties":{"osm_id":"node/13741908468","name":"相府营","named":true,"category":"transit","kind":"bus_stop","location_method":"OSM 节点","access":"未标注","source_date":"2026-09-12T02:20:24Z","original_name":"相府营","related_osm_ids":["node/13741908468"]}},{"type":"Feature","id":"node/13741908469","geometry":{"type":"Point","coordinates":[118.7864619,32.0370931]},"properties":{"osm_id":"node/13741908469","name":"未命名生活服务","named":false,"category":"daily","kind":"cafe","location_method":"OSM 节点","access":"未标注","source_date":"2026-09-12T02:20:24Z","related_osm_ids":["node/13741908469"]}},{"type":"Feature","id":"node/13741908470","geometry":{"type":"Point","coordinates":[118.7856385,32.0494757]},"properties":{"osm_id":"node/13741908470","name":"暴啤汽麻辣烫","named":true,"category":"daily","kind":"fast_food","location_method":"OSM 节点","access":"未标注","source_date":"2026-09-12T02:20:24Z","original_name":"暴啤汽麻辣烫","related_osm_ids":["node/13741908470"]}},{"type":"Feature","id":"node/13741908471","geometry":{"type":"Point","coordinates":[118.7857743,32.0495851]},"properties":{"osm_id":"node/13741908471","name":"港师傅菠萝包","named":true,"category":"daily","kind":"bakery","location_method":"OSM 节点","access":"未标注","source_date":"2026-09-12T02:20:24Z","original_name":"港师傅菠萝包","related_osm_ids":["node/13741908471"]}},{"type":"Feature","id":"node/13741908472","geometry":{"type":"Point","coordinates":[118.7862368,32.0495085]},"properties":{"osm_id":"node/13741908472","name":"未命名生活服务","named":false,"category":"daily","kind":"fast_food","location_method":"OSM 节点","access":"未标注","source_date":"2026-09-12T02:20:24Z","related_osm_ids":["node/13741908472"]}},{"type":"Feature","id":"node/13741908474","geometry":{"type":"Point","coordinates":[118.7869756,32.0369542]},"properties":{"osm_id":"node/13741908474","name":"未命名生活服务","named":false,"category":"daily","kind":"clothes","location_method":"OSM 节点","access":"未标注","source_date":"2026-09-12T02:20:24Z","related_osm_ids":["node/13741908474"]}},{"type":"Feature","id":"node/13741908475","geometry":{"type":"Point","coordinates":[118.7819207,32.0399399]},"properties":{"osm_id":"node/13741908475","name":"小米之家","named":true,"category":"daily","kind":"mobile_phone","location_method":"OSM 节点","access":"未标注","source_date":"2026-09-12T02:20:24Z","original_name":"小米之家","related_osm_ids":["node/13741908475"]}},{"type":"Feature","id":"node/13741908476","geometry":{"type":"Point","coordinates":[118.7860197,32.0495556]},"properties":{"osm_id":"node/13741908476","name":"王记包子店","named":true,"category":"daily","kind":"fast_food","location_method":"OSM 节点","access":"未标注","source_date":"2026-09-12T02:20:24Z","original_name":"王记包子店","related_osm_ids":["node/13741908476"]}},{"type":"Feature","id":"node/13741908477","geometry":{"type":"Point","coordinates":[118.7798786,32.0462704]},"properties":{"osm_id":"node/13741908477","name":"Miu Miu","named":true,"category":"daily","kind":"clothes","location_method":"OSM 节点","access":"未标注","source_date":"2026-09-12T02:20:24Z","original_name":"Miu Miu","related_osm_ids":["node/13741908477"]}},{"type":"Feature","id":"node/13741908479","geometry":{"type":"Point","coordinates":[118.7827872,32.0380553]},"properties":{"osm_id":"node/13741908479","name":"未命名生活服务","named":false,"category":"daily","kind":"convenience","location_method":"OSM 节点","access":"未标注","source_date":"2026-09-12T02:20:24Z","related_osm_ids":["node/13741908479"]}},{"type":"Feature","id":"node/13741908481","geometry":{"type":"Point","coordinates":[118.7819842,32.0404171]},"properties":{"osm_id":"node/13741908481","name":"未命名生活服务","named":false,"category":"daily","kind":"convenience","location_method":"OSM 节点","access":"未标注","source_date":"2026-09-12T02:20:24Z","related_osm_ids":["node/13741908481"]}},{"type":"Feature","id":"node/13741908484","geometry":{"type":"Point","coordinates":[118.7885631,32.0394223]},"properties":{"osm_id":"node/13741908484","name":"蜜雪冰城","named":true,"category":"daily","kind":"cafe","location_method":"OSM 节点","access":"未标注","source_date":"2026-09-12T02:20:24Z","original_name":"蜜雪冰城","related_osm_ids":["node/13741908484"]}},{"type":"Feature","id":"node/13741908496","geometry":{"type":"Point","coordinates":[118.7798172,32.0461402]},"properties":{"osm_id":"node/13741908496","name":"Harry Winston","named":true,"category":"daily","kind":"jewelry","location_method":"OSM 节点","access":"未标注","source_date":"2026-09-12T02:20:24Z","original_name":"Harry Winston","related_osm_ids":["node/13741908496"]}},{"type":"Feature","id":"node/13741908497","geometry":{"type":"Point","coordinates":[118.7859964,32.0494175]},"properties":{"osm_id":"node/13741908497","name":"未命名生活服务","named":false,"category":"daily","kind":"fast_food","location_method":"OSM 节点","access":"未标注","source_date":"2026-09-12T02:20:24Z","related_osm_ids":["node/13741908497"]}},{"type":"Feature","id":"node/13741908499","geometry":{"type":"Point","coordinates":[118.7859683,32.0372853]},"properties":{"osm_id":"node/13741908499","name":"麦当劳","named":true,"category":"daily","kind":"fast_food","location_method":"OSM 节点","access":"未标注","source_date":"2026-09-12T02:20:24Z","original_name":"麦当劳","related_osm_ids":["node/13741908499"]}},{"type":"Feature","id":"node/13741908503","geometry":{"type":"Point","coordinates":[118.7799963,32.0466175]},"properties":{"osm_id":"node/13741908503","name":"Maje","named":true,"category":"daily","kind":"clothes","location_method":"OSM 节点","access":"未标注","source_date":"2026-09-12T02:20:24Z","original_name":"Maje","related_osm_ids":["node/13741908503"]}},{"type":"Feature","id":"node/13741908505","geometry":{"type":"Point","coordinates":[118.7853356,32.0495699]},"properties":{"osm_id":"node/13741908505","name":"小马牛肉面","named":true,"category":"daily","kind":"fast_food","location_method":"OSM 节点","access":"未标注","source_date":"2026-09-12T02:20:24Z","original_name":"小马牛肉面","related_osm_ids":["node/13741908505"]}},{"type":"Feature","id":"node/13741908506","geometry":{"type":"Point","coordinates":[118.7799432,32.0464928]},"properties":{"osm_id":"node/13741908506","name":"Max Mara","named":true,"category":"daily","kind":"clothes","location_method":"OSM 节点","access":"未标注","source_date":"2026-09-12T02:20:24Z","original_name":"Max Mara","related_osm_ids":["node/13741908506"]}},{"type":"Feature","id":"node/13741908507","geometry":{"type":"Point","coordinates":[118.7858775,32.0495659]},"properties":{"osm_id":"node/13741908507","name":"半斤牛肉面","named":true,"category":"daily","kind":"fast_food","location_method":"OSM 节点","access":"未标注","source_date":"2026-09-12T02:20:24Z","original_name":"半斤牛肉面","related_osm_ids":["node/13741908507"]}},{"type":"Feature","id":"node/13741908512","geometry":{"type":"Point","coordinates":[118.7857278,32.0494606]},"properties":{"osm_id":"node/13741908512","name":"恒信","named":true,"category":"daily","kind":"restaurant","location_method":"OSM 节点","access":"未标注","source_date":"2026-09-12T02:20:24Z","original_name":"恒信","related_osm_ids":["node/13741908512"]}},{"type":"Feature","id":"node/13741908513","geometry":{"type":"Point","coordinates":[118.7858096,32.0495794]},"properties":{"osm_id":"node/13741908513","name":"面點美食","named":true,"category":"daily","kind":"fast_food","location_method":"OSM 节点","access":"未标注","source_date":"2026-09-12T02:20:24Z","original_name":"面點美食","related_osm_ids":["node/13741908513"]}},{"type":"Feature","id":"node/13741908514","geometry":{"type":"Point","coordinates":[118.7856955,32.0494658]},"properties":{"osm_id":"node/13741908514","name":"舒芙蕾","named":true,"category":"daily","kind":"bakery","location_method":"OSM 节点","access":"未标注","source_date":"2026-09-12T02:20:24Z","original_name":"舒芙蕾","related_osm_ids":["node/13741908514"]}},{"type":"Feature","id":"node/13741908515","geometry":{"type":"Point","coordinates":[118.782558,32.0381143]},"properties":{"osm_id":"node/13741908515","name":"蜜雪冰城","named":true,"category":"daily","kind":"cafe","location_method":"OSM 节点","access":"未标注","source_date":"2026-09-12T02:20:24Z","original_name":"蜜雪冰城","related_osm_ids":["node/13741908515"]}},{"type":"Feature","id":"node/13741908517","geometry":{"type":"Point","coordinates":[118.7855299,32.0373352]},"properties":{"osm_id":"node/13741908517","name":"未命名生活服务","named":false,"category":"daily","kind":"fast_food","location_method":"OSM 节点","access":"未标注","source_date":"2026-09-12T02:20:24Z","related_osm_ids":["node/13741908517"]}},{"type":"Feature","id":"node/13741908520","geometry":{"type":"Point","coordinates":[118.7880025,32.0375286]},"properties":{"osm_id":"node/13741908520","name":"未命名生活服务","named":false,"category":"daily","kind":"restaurant","location_method":"OSM 节点","access":"未标注","source_date":"2026-09-12T02:20:24Z","related_osm_ids":["node/13741908520"]}},{"type":"Feature","id":"node/13741908525","geometry":{"type":"Point","coordinates":[118.7859555,32.0495556]},"properties":{"osm_id":"node/13741908525","name":"大宝麻辣烫","named":true,"category":"daily","kind":"fast_food","location_method":"OSM 节点","access":"未标注","source_date":"2026-09-12T02:20:24Z","original_name":"大宝麻辣烫","related_osm_ids":["node/13741908525"]}},{"type":"Feature","id":"node/13741908526","geometry":{"type":"Point","coordinates":[118.7799422,32.0469721]},"properties":{"osm_id":"node/13741908526","name":"翠园","named":true,"category":"daily","kind":"restaurant","location_method":"OSM 节点","access":"未标注","source_date":"2026-09-12T02:20:24Z","original_name":"翠园","related_osm_ids":["node/13741908526"]}},{"type":"Feature","id":"node/13741908527","geometry":{"type":"Point","coordinates":[118.7859502,32.0494281]},"properties":{"osm_id":"node/13741908527","name":"南湖炸串","named":true,"category":"daily","kind":"fast_food","location_method":"OSM 节点","access":"未标注","source_date":"2026-09-12T02:20:24Z","original_name":"南湖炸串","related_osm_ids":["node/13741908527"]}},{"type":"Feature","id":"node/13741908531","geometry":{"type":"Point","coordinates":[118.7840986,32.0494036]},"properties":{"osm_id":"node/13741908531","name":"未命名生活服务","named":false,"category":"daily","kind":"clothes","location_method":"OSM 节点","access":"未标注","source_date":"2026-09-12T02:20:24Z","related_osm_ids":["node/13741908531"]}},{"type":"Feature","id":"node/13741908532","geometry":{"type":"Point","coordinates":[118.7858349,32.0494417]},"properties":{"osm_id":"node/13741908532","name":"未命名生活服务","named":false,"category":"daily","kind":"fast_food","location_method":"OSM 节点","access":"未标注","source_date":"2026-09-12T02:20:24Z","related_osm_ids":["node/13741908532"]}},{"type":"Feature","id":"node/13741908533","geometry":{"type":"Point","coordinates":[118.7851989,32.0497187]},"properties":{"osm_id":"node/13741908533","name":"秘制生蚝","named":true,"category":"daily","kind":"fast_food","location_method":"OSM 节点","access":"未标注","source_date":"2026-09-12T02:20:24Z","original_name":"秘制生蚝","related_osm_ids":["node/13741908533"]}},{"type":"Feature","id":"node/13741908534","geometry":{"type":"Point","coordinates":[118.78257,32.0455685]},"properties":{"osm_id":"node/13741908534","name":"江苏银行","named":true,"category":"daily","kind":"bank","location_method":"OSM 节点","access":"未标注","source_date":"2026-09-12T02:20:24Z","original_name":"江苏银行","related_osm_ids":["node/13741908534"]}},{"type":"Feature","id":"node/13741908537","geometry":{"type":"Point","coordinates":[118.7852261,32.0495915]},"properties":{"osm_id":"node/13741908537","name":"未命名生活服务","named":false,"category":"daily","kind":"restaurant","location_method":"OSM 节点","access":"未标注","source_date":"2026-09-12T02:20:24Z","related_osm_ids":["node/13741908537"]}},{"type":"Feature","id":"node/13741908540","geometry":{"type":"Point","coordinates":[118.7867468,32.0370218]},"properties":{"osm_id":"node/13741908540","name":"未命名生活服务","named":false,"category":"daily","kind":"clothes","location_method":"OSM 节点","access":"未标注","source_date":"2026-09-12T02:20:24Z","related_osm_ids":["node/13741908540"]}},{"type":"Feature","id":"node/13741908542","geometry":{"type":"Point","coordinates":[118.7880181,32.0375938]},"properties":{"osm_id":"node/13741908542","name":"未命名生活服务","named":false,"category":"daily","kind":"clothes","location_method":"OSM 节点","access":"未标注","source_date":"2026-09-12T02:20:24Z","related_osm_ids":["node/13741908542"]}},{"type":"Feature","id":"node/13741908543","geometry":{"type":"Point","coordinates":[118.784095,32.0493287]},"properties":{"osm_id":"node/13741908543","name":"未命名生活服务","named":false,"category":"daily","kind":"cafe","location_method":"OSM 节点","access":"未标注","source_date":"2026-09-12T02:20:24Z","related_osm_ids":["node/13741908543"]}},{"type":"Feature","id":"node/13741908546","geometry":{"type":"Point","coordinates":[118.7857892,32.0494527]},"properties":{"osm_id":"node/13741908546","name":"叶新鸭血粉丝汤","named":true,"category":"daily","kind":"fast_food","location_method":"OSM 节点","access":"未标注","source_date":"2026-09-12T02:20:24Z","original_name":"叶新鸭血粉丝汤","related_osm_ids":["node/13741908546"]}},{"type":"Feature","id":"node/13741908549","geometry":{"type":"Point","coordinates":[118.7880587,32.0376589]},"properties":{"osm_id":"node/13741908549","name":"未命名生活服务","named":false,"category":"daily","kind":"fast_food","location_method":"OSM 节点","access":"未标注","source_date":"2026-09-12T02:20:24Z","related_osm_ids":["node/13741908549"]}},{"type":"Feature","id":"node/13741908551","geometry":{"type":"Point","coordinates":[118.7835731,32.0484952]},"properties":{"osm_id":"node/13741908551","name":"星巴克","named":true,"category":"daily","kind":"cafe","location_method":"OSM 节点","access":"未标注","source_date":"2026-09-12T02:20:24Z","original_name":"星巴克","related_osm_ids":["node/13741908551"]}},{"type":"Feature","id":"node/13741908552","geometry":{"type":"Point","coordinates":[118.7839692,32.0488699]},"properties":{"osm_id":"node/13741908552","name":"未命名生活服务","named":false,"category":"daily","kind":"cafe","location_method":"OSM 节点","access":"未标注","source_date":"2026-09-12T02:20:24Z","related_osm_ids":["node/13741908552"]}},{"type":"Feature","id":"node/13741908561","geometry":{"type":"Point","coordinates":[118.7887298,32.0408809]},"properties":{"osm_id":"node/13741908561","name":"未命名生活服务","named":false,"category":"daily","kind":"cafe","location_method":"OSM 节点","access":"未标注","source_date":"2026-09-12T02:20:24Z","related_osm_ids":["node/13741908561"]}},{"type":"Feature","id":"node/13741908562","geometry":{"type":"Point","coordinates":[118.7834536,32.0378271]},"properties":{"osm_id":"node/13741908562","name":"未命名生活服务","named":false,"category":"daily","kind":"greengrocer","location_method":"OSM 节点","access":"未标注","source_date":"2026-09-12T02:20:24Z","related_osm_ids":["node/13741908562"]}},{"type":"Feature","id":"node/13741908563","geometry":{"type":"Point","coordinates":[118.7839814,32.0489484]},"properties":{"osm_id":"node/13741908563","name":"未命名生活服务","named":false,"category":"daily","kind":"cafe","location_method":"OSM 节点","access":"未标注","source_date":"2026-09-12T02:20:24Z","related_osm_ids":["node/13741908563"]}},{"type":"Feature","id":"node/13741908564","geometry":{"type":"Point","coordinates":[118.7643388,32.0258018]},"properties":{"osm_id":"node/13741908564","name":"未命名生活服务","named":false,"category":"daily","kind":"cafe","location_method":"OSM 节点","access":"未标注","source_date":"2026-09-12T02:20:24Z","related_osm_ids":["node/13741908564"]}},{"type":"Feature","id":"node/13741908569","geometry":{"type":"Point","coordinates":[118.7816899,32.0385342]},"properties":{"osm_id":"node/13741908569","name":"麦当劳","named":true,"category":"daily","kind":"fast_food","location_method":"OSM 节点","access":"未标注","source_date":"2026-09-12T02:20:24Z","original_name":"麦当劳","related_osm_ids":["node/13741908569"]}},{"type":"Feature","id":"node/13741908570","geometry":{"type":"Point","coordinates":[118.7859942,32.0495465]},"properties":{"osm_id":"node/13741908570","name":"山东李家煎饼","named":true,"category":"daily","kind":"fast_food","location_method":"OSM 节点","access":"未标注","source_date":"2026-09-12T02:20:24Z","original_name":"山东李家煎饼","related_osm_ids":["node/13741908570"]}},{"type":"Feature","id":"node/13741908573","geometry":{"type":"Point","coordinates":[118.7817145,32.0398511]},"properties":{"osm_id":"node/13741908573","name":"Oppo","named":true,"category":"daily","kind":"mobile_phone","location_method":"OSM 节点","access":"未标注","source_date":"2026-09-12T02:20:24Z","original_name":"Oppo","related_osm_ids":["node/13741908573"]}},{"type":"Feature","id":"node/13741908574","geometry":{"type":"Point","coordinates":[118.782714,32.0375413]},"properties":{"osm_id":"node/13741908574","name":"未命名生活服务","named":false,"category":"daily","kind":"supermarket","location_method":"OSM 节点","access":"未标注","source_date":"2026-09-12T02:20:24Z","related_osm_ids":["node/13741908574"]}},{"type":"Feature","id":"node/13741908575","geometry":{"type":"Point","coordinates":[118.7882083,32.0381413]},"properties":{"osm_id":"node/13741908575","name":"未命名生活服务","named":false,"category":"daily","kind":"fast_food","location_method":"OSM 节点","access":"未标注","source_date":"2026-09-12T02:20:24Z","related_osm_ids":["node/13741908575"]}},{"type":"Feature","id":"node/13741908576","geometry":{"type":"Point","coordinates":[118.7880752,32.0392946]},"properties":{"osm_id":"node/13741908576","name":"周大福","named":true,"category":"daily","kind":"jewelry","location_method":"OSM 节点","access":"未标注","source_date":"2026-09-12T02:20:24Z","original_name":"周大福","related_osm_ids":["node/13741908576"]}},{"type":"Feature","id":"node/13741908577","geometry":{"type":"Point","coordinates":[118.7848181,32.0375319]},"properties":{"osm_id":"node/13741908577","name":"未命名生活服务","named":false,"category":"daily","kind":"wigs","location_method":"OSM 节点","access":"未标注","source_date":"2026-09-12T02:20:24Z","related_osm_ids":["node/13741908577"]}},{"type":"Feature","id":"node/13741908579","geometry":{"type":"Point","coordinates":[118.7852547,32.0495853]},"properties":{"osm_id":"node/13741908579","name":"未命名生活服务","named":false,"category":"daily","kind":"bakery","location_method":"OSM 节点","access":"未标注","source_date":"2026-09-12T02:20:24Z","related_osm_ids":["node/13741908579"]}},{"type":"Feature","id":"node/13741908581","geometry":{"type":"Point","coordinates":[118.7825661,32.0401007]},"properties":{"osm_id":"node/13741908581","name":"好的","named":true,"category":"health","kind":"pharmacy","location_method":"OSM 节点","access":"未标注","source_date":"2026-09-12T02:20:24Z","original_name":"好的","related_osm_ids":["node/13741908581"]}},{"type":"Feature","id":"node/13741908582","geometry":{"type":"Point","coordinates":[118.7825874,32.0402522]},"properties":{"osm_id":"node/13741908582","name":"益丰大药房","named":true,"category":"health","kind":"pharmacy","location_method":"OSM 节点","access":"未标注","source_date":"2026-09-12T02:20:24Z","original_name":"益丰大药房","related_osm_ids":["node/13741908582"]}},{"type":"Feature","id":"node/13741908585","geometry":{"type":"Point","coordinates":[118.7839935,32.0490112]},"properties":{"osm_id":"node/13741908585","name":"未命名生活服务","named":false,"category":"daily","kind":"clothes","location_method":"OSM 节点","access":"未标注","source_date":"2026-09-12T02:20:24Z","related_osm_ids":["node/13741908585"]}},{"type":"Feature","id":"node/13741908589","geometry":{"type":"Point","coordinates":[118.7840857,32.0372352]},"properties":{"osm_id":"node/13741908589","name":"罗森","named":true,"category":"daily","kind":"convenience","location_method":"OSM 节点","access":"未标注","source_date":"2026-09-12T02:20:24Z","original_name":"罗森","related_osm_ids":["node/13741908589"]}},{"type":"Feature","id":"node/13741908591","geometry":{"type":"Point","coordinates":[118.7863417,32.0371238]},"properties":{"osm_id":"node/13741908591","name":"未命名生活服务","named":false,"category":"daily","kind":"cafe","location_method":"OSM 节点","access":"未标注","source_date":"2026-09-12T02:20:24Z","related_osm_ids":["node/13741908591"]}},{"type":"Feature","id":"node/13741908592","geometry":{"type":"Point","coordinates":[118.7876849,32.0367812]},"properties":{"osm_id":"node/13741908592","name":"Manner Coffee","named":true,"category":"daily","kind":"cafe","location_method":"OSM 节点","access":"未标注","source_date":"2026-09-12T02:20:24Z","original_name":"Manner Coffee","related_osm_ids":["node/13741908592"]}},{"type":"Feature","id":"node/13741908593","geometry":{"type":"Point","coordinates":[118.7841304,32.0495837]},"properties":{"osm_id":"node/13741908593","name":"未命名生活服务","named":false,"category":"daily","kind":"cafe","location_method":"OSM 节点","access":"未标注","source_date":"2026-09-12T02:20:24Z","related_osm_ids":["node/13741908593"]}},{"type":"Feature","id":"node/13741908594","geometry":{"type":"Point","coordinates":[118.7852991,32.0495776]},"properties":{"osm_id":"node/13741908594","name":"冰粉椰子铺","named":true,"category":"daily","kind":"fast_food","location_method":"OSM 节点","access":"未标注","source_date":"2026-09-12T02:20:24Z","original_name":"冰粉椰子铺","related_osm_ids":["node/13741908594"]}},{"type":"Feature","id":"node/13741908598","geometry":{"type":"Point","coordinates":[118.7885626,32.0404062]},"properties":{"osm_id":"node/13741908598","name":"Manner Coffee","named":true,"category":"daily","kind":"cafe","location_method":"OSM 节点","access":"未标注","source_date":"2026-09-12T02:20:24Z","original_name":"Manner Coffee","related_osm_ids":["node/13741908598"]}},{"type":"Feature","id":"node/13741908599","geometry":{"type":"Point","coordinates":[118.764325,32.0257418]},"properties":{"osm_id":"node/13741908599","name":"未命名生活服务","named":false,"category":"daily","kind":"jewelry","location_method":"OSM 节点","access":"未标注","source_date":"2026-09-12T02:20:24Z","related_osm_ids":["node/13741908599"]}},{"type":"Feature","id":"node/13745109125","geometry":{"type":"Point","coordinates":[118.7768247,32.0269911]},"properties":{"osm_id":"node/13745109125","name":"未命名生活服务","named":false,"category":"daily","kind":"restaurant","location_method":"OSM 节点","access":"未标注","source_date":"2026-09-12T02:20:24Z","related_osm_ids":["node/13745109125"]}},{"type":"Feature","id":"node/13745109126","geometry":{"type":"Point","coordinates":[118.7753048,32.0278368]},"properties":{"osm_id":"node/13745109126","name":"未命名生活服务","named":false,"category":"daily","kind":"books","location_method":"OSM 节点","access":"未标注","source_date":"2026-09-12T02:20:24Z","related_osm_ids":["node/13745109126"]}},{"type":"Feature","id":"node/13745109128","geometry":{"type":"Point","coordinates":[118.7767187,32.0266123]},"properties":{"osm_id":"node/13745109128","name":"未命名生活服务","named":false,"category":"daily","kind":"bakery","location_method":"OSM 节点","access":"未标注","source_date":"2026-09-12T02:20:24Z","related_osm_ids":["node/13745109128"]}},{"type":"Feature","id":"node/13745109130","geometry":{"type":"Point","coordinates":[118.7756525,32.0288182]},"properties":{"osm_id":"node/13745109130","name":"未命名生活服务","named":false,"category":"daily","kind":"art","location_method":"OSM 节点","access":"未标注","source_date":"2026-09-12T02:20:24Z","related_osm_ids":["node/13745109130"]}},{"type":"Feature","id":"node/13745109132","geometry":{"type":"Point","coordinates":[118.7758864,32.0287633]},"properties":{"osm_id":"node/13745109132","name":"未命名生活服务","named":false,"category":"daily","kind":"clothes","location_method":"OSM 节点","access":"未标注","source_date":"2026-09-12T02:20:24Z","related_osm_ids":["node/13745109132"]}},{"type":"Feature","id":"node/13745109135","geometry":{"type":"Point","coordinates":[118.7762416,32.0293824]},"properties":{"osm_id":"node/13745109135","name":"未命名生活服务","named":false,"category":"daily","kind":"cafe","location_method":"OSM 节点","access":"未标注","source_date":"2026-09-12T02:20:24Z","related_osm_ids":["node/13745109135"]}},{"type":"Feature","id":"node/13745109137","geometry":{"type":"Point","coordinates":[118.7758741,32.0256577]},"properties":{"osm_id":"node/13745109137","name":"未命名生活服务","named":false,"category":"daily","kind":"bank","location_method":"OSM 节点","access":"未标注","source_date":"2026-09-12T02:20:24Z","related_osm_ids":["node/13745109137"]}},{"type":"Feature","id":"node/13745109141","geometry":{"type":"Point","coordinates":[118.7753335,32.027198]},"properties":{"osm_id":"node/13745109141","name":"未命名生活服务","named":false,"category":"daily","kind":"cafe","location_method":"OSM 节点","access":"未标注","source_date":"2026-09-12T02:20:24Z","related_osm_ids":["node/13745109141"]}},{"type":"Feature","id":"node/13745109143","geometry":{"type":"Point","coordinates":[118.7757615,32.0287865]},"properties":{"osm_id":"node/13745109143","name":"未命名生活服务","named":false,"category":"daily","kind":"jewelry","location_method":"OSM 节点","access":"未标注","source_date":"2026-09-12T02:20:24Z","related_osm_ids":["node/13745109143"]}},{"type":"Feature","id":"node/13745109147","geometry":{"type":"Point","coordinates":[118.7769004,32.0271982]},"properties":{"osm_id":"node/13745109147","name":"未命名生活服务","named":false,"category":"daily","kind":"restaurant","location_method":"OSM 节点","access":"未标注","source_date":"2026-09-12T02:20:24Z","related_osm_ids":["node/13745109147"]}},{"type":"Feature","id":"node/13745109149","geometry":{"type":"Point","coordinates":[118.7758416,32.0287671]},"properties":{"osm_id":"node/13745109149","name":"未命名生活服务","named":false,"category":"daily","kind":"cafe","location_method":"OSM 节点","access":"未标注","source_date":"2026-09-12T02:20:24Z","related_osm_ids":["node/13745109149"]}},{"type":"Feature","id":"node/13745109150","geometry":{"type":"Point","coordinates":[118.7763479,32.0273832]},"properties":{"osm_id":"node/13745109150","name":"未命名生活服务","named":false,"category":"daily","kind":"cafe","location_method":"OSM 节点","access":"未标注","source_date":"2026-09-12T02:20:24Z","related_osm_ids":["node/13745109150"]}},{"type":"Feature","id":"node/13745109157","geometry":{"type":"Point","coordinates":[118.7763325,32.0268858]},"properties":{"osm_id":"node/13745109157","name":"未命名生活服务","named":false,"category":"daily","kind":"hairdresser","location_method":"OSM 节点","access":"未标注","source_date":"2026-09-12T02:20:24Z","related_osm_ids":["node/13745109157"]}},{"type":"Feature","id":"node/13745109163","geometry":{"type":"Point","coordinates":[118.7758635,32.0247818]},"properties":{"osm_id":"node/13745109163","name":"老乡鸡","named":true,"category":"daily","kind":"fast_food","location_method":"OSM 节点","access":"未标注","source_date":"2026-09-12T02:20:24Z","original_name":"老乡鸡","related_osm_ids":["node/13745109163"]}},{"type":"Feature","id":"node/13745109164","geometry":{"type":"Point","coordinates":[118.7764044,32.0270765]},"properties":{"osm_id":"node/13745109164","name":"未命名公园","named":false,"category":"park","kind":"park","location_method":"OSM 节点","access":"yes","source_date":"2026-09-12T02:20:24Z","related_osm_ids":["node/13745109164"]}},{"type":"Feature","id":"node/13745109166","geometry":{"type":"Point","coordinates":[118.7757768,32.0280165]},"properties":{"osm_id":"node/13745109166","name":"未命名生活服务","named":false,"category":"daily","kind":"restaurant","location_method":"OSM 节点","access":"未标注","source_date":"2026-09-12T02:20:24Z","related_osm_ids":["node/13745109166"]}},{"type":"Feature","id":"node/13745109167","geometry":{"type":"Point","coordinates":[118.775647,32.0275863]},"properties":{"osm_id":"node/13745109167","name":"未命名生活服务","named":false,"category":"daily","kind":"restaurant","location_method":"OSM 节点","access":"未标注","source_date":"2026-09-12T02:20:24Z","related_osm_ids":["node/13745109167"]}},{"type":"Feature","id":"node/13745109168","geometry":{"type":"Point","coordinates":[118.776823,32.0268222]},"properties":{"osm_id":"node/13745109168","name":"未命名生活服务","named":false,"category":"daily","kind":"cafe","location_method":"OSM 节点","access":"未标注","source_date":"2026-09-12T02:20:24Z","related_osm_ids":["node/13745109168"]}},{"type":"Feature","id":"node/13745109171","geometry":{"type":"Point","coordinates":[118.7759184,32.0284738]},"properties":{"osm_id":"node/13745109171","name":"未命名生活服务","named":false,"category":"daily","kind":"cafe","location_method":"OSM 节点","access":"未标注","source_date":"2026-09-12T02:20:24Z","related_osm_ids":["node/13745109171"]}},{"type":"Feature","id":"node/13745109172","geometry":{"type":"Point","coordinates":[118.7756811,32.0288885]},"properties":{"osm_id":"node/13745109172","name":"未命名生活服务","named":false,"category":"daily","kind":"clothes","location_method":"OSM 节点","access":"未标注","source_date":"2026-09-12T02:20:24Z","related_osm_ids":["node/13745109172"]}},{"type":"Feature","id":"node/13745109175","geometry":{"type":"Point","coordinates":[118.7758164,32.0282342]},"properties":{"osm_id":"node/13745109175","name":"未命名生活服务","named":false,"category":"daily","kind":"perfumery","location_method":"OSM 节点","access":"未标注","source_date":"2026-09-12T02:20:24Z","related_osm_ids":["node/13745109175"]}},{"type":"Feature","id":"node/13745109177","geometry":{"type":"Point","coordinates":[118.7762244,32.0293217]},"properties":{"osm_id":"node/13745109177","name":"40Burger","named":true,"category":"daily","kind":"fast_food","location_method":"OSM 节点","access":"未标注","source_date":"2026-09-12T02:20:24Z","original_name":"40Burger","related_osm_ids":["node/13745109177"]}},{"type":"Feature","id":"node/13745109180","geometry":{"type":"Point","coordinates":[118.776245,32.0274532]},"properties":{"osm_id":"node/13745109180","name":"未命名生活服务","named":false,"category":"daily","kind":"restaurant","location_method":"OSM 节点","access":"未标注","source_date":"2026-09-12T02:20:24Z","related_osm_ids":["node/13745109180"]}},{"type":"Feature","id":"node/13745109181","geometry":{"type":"Point","coordinates":[118.7753704,32.0270832]},"properties":{"osm_id":"node/13745109181","name":"未命名生活服务","named":false,"category":"daily","kind":"fashion_accessories","location_method":"OSM 节点","access":"未标注","source_date":"2026-09-12T02:20:24Z","related_osm_ids":["node/13745109181"]}},{"type":"Feature","id":"node/13745109186","geometry":{"type":"Point","coordinates":[118.7756904,32.0277454]},"properties":{"osm_id":"node/13745109186","name":"未命名生活服务","named":false,"category":"daily","kind":"restaurant","location_method":"OSM 节点","access":"未标注","source_date":"2026-09-12T02:20:24Z","related_osm_ids":["node/13745109186"]}},{"type":"Feature","id":"node/13745109188","geometry":{"type":"Point","coordinates":[118.7761938,32.0273299]},"properties":{"osm_id":"node/13745109188","name":"未命名生活服务","named":false,"category":"daily","kind":"restaurant","location_method":"OSM 节点","access":"未标注","source_date":"2026-09-12T02:20:24Z","related_osm_ids":["node/13745109188"]}},{"type":"Feature","id":"node/13745109189","geometry":{"type":"Point","coordinates":[118.7766792,32.0265332]},"properties":{"osm_id":"node/13745109189","name":"星巴克","named":true,"category":"daily","kind":"cafe","location_method":"OSM 节点","access":"未标注","source_date":"2026-09-12T02:20:24Z","original_name":"星巴克","related_osm_ids":["node/13745109189"]}},{"type":"Feature","id":"node/13745109194","geometry":{"type":"Point","coordinates":[118.7757419,32.02844]},"properties":{"osm_id":"node/13745109194","name":"未命名生活服务","named":false,"category":"daily","kind":"photo","location_method":"OSM 节点","access":"未标注","source_date":"2026-09-12T02:20:24Z","related_osm_ids":["node/13745109194"]}},{"type":"Feature","id":"node/13745109196","geometry":{"type":"Point","coordinates":[118.77593,32.028907]},"properties":{"osm_id":"node/13745109196","name":"未命名生活服务","named":false,"category":"daily","kind":"cafe","location_method":"OSM 节点","access":"未标注","source_date":"2026-09-12T02:20:24Z","related_osm_ids":["node/13745109196"]}},{"type":"Feature","id":"node/13745109200","geometry":{"type":"Point","coordinates":[118.7763406,32.0272629]},"properties":{"osm_id":"node/13745109200","name":"未命名生活服务","named":false,"category":"daily","kind":"massage","location_method":"OSM 节点","access":"未标注","source_date":"2026-09-12T02:20:24Z","related_osm_ids":["node/13745109200"]}},{"type":"Feature","id":"node/13745168901","geometry":{"type":"Point","coordinates":[118.7757206,32.0283317]},"properties":{"osm_id":"node/13745168901","name":"未命名生活服务","named":false,"category":"daily","kind":"electronics","location_method":"OSM 节点","access":"未标注","source_date":"2026-09-12T02:20:24Z","related_osm_ids":["node/13745168901"]}},{"type":"Feature","id":"node/13745168902","geometry":{"type":"Point","coordinates":[118.7761708,32.0274719]},"properties":{"osm_id":"node/13745168902","name":"未命名生活服务","named":false,"category":"daily","kind":"cafe","location_method":"OSM 节点","access":"未标注","source_date":"2026-09-12T02:20:24Z","related_osm_ids":["node/13745168902"]}},{"type":"Feature","id":"node/13745168905","geometry":{"type":"Point","coordinates":[118.7759006,32.0288808]},"properties":{"osm_id":"node/13745168905","name":"未命名生活服务","named":false,"category":"daily","kind":"restaurant","location_method":"OSM 节点","access":"未标注","source_date":"2026-09-12T02:20:24Z","related_osm_ids":["node/13745168905"]}},{"type":"Feature","id":"node/13745168907","geometry":{"type":"Point","coordinates":[118.7761909,32.0266016]},"properties":{"osm_id":"node/13745168907","name":"未命名生活服务","named":false,"category":"daily","kind":"bakery","location_method":"OSM 节点","access":"未标注","source_date":"2026-09-12T02:20:24Z","related_osm_ids":["node/13745168907"]}},{"type":"Feature","id":"node/13747451171","geometry":{"type":"Point","coordinates":[118.7796529,32.0488845]},"properties":{"osm_id":"node/13747451171","name":"Creep","named":true,"category":"daily","kind":"clothes","location_method":"OSM 节点","access":"未标注","source_date":"2026-09-12T02:20:24Z","original_name":"Creep","related_osm_ids":["node/13747451171"]}},{"type":"Feature","id":"node/13747451172","geometry":{"type":"Point","coordinates":[118.7794065,32.048838]},"properties":{"osm_id":"node/13747451172","name":"Ariseism","named":true,"category":"daily","kind":"clothes","location_method":"OSM 节点","access":"未标注","source_date":"2026-09-12T02:20:24Z","original_name":"Ariseism","related_osm_ids":["node/13747451172"]}},{"type":"Feature","id":"node/13747451173","geometry":{"type":"Point","coordinates":[118.7794299,32.0484175]},"properties":{"osm_id":"node/13747451173","name":"艾姆伊迪艾姆","named":true,"category":"daily","kind":"clothes","location_method":"OSM 节点","access":"未标注","source_date":"2026-09-12T02:20:24Z","original_name":"艾姆伊迪艾姆","related_osm_ids":["node/13747451173"]}},{"type":"Feature","id":"node/13747451174","geometry":{"type":"Point","coordinates":[118.7796752,32.0485654]},"properties":{"osm_id":"node/13747451174","name":"未命名生活服务","named":false,"category":"daily","kind":"bakery","location_method":"OSM 节点","access":"未标注","source_date":"2026-09-12T02:20:24Z","related_osm_ids":["node/13747451174"]}},{"type":"Feature","id":"node/13747451175","geometry":{"type":"Point","coordinates":[118.7795093,32.0489444]},"properties":{"osm_id":"node/13747451175","name":"破可离普","named":true,"category":"daily","kind":"clothes","location_method":"OSM 节点","access":"未标注","source_date":"2026-09-12T02:20:24Z","original_name":"破可离普","related_osm_ids":["node/13747451175"]}},{"type":"Feature","id":"node/13747451177","geometry":{"type":"Point","coordinates":[118.7794164,32.0487258]},"properties":{"osm_id":"node/13747451177","name":"Whoosis","named":true,"category":"daily","kind":"clothes","location_method":"OSM 节点","access":"未标注","source_date":"2026-09-12T02:20:24Z","original_name":"Whoosis","related_osm_ids":["node/13747451177"]}},{"type":"Feature","id":"node/13747451179","geometry":{"type":"Point","coordinates":[118.7796902,32.0483907]},"properties":{"osm_id":"node/13747451179","name":"Daphne.Lab","named":true,"category":"daily","kind":"clothes","location_method":"OSM 节点","access":"未标注","source_date":"2026-09-12T02:20:24Z","original_name":"Daphne.Lab","related_osm_ids":["node/13747451179"]}},{"type":"Feature","id":"node/13747451180","geometry":{"type":"Point","coordinates":[118.7796573,32.0488002]},"properties":{"osm_id":"node/13747451180","name":"Boneless","named":true,"category":"daily","kind":"clothes","location_method":"OSM 节点","access":"未标注","source_date":"2026-09-12T02:20:24Z","original_name":"Boneless","related_osm_ids":["node/13747451180"]}},{"type":"Feature","id":"node/13747451181","geometry":{"type":"Point","coordinates":[118.7796923,32.0484813]},"properties":{"osm_id":"node/13747451181","name":"折尚派","named":true,"category":"daily","kind":"clothes","location_method":"OSM 节点","access":"未标注","source_date":"2026-09-12T02:20:24Z","original_name":"折尚派","related_osm_ids":["node/13747451181"]}},{"type":"Feature","id":"node/13747451182","geometry":{"type":"Point","coordinates":[118.7793938,32.0490179]},"properties":{"osm_id":"node/13747451182","name":"皮爷咖啡","named":true,"category":"daily","kind":"cafe","location_method":"OSM 节点","access":"未标注","source_date":"2026-09-12T02:20:24Z","original_name":"皮爷咖啡","related_osm_ids":["node/13747451182"]}},{"type":"Feature","id":"node/13747451183","geometry":{"type":"Point","coordinates":[118.7795204,32.048835]},"properties":{"osm_id":"node/13747451183","name":"Manner Coffee","named":true,"category":"daily","kind":"cafe","location_method":"OSM 节点","access":"未标注","source_date":"2026-09-12T02:20:24Z","original_name":"Manner Coffee","related_osm_ids":["node/13747451183"]}},{"type":"Feature","id":"node/13747451184","geometry":{"type":"Point","coordinates":[118.7794246,32.0486117]},"properties":{"osm_id":"node/13747451184","name":"阿迪达斯","named":true,"category":"daily","kind":"clothes","location_method":"OSM 节点","access":"未标注","source_date":"2026-09-12T02:20:24Z","original_name":"阿迪达斯","related_osm_ids":["node/13747451184"]}},{"type":"Feature","id":"node/13747451185","geometry":{"type":"Point","coordinates":[118.779395,32.0489406]},"properties":{"osm_id":"node/13747451185","name":"Grid Coffee","named":true,"category":"daily","kind":"cafe","location_method":"OSM 节点","access":"未标注","source_date":"2026-09-12T02:20:24Z","original_name":"Grid Coffee","related_osm_ids":["node/13747451185"]}},{"type":"Feature","id":"node/13747451186","geometry":{"type":"Point","coordinates":[118.779599,32.0489412]},"properties":{"osm_id":"node/13747451186","name":"FooLazy","named":true,"category":"daily","kind":"clothes","location_method":"OSM 节点","access":"未标注","source_date":"2026-09-12T02:20:24Z","original_name":"FooLazy","related_osm_ids":["node/13747451186"]}},{"type":"Feature","id":"node/13747451187","geometry":{"type":"Point","coordinates":[118.7795411,32.0489465]},"properties":{"osm_id":"node/13747451187","name":"Doopa","named":true,"category":"daily","kind":"clothes","location_method":"OSM 节点","access":"未标注","source_date":"2026-09-12T02:20:24Z","original_name":"Doopa","related_osm_ids":["node/13747451187"]}},{"type":"Feature","id":"node/13747451188","geometry":{"type":"Point","coordinates":[118.7793962,32.0491551]},"properties":{"osm_id":"node/13747451188","name":"肯德基","named":true,"category":"daily","kind":"fast_food","location_method":"OSM 节点","access":"未标注","source_date":"2026-09-12T02:20:24Z","original_name":"肯德基","related_osm_ids":["node/13747451188"]}},{"type":"Feature","id":"node/13747451189","geometry":{"type":"Point","coordinates":[118.7793914,32.0490758]},"properties":{"osm_id":"node/13747451189","name":"Podo in Podo","named":true,"category":"daily","kind":"restaurant","location_method":"OSM 节点","access":"未标注","source_date":"2026-09-12T02:20:24Z","original_name":"Podo in Podo","related_osm_ids":["node/13747451189"]}},{"type":"Feature","id":"node/13747451190","geometry":{"type":"Point","coordinates":[118.7796562,32.0488574]},"properties":{"osm_id":"node/13747451190","name":"One Last Piece","named":true,"category":"daily","kind":"clothes","location_method":"OSM 节点","access":"未标注","source_date":"2026-09-12T02:20:24Z","original_name":"One Last Piece","related_osm_ids":["node/13747451190"]}},{"type":"Feature","id":"node/13747500156","geometry":{"type":"Point","coordinates":[118.7751141,32.0387051]},"properties":{"osm_id":"node/13747500156","name":"Cocado","named":true,"category":"daily","kind":"cafe","location_method":"OSM 节点","access":"未标注","source_date":"2026-09-12T02:20:24Z","original_name":"Cocado","related_osm_ids":["node/13747500156"]}},{"type":"Feature","id":"node/13747500158","geometry":{"type":"Point","coordinates":[118.7751837,32.0391568]},"properties":{"osm_id":"node/13747500158","name":"未命名生活服务","named":false,"category":"daily","kind":"photo","location_method":"OSM 节点","access":"未标注","source_date":"2026-09-12T02:20:24Z","related_osm_ids":["node/13747500158"]}},{"type":"Feature","id":"node/13747500162","geometry":{"type":"Point","coordinates":[118.7751989,32.0392152]},"properties":{"osm_id":"node/13747500162","name":"Little Witch","named":true,"category":"daily","kind":"cafe","location_method":"OSM 节点","access":"未标注","source_date":"2026-09-12T02:20:24Z","original_name":"Little Witch","related_osm_ids":["node/13747500162"]}},{"type":"Feature","id":"node/13747500164","geometry":{"type":"Point","coordinates":[118.7749916,32.0388486]},"properties":{"osm_id":"node/13747500164","name":"未命名生活服务","named":false,"category":"daily","kind":"clothes","location_method":"OSM 节点","access":"未标注","source_date":"2026-09-12T02:20:24Z","related_osm_ids":["node/13747500164"]}},{"type":"Feature","id":"node/13747500165","geometry":{"type":"Point","coordinates":[118.77538,32.0391347]},"properties":{"osm_id":"node/13747500165","name":"未命名生活服务","named":false,"category":"daily","kind":"cafe","location_method":"OSM 节点","access":"未标注","source_date":"2026-09-12T02:20:24Z","related_osm_ids":["node/13747500165"]}},{"type":"Feature","id":"node/13747500170","geometry":{"type":"Point","coordinates":[118.7751669,32.0391162]},"properties":{"osm_id":"node/13747500170","name":"未命名生活服务","named":false,"category":"daily","kind":"restaurant","location_method":"OSM 节点","access":"未标注","source_date":"2026-09-12T02:20:24Z","related_osm_ids":["node/13747500170"]}},{"type":"Feature","id":"node/13770458301","geometry":{"type":"Point","coordinates":[118.8350379,32.0551275]},"properties":{"osm_id":"node/13770458301","name":"未命名生活服务","named":false,"category":"daily","kind":"cafe","location_method":"OSM 节点","access":"未标注","source_date":"2026-09-12T02:20:24Z","related_osm_ids":["node/13770458301"]}},{"type":"Feature","id":"node/13772801202","geometry":{"type":"Point","coordinates":[118.8340114,32.0506444]},"properties":{"osm_id":"node/13772801202","name":"未命名生活服务","named":false,"category":"daily","kind":"cafe","location_method":"OSM 节点","access":"未标注","source_date":"2026-09-12T02:20:24Z","related_osm_ids":["node/13772801202"]}},{"type":"Feature","id":"node/13775175002","geometry":{"type":"Point","coordinates":[118.8056995,32.0598546]},"properties":{"osm_id":"node/13775175002","name":"未命名生活服务","named":false,"category":"daily","kind":"cafe","location_method":"OSM 节点","access":"未标注","source_date":"2026-09-12T02:20:24Z","related_osm_ids":["node/13775175002"]}},{"type":"Feature","id":"node/1378524510","geometry":{"type":"Point","coordinates":[118.8080705,32.0256576]},"properties":{"osm_id":"node/1378524510","name":"光华门","named":true,"category":"transit","kind":"bus_stop","location_method":"OSM 节点","access":"未标注","source_date":"2026-09-12T02:20:24Z","original_name":"光华门","related_osm_ids":["node/1378524510","node/1596449695"]}},{"type":"Feature","id":"node/1378524663","geometry":{"type":"Point","coordinates":[118.8047363,32.0273826]},"properties":{"osm_id":"node/1378524663","name":"大光路北","named":true,"category":"transit","kind":"bus_stop","location_method":"OSM 节点","access":"未标注","source_date":"2026-09-12T02:20:24Z","original_name":"大光路北","related_osm_ids":["node/1378524663"]}},{"type":"Feature","id":"node/1378525295","geometry":{"type":"Point","coordinates":[118.8051668,32.0309715]},"properties":{"osm_id":"node/1378525295","name":"解放南路","named":true,"category":"transit","kind":"bus_stop","location_method":"OSM 节点","access":"未标注","source_date":"2026-09-12T02:20:24Z","original_name":"解放南路","related_osm_ids":["node/1378525295"]}},{"type":"Feature","id":"node/1378526395","geometry":{"type":"Point","coordinates":[118.8000206,32.0345216]},"properties":{"osm_id":"node/1378526395","name":"公园路","named":true,"category":"transit","kind":"bus_stop","location_method":"OSM 节点","access":"未标注","source_date":"2026-09-12T02:20:24Z","original_name":"公园路","related_osm_ids":["node/1378526395","node/1705484322"]}},{"type":"Feature","id":"node/1378528396","geometry":{"type":"Point","coordinates":[118.7936253,32.0352216]},"properties":{"osm_id":"node/1378528396","name":"常府街","named":true,"category":"transit","kind":"bus_stop","location_method":"OSM 节点","access":"未标注","source_date":"2026-09-12T02:20:24Z","original_name":"常府街","related_osm_ids":["node/1378528396","node/1707535810"]}},{"type":"Feature","id":"node/1378529899","geometry":{"type":"Point","coordinates":[118.788967,32.0362206]},"properties":{"osm_id":"node/1378529899","name":"八一医院","named":true,"category":"transit","kind":"bus_stop","location_method":"OSM 节点","access":"未标注","source_date":"2026-09-12T02:20:24Z","original_name":"八一医院","related_osm_ids":["node/1378529899"]}},{"type":"Feature","id":"node/1378534757","geometry":{"type":"Point","coordinates":[118.7832631,32.0375547]},"properties":{"osm_id":"node/1378534757","name":"户部街","named":true,"category":"transit","kind":"bus_stop","location_method":"OSM 节点","access":"未标注","source_date":"2026-09-12T02:20:24Z","original_name":"户部街","related_osm_ids":["node/1378534757"]}},{"type":"Feature","id":"node/1378538480","geometry":{"type":"Point","coordinates":[118.782252,32.0378889]},"properties":{"osm_id":"node/1378538480","name":"新街口东","named":true,"category":"transit","kind":"bus_stop","location_method":"OSM 节点","access":"未标注","source_date":"2026-09-12T02:20:24Z","original_name":"新街口东","related_osm_ids":["node/1378538480"]}},{"type":"Feature","id":"node/1378600368","geometry":{"type":"Point","coordinates":[118.7821655,32.0378189]},"properties":{"osm_id":"node/1378600368","name":"新街口南","named":true,"category":"transit","kind":"bus_stop","location_method":"OSM 节点","access":"未标注","source_date":"2026-09-12T02:20:24Z","original_name":"新街口南","related_osm_ids":["node/1378600368"]}},{"type":"Feature","id":"node/1379592769","geometry":{"type":"Point","coordinates":[118.7867809,32.0258433]},"properties":{"osm_id":"node/1379592769","name":"夫子庙","named":true,"category":"transit","kind":"bus_stop","location_method":"OSM 节点","access":"未标注","source_date":"2026-09-12T02:20:24Z","original_name":"夫子庙","related_osm_ids":["node/1379592769"]}},{"type":"Feature","id":"node/13808008019","geometry":{"type":"Point","coordinates":[118.7815486,32.0164368]},"properties":{"osm_id":"node/13808008019","name":"桉时cafe","named":true,"category":"daily","kind":"cafe","location_method":"OSM 节点","access":"未标注","source_date":"2026-09-12T02:20:24Z","original_name":"桉时cafe","related_osm_ids":["node/13808008019"]}},{"type":"Feature","id":"node/13808008020","geometry":{"type":"Point","coordinates":[118.7815966,32.0165476]},"properties":{"osm_id":"node/13808008020","name":"one third","named":true,"category":"daily","kind":"cafe","location_method":"OSM 节点","access":"未标注","source_date":"2026-09-12T02:20:24Z","original_name":"one third","related_osm_ids":["node/13808008020"]}},{"type":"Feature","id":"node/13808008021","geometry":{"type":"Point","coordinates":[118.7817444,32.0164784]},"properties":{"osm_id":"node/13808008021","name":"暴秀烧物","named":true,"category":"daily","kind":"cafe","location_method":"OSM 节点","access":"未标注","source_date":"2026-09-12T02:20:24Z","original_name":"暴秀烧物","related_osm_ids":["node/13808008021"]}},{"type":"Feature","id":"node/13808008022","geometry":{"type":"Point","coordinates":[118.7818171,32.0166831]},"properties":{"osm_id":"node/13808008022","name":"鞠豆山野","named":true,"category":"daily","kind":"cafe","location_method":"OSM 节点","access":"未标注","source_date":"2026-09-12T02:20:24Z","original_name":"鞠豆山野","related_osm_ids":["node/13808008022"]}},{"type":"Feature","id":"node/13808008023","geometry":{"type":"Point","coordinates":[118.7821217,32.0166966]},"properties":{"osm_id":"node/13808008023","name":"去灯塔","named":true,"category":"daily","kind":"cafe","location_method":"OSM 节点","access":"未标注","source_date":"2026-09-12T02:20:24Z","original_name":"去灯塔","related_osm_ids":["node/13808008023"]}},{"type":"Feature","id":"node/13808008024","geometry":{"type":"Point","coordinates":[118.7819231,32.0166612]},"properties":{"osm_id":"node/13808008024","name":"一间很小的书店","named":true,"category":"daily","kind":"books","location_method":"OSM 节点","access":"未标注","source_date":"2026-09-12T02:20:24Z","original_name":"一间很小的书店","related_osm_ids":["node/13808008024"]}},{"type":"Feature","id":"node/13808008025","geometry":{"type":"Point","coordinates":[118.7820707,32.016709]},"properties":{"osm_id":"node/13808008025","name":"浮木Driftwood bar","named":true,"category":"daily","kind":"cafe","location_method":"OSM 节点","access":"未标注","source_date":"2026-09-12T02:20:24Z","original_name":"浮木Driftwood bar","related_osm_ids":["node/13808008025"]}},{"type":"Feature","id":"node/13808008027","geometry":{"type":"Point","coordinates":[118.7821574,32.0166872]},"properties":{"osm_id":"node/13808008027","name":"1900vintage","named":true,"category":"daily","kind":"cafe","location_method":"OSM 节点","access":"未标注","source_date":"2026-09-12T02:20:24Z","original_name":"1900vintage","related_osm_ids":["node/13808008027"]}},{"type":"Feature","id":"node/13808008028","geometry":{"type":"Point","coordinates":[118.7822004,32.016676]},"properties":{"osm_id":"node/13808008028","name":"秋天元宝故事店","named":true,"category":"daily","kind":"cafe","location_method":"OSM 节点","access":"未标注","source_date":"2026-09-12T02:20:24Z","original_name":"秋天元宝故事店","related_osm_ids":["node/13808008028"]}},{"type":"Feature","id":"node/13808008029","geometry":{"type":"Point","coordinates":[118.7818585,32.0166693]},"properties":{"osm_id":"node/13808008029","name":"花迹行旅","named":true,"category":"daily","kind":"cafe","location_method":"OSM 节点","access":"未标注","source_date":"2026-09-12T02:20:24Z","original_name":"花迹行旅","related_osm_ids":["node/13808008029"]}},{"type":"Feature","id":"node/13808008030","geometry":{"type":"Point","coordinates":[118.7818334,32.0166186]},"properties":{"osm_id":"node/13808008030","name":"不一定民谣","named":true,"category":"daily","kind":"cafe","location_method":"OSM 节点","access":"未标注","source_date":"2026-09-12T02:20:24Z","original_name":"不一定民谣","related_osm_ids":["node/13808008030"]}},{"type":"Feature","id":"node/13808008031","geometry":{"type":"Point","coordinates":[118.7821925,32.0165886]},"properties":{"osm_id":"node/13808008031","name":"燃豆计划","named":true,"category":"daily","kind":"cafe","location_method":"OSM 节点","access":"未标注","source_date":"2026-09-12T02:20:24Z","original_name":"燃豆计划","related_osm_ids":["node/13808008031"]}},{"type":"Feature","id":"node/13808008032","geometry":{"type":"Point","coordinates":[118.7816152,32.0166882]},"properties":{"osm_id":"node/13808008032","name":"simsaro夏松","named":true,"category":"daily","kind":"cafe","location_method":"OSM 节点","access":"未标注","source_date":"2026-09-12T02:20:24Z","original_name":"simsaro夏松","related_osm_ids":["node/13808008032"]}},{"type":"Feature","id":"node/13808008033","geometry":{"type":"Point","coordinates":[118.7816201,32.0167396]},"properties":{"osm_id":"node/13808008033","name":"花迹小馆","named":true,"category":"daily","kind":"cafe","location_method":"OSM 节点","access":"未标注","source_date":"2026-09-12T02:20:24Z","original_name":"花迹小馆","related_osm_ids":["node/13808008033"]}},{"type":"Feature","id":"node/13808008034","geometry":{"type":"Point","coordinates":[118.7819683,32.0166458]},"properties":{"osm_id":"node/13808008034","name":"长乐米行","named":true,"category":"daily","kind":"cafe","location_method":"OSM 节点","access":"未标注","source_date":"2026-09-12T02:20:24Z","original_name":"长乐米行","related_osm_ids":["node/13808008034"]}},{"type":"Feature","id":"node/13808008035","geometry":{"type":"Point","coordinates":[118.7817808,32.0168374]},"properties":{"osm_id":"node/13808008035","name":"飞达烟酒杂货铺","named":true,"category":"daily","kind":"cafe","location_method":"OSM 节点","access":"未标注","source_date":"2026-09-12T02:20:24Z","original_name":"飞达烟酒杂货铺","related_osm_ids":["node/13808008035"]}},{"type":"Feature","id":"node/13808008036","geometry":{"type":"Point","coordinates":[118.7820174,32.0167234]},"properties":{"osm_id":"node/13808008036","name":"青野","named":true,"category":"daily","kind":"cafe","location_method":"OSM 节点","access":"未标注","source_date":"2026-09-12T02:20:24Z","original_name":"青野","related_osm_ids":["node/13808008036"]}},{"type":"Feature","id":"node/13808008037","geometry":{"type":"Point","coordinates":[118.7819686,32.0169212]},"properties":{"osm_id":"node/13808008037","name":"LAKE COURTYARD 西湖庭院","named":true,"category":"daily","kind":"cafe","location_method":"OSM 节点","access":"未标注","source_date":"2026-09-12T02:20:24Z","original_name":"LAKE COURTYARD 西湖庭院","related_osm_ids":["node/13808008037"]}},{"type":"Feature","id":"node/13808008038","geometry":{"type":"Point","coordinates":[118.7818852,32.0170251]},"properties":{"osm_id":"node/13808008038","name":"小西湖客厅","named":true,"category":"daily","kind":"cafe","location_method":"OSM 节点","access":"未标注","source_date":"2026-09-12T02:20:24Z","original_name":"小西湖客厅","related_osm_ids":["node/13808008038"]}},{"type":"Feature","id":"node/13808008039","geometry":{"type":"Point","coordinates":[118.7818294,32.0169423]},"properties":{"osm_id":"node/13808008039","name":"城南往事/逝去的青春","named":true,"category":"daily","kind":"cafe","location_method":"OSM 节点","access":"未标注","source_date":"2026-09-12T02:20:24Z","original_name":"城南往事/逝去的青春","related_osm_ids":["node/13808008039"]}},{"type":"Feature","id":"node/13808008040","geometry":{"type":"Point","coordinates":[118.7819541,32.0167446]},"properties":{"osm_id":"node/13808008040","name":"茶·咖","named":true,"category":"daily","kind":"cafe","location_method":"OSM 节点","access":"未标注","source_date":"2026-09-12T02:20:24Z","original_name":"茶·咖","related_osm_ids":["node/13808008040"]}},{"type":"Feature","id":"node/13808008041","geometry":{"type":"Point","coordinates":[118.781866,32.0169883]},"properties":{"osm_id":"node/13808008041","name":"小西湖鸭铺","named":true,"category":"daily","kind":"cafe","location_method":"OSM 节点","access":"未标注","source_date":"2026-09-12T02:20:24Z","original_name":"小西湖鸭铺","related_osm_ids":["node/13808008041"]}},{"type":"Feature","id":"node/13808008042","geometry":{"type":"Point","coordinates":[118.7819893,32.0170223]},"properties":{"osm_id":"node/13808008042","name":"非遗簪花","named":true,"category":"daily","kind":"cafe","location_method":"OSM 节点","access":"未标注","source_date":"2026-09-12T02:20:24Z","original_name":"非遗簪花","related_osm_ids":["node/13808008042"]}},{"type":"Feature","id":"node/13808008043","geometry":{"type":"Point","coordinates":[118.7819927,32.01699]},"properties":{"osm_id":"node/13808008043","name":"冬喜小食铺","named":true,"category":"daily","kind":"cafe","location_method":"OSM 节点","access":"未标注","source_date":"2026-09-12T02:20:24Z","original_name":"冬喜小食铺","related_osm_ids":["node/13808008043"]}},{"type":"Feature","id":"node/13808008044","geometry":{"type":"Point","coordinates":[118.7817721,32.0165685]},"properties":{"osm_id":"node/13808008044","name":"顾业亮大师工作室","named":true,"category":"daily","kind":"books","location_method":"OSM 节点","access":"未标注","source_date":"2026-09-12T02:20:24Z","original_name":"顾业亮大师工作室","related_osm_ids":["node/13808008044"]}},{"type":"Feature","id":"node/13808008045","geometry":{"type":"Point","coordinates":[118.7818448,32.0167797]},"properties":{"osm_id":"node/13808008045","name":"ROLLING IN DOUGH","named":true,"category":"daily","kind":"cafe","location_method":"OSM 节点","access":"未标注","source_date":"2026-09-12T02:20:24Z","original_name":"ROLLING IN DOUGH","related_osm_ids":["node/13808008045"]}},{"type":"Feature","id":"node/13814304202","geometry":{"type":"Point","coordinates":[118.7784993,32.0409831]},"properties":{"osm_id":"node/13814304202","name":"Longines","named":true,"category":"daily","kind":"watches","location_method":"OSM 节点","access":"未标注","source_date":"2026-09-12T02:20:24Z","original_name":"Longines","related_osm_ids":["node/13814304202"]}},{"type":"Feature","id":"node/13814304203","geometry":{"type":"Point","coordinates":[118.7784448,32.0409046]},"properties":{"osm_id":"node/13814304203","name":"Oris","named":true,"category":"daily","kind":"watches","location_method":"OSM 节点","access":"未标注","source_date":"2026-09-12T02:20:24Z","original_name":"Oris","related_osm_ids":["node/13814304203"]}},{"type":"Feature","id":"node/13814304204","geometry":{"type":"Point","coordinates":[118.7784458,32.0408692]},"properties":{"osm_id":"node/13814304204","name":"周大福","named":true,"category":"daily","kind":"jewelry","location_method":"OSM 节点","access":"未标注","source_date":"2026-09-12T02:20:24Z","original_name":"周大福","related_osm_ids":["node/13814304204","node/13814304324"]}},{"type":"Feature","id":"node/13814304205","geometry":{"type":"Point","coordinates":[118.7784489,32.0407178]},"properties":{"osm_id":"node/13814304205","name":"Lancôme","named":true,"category":"daily","kind":"cosmetics","location_method":"OSM 节点","access":"未标注","source_date":"2026-09-12T02:20:24Z","original_name":"Lancôme","related_osm_ids":["node/13814304205"]}},{"type":"Feature","id":"node/13814304206","geometry":{"type":"Point","coordinates":[118.7785286,32.0406234]},"properties":{"osm_id":"node/13814304206","name":"MAC Cosmetics","named":true,"category":"daily","kind":"cosmetics","location_method":"OSM 节点","access":"未标注","source_date":"2026-09-12T02:20:24Z","original_name":"MAC Cosmetics","related_osm_ids":["node/13814304206"]}},{"type":"Feature","id":"node/13814304318","geometry":{"type":"Point","coordinates":[118.7783608,32.0404891]},"properties":{"osm_id":"node/13814304318","name":"茶颜悦色","named":true,"category":"daily","kind":"cafe","location_method":"OSM 节点","access":"未标注","source_date":"2026-09-12T02:20:24Z","original_name":"茶颜悦色","related_osm_ids":["node/13814304318"]}},{"type":"Feature","id":"node/13814304319","geometry":{"type":"Point","coordinates":[118.7781998,32.0405129]},"properties":{"osm_id":"node/13814304319","name":"星巴克","named":true,"category":"daily","kind":"cafe","location_method":"OSM 节点","access":"未标注","source_date":"2026-09-12T02:20:24Z","original_name":"星巴克","related_osm_ids":["node/13814304319"]}},{"type":"Feature","id":"node/13814304321","geometry":{"type":"Point","coordinates":[118.7783575,32.0407517]},"properties":{"osm_id":"node/13814304321","name":"Estée Lauder","named":true,"category":"daily","kind":"cosmetics","location_method":"OSM 节点","access":"未标注","source_date":"2026-09-12T02:20:24Z","original_name":"Estée Lauder","related_osm_ids":["node/13814304321"]}},{"type":"Feature","id":"node/13814304322","geometry":{"type":"Point","coordinates":[118.7782706,32.0408171]},"properties":{"osm_id":"node/13814304322","name":"Make Up Forever","named":true,"category":"daily","kind":"cosmetics","location_method":"OSM 节点","access":"未标注","source_date":"2026-09-12T02:20:24Z","original_name":"Make Up Forever","related_osm_ids":["node/13814304322"]}},{"type":"Feature","id":"node/13814304323","geometry":{"type":"Point","coordinates":[118.7783551,32.0408137]},"properties":{"osm_id":"node/13814304323","name":"Clinique","named":true,"category":"daily","kind":"cosmetics","location_method":"OSM 节点","access":"未标注","source_date":"2026-09-12T02:20:24Z","original_name":"Clinique","related_osm_ids":["node/13814304323"]}},{"type":"Feature","id":"node/13814304325","geometry":{"type":"Point","coordinates":[118.7782757,32.0408869]},"properties":{"osm_id":"node/13814304325","name":"碧欧泉","named":true,"category":"daily","kind":"cosmetics","location_method":"OSM 节点","access":"未标注","source_date":"2026-09-12T02:20:24Z","original_name":"碧欧泉","related_osm_ids":["node/13814304325"]}},{"type":"Feature","id":"node/13814304326","geometry":{"type":"Point","coordinates":[118.7781664,32.0407539]},"properties":{"osm_id":"node/13814304326","name":"宝庆银楼","named":true,"category":"daily","kind":"jewelry","location_method":"OSM 节点","access":"未标注","source_date":"2026-09-12T02:20:24Z","original_name":"宝庆银楼","related_osm_ids":["node/13814304326"]}},{"type":"Feature","id":"node/13814304327","geometry":{"type":"Point","coordinates":[118.7781673,32.0408212]},"properties":{"osm_id":"node/13814304327","name":"Whoo","named":true,"category":"daily","kind":"cosmetics","location_method":"OSM 节点","access":"未标注","source_date":"2026-09-12T02:20:24Z","original_name":"Whoo","related_osm_ids":["node/13814304327"]}},{"type":"Feature","id":"node/13814304328","geometry":{"type":"Point","coordinates":[118.7780785,32.0408255]},"properties":{"osm_id":"node/13814304328","name":"JNBY","named":true,"category":"daily","kind":"clothes","location_method":"OSM 节点","access":"未标注","source_date":"2026-09-12T02:20:24Z","original_name":"JNBY","related_osm_ids":["node/13814304328"]}},{"type":"Feature","id":"node/13814304329","geometry":{"type":"Point","coordinates":[118.7780739,32.0407582]},"properties":{"osm_id":"node/13814304329","name":"周大生","named":true,"category":"daily","kind":"jewelry","location_method":"OSM 节点","access":"未标注","source_date":"2026-09-12T02:20:24Z","original_name":"周大生","related_osm_ids":["node/13814304329"]}},{"type":"Feature","id":"node/13814304330","geometry":{"type":"Point","coordinates":[118.7780799,32.0408912]},"properties":{"osm_id":"node/13814304330","name":"Menard","named":true,"category":"daily","kind":"cosmetics","location_method":"OSM 节点","access":"未标注","source_date":"2026-09-12T02:20:24Z","original_name":"Menard","related_osm_ids":["node/13814304330"]}},{"type":"Feature","id":"node/13814304331","geometry":{"type":"Point","coordinates":[118.7780014,32.0409174]},"properties":{"osm_id":"node/13814304331","name":"波司登","named":true,"category":"daily","kind":"clothes","location_method":"OSM 节点","access":"未标注","source_date":"2026-09-12T02:20:24Z","original_name":"波司登","related_osm_ids":["node/13814304331"]}},{"type":"Feature","id":"node/13814304332","geometry":{"type":"Point","coordinates":[118.7779823,32.0408208]},"properties":{"osm_id":"node/13814304332","name":"Leysen 1885","named":true,"category":"daily","kind":"jewelry","location_method":"OSM 节点","access":"未标注","source_date":"2026-09-12T02:20:24Z","original_name":"Leysen 1885","related_osm_ids":["node/13814304332"]}},{"type":"Feature","id":"node/13814304354","geometry":{"type":"Point","coordinates":[118.7776312,32.0413216]},"properties":{"osm_id":"node/13814304354","name":"罗森","named":true,"category":"daily","kind":"convenience","location_method":"OSM 节点","access":"未标注","source_date":"2026-09-12T02:20:24Z","original_name":"罗森","related_osm_ids":["node/13814304354"]}},{"type":"Feature","id":"node/13814304355","geometry":{"type":"Point","coordinates":[118.7776743,32.0413791]},"properties":{"osm_id":"node/13814304355","name":"便利蜂","named":true,"category":"daily","kind":"convenience","location_method":"OSM 节点","access":"未标注","source_date":"2026-09-12T02:20:24Z","original_name":"便利蜂","related_osm_ids":["node/13814304355"]}},{"type":"Feature","id":"node/13814304356","geometry":{"type":"Point","coordinates":[118.7776645,32.0412077]},"properties":{"osm_id":"node/13814304356","name":"瑞幸咖啡","named":true,"category":"daily","kind":"cafe","location_method":"OSM 节点","access":"未标注","source_date":"2026-09-12T02:20:24Z","original_name":"瑞幸咖啡","related_osm_ids":["node/13814304356"]}},{"type":"Feature","id":"node/13814304357","geometry":{"type":"Point","coordinates":[118.777715,32.0409695]},"properties":{"osm_id":"node/13814304357","name":"泸溪河","named":true,"category":"daily","kind":"pastry","location_method":"OSM 节点","access":"未标注","source_date":"2026-09-12T02:20:24Z","original_name":"泸溪河","related_osm_ids":["node/13814304357"]}},{"type":"Feature","id":"node/13814304358","geometry":{"type":"Point","coordinates":[118.7777162,32.0408912]},"properties":{"osm_id":"node/13814304358","name":"肯德基","named":true,"category":"daily","kind":"fast_food","location_method":"OSM 节点","access":"未标注","source_date":"2026-09-12T02:20:24Z","original_name":"肯德基","related_osm_ids":["node/13814304358"]}},{"type":"Feature","id":"node/13827315459","geometry":{"type":"Point","coordinates":[118.7638235,32.0672891]},"properties":{"osm_id":"node/13827315459","name":"先锋书店","named":true,"category":"daily","kind":"books","location_method":"OSM 节点","access":"未标注","source_date":"2026-09-12T02:20:24Z","original_name":"先锋书店","related_osm_ids":["node/13827315459"]}},{"type":"Feature","id":"node/13827315558","geometry":{"type":"Point","coordinates":[118.7637829,32.0672548]},"properties":{"osm_id":"node/13827315558","name":"侵华日军宪兵司令部旧址","named":true,"category":"heritage","kind":"heritage","location_method":"OSM 节点","access":"未标注","source_date":"2026-09-12T02:20:24Z","original_name":"侵华日军宪兵司令部旧址","related_osm_ids":["node/13827315558"]}},{"type":"Feature","id":"node/13830575912","geometry":{"type":"Point","coordinates":[118.7618529,32.0656671]},"properties":{"osm_id":"node/13830575912","name":"颐和路历史文化街区","named":true,"category":"heritage","kind":"district","location_method":"OSM 节点","access":"未标注","source_date":"2026-09-12T02:20:24Z","original_name":"颐和路历史文化街区","related_osm_ids":["node/13830575912"]}},{"type":"Feature","id":"node/13844362395","geometry":{"type":"Point","coordinates":[118.8922162,32.0751947]},"properties":{"osm_id":"node/13844362395","name":"朱庄","named":true,"category":"transit","kind":"bus_stop","location_method":"OSM 节点","access":"未标注","source_date":"2026-09-12T02:20:24Z","original_name":"朱庄","related_osm_ids":["node/13844362395","node/13844362396"]}},{"type":"Feature","id":"node/13851939408","geometry":{"type":"Point","coordinates":[118.8862516,32.0926522]},"properties":{"osm_id":"node/13851939408","name":"老乡鸡","named":true,"category":"daily","kind":"restaurant","location_method":"OSM 节点","access":"未标注","source_date":"2026-09-12T02:20:24Z","original_name":"老乡鸡","related_osm_ids":["node/13851939408"]}},{"type":"Feature","id":"node/13852223075","geometry":{"type":"Point","coordinates":[118.8165897,32.046984]},"properties":{"osm_id":"node/13852223075","name":"鸡鸣汤包","named":true,"category":"daily","kind":"restaurant","location_method":"OSM 节点","access":"未标注","source_date":"2026-09-12T02:20:24Z","original_name":"鸡鸣汤包","related_osm_ids":["node/13852223075"]}},{"type":"Feature","id":"node/13859559166","geometry":{"type":"Point","coordinates":[118.7646463,32.0664425]},"properties":{"osm_id":"node/13859559166","name":"白马弄堂","named":true,"category":"heritage","kind":"footway","location_method":"OSM 节点","access":"未标注","source_date":"2026-09-12T02:20:24Z","original_name":"白马弄堂","related_osm_ids":["node/13859559166"]}},{"type":"Feature","id":"node/13875857165","geometry":{"type":"Point","coordinates":[118.7821391,32.061721]},"properties":{"osm_id":"node/13875857165","name":"小厨娘淮扬菜","named":true,"category":"daily","kind":"restaurant","location_method":"OSM 节点","access":"未标注","source_date":"2026-09-12T02:20:24Z","original_name":"小厨娘淮扬菜","related_osm_ids":["node/13875857165"]}},{"type":"Feature","id":"node/13888596082","geometry":{"type":"Point","coordinates":[118.7800691,32.0224987]},"properties":{"osm_id":"node/13888596082","name":"碑廊","named":true,"category":"heritage","kind":"monument","location_method":"OSM 节点","access":"未标注","source_date":"2026-09-12T02:20:24Z","original_name":"碑廊","related_osm_ids":["node/13888596082"]}},{"type":"Feature","id":"node/13888596083","geometry":{"type":"Point","coordinates":[118.780156,32.0224926]},"properties":{"osm_id":"node/13888596083","name":"仪门","named":true,"category":"heritage","kind":"arch","location_method":"OSM 节点","access":"未标注","source_date":"2026-09-12T02:20:24Z","original_name":"仪门","related_osm_ids":["node/13888596083"]}},{"type":"Feature","id":"node/13888596084","geometry":{"type":"Point","coordinates":[118.7797814,32.0231399]},"properties":{"osm_id":"node/13888596084","name":"太平天国历史博物馆","named":true,"category":"heritage","kind":"monument","location_method":"OSM 节点","access":"未标注","source_date":"2026-09-12T02:20:24Z","original_name":"太平天国历史博物馆","related_osm_ids":["node/13888596084"]}},{"type":"Feature","id":"node/13888596085","geometry":{"type":"Point","coordinates":[118.7800492,32.0222686]},"properties":{"osm_id":"node/13888596085","name":"未命名生活服务","named":false,"category":"daily","kind":"ticket","location_method":"OSM 节点","access":"未标注","source_date":"2026-09-12T02:20:24Z","related_osm_ids":["node/13888596085"]}},{"type":"Feature","id":"node/13888596091","geometry":{"type":"Point","coordinates":[118.7799407,32.0228086]},"properties":{"osm_id":"node/13888596091","name":"翼然亭","named":true,"category":"heritage","kind":"pavilion","location_method":"OSM 节点","access":"未标注","source_date":"2026-09-12T02:20:24Z","original_name":"翼然亭","related_osm_ids":["node/13888596091"]}},{"type":"Feature","id":"node/13888596092","geometry":{"type":"Point","coordinates":[118.7800908,32.0229267]},"properties":{"osm_id":"node/13888596092","name":"延晖亭","named":true,"category":"heritage","kind":"pavilion","location_method":"OSM 节点","access":"未标注","source_date":"2026-09-12T02:20:24Z","original_name":"延晖亭","related_osm_ids":["node/13888596092"]}},{"type":"Feature","id":"node/13888597401","geometry":{"type":"Point","coordinates":[118.7800895,32.0235473]},"properties":{"osm_id":"node/13888597401","name":"船舫","named":true,"category":"heritage","kind":"pavilion","location_method":"OSM 节点","access":"未标注","source_date":"2026-09-12T02:20:24Z","original_name":"船舫","related_osm_ids":["node/13888597401"]}},{"type":"Feature","id":"node/13888597436","geometry":{"type":"Point","coordinates":[118.7795419,32.0229305]},"properties":{"osm_id":"node/13888597436","name":"扇亭","named":true,"category":"heritage","kind":"pavilion","location_method":"OSM 节点","access":"未标注","source_date":"2026-09-12T02:20:24Z","original_name":"扇亭","related_osm_ids":["node/13888597436"]}},{"type":"Feature","id":"node/13888597437","geometry":{"type":"Point","coordinates":[118.7795793,32.0232359]},"properties":{"osm_id":"node/13888597437","name":"岁寒亭","named":true,"category":"heritage","kind":"pavilion","location_method":"OSM 节点","access":"未标注","source_date":"2026-09-12T02:20:24Z","original_name":"岁寒亭","related_osm_ids":["node/13888597437"]}},{"type":"Feature","id":"node/13888597438","geometry":{"type":"Point","coordinates":[118.7797987,32.0232253]},"properties":{"osm_id":"node/13888597438","name":"观鱼亭","named":true,"category":"heritage","kind":"pavilion","location_method":"OSM 节点","access":"未标注","source_date":"2026-09-12T02:20:24Z","original_name":"观鱼亭","related_osm_ids":["node/13888597438"]}},{"type":"Feature","id":"node/13888597439","geometry":{"type":"Point","coordinates":[118.7798919,32.0237475]},"properties":{"osm_id":"node/13888597439","name":"移山草堂","named":true,"category":"heritage","kind":"pavilion","location_method":"OSM 节点","access":"未标注","source_date":"2026-09-12T02:20:24Z","original_name":"移山草堂","related_osm_ids":["node/13888597439"]}},{"type":"Feature","id":"node/13888597440","geometry":{"type":"Point","coordinates":[118.7801664,32.0236883]},"properties":{"osm_id":"node/13888597440","name":"逐月楼","named":true,"category":"heritage","kind":"pavilion","location_method":"OSM 节点","access":"未标注","source_date":"2026-09-12T02:20:24Z","original_name":"逐月楼","related_osm_ids":["node/13888597440"]}},{"type":"Feature","id":"node/13888597443","geometry":{"type":"Point","coordinates":[118.7798459,32.023503]},"properties":{"osm_id":"node/13888597443","name":"薇亭","named":true,"category":"heritage","kind":"pavilion","location_method":"OSM 节点","access":"未标注","source_date":"2026-09-12T02:20:24Z","original_name":"薇亭","related_osm_ids":["node/13888597443"]}},{"type":"Feature","id":"node/13891562066","geometry":{"type":"Point","coordinates":[118.7770545,32.0430155]},"properties":{"osm_id":"node/13891562066","name":"The Boots 泥靴","named":true,"category":"daily","kind":"restaurant","location_method":"OSM 节点","access":"未标注","source_date":"2026-09-12T02:20:24Z","original_name":"The Boots 泥靴","related_osm_ids":["node/13891562066"]}},{"type":"Feature","id":"node/13891562085","geometry":{"type":"Point","coordinates":[118.7772333,32.0424586]},"properties":{"osm_id":"node/13891562085","name":"Monolougue","named":true,"category":"daily","kind":"clothes","location_method":"OSM 节点","access":"未标注","source_date":"2026-09-12T02:20:24Z","original_name":"Monolougue","related_osm_ids":["node/13891562085"]}},{"type":"Feature","id":"node/13891562089","geometry":{"type":"Point","coordinates":[118.7772906,32.042377]},"properties":{"osm_id":"node/13891562089","name":"Nintendo Store","named":true,"category":"daily","kind":"electronics","location_method":"OSM 节点","access":"未标注","source_date":"2026-09-12T02:20:24Z","original_name":"Nintendo Store","related_osm_ids":["node/13891562089"]}},{"type":"Feature","id":"node/13891562092","geometry":{"type":"Point","coordinates":[118.7771488,32.042519]},"properties":{"osm_id":"node/13891562092","name":"Crocs","named":true,"category":"daily","kind":"shoes","location_method":"OSM 节点","access":"未标注","source_date":"2026-09-12T02:20:24Z","original_name":"Crocs","related_osm_ids":["node/13891562092"]}},{"type":"Feature","id":"node/13891562093","geometry":{"type":"Point","coordinates":[118.7770941,32.0425527]},"properties":{"osm_id":"node/13891562093","name":"Cuneiform","named":true,"category":"daily","kind":"clothes","location_method":"OSM 节点","access":"未标注","source_date":"2026-09-12T02:20:24Z","original_name":"Cuneiform","related_osm_ids":["node/13891562093"]}},{"type":"Feature","id":"node/13891562094","geometry":{"type":"Point","coordinates":[118.7769949,32.0425618]},"properties":{"osm_id":"node/13891562094","name":"RE调香室","named":true,"category":"daily","kind":"cosmetics","location_method":"OSM 节点","access":"未标注","source_date":"2026-09-12T02:20:24Z","original_name":"RE调香室","related_osm_ids":["node/13891562094"]}},{"type":"Feature","id":"node/13891562095","geometry":{"type":"Point","coordinates":[118.7768674,32.0425665]},"properties":{"osm_id":"node/13891562095","name":"Godiva","named":true,"category":"daily","kind":"chocolate","location_method":"OSM 节点","access":"未标注","source_date":"2026-09-12T02:20:24Z","original_name":"Godiva","related_osm_ids":["node/13891562095"]}},{"type":"Feature","id":"node/13891562104","geometry":{"type":"Point","coordinates":[118.7768426,32.042779]},"properties":{"osm_id":"node/13891562104","name":"Läderach","named":true,"category":"daily","kind":"chocolate","location_method":"OSM 节点","access":"未标注","source_date":"2026-09-12T02:20:24Z","original_name":"Läderach","related_osm_ids":["node/13891562104"]}},{"type":"Feature","id":"node/13891562142","geometry":{"type":"Point","coordinates":[118.7774151,32.0424796]},"properties":{"osm_id":"node/13891562142","name":"Starsplan","named":true,"category":"daily","kind":"gift","location_method":"OSM 节点","access":"未标注","source_date":"2026-09-12T02:20:24Z","original_name":"Starsplan","related_osm_ids":["node/13891562142"]}},{"type":"Feature","id":"node/13891562146","geometry":{"type":"Point","coordinates":[118.7774143,32.0425403]},"properties":{"osm_id":"node/13891562146","name":"IMXS","named":true,"category":"daily","kind":"clothes","location_method":"OSM 节点","access":"未标注","source_date":"2026-09-12T02:20:24Z","original_name":"IMXS","related_osm_ids":["node/13891562146"]}},{"type":"Feature","id":"node/13891562155","geometry":{"type":"Point","coordinates":[118.7773549,32.0426906]},"properties":{"osm_id":"node/13891562155","name":"Blueberry","named":true,"category":"daily","kind":"clothes","location_method":"OSM 节点","access":"未标注","source_date":"2026-09-12T02:20:24Z","original_name":"Blueberry","related_osm_ids":["node/13891562155"]}},{"type":"Feature","id":"node/13891562176","geometry":{"type":"Point","coordinates":[118.7773102,32.0427332]},"properties":{"osm_id":"node/13891562176","name":"出逃赤岗西","named":true,"category":"daily","kind":"clothes","location_method":"OSM 节点","access":"未标注","source_date":"2026-09-12T02:20:24Z","original_name":"出逃赤岗西","related_osm_ids":["node/13891562176"]}},{"type":"Feature","id":"node/13891562178","geometry":{"type":"Point","coordinates":[118.7772384,32.042786]},"properties":{"osm_id":"node/13891562178","name":"BJHG","named":true,"category":"daily","kind":"clothes","location_method":"OSM 节点","access":"未标注","source_date":"2026-09-12T02:20:24Z","original_name":"BJHG","related_osm_ids":["node/13891562178"]}},{"type":"Feature","id":"node/13891562181","geometry":{"type":"Point","coordinates":[118.7771848,32.0428226]},"properties":{"osm_id":"node/13891562181","name":"LAMY","named":true,"category":"daily","kind":"stationery","location_method":"OSM 节点","access":"未标注","source_date":"2026-09-12T02:20:24Z","original_name":"LAMY","related_osm_ids":["node/13891562181"]}},{"type":"Feature","id":"node/13891562182","geometry":{"type":"Point","coordinates":[118.7770677,32.0428936]},"properties":{"osm_id":"node/13891562182","name":"Bang Bakery","named":true,"category":"daily","kind":"bakery","location_method":"OSM 节点","access":"未标注","source_date":"2026-09-12T02:20:24Z","original_name":"Bang Bakery","related_osm_ids":["node/13891562182"]}},{"type":"Feature","id":"node/13891562188","geometry":{"type":"Point","coordinates":[118.7767273,32.0429015]},"properties":{"osm_id":"node/13891562188","name":"星巴克","named":true,"category":"daily","kind":"cafe","location_method":"OSM 节点","access":"未标注","source_date":"2026-09-12T02:20:24Z","original_name":"星巴克","related_osm_ids":["node/13891562188"]}},{"type":"Feature","id":"node/13891562192","geometry":{"type":"Point","coordinates":[118.7768086,32.0428838]},"properties":{"osm_id":"node/13891562192","name":"Drunk Baker","named":true,"category":"daily","kind":"bakery","location_method":"OSM 节点","access":"未标注","source_date":"2026-09-12T02:20:24Z","original_name":"Drunk Baker","related_osm_ids":["node/13891562192"]}},{"type":"Feature","id":"node/13891562198","geometry":{"type":"Point","coordinates":[118.7768962,32.0428851]},"properties":{"osm_id":"node/13891562198","name":"Mvuke Tokyo","named":true,"category":"daily","kind":"pastry","location_method":"OSM 节点","access":"未标注","source_date":"2026-09-12T02:20:24Z","original_name":"Mvuke Tokyo","related_osm_ids":["node/13891562198"]}},{"type":"Feature","id":"node/13891562203","geometry":{"type":"Point","coordinates":[118.7769067,32.0428507]},"properties":{"osm_id":"node/13891562203","name":"SFSG","named":true,"category":"daily","kind":"gift","location_method":"OSM 节点","access":"未标注","source_date":"2026-09-12T02:20:24Z","original_name":"SFSG","related_osm_ids":["node/13891562203"]}},{"type":"Feature","id":"node/13891562206","geometry":{"type":"Point","coordinates":[118.7766308,32.0427769]},"properties":{"osm_id":"node/13891562206","name":"六福珠宝","named":true,"category":"daily","kind":"jewelry","location_method":"OSM 节点","access":"未标注","source_date":"2026-09-12T02:20:24Z","original_name":"六福珠宝","related_osm_ids":["node/13891562206"]}},{"type":"Feature","id":"node/13891562209","geometry":{"type":"Point","coordinates":[118.7766539,32.042852]},"properties":{"osm_id":"node/13891562209","name":"混果汁","named":true,"category":"daily","kind":"fast_food","location_method":"OSM 节点","access":"未标注","source_date":"2026-09-12T02:20:24Z","original_name":"混果汁","related_osm_ids":["node/13891562209"]}},{"type":"Feature","id":"node/13891562212","geometry":{"type":"Point","coordinates":[118.7765661,32.042909]},"properties":{"osm_id":"node/13891562212","name":"Baker & Spice","named":true,"category":"daily","kind":"bakery","location_method":"OSM 节点","access":"未标注","source_date":"2026-09-12T02:20:24Z","original_name":"Baker & Spice","related_osm_ids":["node/13891562212"]}},{"type":"Feature","id":"node/13891562214","geometry":{"type":"Point","coordinates":[118.7765306,32.0428116]},"properties":{"osm_id":"node/13891562214","name":"Manner Coffee","named":true,"category":"daily","kind":"cafe","location_method":"OSM 节点","access":"未标注","source_date":"2026-09-12T02:20:24Z","original_name":"Manner Coffee","related_osm_ids":["node/13891562214"]}},{"type":"Feature","id":"node/13891562220","geometry":{"type":"Point","coordinates":[118.7764988,32.0427455]},"properties":{"osm_id":"node/13891562220","name":"Blueglass Yoghurt","named":true,"category":"daily","kind":"dairy","location_method":"OSM 节点","access":"未标注","source_date":"2026-09-12T02:20:24Z","original_name":"Blueglass Yoghurt","related_osm_ids":["node/13891562220"]}},{"type":"Feature","id":"node/13891562223","geometry":{"type":"Point","coordinates":[118.7763981,32.0427572]},"properties":{"osm_id":"node/13891562223","name":"周大福","named":true,"category":"daily","kind":"jewelry","location_method":"OSM 节点","access":"未标注","source_date":"2026-09-12T02:20:24Z","original_name":"周大福","related_osm_ids":["node/13891562223"]}},{"type":"Feature","id":"node/13891630732","geometry":{"type":"Point","coordinates":[118.7781748,32.0419391]},"properties":{"osm_id":"node/13891630732","name":"橡子共和国","named":true,"category":"daily","kind":"gift","location_method":"OSM 节点","access":"未标注","source_date":"2026-09-12T02:20:24Z","original_name":"橡子共和国","related_osm_ids":["node/13891630732"]}},{"type":"Feature","id":"node/13891630733","geometry":{"type":"Point","coordinates":[118.7782754,32.0418983]},"properties":{"osm_id":"node/13891630733","name":"Harmay","named":true,"category":"daily","kind":"cosmetics","location_method":"OSM 节点","access":"未标注","source_date":"2026-09-12T02:20:24Z","original_name":"Harmay","related_osm_ids":["node/13891630733"]}},{"type":"Feature","id":"node/13891630744","geometry":{"type":"Point","coordinates":[118.7784053,32.0417385]},"properties":{"osm_id":"node/13891630744","name":"Introlemons","named":true,"category":"daily","kind":"pastry","location_method":"OSM 节点","access":"未标注","source_date":"2026-09-12T02:20:24Z","original_name":"Introlemons","related_osm_ids":["node/13891630744"]}},{"type":"Feature","id":"node/13891630746","geometry":{"type":"Point","coordinates":[118.7781458,32.0417996]},"properties":{"osm_id":"node/13891630746","name":"Lululemon","named":true,"category":"daily","kind":"clothes","location_method":"OSM 节点","access":"未标注","source_date":"2026-09-12T02:20:24Z","original_name":"Lululemon","related_osm_ids":["node/13891630746"]}},{"type":"Feature","id":"node/13891630749","geometry":{"type":"Point","coordinates":[118.7781084,32.0418624]},"properties":{"osm_id":"node/13891630749","name":"PopSockets","named":true,"category":"daily","kind":"mobile_phone","location_method":"OSM 节点","access":"未标注","source_date":"2026-09-12T02:20:24Z","original_name":"PopSockets","related_osm_ids":["node/13891630749"]}},{"type":"Feature","id":"node/13893165904","geometry":{"type":"Point","coordinates":[118.9197748,32.1058061]},"properties":{"osm_id":"node/13893165904","name":"南京财经大学","named":true,"category":"transit","kind":"bus_stop","location_method":"OSM 节点","access":"未标注","source_date":"2026-09-12T02:20:24Z","original_name":"南京财经大学","related_osm_ids":["node/13893165904"]}},{"type":"Feature","id":"node/13894092982","geometry":{"type":"Point","coordinates":[118.7792485,32.0429476]},"properties":{"osm_id":"node/13894092982","name":"麦当劳","named":true,"category":"daily","kind":"fast_food","location_method":"OSM 节点","access":"未标注","source_date":"2026-09-12T02:20:24Z","original_name":"麦当劳","related_osm_ids":["node/13894092982"]}},{"type":"Feature","id":"node/13894092994","geometry":{"type":"Point","coordinates":[118.7792458,32.0428294]},"properties":{"osm_id":"node/13894092994","name":"创膳金牌烧鹅","named":true,"category":"daily","kind":"restaurant","location_method":"OSM 节点","access":"未标注","source_date":"2026-09-12T02:20:24Z","original_name":"创膳金牌烧鹅","related_osm_ids":["node/13894092994"]}},{"type":"Feature","id":"node/13894099504","geometry":{"type":"Point","coordinates":[118.7793142,32.0427974]},"properties":{"osm_id":"node/13894099504","name":"宫拉拉炸鸡","named":true,"category":"daily","kind":"fast_food","location_method":"OSM 节点","access":"未标注","source_date":"2026-09-12T02:20:24Z","original_name":"宫拉拉炸鸡","related_osm_ids":["node/13894099504"]}},{"type":"Feature","id":"node/13894099506","geometry":{"type":"Point","coordinates":[118.7793605,32.0427974]},"properties":{"osm_id":"node/13894099506","name":"果之鲜","named":true,"category":"daily","kind":"greengrocer","location_method":"OSM 节点","access":"未标注","source_date":"2026-09-12T02:20:24Z","original_name":"果之鲜","related_osm_ids":["node/13894099506"]}},{"type":"Feature","id":"node/13894099510","geometry":{"type":"Point","coordinates":[118.7793603,32.0428315]},"properties":{"osm_id":"node/13894099510","name":"香川串","named":true,"category":"daily","kind":"fast_food","location_method":"OSM 节点","access":"未标注","source_date":"2026-09-12T02:20:24Z","original_name":"香川串","related_osm_ids":["node/13894099510"]}},{"type":"Feature","id":"node/13894099515","geometry":{"type":"Point","coordinates":[118.7793411,32.0428758]},"properties":{"osm_id":"node/13894099515","name":"鱼铺本店","named":true,"category":"daily","kind":"fast_food","location_method":"OSM 节点","access":"未标注","source_date":"2026-09-12T02:20:24Z","original_name":"鱼铺本店","related_osm_ids":["node/13894099515"]}},{"type":"Feature","id":"node/13894099516","geometry":{"type":"Point","coordinates":[118.779311,32.0429108]},"properties":{"osm_id":"node/13894099516","name":"柠檬向右","named":true,"category":"daily","kind":"fast_food","location_method":"OSM 节点","access":"未标注","source_date":"2026-09-12T02:20:24Z","original_name":"柠檬向右","related_osm_ids":["node/13894099516"]}},{"type":"Feature","id":"node/13894099517","geometry":{"type":"Point","coordinates":[118.7794214,32.0428912]},"properties":{"osm_id":"node/13894099517","name":"中国体育彩票","named":true,"category":"daily","kind":"lottery","location_method":"OSM 节点","access":"未标注","source_date":"2026-09-12T02:20:24Z","original_name":"中国体育彩票","related_osm_ids":["node/13894099517"]}},{"type":"Feature","id":"node/13894099529","geometry":{"type":"Point","coordinates":[118.7793416,32.0429584]},"properties":{"osm_id":"node/13894099529","name":"聪明小熊","named":true,"category":"daily","kind":"fast_food","location_method":"OSM 节点","access":"未标注","source_date":"2026-09-12T02:20:24Z","original_name":"聪明小熊","related_osm_ids":["node/13894099529"]}},{"type":"Feature","id":"node/13894099532","geometry":{"type":"Point","coordinates":[118.7793128,32.0429804]},"properties":{"osm_id":"node/13894099532","name":"未命名生活服务","named":false,"category":"daily","kind":"fast_food","location_method":"OSM 节点","access":"未标注","source_date":"2026-09-12T02:20:24Z","related_osm_ids":["node/13894099532"]}},{"type":"Feature","id":"node/13894099534","geometry":{"type":"Point","coordinates":[118.7793619,32.0429896]},"properties":{"osm_id":"node/13894099534","name":"百分茶","named":true,"category":"daily","kind":"fast_food","location_method":"OSM 节点","access":"未标注","source_date":"2026-09-12T02:20:24Z","original_name":"百分茶","related_osm_ids":["node/13894099534"]}},{"type":"Feature","id":"node/13894099543","geometry":{"type":"Point","coordinates":[118.7793393,32.0430067]},"properties":{"osm_id":"node/13894099543","name":"Dorabella","named":true,"category":"daily","kind":"pastry","location_method":"OSM 节点","access":"未标注","source_date":"2026-09-12T02:20:24Z","original_name":"Dorabella","related_osm_ids":["node/13894099543"]}},{"type":"Feature","id":"node/13894099547","geometry":{"type":"Point","coordinates":[118.7794764,32.0429392]},"properties":{"osm_id":"node/13894099547","name":"味千拉面","named":true,"category":"daily","kind":"restaurant","location_method":"OSM 节点","access":"未标注","source_date":"2026-09-12T02:20:24Z","original_name":"味千拉面","related_osm_ids":["node/13894099547"]}},{"type":"Feature","id":"node/13894099550","geometry":{"type":"Point","coordinates":[118.7794825,32.0427831]},"properties":{"osm_id":"node/13894099550","name":"文通冰室","named":true,"category":"daily","kind":"restaurant","location_method":"OSM 节点","access":"未标注","source_date":"2026-09-12T02:20:24Z","original_name":"文通冰室","related_osm_ids":["node/13894099550"]}},{"type":"Feature","id":"node/13894099569","geometry":{"type":"Point","coordinates":[118.779395,32.0427041]},"properties":{"osm_id":"node/13894099569","name":"Dairy Queen","named":true,"category":"daily","kind":"fast_food","location_method":"OSM 节点","access":"未标注","source_date":"2026-09-12T02:20:24Z","original_name":"Dairy Queen","related_osm_ids":["node/13894099569"]}},{"type":"Feature","id":"node/13894099571","geometry":{"type":"Point","coordinates":[118.779395,32.0425581]},"properties":{"osm_id":"node/13894099571","name":"喜家德虾仁水饺","named":true,"category":"daily","kind":"restaurant","location_method":"OSM 节点","access":"未标注","source_date":"2026-09-12T02:20:24Z","original_name":"喜家德虾仁水饺","related_osm_ids":["node/13894099571"]}},{"type":"Feature","id":"node/13894099576","geometry":{"type":"Point","coordinates":[118.7792317,32.0426798]},"properties":{"osm_id":"node/13894099576","name":"鼎沸九鲜面","named":true,"category":"daily","kind":"restaurant","location_method":"OSM 节点","access":"未标注","source_date":"2026-09-12T02:20:24Z","original_name":"鼎沸九鲜面","related_osm_ids":["node/13894099576"]}},{"type":"Feature","id":"node/13894099581","geometry":{"type":"Point","coordinates":[118.7795181,32.0425605]},"properties":{"osm_id":"node/13894099581","name":"阿平牛杂","named":true,"category":"daily","kind":"restaurant","location_method":"OSM 节点","access":"未标注","source_date":"2026-09-12T02:20:24Z","original_name":"阿平牛杂","related_osm_ids":["node/13894099581"]}},{"type":"Feature","id":"node/13894099586","geometry":{"type":"Point","coordinates":[118.779552,32.0425114]},"properties":{"osm_id":"node/13894099586","name":"马记永兰州拉面","named":true,"category":"daily","kind":"restaurant","location_method":"OSM 节点","access":"未标注","source_date":"2026-09-12T02:20:24Z","original_name":"马记永兰州拉面","related_osm_ids":["node/13894099586"]}},{"type":"Feature","id":"node/13894099595","geometry":{"type":"Point","coordinates":[118.7794537,32.0424377]},"properties":{"osm_id":"node/13894099595","name":"月叶红茶","named":true,"category":"daily","kind":"cafe","location_method":"OSM 节点","access":"未标注","source_date":"2026-09-12T02:20:24Z","original_name":"月叶红茶","related_osm_ids":["node/13894099595"]}},{"type":"Feature","id":"node/13894099597","geometry":{"type":"Point","coordinates":[118.7795069,32.0424173]},"properties":{"osm_id":"node/13894099597","name":"鱼本鱼","named":true,"category":"daily","kind":"restaurant","location_method":"OSM 节点","access":"未标注","source_date":"2026-09-12T02:20:24Z","original_name":"鱼本鱼","related_osm_ids":["node/13894099597"]}},{"type":"Feature","id":"node/13894999757","geometry":{"type":"Point","coordinates":[118.7795668,32.0423925]},"properties":{"osm_id":"node/13894999757","name":"景成伟生炸鸡","named":true,"category":"daily","kind":"fast_food","location_method":"OSM 节点","access":"未标注","source_date":"2026-09-12T02:20:24Z","original_name":"景成伟生炸鸡","related_osm_ids":["node/13894999757"]}},{"type":"Feature","id":"node/13894999760","geometry":{"type":"Point","coordinates":[118.7794281,32.0424214]},"properties":{"osm_id":"node/13894999760","name":"口口妙鸡汤饭","named":true,"category":"daily","kind":"fast_food","location_method":"OSM 节点","access":"未标注","source_date":"2026-09-12T02:20:24Z","original_name":"口口妙鸡汤饭","related_osm_ids":["node/13894999760"]}},{"type":"Feature","id":"node/13894999762","geometry":{"type":"Point","coordinates":[118.7794915,32.0423833]},"properties":{"osm_id":"node/13894999762","name":"好特卖","named":true,"category":"daily","kind":"yes","location_method":"OSM 节点","access":"未标注","source_date":"2026-09-12T02:20:24Z","original_name":"好特卖","related_osm_ids":["node/13894999762"]}},{"type":"Feature","id":"node/13894999764","geometry":{"type":"Point","coordinates":[118.7795513,32.0423668]},"properties":{"osm_id":"node/13894999764","name":"椒仁钵钵鸡","named":true,"category":"daily","kind":"fast_food","location_method":"OSM 节点","access":"未标注","source_date":"2026-09-12T02:20:24Z","original_name":"椒仁钵钵鸡","related_osm_ids":["node/13894999764"]}},{"type":"Feature","id":"node/13894999769","geometry":{"type":"Point","coordinates":[118.7792469,32.0430619]},"properties":{"osm_id":"node/13894999769","name":"小满手工粉","named":true,"category":"daily","kind":"restaurant","location_method":"OSM 节点","access":"未标注","source_date":"2026-09-12T02:20:24Z","original_name":"小满手工粉","related_osm_ids":["node/13894999769"]}},{"type":"Feature","id":"node/13894999771","geometry":{"type":"Point","coordinates":[118.7793403,32.0431134]},"properties":{"osm_id":"node/13894999771","name":"好利来","named":true,"category":"daily","kind":"bakery","location_method":"OSM 节点","access":"未标注","source_date":"2026-09-12T02:20:24Z","original_name":"好利来","related_osm_ids":["node/13894999771"]}},{"type":"Feature","id":"node/13894999775","geometry":{"type":"Point","coordinates":[118.7793491,32.0431981]},"properties":{"osm_id":"node/13894999775","name":"一栗","named":true,"category":"daily","kind":"pastry","location_method":"OSM 节点","access":"未标注","source_date":"2026-09-12T02:20:24Z","original_name":"一栗","related_osm_ids":["node/13894999775"]}},{"type":"Feature","id":"node/13894999776","geometry":{"type":"Point","coordinates":[118.7792825,32.0432408]},"properties":{"osm_id":"node/13894999776","name":"Sopu","named":true,"category":"daily","kind":"bakery","location_method":"OSM 节点","access":"未标注","source_date":"2026-09-12T02:20:24Z","original_name":"Sopu","related_osm_ids":["node/13894999776"]}},{"type":"Feature","id":"node/13894999777","geometry":{"type":"Point","coordinates":[118.7793687,32.0432402]},"properties":{"osm_id":"node/13894999777","name":"池奈","named":true,"category":"daily","kind":"restaurant","location_method":"OSM 节点","access":"未标注","source_date":"2026-09-12T02:20:24Z","original_name":"池奈","related_osm_ids":["node/13894999777"]}},{"type":"Feature","id":"node/13895949823","geometry":{"type":"Point","coordinates":[118.7794736,32.0433219]},"properties":{"osm_id":"node/13895949823","name":"古早万丹","named":true,"category":"daily","kind":"pastry","location_method":"OSM 节点","access":"未标注","source_date":"2026-09-12T02:20:24Z","original_name":"古早万丹","related_osm_ids":["node/13895949823"]}},{"type":"Feature","id":"node/13895949824","geometry":{"type":"Point","coordinates":[118.7794891,32.0433433]},"properties":{"osm_id":"node/13895949824","name":"大兴国糕","named":true,"category":"daily","kind":"pastry","location_method":"OSM 节点","access":"未标注","source_date":"2026-09-12T02:20:24Z","original_name":"大兴国糕","related_osm_ids":["node/13895949824"]}},{"type":"Feature","id":"node/13895949826","geometry":{"type":"Point","coordinates":[118.779509,32.0433483]},"properties":{"osm_id":"node/13895949826","name":"Fascino","named":true,"category":"daily","kind":"pastry","location_method":"OSM 节点","access":"未标注","source_date":"2026-09-12T02:20:24Z","original_name":"Fascino","related_osm_ids":["node/13895949826"]}},{"type":"Feature","id":"node/13895949832","geometry":{"type":"Point","coordinates":[118.7796148,32.0433487]},"properties":{"osm_id":"node/13895949832","name":"洪九公","named":true,"category":"daily","kind":"pastry","location_method":"OSM 节点","access":"未标注","source_date":"2026-09-12T02:20:24Z","original_name":"洪九公","related_osm_ids":["node/13895949832"]}},{"type":"Feature","id":"node/13895949840","geometry":{"type":"Point","coordinates":[118.7795017,32.0431851]},"properties":{"osm_id":"node/13895949840","name":"chuu","named":true,"category":"daily","kind":"clothes","location_method":"OSM 节点","access":"未标注","source_date":"2026-09-12T02:20:24Z","original_name":"chuu","related_osm_ids":["node/13895949840"]}},{"type":"Feature","id":"node/13895949842","geometry":{"type":"Point","coordinates":[118.7795761,32.0432689]},"properties":{"osm_id":"node/13895949842","name":"爱棵米","named":true,"category":"daily","kind":"clothes","location_method":"OSM 节点","access":"未标注","source_date":"2026-09-12T02:20:24Z","original_name":"爱棵米","related_osm_ids":["node/13895949842"]}},{"type":"Feature","id":"node/13895949844","geometry":{"type":"Point","coordinates":[118.779679,32.0433331]},"properties":{"osm_id":"node/13895949844","name":"Manner Coffee","named":true,"category":"daily","kind":"cafe","location_method":"OSM 节点","access":"未标注","source_date":"2026-09-12T02:20:24Z","original_name":"Manner Coffee","related_osm_ids":["node/13895949844"]}},{"type":"Feature","id":"node/13895949856","geometry":{"type":"Point","coordinates":[118.7794812,32.0434662]},"properties":{"osm_id":"node/13895949856","name":"霸王茶姬","named":true,"category":"daily","kind":"cafe","location_method":"OSM 节点","access":"未标注","source_date":"2026-09-12T02:20:24Z","original_name":"霸王茶姬","related_osm_ids":["node/13895949856"]}},{"type":"Feature","id":"node/13895949858","geometry":{"type":"Point","coordinates":[118.7794895,32.0434002]},"properties":{"osm_id":"node/13895949858","name":"树夏","named":true,"category":"daily","kind":"cafe","location_method":"OSM 节点","access":"未标注","source_date":"2026-09-12T02:20:24Z","original_name":"树夏","related_osm_ids":["node/13895949858"]}},{"type":"Feature","id":"node/13895949863","geometry":{"type":"Point","coordinates":[118.7796954,32.0434197]},"properties":{"osm_id":"node/13895949863","name":"中国福利彩票","named":true,"category":"daily","kind":"lottery","location_method":"OSM 节点","access":"未标注","source_date":"2026-09-12T02:20:24Z","original_name":"中国福利彩票","related_osm_ids":["node/13895949863"]}},{"type":"Feature","id":"node/13895949869","geometry":{"type":"Point","coordinates":[118.7793462,32.0423997]},"properties":{"osm_id":"node/13895949869","name":"回味鸭血粉丝汤","named":true,"category":"daily","kind":"fast_food","location_method":"OSM 节点","access":"未标注","source_date":"2026-09-12T02:20:24Z","original_name":"回味鸭血粉丝汤","related_osm_ids":["node/13895949869"]}},{"type":"Feature","id":"node/13895949870","geometry":{"type":"Point","coordinates":[118.7793914,32.0423603]},"properties":{"osm_id":"node/13895949870","name":"金陵杨胖子砂锅麻辣烫","named":true,"category":"daily","kind":"restaurant","location_method":"OSM 节点","access":"未标注","source_date":"2026-09-12T02:20:24Z","original_name":"金陵杨胖子砂锅麻辣烫","related_osm_ids":["node/13895949870"]}},{"type":"Feature","id":"node/13895949871","geometry":{"type":"Point","coordinates":[118.7794576,32.0423257]},"properties":{"osm_id":"node/13895949871","name":"广盈喜麻辣香锅","named":true,"category":"daily","kind":"restaurant","location_method":"OSM 节点","access":"未标注","source_date":"2026-09-12T02:20:24Z","original_name":"广盈喜麻辣香锅","related_osm_ids":["node/13895949871"]}},{"type":"Feature","id":"node/13895949873","geometry":{"type":"Point","coordinates":[118.7795653,32.0423091]},"properties":{"osm_id":"node/13895949873","name":"煲仔皇腊味煲仔饭","named":true,"category":"daily","kind":"restaurant","location_method":"OSM 节点","access":"未标注","source_date":"2026-09-12T02:20:24Z","original_name":"煲仔皇腊味煲仔饭","related_osm_ids":["node/13895949873"]}},{"type":"Feature","id":"node/13898280217","geometry":{"type":"Point","coordinates":[118.7797067,32.0424518]},"properties":{"osm_id":"node/13898280217","name":"Ying","named":true,"category":"daily","kind":"yes","location_method":"OSM 节点","access":"未标注","source_date":"2026-09-12T02:20:24Z","original_name":"Ying","related_osm_ids":["node/13898280217"]}},{"type":"Feature","id":"node/13898280218","geometry":{"type":"Point","coordinates":[118.7796942,32.0425314]},"properties":{"osm_id":"node/13898280218","name":"曼奈肉桂厨房","named":true,"category":"daily","kind":"restaurant","location_method":"OSM 节点","access":"未标注","source_date":"2026-09-12T02:20:24Z","original_name":"曼奈肉桂厨房","related_osm_ids":["node/13898280218"]}},{"type":"Feature","id":"node/13898280229","geometry":{"type":"Point","coordinates":[118.7799455,32.0432846]},"properties":{"osm_id":"node/13898280229","name":"江南里","named":true,"category":"daily","kind":"restaurant","location_method":"OSM 节点","access":"未标注","source_date":"2026-09-12T02:20:24Z","original_name":"江南里","related_osm_ids":["node/13898280229"]}},{"type":"Feature","id":"node/13898471543","geometry":{"type":"Point","coordinates":[118.7799989,32.0434425]},"properties":{"osm_id":"node/13898471543","name":"一品牛排小火锅","named":true,"category":"daily","kind":"restaurant","location_method":"OSM 节点","access":"未标注","source_date":"2026-09-12T02:20:24Z","original_name":"一品牛排小火锅","related_osm_ids":["node/13898471543"]}},{"type":"Feature","id":"node/13898471546","geometry":{"type":"Point","coordinates":[118.7800414,32.043311]},"properties":{"osm_id":"node/13898471546","name":"章章屋","named":true,"category":"daily","kind":"fast_food","location_method":"OSM 节点","access":"未标注","source_date":"2026-09-12T02:20:24Z","original_name":"章章屋","related_osm_ids":["node/13898471546"]}},{"type":"Feature","id":"node/13898471548","geometry":{"type":"Point","coordinates":[118.7800636,32.0433106]},"properties":{"osm_id":"node/13898471548","name":"CoCo都可","named":true,"category":"daily","kind":"cafe","location_method":"OSM 节点","access":"未标注","source_date":"2026-09-12T02:20:24Z","original_name":"CoCo都可","related_osm_ids":["node/13898471548"]}},{"type":"Feature","id":"node/13898471550","geometry":{"type":"Point","coordinates":[118.7800189,32.0433113]},"properties":{"osm_id":"node/13898471550","name":"Ya Kun Kaya Toast","named":true,"category":"daily","kind":"cafe","location_method":"OSM 节点","access":"未标注","source_date":"2026-09-12T02:20:24Z","original_name":"Ya Kun Kaya Toast","related_osm_ids":["node/13898471550"]}},{"type":"Feature","id":"node/13898471566","geometry":{"type":"Point","coordinates":[118.7803479,32.0433567]},"properties":{"osm_id":"node/13898471566","name":"西塔老太太","named":true,"category":"daily","kind":"restaurant","location_method":"OSM 节点","access":"未标注","source_date":"2026-09-12T02:20:24Z","original_name":"西塔老太太","related_osm_ids":["node/13898471566"]}},{"type":"Feature","id":"node/13898471570","geometry":{"type":"Point","coordinates":[118.779782,32.0422268]},"properties":{"osm_id":"node/13898471570","name":"新百烟酒","named":true,"category":"daily","kind":"alcohol","location_method":"OSM 节点","access":"未标注","source_date":"2026-09-12T02:20:24Z","original_name":"新百烟酒","related_osm_ids":["node/13898471570"]}},{"type":"Feature","id":"node/13898471572","geometry":{"type":"Point","coordinates":[118.779908,32.0421755]},"properties":{"osm_id":"node/13898471572","name":"北京同仁堂","named":true,"category":"daily","kind":"herbalist","location_method":"OSM 节点","access":"未标注","source_date":"2026-09-12T02:20:24Z","original_name":"北京同仁堂","related_osm_ids":["node/13898471572"]}},{"type":"Feature","id":"node/13898471574","geometry":{"type":"Point","coordinates":[118.7799638,32.04215]},"properties":{"osm_id":"node/13898471574","name":"天福茗茶","named":true,"category":"daily","kind":"tea","location_method":"OSM 节点","access":"未标注","source_date":"2026-09-12T02:20:24Z","original_name":"天福茗茶","related_osm_ids":["node/13898471574"]}},{"type":"Feature","id":"node/13898471579","geometry":{"type":"Point","coordinates":[118.7800176,32.042299]},"properties":{"osm_id":"node/13898471579","name":"南京综合保税区进口商品","named":true,"category":"daily","kind":"variety_store","location_method":"OSM 节点","access":"未标注","source_date":"2026-09-12T02:20:24Z","original_name":"南京综合保税区进口商品","related_osm_ids":["node/13898471579"]}},{"type":"Feature","id":"node/13898941203","geometry":{"type":"Point","coordinates":[118.7763895,32.0429822]},"properties":{"osm_id":"node/13898941203","name":"金陵中环市集","named":true,"category":"daily","kind":"marketplace","location_method":"OSM 节点","access":"未标注","source_date":"2026-09-12T02:20:24Z","original_name":"金陵中环市集","related_osm_ids":["node/13898941203"]}},{"type":"Feature","id":"node/14005980801","geometry":{"type":"Point","coordinates":[118.7932194,32.0426251]},"properties":{"osm_id":"node/14005980801","name":"Busy Loaf","named":true,"category":"daily","kind":"bakery","location_method":"OSM 节点","access":"未标注","source_date":"2026-09-12T02:20:24Z","original_name":"Busy Loaf","related_osm_ids":["node/14005980801"]}},{"type":"Feature","id":"node/14017798444","geometry":{"type":"Point","coordinates":[118.9062267,32.1221874]},"properties":{"osm_id":"node/14017798444","name":"智谷大道·金创路","named":true,"category":"transit","kind":"bus_stop","location_method":"OSM 节点","access":"未标注","source_date":"2026-09-12T02:20:24Z","original_name":"智谷大道·金创路","related_osm_ids":["node/14017798444","node/14017798452"]}},{"type":"Feature","id":"node/14017798445","geometry":{"type":"Point","coordinates":[118.9110635,32.1245618]},"properties":{"osm_id":"node/14017798445","name":"仙林高铁站","named":true,"category":"transit","kind":"bus_stop","location_method":"OSM 节点","access":"未标注","source_date":"2026-09-12T02:20:24Z","original_name":"仙林高铁站","related_osm_ids":["node/14017798445"]}},{"type":"Feature","id":"node/14024226193","geometry":{"type":"Point","coordinates":[118.7662721,32.0278422]},"properties":{"osm_id":"node/14024226193","name":"礁石·甌味家燒·溫州菜（南京首店）","named":true,"category":"daily","kind":"restaurant","location_method":"OSM 节点","access":"未标注","source_date":"2026-09-12T02:20:24Z","original_name":"礁石·甌味家燒·溫州菜（南京首店）","related_osm_ids":["node/14024226193"]}},{"type":"Feature","id":"node/14030468317","geometry":{"type":"Point","coordinates":[118.9053718,32.0244471]},"properties":{"osm_id":"node/14030468317","name":"定林总站","named":true,"category":"transit","kind":"bus_station","location_method":"OSM 节点","access":"未标注","source_date":"2026-09-12T02:20:24Z","original_name":"定林总站","related_osm_ids":["node/14030468317"]}},{"type":"Feature","id":"node/14081491897","geometry":{"type":"Point","coordinates":[118.7771479,32.0283235]},"properties":{"osm_id":"node/14081491897","name":"东方宫","named":true,"category":"daily","kind":"restaurant","location_method":"OSM 节点","access":"未标注","source_date":"2026-09-12T02:20:24Z","original_name":"东方宫","related_osm_ids":["node/14081491897"]}},{"type":"Feature","id":"node/1442484352","geometry":{"type":"Point","coordinates":[118.8475725,32.0386656]},"properties":{"osm_id":"node/1442484352","name":"益丰大药房 南京小卫街店","named":true,"category":"daily","kind":"chemist","location_method":"OSM 节点","access":"未标注","source_date":"2026-09-12T02:20:24Z","original_name":"益丰大药房 南京小卫街店","related_osm_ids":["node/1442484352"]}},{"type":"Feature","id":"node/1455803829","geometry":{"type":"Point","coordinates":[118.7902855,32.0653447]},"properties":{"osm_id":"node/1455803829","name":"玄武湖公园","named":true,"category":"transit","kind":"bus_stop","location_method":"OSM 节点","access":"未标注","source_date":"2026-09-12T02:20:24Z","original_name":"玄武湖公园","related_osm_ids":["node/1455803829","node/1742143756"]}},{"type":"Feature","id":"node/1470664904","geometry":{"type":"Point","coordinates":[118.8469157,32.0382542]},"properties":{"osm_id":"node/1470664904","name":"南京理工大学 附属幼儿园","named":true,"category":"education","kind":"kindergarten","location_method":"OSM 节点","access":"未标注","source_date":"2026-09-12T02:20:24Z","original_name":"南京理工大学 附属幼儿园","related_osm_ids":["node/1470664904"]}},{"type":"Feature","id":"node/1474897520","geometry":{"type":"Point","coordinates":[118.8061799,32.0075115]},"properties":{"osm_id":"node/1474897520","name":"光卡路","named":true,"category":"transit","kind":"bus_station","location_method":"OSM 节点","access":"未标注","source_date":"2026-09-12T02:20:24Z","original_name":"光卡路","related_osm_ids":["node/1474897520"]}},{"type":"Feature","id":"node/1475681498","geometry":{"type":"Point","coordinates":[118.8477362,32.0566253]},"properties":{"osm_id":"node/1475681498","name":"中山陵大酒店","named":true,"category":"daily","kind":"restaurant","location_method":"OSM 节点","access":"未标注","source_date":"2026-09-12T02:20:24Z","original_name":"中山陵大酒店","related_osm_ids":["node/1475681498"]}},{"type":"Feature","id":"node/1475681499","geometry":{"type":"Point","coordinates":[118.8564641,32.0377215]},"properties":{"osm_id":"node/1475681499","name":"中国农业银行","named":true,"category":"daily","kind":"bank","location_method":"OSM 节点","access":"未标注","source_date":"2026-09-12T02:20:24Z","original_name":"中国农业银行","related_osm_ids":["node/1475681499"]}},{"type":"Feature","id":"node/1475681508","geometry":{"type":"Point","coordinates":[118.8602705,32.0230739]},"properties":{"osm_id":"node/1475681508","name":"南京银行","named":true,"category":"daily","kind":"bank","location_method":"OSM 节点","access":"未标注","source_date":"2026-09-12T02:20:24Z","original_name":"南京银行","related_osm_ids":["node/1475681508"]}},{"type":"Feature","id":"node/1475718685","geometry":{"type":"Point","coordinates":[118.7890426,32.0892343]},"properties":{"osm_id":"node/1475718685","name":"麦当劳","named":true,"category":"daily","kind":"fast_food","location_method":"OSM 节点","access":"未标注","source_date":"2026-09-12T02:20:24Z","original_name":"麦当劳","related_osm_ids":["node/1475718685"]}},{"type":"Feature","id":"node/1484539077","geometry":{"type":"Point","coordinates":[118.8553826,32.0376759]},"properties":{"osm_id":"node/1484539077","name":"中国建设银行","named":true,"category":"daily","kind":"bank","location_method":"OSM 节点","access":"未标注","source_date":"2026-09-12T02:20:24Z","original_name":"中国建设银行","related_osm_ids":["node/1484539077"]}},{"type":"Feature","id":"node/1484539078","geometry":{"type":"Point","coordinates":[118.8430064,32.0415849]},"properties":{"osm_id":"node/1484539078","name":"下马坊","named":true,"category":"transit","kind":"bus_stop","location_method":"OSM 节点","access":"未标注","source_date":"2026-09-12T02:20:24Z","original_name":"下马坊","related_osm_ids":["node/1484539078","node/1561635806"]}},{"type":"Feature","id":"node/1484539080","geometry":{"type":"Point","coordinates":[118.844133,32.0392576]},"properties":{"osm_id":"node/1484539080","name":"小卫街","named":true,"category":"transit","kind":"bus_stop","location_method":"OSM 节点","access":"未标注","source_date":"2026-09-12T02:20:24Z","original_name":"小卫街","related_osm_ids":["node/1484539080","node/1559404363"]}},{"type":"Feature","id":"node/1492458361","geometry":{"type":"Point","coordinates":[118.8430914,32.0282216]},"properties":{"osm_id":"node/1492458361","name":"1004超市","named":true,"category":"daily","kind":"supermarket","location_method":"OSM 节点","access":"未标注","source_date":"2026-09-12T02:20:24Z","original_name":"1004超市","related_osm_ids":["node/1492458361"]}},{"type":"Feature","id":"node/1492509008","geometry":{"type":"Point","coordinates":[118.8394141,32.0302625]},"properties":{"osm_id":"node/1492509008","name":"中国建设银行","named":true,"category":"daily","kind":"bank","location_method":"OSM 节点","access":"未标注","source_date":"2026-09-12T02:20:24Z","original_name":"中国建设银行","related_osm_ids":["node/1492509008"]}},{"type":"Feature","id":"node/1494967465","geometry":{"type":"Point","coordinates":[118.7724199,32.0410775]},"properties":{"osm_id":"node/1494967465","name":"南京五中","named":true,"category":"education","kind":"school","location_method":"OSM 节点","access":"未标注","source_date":"2026-09-12T02:20:24Z","original_name":"南京五中","related_osm_ids":["node/1494967465"]}},{"type":"Feature","id":"node/1496377185","geometry":{"type":"Point","coordinates":[118.766349,32.1186242]},"properties":{"osm_id":"node/1496377185","name":"草鞋峡遇难同胞纪念碑","named":true,"category":"heritage","kind":"memorial","location_method":"OSM 节点","access":"未标注","source_date":"2026-09-12T02:20:24Z","original_name":"草鞋峡遇难同胞纪念碑","related_osm_ids":["node/1496377185"]}},{"type":"Feature","id":"node/1502813693","geometry":{"type":"Point","coordinates":[118.7905757,32.0390901]},"properties":{"osm_id":"node/1502813693","name":"苏果超市","named":true,"category":"daily","kind":"supermarket","location_method":"OSM 节点","access":"未标注","source_date":"2026-09-12T02:20:24Z","original_name":"苏果超市","related_osm_ids":["node/1502813693"]}},{"type":"Feature","id":"node/1503680747","geometry":{"type":"Point","coordinates":[118.8456801,32.039584]},"properties":{"osm_id":"node/1503680747","name":"苏果 铁匠营社区店","named":true,"category":"daily","kind":"supermarket","location_method":"OSM 节点","access":"未标注","source_date":"2026-09-12T02:20:24Z","original_name":"苏果 铁匠营社区店","related_osm_ids":["node/1503680747"]}},{"type":"Feature","id":"node/1507211942","geometry":{"type":"Point","coordinates":[118.8229651,32.0213223]},"properties":{"osm_id":"node/1507211942","name":"南京南方医院","named":true,"category":"health","kind":"hospital","location_method":"OSM 节点","access":"未标注","source_date":"2026-09-12T02:20:24Z","original_name":"南京南方医院","related_osm_ids":["node/1507211942"]}},{"type":"Feature","id":"node/1507211944","geometry":{"type":"Point","coordinates":[118.8315563,32.0208518]},"properties":{"osm_id":"node/1507211944","name":"紫金农商银行 光华路支行","named":true,"category":"daily","kind":"bank","location_method":"OSM 节点","access":"未标注","source_date":"2026-09-12T02:20:24Z","original_name":"紫金农商银行 光华路支行","related_osm_ids":["node/1507211944"]}},{"type":"Feature","id":"node/1507256108","geometry":{"type":"Point","coordinates":[118.8408689,32.0390324]},"properties":{"osm_id":"node/1507256108","name":"教育超市","named":true,"category":"daily","kind":"convenience","location_method":"OSM 节点","access":"未标注","source_date":"2026-09-12T02:20:24Z","original_name":"教育超市","related_osm_ids":["node/1507256108"]}},{"type":"Feature","id":"node/1509867351","geometry":{"type":"Point","coordinates":[118.8213342,32.033164]},"properties":{"osm_id":"node/1509867351","name":"标营门","named":true,"category":"heritage","kind":"city_gate","location_method":"OSM 节点","access":"未标注","source_date":"2026-09-12T02:20:24Z","original_name":"标营门","related_osm_ids":["node/1509867351"]}},{"type":"Feature","id":"node/1509867361","geometry":{"type":"Point","coordinates":[118.7977056,32.0343446]},"properties":{"osm_id":"node/1509867361","name":"莎莉文 瑞金一店","named":true,"category":"daily","kind":"confectionery","location_method":"OSM 节点","access":"未标注","source_date":"2026-09-12T02:20:24Z","original_name":"莎莉文 瑞金一店","related_osm_ids":["node/1509867361"]}},{"type":"Feature","id":"node/1509945253","geometry":{"type":"Point","coordinates":[118.7651233,32.0732008]},"properties":{"osm_id":"node/1509945253","name":"中国邮政","named":true,"category":"daily","kind":"post_office","location_method":"OSM 节点","access":"未标注","source_date":"2026-09-12T02:20:24Z","original_name":"中国邮政","related_osm_ids":["node/1509945253"]}},{"type":"Feature","id":"node/1509945297","geometry":{"type":"Point","coordinates":[118.7728236,32.0713512]},"properties":{"osm_id":"node/1509945297","name":"味千拉面","named":true,"category":"daily","kind":"restaurant","location_method":"OSM 节点","access":"未标注","source_date":"2026-09-12T02:20:24Z","original_name":"味千拉面","related_osm_ids":["node/1509945297"]}},{"type":"Feature","id":"node/1517497140","geometry":{"type":"Point","coordinates":[118.8584181,32.03481]},"properties":{"osm_id":"node/1517497140","name":"中山幼儿园","named":true,"category":"education","kind":"kindergarten","location_method":"OSM 节点","access":"未标注","source_date":"2026-09-12T02:20:24Z","original_name":"中山幼儿园","related_osm_ids":["node/1517497140"]}},{"type":"Feature","id":"node/1520777882","geometry":{"type":"Point","coordinates":[118.7694954,32.0074]},"properties":{"osm_id":"node/1520777882","name":"雨花西路北站","named":true,"category":"transit","kind":"bus_stop","location_method":"OSM 节点","access":"未标注","source_date":"2026-09-12T02:20:24Z","original_name":"雨花西路北站","related_osm_ids":["node/1520777882","node/1776820749"]}},{"type":"Feature","id":"node/1528588650","geometry":{"type":"Point","coordinates":[118.7986035,32.0013034]},"properties":{"osm_id":"node/1528588650","name":"大明西路","named":true,"category":"transit","kind":"bus_stop","location_method":"OSM 节点","access":"未标注","source_date":"2026-09-12T02:20:24Z","original_name":"大明西路","related_osm_ids":["node/1528588650"]}},{"type":"Feature","id":"node/1530463144","geometry":{"type":"Point","coordinates":[118.7714879,32.0089583]},"properties":{"osm_id":"node/1530463144","name":"中华门地铁站","named":true,"category":"transit","kind":"bus_stop","location_method":"OSM 节点","access":"未标注","source_date":"2026-09-12T02:20:24Z","original_name":"中华门地铁站","related_osm_ids":["node/1530463144"]}},{"type":"Feature","id":"node/1530463147","geometry":{"type":"Point","coordinates":[118.7755966,32.0084368]},"properties":{"osm_id":"node/1530463147","name":"应天大街·雨花路","named":true,"category":"transit","kind":"bus_stop","location_method":"OSM 节点","access":"未标注","source_date":"2026-09-12T02:20:24Z","original_name":"应天大街·雨花路","related_osm_ids":["node/1530463147"]}},{"type":"Feature","id":"node/1532724749","geometry":{"type":"Point","coordinates":[118.8544542,32.0358685]},"properties":{"osm_id":"node/1532724749","name":"苏果 罗汉巷便利店","named":true,"category":"daily","kind":"convenience","location_method":"OSM 节点","access":"未标注","source_date":"2026-09-12T02:20:24Z","original_name":"苏果 罗汉巷便利店","related_osm_ids":["node/1532724749"]}},{"type":"Feature","id":"node/1533667312","geometry":{"type":"Point","coordinates":[118.8055946,32.1069079]},"properties":{"osm_id":"node/1533667312","name":"迈皋桥广场","named":true,"category":"transit","kind":"bus_stop","location_method":"OSM 节点","access":"未标注","source_date":"2026-09-12T02:20:24Z","original_name":"迈皋桥广场","related_osm_ids":["node/1533667312"]}},{"type":"Feature","id":"node/1536891053","geometry":{"type":"Point","coordinates":[118.8476386,32.0386524]},"properties":{"osm_id":"node/1536891053","name":"克莉丝订 南京小卫街店","named":true,"category":"daily","kind":"bakery","location_method":"OSM 节点","access":"未标注","source_date":"2026-09-12T02:20:24Z","original_name":"克莉丝订 南京小卫街店","related_osm_ids":["node/1536891053"]}},{"type":"Feature","id":"node/1536891061","geometry":{"type":"Point","coordinates":[118.8480526,32.0378568]},"properties":{"osm_id":"node/1536891061","name":"好又多超市","named":true,"category":"daily","kind":"supermarket","location_method":"OSM 节点","access":"未标注","source_date":"2026-09-12T02:20:24Z","original_name":"好又多超市","related_osm_ids":["node/1536891061"]}},{"type":"Feature","id":"node/1541912252","geometry":{"type":"Point","coordinates":[118.7789933,32.069516]},"properties":{"osm_id":"node/1541912252","name":"玄武湖公园","named":true,"category":"transit","kind":"bus_stop","location_method":"OSM 节点","access":"未标注","source_date":"2026-09-12T02:20:24Z","original_name":"玄武湖公园","related_osm_ids":["node/1541912252"]}},{"type":"Feature","id":"node/1541916600","geometry":{"type":"Point","coordinates":[118.7826987,32.091969]},"properties":{"osm_id":"node/1541916600","name":"中央门东站","named":true,"category":"transit","kind":"bus_stop","location_method":"OSM 节点","access":"未标注","source_date":"2026-09-12T02:20:24Z","original_name":"中央门东站","related_osm_ids":["node/1541916600"]}},{"type":"Feature","id":"node/1541926469","geometry":{"type":"Point","coordinates":[118.9103896,32.0927277]},"properties":{"osm_id":"node/1541926469","name":"应天学院","named":true,"category":"transit","kind":"bus_stop","location_method":"OSM 节点","access":"未标注","source_date":"2026-09-12T02:20:24Z","original_name":"应天学院","related_osm_ids":["node/1541926469","node/8787867089"]}},{"type":"Feature","id":"node/1553458949","geometry":{"type":"Point","coordinates":[118.7755823,32.0413054]},"properties":{"osm_id":"node/1553458949","name":"稲菊","named":true,"category":"daily","kind":"restaurant","location_method":"OSM 节点","access":"未标注","source_date":"2026-09-12T02:20:24Z","original_name":"稲菊","related_osm_ids":["node/1553458949"]}},{"type":"Feature","id":"node/1553458952","geometry":{"type":"Point","coordinates":[118.8573983,32.0209811]},"properties":{"osm_id":"node/1553458952","name":"紫金明珠","named":true,"category":"transit","kind":"bus_stop","location_method":"OSM 节点","access":"未标注","source_date":"2026-09-12T02:20:24Z","original_name":"紫金明珠","related_osm_ids":["node/1553458952"]}},{"type":"Feature","id":"node/1553458953","geometry":{"type":"Point","coordinates":[118.855128,32.0376188]},"properties":{"osm_id":"node/1553458953","name":"苏宁易购","named":true,"category":"daily","kind":"electronics","location_method":"OSM 节点","access":"未标注","source_date":"2026-09-12T02:20:24Z","original_name":"苏宁易购","related_osm_ids":["node/1553458953"]}},{"type":"Feature","id":"node/1558241819","geometry":{"type":"Point","coordinates":[118.8263991,32.0354807]},"properties":{"osm_id":"node/1558241819","name":"中国银行","named":true,"category":"daily","kind":"bank","location_method":"OSM 节点","access":"未标注","source_date":"2026-09-12T02:20:24Z","original_name":"中国银行","related_osm_ids":["node/1558241819"]}},{"type":"Feature","id":"node/1558241836","geometry":{"type":"Point","coordinates":[118.8263901,32.035372]},"properties":{"osm_id":"node/1558241836","name":"苏果 梅花山庄社区店","named":true,"category":"daily","kind":"supermarket","location_method":"OSM 节点","access":"未标注","source_date":"2026-09-12T02:20:24Z","original_name":"苏果 梅花山庄社区店","related_osm_ids":["node/1558241836"]}},{"type":"Feature","id":"node/1559404366","geometry":{"type":"Point","coordinates":[118.8485942,32.037938]},"properties":{"osm_id":"node/1559404366","name":"理工大","named":true,"category":"transit","kind":"bus_stop","location_method":"OSM 节点","access":"未标注","source_date":"2026-09-12T02:20:24Z","original_name":"理工大","related_osm_ids":["node/1559404366","node/1559404369"]}},{"type":"Feature","id":"node/1559411875","geometry":{"type":"Point","coordinates":[118.8211658,32.0406819]},"properties":{"osm_id":"node/1559411875","name":"中山门","named":true,"category":"transit","kind":"bus_stop","location_method":"OSM 节点","access":"未标注","source_date":"2026-09-12T02:20:24Z","original_name":"中山门","related_osm_ids":["node/1559411875","node/1559411876"]}},{"type":"Feature","id":"node/1559415866","geometry":{"type":"Point","coordinates":[118.7817613,32.0435041]},"properties":{"osm_id":"node/1559415866","name":"新街口东","named":true,"category":"transit","kind":"bus_stop","location_method":"OSM 节点","access":"未标注","source_date":"2026-09-12T02:20:24Z","original_name":"新街口东","related_osm_ids":["node/1559415866"]}},{"type":"Feature","id":"node/1560691532","geometry":{"type":"Point","coordinates":[118.8077828,32.1129612]},"properties":{"osm_id":"node/1560691532","name":"南砖新村","named":true,"category":"transit","kind":"bus_stop","location_method":"OSM 节点","access":"未标注","source_date":"2026-09-12T02:20:24Z","original_name":"南砖新村","related_osm_ids":["node/1560691532"]}},{"type":"Feature","id":"node/1560691534","geometry":{"type":"Point","coordinates":[118.8145708,32.1248925]},"properties":{"osm_id":"node/1560691534","name":"城市绿洲","named":true,"category":"transit","kind":"bus_stop","location_method":"OSM 节点","access":"未标注","source_date":"2026-09-12T02:20:24Z","original_name":"城市绿洲","related_osm_ids":["node/1560691534"]}},{"type":"Feature","id":"node/1560691536","geometry":{"type":"Point","coordinates":[118.8108102,32.1163818]},"properties":{"osm_id":"node/1560691536","name":"晓庄","named":true,"category":"transit","kind":"bus_stop","location_method":"OSM 节点","access":"未标注","source_date":"2026-09-12T02:20:24Z","original_name":"晓庄","related_osm_ids":["node/1560691536"]}},{"type":"Feature","id":"node/1560691537","geometry":{"type":"Point","coordinates":[118.8131654,32.1207597]},"properties":{"osm_id":"node/1560691537","name":"晓庄广场","named":true,"category":"transit","kind":"bus_stop","location_method":"OSM 节点","access":"未标注","source_date":"2026-09-12T02:20:24Z","original_name":"晓庄广场","related_osm_ids":["node/1560691537"]}},{"type":"Feature","id":"node/1560691539","geometry":{"type":"Point","coordinates":[118.8043494,32.1064352]},"properties":{"osm_id":"node/1560691539","name":"迈皋桥广场","named":true,"category":"transit","kind":"bus_stop","location_method":"OSM 节点","access":"未标注","source_date":"2026-09-12T02:20:24Z","original_name":"迈皋桥广场","related_osm_ids":["node/1560691539"]}},{"type":"Feature","id":"node/1560705278","geometry":{"type":"Point","coordinates":[118.778731,32.0860569]},"properties":{"osm_id":"node/1560705278","name":"许府巷","named":true,"category":"transit","kind":"bus_stop","location_method":"OSM 节点","access":"未标注","source_date":"2026-09-12T02:20:24Z","original_name":"许府巷","related_osm_ids":["node/1560705278"]}},{"type":"Feature","id":"node/1560705281","geometry":{"type":"Point","coordinates":[118.7837374,32.0918692]},"properties":{"osm_id":"node/1560705281","name":"中央门东站","named":true,"category":"transit","kind":"bus_stop","location_method":"OSM 节点","access":"未标注","source_date":"2026-09-12T02:20:24Z","original_name":"中央门东站","related_osm_ids":["node/1560705281"]}},{"type":"Feature","id":"node/1560705282","geometry":{"type":"Point","coordinates":[118.7786929,32.0899044]},"properties":{"osm_id":"node/1560705282","name":"中央门南","named":true,"category":"transit","kind":"bus_stop","location_method":"OSM 节点","access":"未标注","source_date":"2026-09-12T02:20:24Z","original_name":"中央门南","related_osm_ids":["node/1560705282"]}},{"type":"Feature","id":"node/1560705284","geometry":{"type":"Point","coordinates":[118.7786227,32.0751204]},"properties":{"osm_id":"node/1560705284","name":"玄武湖公园","named":true,"category":"transit","kind":"bus_stop","location_method":"OSM 节点","access":"未标注","source_date":"2026-09-12T02:20:24Z","original_name":"玄武湖公园","related_osm_ids":["node/1560705284"]}},{"type":"Feature","id":"node/1560705286","geometry":{"type":"Point","coordinates":[118.7791599,32.0513224]},"properties":{"osm_id":"node/1560705286","name":"珠江路南站;赛百味","named":true,"category":"transit","kind":"fast_food","location_method":"OSM 节点","access":"未标注","source_date":"2026-09-12T02:20:24Z","original_name":"珠江路南站;赛百味","related_osm_ids":["node/1560705286"]}},{"type":"Feature","id":"node/1560705287","geometry":{"type":"Point","coordinates":[118.7786715,32.0624428]},"properties":{"osm_id":"node/1560705287","name":"中央路·鼓楼","named":true,"category":"transit","kind":"bus_stop","location_method":"OSM 节点","access":"未标注","source_date":"2026-09-12T02:20:24Z","original_name":"中央路·鼓楼","related_osm_ids":["node/1560705287"]}},{"type":"Feature","id":"node/1560705288","geometry":{"type":"Point","coordinates":[118.7787473,32.0594779]},"properties":{"osm_id":"node/1560705288","name":"鼓楼医院","named":true,"category":"transit","kind":"bus_stop","location_method":"OSM 节点","access":"未标注","source_date":"2026-09-12T02:20:24Z","original_name":"鼓楼医院","related_osm_ids":["node/1560705288"]}},{"type":"Feature","id":"node/1561635808","geometry":{"type":"Point","coordinates":[118.8438554,32.0463809]},"properties":{"osm_id":"node/1561635808","name":"博爱园","named":true,"category":"transit","kind":"bus_stop","location_method":"OSM 节点","access":"未标注","source_date":"2026-09-12T02:20:24Z","original_name":"博爱园","related_osm_ids":["node/1561635808"]}},{"type":"Feature","id":"node/1562115843","geometry":{"type":"Point","coordinates":[118.8008482,32.0421996]},"properties":{"osm_id":"node/1562115843","name":"西安门","named":true,"category":"transit","kind":"bus_stop","location_method":"OSM 节点","access":"未标注","source_date":"2026-09-12T02:20:24Z","original_name":"西安门","related_osm_ids":["node/1562115843","node/9164739503"]}},{"type":"Feature","id":"node/1562115862","geometry":{"type":"Point","coordinates":[118.8352299,32.0417963]},"properties":{"osm_id":"node/1562115862","name":"卫岗","named":true,"category":"transit","kind":"bus_stop","location_method":"OSM 节点","access":"未标注","source_date":"2026-09-12T02:20:24Z","original_name":"卫岗","related_osm_ids":["node/1562115862"]}},{"type":"Feature","id":"node/1562115863","geometry":{"type":"Point","coordinates":[118.8251527,32.0412101]},"properties":{"osm_id":"node/1562115863","name":"卫桥","named":true,"category":"transit","kind":"bus_stop","location_method":"OSM 节点","access":"未标注","source_date":"2026-09-12T02:20:24Z","original_name":"卫桥","related_osm_ids":["node/1562115863"]}},{"type":"Feature","id":"node/1562115865","geometry":{"type":"Point","coordinates":[118.7876543,32.0430901]},"properties":{"osm_id":"node/1562115865","name":"大行宫西","named":true,"category":"transit","kind":"bus_stop","location_method":"OSM 节点","access":"未标注","source_date":"2026-09-12T02:20:24Z","original_name":"大行宫西","related_osm_ids":["node/1562115865"]}},{"type":"Feature","id":"node/1562115867","geometry":{"type":"Point","coordinates":[118.7766556,32.0411335]},"properties":{"osm_id":"node/1562115867","name":"石鼓路新街口","named":true,"category":"transit","kind":"bus_stop","location_method":"OSM 节点","access":"未标注","source_date":"2026-09-12T02:20:24Z","original_name":"石鼓路新街口","related_osm_ids":["node/1562115867"]}},{"type":"Feature","id":"node/1562115868","geometry":{"type":"Point","coordinates":[118.8146141,32.0412691]},"properties":{"osm_id":"node/1562115868","name":"明故宫东","named":true,"category":"transit","kind":"bus_stop","location_method":"OSM 节点","access":"未标注","source_date":"2026-09-12T02:20:24Z","original_name":"明故宫东","related_osm_ids":["node/1562115868","node/1707482894"]}},{"type":"Feature","id":"node/1563161728","geometry":{"type":"Point","coordinates":[118.7693784,32.054768]},"properties":{"osm_id":"node/1563161728","name":"五台山北站","named":true,"category":"transit","kind":"bus_stop","location_method":"OSM 节点","access":"未标注","source_date":"2026-09-12T02:20:24Z","original_name":"五台山北站","related_osm_ids":["node/1563161728","node/1601311525"]}},{"type":"Feature","id":"node/1566643610","geometry":{"type":"Point","coordinates":[118.8451522,32.0387598]},"properties":{"osm_id":"node/1566643610","name":"元组食品 小卫街店","named":true,"category":"daily","kind":"confectionery","location_method":"OSM 节点","access":"未标注","source_date":"2026-09-12T02:20:24Z","original_name":"元组食品 小卫街店","related_osm_ids":["node/1566643610"]}},{"type":"Feature","id":"node/1575080592","geometry":{"type":"Point","coordinates":[118.8292849,32.0422068]},"properties":{"osm_id":"node/1575080592","name":"卫桥","named":true,"category":"transit","kind":"bus_stop","location_method":"OSM 节点","access":"未标注","source_date":"2026-09-12T02:20:24Z","original_name":"卫桥","related_osm_ids":["node/1575080592"]}},{"type":"Feature","id":"node/1583466658","geometry":{"type":"Point","coordinates":[118.7832292,32.0970656]},"properties":{"osm_id":"node/1583466658","name":"农业银行东门街分理处","named":true,"category":"daily","kind":"bank","location_method":"OSM 节点","access":"未标注","source_date":"2026-09-12T02:20:24Z","original_name":"农业银行东门街分理处","related_osm_ids":["node/1583466658"]}},{"type":"Feature","id":"node/1586845623","geometry":{"type":"Point","coordinates":[118.7700859,32.0808507]},"properties":{"osm_id":"node/1586845623","name":"南京工业大学丁家桥校区二食堂","named":true,"category":"daily","kind":"restaurant","location_method":"OSM 节点","access":"未标注","source_date":"2026-09-12T02:20:24Z","original_name":"南京工业大学丁家桥校区二食堂","related_osm_ids":["node/1586845623"]}},{"type":"Feature","id":"node/1596449650","geometry":{"type":"Point","coordinates":[118.7732907,32.0273423]},"properties":{"osm_id":"node/1596449650","name":"未命名交通点位","named":false,"category":"transit","kind":"bus_stop","location_method":"OSM 节点","access":"未标注","source_date":"2026-09-12T02:20:24Z","related_osm_ids":["node/1596449650"]}},{"type":"Feature","id":"node/1596449659","geometry":{"type":"Point","coordinates":[118.8397757,32.028558]},"properties":{"osm_id":"node/1596449659","name":"东苑北","named":true,"category":"transit","kind":"bus_stop","location_method":"OSM 节点","access":"未标注","source_date":"2026-09-12T02:20:24Z","original_name":"东苑北","related_osm_ids":["node/1596449659"]}},{"type":"Feature","id":"node/1596449676","geometry":{"type":"Point","coordinates":[118.7783244,32.0256072]},"properties":{"osm_id":"node/1596449676","name":"三山街","named":true,"category":"transit","kind":"bus_stop","location_method":"OSM 节点","access":"未标注","source_date":"2026-09-12T02:20:24Z","original_name":"三山街","related_osm_ids":["node/1596449676","node/1597813128"]}},{"type":"Feature","id":"node/1596449684","geometry":{"type":"Point","coordinates":[118.8362561,32.0413183]},"properties":{"osm_id":"node/1596449684","name":"中国建设银行","named":true,"category":"daily","kind":"bank","location_method":"OSM 节点","access":"未标注","source_date":"2026-09-12T02:20:24Z","original_name":"中国建设银行","related_osm_ids":["node/1596449684"]}},{"type":"Feature","id":"node/1596449703","geometry":{"type":"Point","coordinates":[118.7934764,32.027921]},"properties":{"osm_id":"node/1596449703","name":"建康路·大中桥","named":true,"category":"transit","kind":"bus_stop","location_method":"OSM 节点","access":"未标注","source_date":"2026-09-12T02:20:24Z","original_name":"建康路·大中桥","related_osm_ids":["node/1596449703"]}},{"type":"Feature","id":"node/1596449708","geometry":{"type":"Point","coordinates":[118.8292964,32.031193]},"properties":{"osm_id":"node/1596449708","name":"富丽山庄北门","named":true,"category":"transit","kind":"bus_stop","location_method":"OSM 节点","access":"未标注","source_date":"2026-09-12T02:20:24Z","original_name":"富丽山庄北门","related_osm_ids":["node/1596449708","node/1597813139"]}},{"type":"Feature","id":"node/1596449713","geometry":{"type":"Point","coordinates":[118.7738616,32.0441606]},"properties":{"osm_id":"node/1596449713","name":"新街口西站","named":true,"category":"transit","kind":"bus_stop","location_method":"OSM 节点","access":"未标注","source_date":"2026-09-12T02:20:24Z","original_name":"新街口西站","related_osm_ids":["node/1596449713","node/1712475668"]}},{"type":"Feature","id":"node/1596449735","geometry":{"type":"Point","coordinates":[118.8209151,32.0333737]},"properties":{"osm_id":"node/1596449735","name":"月牙湖","named":true,"category":"transit","kind":"bus_stop","location_method":"OSM 节点","access":"未标注","source_date":"2026-09-12T02:20:24Z","original_name":"月牙湖","related_osm_ids":["node/1596449735","node/1597813142"]}},{"type":"Feature","id":"node/1596449741","geometry":{"type":"Point","coordinates":[118.7689657,32.0367518]},"properties":{"osm_id":"node/1596449741","name":"朝天宫","named":true,"category":"transit","kind":"bus_stop","location_method":"OSM 节点","access":"未标注","source_date":"2026-09-12T02:20:24Z","original_name":"朝天宫","related_osm_ids":["node/1596449741","node/1597813143"]}},{"type":"Feature","id":"node/1596449746","geometry":{"type":"Point","coordinates":[118.8112892,32.0311882]},"properties":{"osm_id":"node/1596449746","name":"标营","named":true,"category":"transit","kind":"bus_stop","location_method":"OSM 节点","access":"未标注","source_date":"2026-09-12T02:20:24Z","original_name":"标营","related_osm_ids":["node/1596449746","node/1836139486"]}},{"type":"Feature","id":"node/1596449749","geometry":{"type":"Point","coordinates":[118.7680996,32.0300056]},"properties":{"osm_id":"node/1596449749","name":"水西门","named":true,"category":"transit","kind":"bus_stop","location_method":"OSM 节点","access":"未标注","source_date":"2026-09-12T02:20:24Z","original_name":"水西门","related_osm_ids":["node/1596449749","node/1597813144"]}},{"type":"Feature","id":"node/1596449751","geometry":{"type":"Point","coordinates":[118.813395,32.03384]},"properties":{"osm_id":"node/1596449751","name":"瑞金路东","named":true,"category":"transit","kind":"bus_stop","location_method":"OSM 节点","access":"未标注","source_date":"2026-09-12T02:20:24Z","original_name":"瑞金路东","related_osm_ids":["node/1596449751","node/1597813145"]}},{"type":"Feature","id":"node/1596449776","geometry":{"type":"Point","coordinates":[118.7700525,32.0411618]},"properties":{"osm_id":"node/1596449776","name":"莫愁路","named":true,"category":"transit","kind":"bus_stop","location_method":"OSM 节点","access":"未标注","source_date":"2026-09-12T02:20:24Z","original_name":"莫愁路","related_osm_ids":["node/1596449776"]}},{"type":"Feature","id":"node/1596449777","geometry":{"type":"Point","coordinates":[118.8386096,32.0314185]},"properties":{"osm_id":"node/1596449777","name":"钟山花园城","named":true,"category":"transit","kind":"bus_stop","location_method":"OSM 节点","access":"未标注","source_date":"2026-09-12T02:20:24Z","original_name":"钟山花园城","related_osm_ids":["node/1596449777","node/1597813148"]}},{"type":"Feature","id":"node/1596470584","geometry":{"type":"Point","coordinates":[118.8256203,32.120516]},"properties":{"osm_id":"node/1596470584","name":"大瓜园","named":true,"category":"transit","kind":"bus_stop","location_method":"OSM 节点","access":"未标注","source_date":"2026-09-12T02:20:24Z","original_name":"大瓜园","related_osm_ids":["node/1596470584","node/1596470597"]}},{"type":"Feature","id":"node/1596476821","geometry":{"type":"Point","coordinates":[118.8122123,32.1176739]},"properties":{"osm_id":"node/1596476821","name":"晓庄","named":true,"category":"transit","kind":"bus_stop","location_method":"OSM 节点","access":"未标注","source_date":"2026-09-12T02:20:24Z","original_name":"晓庄","related_osm_ids":["node/1596476821"]}},{"type":"Feature","id":"node/1597813122","geometry":{"type":"Point","coordinates":[118.7724398,32.0274746]},"properties":{"osm_id":"node/1597813122","name":"未命名交通点位","named":false,"category":"transit","kind":"bus_stop","location_method":"OSM 节点","access":"未标注","source_date":"2026-09-12T02:20:24Z","related_osm_ids":["node/1597813122"]}},{"type":"Feature","id":"node/1597813126","geometry":{"type":"Point","coordinates":[118.7982471,32.0278782]},"properties":{"osm_id":"node/1597813126","name":"通济门","named":true,"category":"transit","kind":"bus_stop","location_method":"OSM 节点","access":"未标注","source_date":"2026-09-12T02:20:24Z","original_name":"通济门","related_osm_ids":["node/1597813126"]}},{"type":"Feature","id":"node/1597813127","geometry":{"type":"Point","coordinates":[118.7676006,32.033973]},"properties":{"osm_id":"node/1597813127","name":"中国邮政","named":true,"category":"daily","kind":"post_office","location_method":"OSM 节点","access":"未标注","source_date":"2026-09-12T02:20:24Z","original_name":"中国邮政","related_osm_ids":["node/1597813127"]}},{"type":"Feature","id":"node/1597813130","geometry":{"type":"Point","coordinates":[118.7930982,32.0273934]},"properties":{"osm_id":"node/1597813130","name":"大中桥","named":true,"category":"transit","kind":"bus_stop","location_method":"OSM 节点","access":"未标注","source_date":"2026-09-12T02:20:24Z","original_name":"大中桥","related_osm_ids":["node/1597813130"]}},{"type":"Feature","id":"node/1597813136","geometry":{"type":"Point","coordinates":[118.7848934,32.0255303]},"properties":{"osm_id":"node/1597813136","name":"夫子庙","named":true,"category":"transit","kind":"bus_stop","location_method":"OSM 节点","access":"未标注","source_date":"2026-09-12T02:20:24Z","original_name":"夫子庙","related_osm_ids":["node/1597813136","node/1836172122","node/1960309983"]}},{"type":"Feature","id":"node/1597813140","geometry":{"type":"Point","coordinates":[118.8454974,32.0371099]},"properties":{"osm_id":"node/1597813140","name":"小卫街东","named":true,"category":"transit","kind":"bus_stop","location_method":"OSM 节点","access":"未标注","source_date":"2026-09-12T02:20:24Z","original_name":"小卫街东","related_osm_ids":["node/1597813140","node/1597813141"]}},{"type":"Feature","id":"node/1597813146","geometry":{"type":"Point","coordinates":[118.8457105,32.0321027]},"properties":{"osm_id":"node/1597813146","name":"胜利村路","named":true,"category":"transit","kind":"bus_stop","location_method":"OSM 节点","access":"未标注","source_date":"2026-09-12T02:20:24Z","original_name":"胜利村路","related_osm_ids":["node/1597813146","node/1597813147"]}},{"type":"Feature","id":"node/1597813149","geometry":{"type":"Point","coordinates":[118.8442955,32.031089]},"properties":{"osm_id":"node/1597813149","name":"长巷","named":true,"category":"transit","kind":"bus_stop","location_method":"OSM 节点","access":"未标注","source_date":"2026-09-12T02:20:24Z","original_name":"长巷","related_osm_ids":["node/1597813149","node/1597813150"]}},{"type":"Feature","id":"node/1597815755","geometry":{"type":"Point","coordinates":[118.7714326,32.0432416]},"properties":{"osm_id":"node/1597815755","name":"石鼓路","named":true,"category":"transit","kind":"bus_stop","location_method":"OSM 节点","access":"未标注","source_date":"2026-09-12T02:20:24Z","original_name":"石鼓路","related_osm_ids":["node/1597815755"]}},{"type":"Feature","id":"node/1597815756","geometry":{"type":"Point","coordinates":[118.770741,32.0416766]},"properties":{"osm_id":"node/1597815756","name":"莫愁路","named":true,"category":"transit","kind":"bus_stop","location_method":"OSM 节点","access":"未标注","source_date":"2026-09-12T02:20:24Z","original_name":"莫愁路","related_osm_ids":["node/1597815756"]}},{"type":"Feature","id":"node/1597816761","geometry":{"type":"Point","coordinates":[118.8395706,32.0284543]},"properties":{"osm_id":"node/1597816761","name":"东苑北站","named":true,"category":"transit","kind":"bus_stop","location_method":"OSM 节点","access":"未标注","source_date":"2026-09-12T02:20:24Z","original_name":"东苑北站","related_osm_ids":["node/1597816761"]}},{"type":"Feature","id":"node/1599036658","geometry":{"type":"Point","coordinates":[118.8277409,32.0529117]},"properties":{"osm_id":"node/1599036658","name":"中山植物园","named":true,"category":"transit","kind":"bus_stop","location_method":"OSM 节点","access":"未标注","source_date":"2026-09-12T02:20:24Z","original_name":"中山植物园","related_osm_ids":["node/1599036658"]}},{"type":"Feature","id":"node/1599036659","geometry":{"type":"Point","coordinates":[118.828331,32.0503578]},"properties":{"osm_id":"node/1599036659","name":"明孝陵","named":true,"category":"transit","kind":"bus_stop","location_method":"OSM 节点","access":"未标注","source_date":"2026-09-12T02:20:24Z","original_name":"明孝陵","related_osm_ids":["node/1599036659"]}},{"type":"Feature","id":"node/1599036660","geometry":{"type":"Point","coordinates":[118.8302028,32.0505695]},"properties":{"osm_id":"node/1599036660","name":"明孝陵","named":true,"category":"transit","kind":"bus_stop","location_method":"OSM 节点","access":"未标注","source_date":"2026-09-12T02:20:24Z","original_name":"明孝陵","related_osm_ids":["node/1599036660"]}},{"type":"Feature","id":"node/1599036661","geometry":{"type":"Point","coordinates":[118.8183053,32.0597482]},"properties":{"osm_id":"node/1599036661","name":"紫金山索道","named":true,"category":"transit","kind":"bus_stop","location_method":"OSM 节点","access":"未标注","source_date":"2026-09-12T02:20:24Z","original_name":"紫金山索道","related_osm_ids":["node/1599036661"]}},{"type":"Feature","id":"node/1599036662","geometry":{"type":"Point","coordinates":[118.8176665,32.0602653]},"properties":{"osm_id":"node/1599036662","name":"紫金山索道","named":true,"category":"transit","kind":"bus_stop","location_method":"OSM 节点","access":"未标注","source_date":"2026-09-12T02:20:24Z","original_name":"紫金山索道","related_osm_ids":["node/1599036662"]}},{"type":"Feature","id":"node/1599053943","geometry":{"type":"Point","coordinates":[118.8680269,32.0308599]},"properties":{"osm_id":"node/1599053943","name":"五百户西站","named":true,"category":"transit","kind":"bus_stop","location_method":"OSM 节点","access":"未标注","source_date":"2026-09-12T02:20:24Z","original_name":"五百户西站","related_osm_ids":["node/1599053943"]}},{"type":"Feature","id":"node/1599563616","geometry":{"type":"Point","coordinates":[118.7943529,32.0170251]},"properties":{"osm_id":"node/1599563616","name":"节制闸路","named":true,"category":"transit","kind":"bus_stop","location_method":"OSM 节点","access":"未标注","source_date":"2026-09-12T02:20:24Z","original_name":"节制闸路","related_osm_ids":["node/1599563616"]}},{"type":"Feature","id":"node/1599564127","geometry":{"type":"Point","coordinates":[118.7977823,32.0149758]},"properties":{"osm_id":"node/1599564127","name":"秦虹西站","named":true,"category":"transit","kind":"bus_stop","location_method":"OSM 节点","access":"未标注","source_date":"2026-09-12T02:20:24Z","original_name":"秦虹西站","related_osm_ids":["node/1599564127"]}},{"type":"Feature","id":"node/1599566505","geometry":{"type":"Point","coordinates":[118.8025122,32.0159781]},"properties":{"osm_id":"node/1599566505","name":"秦虹小区","named":true,"category":"transit","kind":"bus_stop","location_method":"OSM 节点","access":"未标注","source_date":"2026-09-12T02:20:24Z","original_name":"秦虹小区","related_osm_ids":["node/1599566505"]}},{"type":"Feature","id":"node/1599568030","geometry":{"type":"Point","coordinates":[118.8057221,32.0141815]},"properties":{"osm_id":"node/1599568030","name":"马家圩","named":true,"category":"transit","kind":"bus_stop","location_method":"OSM 节点","access":"未标注","source_date":"2026-09-12T02:20:24Z","original_name":"马家圩","related_osm_ids":["node/1599568030"]}},{"type":"Feature","id":"node/1601311519","geometry":{"type":"Point","coordinates":[118.7716918,32.0468162]},"properties":{"osm_id":"node/1601311519","name":"五台山","named":true,"category":"transit","kind":"bus_stop","location_method":"OSM 节点","access":"未标注","source_date":"2026-09-12T02:20:24Z","original_name":"五台山","related_osm_ids":["node/1601311519"]}},{"type":"Feature","id":"node/1601311569","geometry":{"type":"Point","coordinates":[118.7618873,32.0425639]},"properties":{"osm_id":"node/1601311569","name":"汉中商场","named":true,"category":"transit","kind":"bus_stop","location_method":"OSM 节点","access":"未标注","source_date":"2026-09-12T02:20:24Z","original_name":"汉中商场","related_osm_ids":["node/1601311569"]}},{"type":"Feature","id":"node/1601311578","geometry":{"type":"Point","coordinates":[118.7623635,32.044803]},"properties":{"osm_id":"node/1601311578","name":"汉中门","named":true,"category":"transit","kind":"bus_stop","location_method":"OSM 节点","access":"未标注","source_date":"2026-09-12T02:20:24Z","original_name":"汉中门","related_osm_ids":["node/1601311578","node/1602339131","node/9164739507"]}},{"type":"Feature","id":"node/1601311582","geometry":{"type":"Point","coordinates":[118.7699553,32.0443659]},"properties":{"osm_id":"node/1601311582","name":"莫愁路","named":true,"category":"transit","kind":"bus_stop","location_method":"OSM 节点","access":"未标注","source_date":"2026-09-12T02:20:24Z","original_name":"莫愁路","related_osm_ids":["node/1601311582","node/1602339148"]}},{"type":"Feature","id":"node/1602308418","geometry":{"type":"Point","coordinates":[118.7665658,32.0560426]},"properties":{"osm_id":"node/1602308418","name":"中国邮政储蓄银行 宁海路营业所","named":true,"category":"daily","kind":"bank","location_method":"OSM 节点","access":"未标注","source_date":"2026-09-12T02:20:24Z","original_name":"中国邮政储蓄银行 宁海路营业所","related_osm_ids":["node/1602308418"]}},{"type":"Feature","id":"node/1602308433","geometry":{"type":"Point","coordinates":[118.7666047,32.0557817]},"properties":{"osm_id":"node/1602308433","name":"莎莉文 宁海店","named":true,"category":"daily","kind":"confectionery","location_method":"OSM 节点","access":"未标注","source_date":"2026-09-12T02:20:24Z","original_name":"莎莉文 宁海店","related_osm_ids":["node/1602308433"]}},{"type":"Feature","id":"node/1602339122","geometry":{"type":"Point","coordinates":[118.7713427,32.0481635]},"properties":{"osm_id":"node/1602339122","name":"五台山","named":true,"category":"transit","kind":"bus_stop","location_method":"OSM 节点","access":"未标注","source_date":"2026-09-12T02:20:24Z","original_name":"五台山","related_osm_ids":["node/1602339122"]}},{"type":"Feature","id":"node/1602339128","geometry":{"type":"Point","coordinates":[118.7620055,32.0414273]},"properties":{"osm_id":"node/1602339128","name":"汉中商场","named":true,"category":"transit","kind":"bus_stop","location_method":"OSM 节点","access":"未标注","source_date":"2026-09-12T02:20:24Z","original_name":"汉中商场","related_osm_ids":["node/1602339128"]}},{"type":"Feature","id":"node/1602345498","geometry":{"type":"Point","coordinates":[118.7646395,32.0338381]},"properties":{"osm_id":"node/1602345498","name":"水西门","named":true,"category":"transit","kind":"bus_stop","location_method":"OSM 节点","access":"未标注","source_date":"2026-09-12T02:20:24Z","original_name":"水西门","related_osm_ids":["node/1602345498"]}},{"type":"Feature","id":"node/1602345509","geometry":{"type":"Point","coordinates":[118.7641231,32.0348546]},"properties":{"osm_id":"node/1602345509","name":"水西门","named":true,"category":"transit","kind":"bus_stop","location_method":"OSM 节点","access":"未标注","source_date":"2026-09-12T02:20:24Z","original_name":"水西门","related_osm_ids":["node/1602345509"]}},{"type":"Feature","id":"node/1602345516","geometry":{"type":"Point","coordinates":[118.7629443,32.0394574]},"properties":{"osm_id":"node/1602345516","name":"涵洞口","named":true,"category":"transit","kind":"bus_stop","location_method":"OSM 节点","access":"未标注","source_date":"2026-09-12T02:20:24Z","original_name":"涵洞口","related_osm_ids":["node/1602345516"]}},{"type":"Feature","id":"node/1602345521","geometry":{"type":"Point","coordinates":[118.762935,32.0404709]},"properties":{"osm_id":"node/1602345521","name":"涵洞口","named":true,"category":"transit","kind":"bus_stop","location_method":"OSM 节点","access":"未标注","source_date":"2026-09-12T02:20:24Z","original_name":"涵洞口","related_osm_ids":["node/1602345521"]}},{"type":"Feature","id":"node/1602370478","geometry":{"type":"Point","coordinates":[118.7721236,32.0519011]},"properties":{"osm_id":"node/1602370478","name":"广州路邮政支局","named":true,"category":"daily","kind":"post_office","location_method":"OSM 节点","access":"未标注","source_date":"2026-09-12T02:20:24Z","original_name":"广州路邮政支局","related_osm_ids":["node/1602370478"]}},{"type":"Feature","id":"node/1602370479","geometry":{"type":"Point","coordinates":[118.8033766,32.1050038]},"properties":{"osm_id":"node/1602370479","name":"邮政储蓄","named":true,"category":"daily","kind":"post_office","location_method":"OSM 节点","access":"未标注","source_date":"2026-09-12T02:20:24Z","original_name":"邮政储蓄","related_osm_ids":["node/1602370479"]}},{"type":"Feature","id":"node/1603142969","geometry":{"type":"Point","coordinates":[118.8045652,32.1041386]},"properties":{"osm_id":"node/1603142969","name":"红山路","named":true,"category":"transit","kind":"bus_stop","location_method":"OSM 节点","access":"未标注","source_date":"2026-09-12T02:20:24Z","original_name":"红山路","related_osm_ids":["node/1603142969","node/1836165883"]}},{"type":"Feature","id":"node/1603172878","geometry":{"type":"Point","coordinates":[118.8039605,32.0913415]},"properties":{"osm_id":"node/1603172878","name":"红山路·华跃路","named":true,"category":"transit","kind":"bus_stop","location_method":"OSM 节点","access":"未标注","source_date":"2026-09-12T02:20:24Z","original_name":"红山路·华跃路","related_osm_ids":["node/1603172878","node/1836165855"]}},{"type":"Feature","id":"node/1603172893","geometry":{"type":"Point","coordinates":[118.8040113,32.0874748]},"properties":{"osm_id":"node/1603172893","name":"曹后村","named":true,"category":"transit","kind":"bus_stop","location_method":"OSM 节点","access":"未标注","source_date":"2026-09-12T02:20:24Z","original_name":"曹后村","related_osm_ids":["node/1603172893","node/1836165861"]}},{"type":"Feature","id":"node/1603172897","geometry":{"type":"Point","coordinates":[118.7977245,32.0835824]},"properties":{"osm_id":"node/1603172897","name":"龙蟠路·南京站东","named":true,"category":"transit","kind":"bus_stop","location_method":"OSM 节点","access":"未标注","source_date":"2026-09-12T02:20:24Z","original_name":"龙蟠路·南京站东","related_osm_ids":["node/1603172897"]}},{"type":"Feature","id":"node/1603174706","geometry":{"type":"Point","coordinates":[118.8038327,32.0813975]},"properties":{"osm_id":"node/1603174706","name":"新庄广场北","named":true,"category":"transit","kind":"bus_stop","location_method":"OSM 节点","access":"未标注","source_date":"2026-09-12T02:20:24Z","original_name":"新庄广场北","related_osm_ids":["node/1603174706"]}},{"type":"Feature","id":"node/1604387037","geometry":{"type":"Point","coordinates":[118.8358459,32.0421818]},"properties":{"osm_id":"node/1604387037","name":"苏果超市卫岗前话社区店","named":true,"category":"daily","kind":"supermarket","location_method":"OSM 节点","access":"未标注","source_date":"2026-09-12T02:20:24Z","original_name":"苏果超市卫岗前话社区店","related_osm_ids":["node/1604387037"]}},{"type":"Feature","id":"node/1604417528","geometry":{"type":"Point","coordinates":[118.8456818,32.0396623]},"properties":{"osm_id":"node/1604417528","name":"肯德基","named":true,"category":"daily","kind":"fast_food","location_method":"OSM 节点","access":"未标注","source_date":"2026-09-12T02:20:24Z","original_name":"肯德基","related_osm_ids":["node/1604417528"]}},{"type":"Feature","id":"node/1604417538","geometry":{"type":"Point","coordinates":[118.7681473,32.0569257]},"properties":{"osm_id":"node/1604417538","name":"苏果超市","named":true,"category":"daily","kind":"supermarket","location_method":"OSM 节点","access":"未标注","source_date":"2026-09-12T02:20:24Z","original_name":"苏果超市","related_osm_ids":["node/1604417538"]}},{"type":"Feature","id":"node/1604417541","geometry":{"type":"Point","coordinates":[118.8455079,32.0397546]},"properties":{"osm_id":"node/1604417541","name":"蓝湾咖啡","named":true,"category":"daily","kind":"cafe","location_method":"OSM 节点","access":"未标注","source_date":"2026-09-12T02:20:24Z","original_name":"蓝湾咖啡","related_osm_ids":["node/1604417541"]}},{"type":"Feature","id":"node/1604422595","geometry":{"type":"Point","coordinates":[118.7674747,32.0564715]},"properties":{"osm_id":"node/1604422595","name":"中国工商银行","named":true,"category":"daily","kind":"bank","location_method":"OSM 节点","access":"未标注","source_date":"2026-09-12T02:20:24Z","original_name":"中国工商银行","related_osm_ids":["node/1604422595"]}},{"type":"Feature","id":"node/1604425696","geometry":{"type":"Point","coordinates":[118.7711087,32.0527802]},"properties":{"osm_id":"node/1604425696","name":"蓝湾咖啡","named":true,"category":"daily","kind":"cafe","location_method":"OSM 节点","access":"未标注","source_date":"2026-09-12T02:20:24Z","original_name":"蓝湾咖啡","related_osm_ids":["node/1604425696"]}},{"type":"Feature","id":"node/1604655162","geometry":{"type":"Point","coordinates":[118.8011727,32.0037243]},"properties":{"osm_id":"node/1604655162","name":"苏果社区店","named":true,"category":"daily","kind":"supermarket","location_method":"OSM 节点","access":"未标注","source_date":"2026-09-12T02:20:24Z","original_name":"苏果社区店","related_osm_ids":["node/1604655162"]}},{"type":"Feature","id":"node/1606254338","geometry":{"type":"Point","coordinates":[118.7900056,32.034347]},"properties":{"osm_id":"node/1606254338","name":"太平巷幼儿园","named":true,"category":"education","kind":"kindergarten","location_method":"OSM 节点","access":"未标注","source_date":"2026-09-12T02:20:24Z","original_name":"太平巷幼儿园","related_osm_ids":["node/1606254338"]}},{"type":"Feature","id":"node/1607546110","geometry":{"type":"Point","coordinates":[118.7608683,32.0812298]},"properties":{"osm_id":"node/1607546110","name":"三牌楼","named":true,"category":"transit","kind":"bus_stop","location_method":"OSM 节点","access":"未标注","source_date":"2026-09-12T02:20:24Z","original_name":"三牌楼","related_osm_ids":["node/1607546110"]}},{"type":"Feature","id":"node/1607546116","geometry":{"type":"Point","coordinates":[118.7664498,32.0938952]},"properties":{"osm_id":"node/1607546116","name":"城河村","named":true,"category":"transit","kind":"bus_stop","location_method":"OSM 节点","access":"未标注","source_date":"2026-09-12T02:20:24Z","original_name":"城河村","related_osm_ids":["node/1607546116"]}},{"type":"Feature","id":"node/1607546119","geometry":{"type":"Point","coordinates":[118.7697298,32.0687165]},"properties":{"osm_id":"node/1607546119","name":"山西路","named":true,"category":"transit","kind":"bus_stop","location_method":"OSM 节点","access":"未标注","source_date":"2026-09-12T02:20:24Z","original_name":"山西路","related_osm_ids":["node/1607546119"]}},{"type":"Feature","id":"node/1607546125","geometry":{"type":"Point","coordinates":[118.761584,32.0883624]},"properties":{"osm_id":"node/1607546125","name":"新门口","named":true,"category":"transit","kind":"bus_stop","location_method":"OSM 节点","access":"未标注","source_date":"2026-09-12T02:20:24Z","original_name":"新门口","related_osm_ids":["node/1607546125"]}},{"type":"Feature","id":"node/1607546139","geometry":{"type":"Point","coordinates":[118.7715285,32.0928499]},"properties":{"osm_id":"node/1607546139","name":"金桥市场","named":true,"category":"transit","kind":"bus_stop","location_method":"OSM 节点","access":"未标注","source_date":"2026-09-12T02:20:24Z","original_name":"金桥市场","related_osm_ids":["node/1607546139"]}},{"type":"Feature","id":"node/1607546141","geometry":{"type":"Point","coordinates":[118.7640057,32.0903699]},"properties":{"osm_id":"node/1607546141","name":"钟阜路","named":true,"category":"transit","kind":"bus_stop","location_method":"OSM 节点","access":"未标注","source_date":"2026-09-12T02:20:24Z","original_name":"钟阜路","related_osm_ids":["node/1607546141"]}},{"type":"Feature","id":"node/1607565808","geometry":{"type":"Point","coordinates":[118.769002,32.0597764]},"properties":{"osm_id":"node/1607565808","name":"云南路","named":true,"category":"transit","kind":"bus_stop","location_method":"OSM 节点","access":"未标注","source_date":"2026-09-12T02:20:24Z","original_name":"云南路","related_osm_ids":["node/1607565808"]}},{"type":"Feature","id":"node/1607565820","geometry":{"type":"Point","coordinates":[118.770291,32.0653537]},"properties":{"osm_id":"node/1607565820","name":"大方巷","named":true,"category":"transit","kind":"bus_stop","location_method":"OSM 节点","access":"未标注","source_date":"2026-09-12T02:20:24Z","original_name":"大方巷","related_osm_ids":["node/1607565820"]}},{"type":"Feature","id":"node/1607572305","geometry":{"type":"Point","coordinates":[118.8627445,32.0330515]},"properties":{"osm_id":"node/1607572305","name":"双拜岗","named":true,"category":"transit","kind":"bus_stop","location_method":"OSM 节点","access":"未标注","source_date":"2026-09-12T02:20:24Z","original_name":"双拜岗","related_osm_ids":["node/1607572305"]}},{"type":"Feature","id":"node/1607572306","geometry":{"type":"Point","coordinates":[118.859042,32.0352736]},"properties":{"osm_id":"node/1607572306","name":"晏公庙","named":true,"category":"transit","kind":"bus_stop","location_method":"OSM 节点","access":"未标注","source_date":"2026-09-12T02:20:24Z","original_name":"晏公庙","related_osm_ids":["node/1607572306","node/1607572307"]}},{"type":"Feature","id":"node/1607572308","geometry":{"type":"Point","coordinates":[118.8600618,32.0331172]},"properties":{"osm_id":"node/1607572308","name":"双拜岗西站","named":true,"category":"transit","kind":"bus_stop","location_method":"OSM 节点","access":"未标注","source_date":"2026-09-12T02:20:24Z","original_name":"双拜岗西站","related_osm_ids":["node/1607572308","node/1607572309"]}},{"type":"Feature","id":"node/1607572310","geometry":{"type":"Point","coordinates":[118.8670764,32.0313661]},"properties":{"osm_id":"node/1607572310","name":"双拜岗东站","named":true,"category":"transit","kind":"bus_stop","location_method":"OSM 节点","access":"未标注","source_date":"2026-09-12T02:20:24Z","original_name":"双拜岗东站","related_osm_ids":["node/1607572310","node/1607572311"]}},{"type":"Feature","id":"node/1607572313","geometry":{"type":"Point","coordinates":[118.8549775,32.037767]},"properties":{"osm_id":"node/1607572313","name":"孝陵卫","named":true,"category":"transit","kind":"bus_stop","location_method":"OSM 节点","access":"未标注","source_date":"2026-09-12T02:20:24Z","original_name":"孝陵卫","related_osm_ids":["node/1607572313"]}},{"type":"Feature","id":"node/1608071471","geometry":{"type":"Point","coordinates":[118.7985653,32.0493454]},"properties":{"osm_id":"node/1608071471","name":"中国工商银行小营支行","named":true,"category":"daily","kind":"bank","location_method":"OSM 节点","access":"未标注","source_date":"2026-09-12T02:20:24Z","original_name":"中国工商银行小营支行","related_osm_ids":["node/1608071471"]}},{"type":"Feature","id":"node/1608071473","geometry":{"type":"Point","coordinates":[118.7987063,32.0492906]},"properties":{"osm_id":"node/1608071473","name":"克莉丝订","named":true,"category":"daily","kind":"confectionery","location_method":"OSM 节点","access":"未标注","source_date":"2026-09-12T02:20:24Z","original_name":"克莉丝订","related_osm_ids":["node/1608071473"]}},{"type":"Feature","id":"node/1608071491","geometry":{"type":"Point","coordinates":[118.7996149,32.0489156]},"properties":{"osm_id":"node/1608071491","name":"小营","named":true,"category":"transit","kind":"bus_stop","location_method":"OSM 节点","access":"未标注","source_date":"2026-09-12T02:20:24Z","original_name":"小营","related_osm_ids":["node/1608071491"]}},{"type":"Feature","id":"node/1608071498","geometry":{"type":"Point","coordinates":[118.7969136,32.0493093]},"properties":{"osm_id":"node/1608071498","name":"小营","named":true,"category":"transit","kind":"bus_stop","location_method":"OSM 节点","access":"未标注","source_date":"2026-09-12T02:20:24Z","original_name":"小营","related_osm_ids":["node/1608071498"]}},{"type":"Feature","id":"node/1608071505","geometry":{"type":"Point","coordinates":[118.7973725,32.0491785]},"properties":{"osm_id":"node/1608071505","name":"江苏银行珠江路支行","named":true,"category":"daily","kind":"bank","location_method":"OSM 节点","access":"未标注","source_date":"2026-09-12T02:20:24Z","original_name":"江苏银行珠江路支行","related_osm_ids":["node/1608071505"]}},{"type":"Feature","id":"node/1608071506","geometry":{"type":"Point","coordinates":[118.7957362,32.0494322]},"properties":{"osm_id":"node/1608071506","name":"85度珠江二店","named":true,"category":"daily","kind":"bakery","location_method":"OSM 节点","access":"未标注","source_date":"2026-09-12T02:20:24Z","original_name":"85度珠江二店","related_osm_ids":["node/1608071506"]}},{"type":"Feature","id":"node/1608079740","geometry":{"type":"Point","coordinates":[118.7745918,32.0519764]},"properties":{"osm_id":"node/1608079740","name":"儿童医院","named":true,"category":"transit","kind":"bus_stop","location_method":"OSM 节点","access":"未标注","source_date":"2026-09-12T02:20:24Z","original_name":"儿童医院","related_osm_ids":["node/1608079740"]}},{"type":"Feature","id":"node/1608079741","geometry":{"type":"Point","coordinates":[118.7735927,32.0522843]},"properties":{"osm_id":"node/1608079741","name":"儿童医院","named":true,"category":"transit","kind":"bus_stop","location_method":"OSM 节点","access":"未标注","source_date":"2026-09-12T02:20:24Z","original_name":"儿童医院","related_osm_ids":["node/1608079741"]}},{"type":"Feature","id":"node/1608079742","geometry":{"type":"Point","coordinates":[118.7649749,32.05207]},"properties":{"osm_id":"node/1608079742","name":"广州路","named":true,"category":"transit","kind":"bus_stop","location_method":"OSM 节点","access":"未标注","source_date":"2026-09-12T02:20:24Z","original_name":"广州路","related_osm_ids":["node/1608079742"]}},{"type":"Feature","id":"node/1608079743","geometry":{"type":"Point","coordinates":[118.7653953,32.0530547]},"properties":{"osm_id":"node/1608079743","name":"广州路","named":true,"category":"transit","kind":"bus_stop","location_method":"OSM 节点","access":"未标注","source_date":"2026-09-12T02:20:24Z","original_name":"广州路","related_osm_ids":["node/1608079743"]}},{"type":"Feature","id":"node/1608079744","geometry":{"type":"Point","coordinates":[118.7940865,32.0498092]},"properties":{"osm_id":"node/1608079744","name":"浮桥","named":true,"category":"transit","kind":"bus_stop","location_method":"OSM 节点","access":"未标注","source_date":"2026-09-12T02:20:24Z","original_name":"浮桥","related_osm_ids":["node/1608079744"]}},{"type":"Feature","id":"node/1608079745","geometry":{"type":"Point","coordinates":[118.7891474,32.0509705]},"properties":{"osm_id":"node/1608079745","name":"浮桥","named":true,"category":"transit","kind":"bus_stop","location_method":"OSM 节点","access":"未标注","source_date":"2026-09-12T02:20:24Z","original_name":"浮桥","related_osm_ids":["node/1608079745"]}},{"type":"Feature","id":"node/1608079746","geometry":{"type":"Point","coordinates":[118.78056,32.0521508]},"properties":{"osm_id":"node/1608079746","name":"珠江路","named":true,"category":"transit","kind":"bus_stop","location_method":"OSM 节点","access":"未标注","source_date":"2026-09-12T02:20:24Z","original_name":"珠江路","related_osm_ids":["node/1608079746"]}},{"type":"Feature","id":"node/1608079747","geometry":{"type":"Point","coordinates":[118.7785194,32.0524462]},"properties":{"osm_id":"node/1608079747","name":"珠江路","named":true,"category":"transit","kind":"bus_stop","location_method":"OSM 节点","access":"未标注","source_date":"2026-09-12T02:20:24Z","original_name":"珠江路","related_osm_ids":["node/1608079747"]}},{"type":"Feature","id":"node/1608079748","geometry":{"type":"Point","coordinates":[118.7854604,32.0520014]},"properties":{"osm_id":"node/1608079748","name":"珠江路小学","named":true,"category":"education","kind":"school","location_method":"OSM 节点","access":"未标注","source_date":"2026-09-12T02:20:24Z","original_name":"珠江路小学","related_osm_ids":["node/1608079748"]}},{"type":"Feature","id":"node/1608079749","geometry":{"type":"Point","coordinates":[118.7857013,32.0514701]},"properties":{"osm_id":"node/1608079749","name":"莲花桥","named":true,"category":"transit","kind":"bus_stop","location_method":"OSM 节点","access":"未标注","source_date":"2026-09-12T02:20:24Z","original_name":"莲花桥","related_osm_ids":["node/1608079749"]}},{"type":"Feature","id":"node/1608079750","geometry":{"type":"Point","coordinates":[118.7832073,32.0519991]},"properties":{"osm_id":"node/1608079750","name":"莲花桥","named":true,"category":"transit","kind":"bus_stop","location_method":"OSM 节点","access":"未标注","source_date":"2026-09-12T02:20:24Z","original_name":"莲花桥","related_osm_ids":["node/1608079750"]}},{"type":"Feature","id":"node/1608079751","geometry":{"type":"Point","coordinates":[118.7694961,32.0529434]},"properties":{"osm_id":"node/1608079751","name":"随家仓","named":true,"category":"transit","kind":"bus_stop","location_method":"OSM 节点","access":"未标注","source_date":"2026-09-12T02:20:24Z","original_name":"随家仓","related_osm_ids":["node/1608079751"]}},{"type":"Feature","id":"node/1608079752","geometry":{"type":"Point","coordinates":[118.767388,32.0532336]},"properties":{"osm_id":"node/1608079752","name":"随家仓","named":true,"category":"transit","kind":"bus_stop","location_method":"OSM 节点","access":"未标注","source_date":"2026-09-12T02:20:24Z","original_name":"随家仓","related_osm_ids":["node/1608079752","way/147224030"]}},{"type":"Feature","id":"node/1608079753","geometry":{"type":"Point","coordinates":[118.7851142,32.0514748]},"properties":{"osm_id":"node/1608079753","name":"85度珠江店","named":true,"category":"daily","kind":"bakery","location_method":"OSM 节点","access":"未标注","source_date":"2026-09-12T02:20:24Z","original_name":"85度珠江店","related_osm_ids":["node/1608079753"]}},{"type":"Feature","id":"node/1608084342","geometry":{"type":"Point","coordinates":[118.760892,32.0494464]},"properties":{"osm_id":"node/1608084342","name":"省人民医院","named":true,"category":"transit","kind":"bus_stop","location_method":"OSM 节点","access":"未标注","source_date":"2026-09-12T02:20:24Z","original_name":"省人民医院","related_osm_ids":["node/1608084342"]}},{"type":"Feature","id":"node/1608084343","geometry":{"type":"Point","coordinates":[118.7618412,32.0497091]},"properties":{"osm_id":"node/1608084343","name":"省人民医院","named":true,"category":"transit","kind":"bus_stop","location_method":"OSM 节点","access":"未标注","source_date":"2026-09-12T02:20:24Z","original_name":"省人民医院","related_osm_ids":["node/1608084343"]}},{"type":"Feature","id":"node/1608093031","geometry":{"type":"Point","coordinates":[118.7725745,32.0492508]},"properties":{"osm_id":"node/1608093031","name":"北京银行","named":true,"category":"daily","kind":"bank","location_method":"OSM 节点","access":"未标注","source_date":"2026-09-12T02:20:24Z","original_name":"北京银行","related_osm_ids":["node/1608093031"]}},{"type":"Feature","id":"node/1617368142","geometry":{"type":"Point","coordinates":[118.7913407,32.0080493]},"properties":{"osm_id":"node/1617368142","name":"双桥门","named":true,"category":"transit","kind":"bus_stop","location_method":"OSM 节点","access":"未标注","source_date":"2026-09-12T02:20:24Z","original_name":"双桥门","related_osm_ids":["node/1617368142"]}},{"type":"Feature","id":"node/1617409411","geometry":{"type":"Point","coordinates":[118.7600861,32.1139565]},"properties":{"osm_id":"node/1617409411","name":"金陵小区","named":true,"category":"transit","kind":"bus_stop","location_method":"OSM 节点","access":"未标注","source_date":"2026-09-12T02:20:24Z","original_name":"金陵小区","related_osm_ids":["node/1617409411"]}},{"type":"Feature","id":"node/1665497284","geometry":{"type":"Point","coordinates":[118.7780855,32.0431103]},"properties":{"osm_id":"node/1665497284","name":"味千拉面","named":true,"category":"daily","kind":"restaurant","location_method":"OSM 节点","access":"未标注","source_date":"2026-09-12T02:20:24Z","original_name":"味千拉面","related_osm_ids":["node/1665497284"]}},{"type":"Feature","id":"node/1665497576","geometry":{"type":"Point","coordinates":[118.797476,32.04942]},"properties":{"osm_id":"node/1665497576","name":"东大影壁 好的便利","named":true,"category":"daily","kind":"convenience","location_method":"OSM 节点","access":"未标注","source_date":"2026-09-12T02:20:24Z","original_name":"东大影壁 好的便利","related_osm_ids":["node/1665497576"]}},{"type":"Feature","id":"node/1668260219","geometry":{"type":"Point","coordinates":[118.8250233,32.02169]},"properties":{"osm_id":"node/1668260219","name":"克莉丝订","named":true,"category":"daily","kind":"bakery","location_method":"OSM 节点","access":"未标注","source_date":"2026-09-12T02:20:24Z","original_name":"克莉丝订","related_osm_ids":["node/1668260219"]}},{"type":"Feature","id":"node/1668260220","geometry":{"type":"Point","coordinates":[118.8261749,32.0309685]},"properties":{"osm_id":"node/1668260220","name":"紫金农商银行","named":true,"category":"daily","kind":"bank","location_method":"OSM 节点","access":"未标注","source_date":"2026-09-12T02:20:24Z","original_name":"紫金农商银行","related_osm_ids":["node/1668260220"]}},{"type":"Feature","id":"node/1668260221","geometry":{"type":"Point","coordinates":[118.8255454,32.0239019]},"properties":{"osm_id":"node/1668260221","name":"苜蓿园大街南站","named":true,"category":"transit","kind":"bus_stop","location_method":"OSM 节点","access":"未标注","source_date":"2026-09-12T02:20:24Z","original_name":"苜蓿园大街南站","related_osm_ids":["node/1668260221"]}},{"type":"Feature","id":"node/1668260222","geometry":{"type":"Point","coordinates":[118.8256032,32.0239869]},"properties":{"osm_id":"node/1668260222","name":"莎莉文","named":true,"category":"daily","kind":"confectionery","location_method":"OSM 节点","access":"未标注","source_date":"2026-09-12T02:20:24Z","original_name":"莎莉文","related_osm_ids":["node/1668260222"]}},{"type":"Feature","id":"node/1674400868","geometry":{"type":"Point","coordinates":[118.8262215,32.0304261]},"properties":{"osm_id":"node/1674400868","name":"中国建设银行","named":true,"category":"daily","kind":"bank","location_method":"OSM 节点","access":"未标注","source_date":"2026-09-12T02:20:24Z","original_name":"中国建设银行","related_osm_ids":["node/1674400868"]}},{"type":"Feature","id":"node/1674400873","geometry":{"type":"Point","coordinates":[118.8262806,32.0313577]},"properties":{"osm_id":"node/1674400873","name":"交通银行","named":true,"category":"daily","kind":"bank","location_method":"OSM 节点","access":"未标注","source_date":"2026-09-12T02:20:24Z","original_name":"交通银行","related_osm_ids":["node/1674400873"]}},{"type":"Feature","id":"node/1674400880","geometry":{"type":"Point","coordinates":[118.826458,32.0314926]},"properties":{"osm_id":"node/1674400880","name":"招商银行","named":true,"category":"daily","kind":"bank","location_method":"OSM 节点","access":"未标注","source_date":"2026-09-12T02:20:24Z","original_name":"招商银行","related_osm_ids":["node/1674400880"]}},{"type":"Feature","id":"node/1674408497","geometry":{"type":"Point","coordinates":[118.8267703,32.0357368]},"properties":{"osm_id":"node/1674408497","name":"中国民生银行","named":true,"category":"daily","kind":"bank","location_method":"OSM 节点","access":"未标注","source_date":"2026-09-12T02:20:24Z","original_name":"中国民生银行","related_osm_ids":["node/1674408497"]}},{"type":"Feature","id":"node/1674408498","geometry":{"type":"Point","coordinates":[118.8265756,32.0363272]},"properties":{"osm_id":"node/1674408498","name":"兴业银行","named":true,"category":"daily","kind":"bank","location_method":"OSM 节点","access":"未标注","source_date":"2026-09-12T02:20:24Z","original_name":"兴业银行","related_osm_ids":["node/1674408498"]}},{"type":"Feature","id":"node/1677885981","geometry":{"type":"Point","coordinates":[118.9167394,32.1042837]},"properties":{"osm_id":"node/1677885981","name":"苏果超市","named":true,"category":"daily","kind":"convenience","location_method":"OSM 节点","access":"未标注","source_date":"2026-09-12T02:20:24Z","original_name":"苏果超市","related_osm_ids":["node/1677885981"]}},{"type":"Feature","id":"node/1678011831","geometry":{"type":"Point","coordinates":[118.9035714,32.0988245]},"properties":{"osm_id":"node/1678011831","name":"仙林医院","named":true,"category":"health","kind":"hospital","location_method":"OSM 节点","access":"未标注","source_date":"2026-09-12T02:20:24Z","original_name":"仙林医院","related_osm_ids":["node/1678011831"]}},{"type":"Feature","id":"node/1678027239","geometry":{"type":"Point","coordinates":[118.9124568,32.1014216]},"properties":{"osm_id":"node/1678027239","name":"标美汽车美容中心","named":true,"category":"daily","kind":"car_repair","location_method":"OSM 节点","access":"未标注","source_date":"2026-09-12T02:20:24Z","original_name":"标美汽车美容中心","related_osm_ids":["node/1678027239"]}},{"type":"Feature","id":"node/1678028369","geometry":{"type":"Point","coordinates":[118.9094949,32.0983968]},"properties":{"osm_id":"node/1678028369","name":"花店","named":true,"category":"daily","kind":"florist","location_method":"OSM 节点","access":"未标注","source_date":"2026-09-12T02:20:24Z","original_name":"花店","related_osm_ids":["node/1678028369"]}},{"type":"Feature","id":"node/1678123561","geometry":{"type":"Point","coordinates":[118.89621,32.0421654]},"properties":{"osm_id":"node/1678123561","name":"未命名教育设施","named":false,"category":"education","kind":"kindergarten","location_method":"OSM 节点","access":"未标注","source_date":"2026-09-12T02:20:24Z","related_osm_ids":["node/1678123561"]}},{"type":"Feature","id":"node/1678141569","geometry":{"type":"Point","coordinates":[118.8998362,32.0992647]},"properties":{"osm_id":"node/1678141569","name":"工商银行","named":true,"category":"daily","kind":"bank","location_method":"OSM 节点","access":"未标注","source_date":"2026-09-12T02:20:24Z","original_name":"工商银行","related_osm_ids":["node/1678141569"]}},{"type":"Feature","id":"node/1678157982","geometry":{"type":"Point","coordinates":[118.9099642,32.097447]},"properties":{"osm_id":"node/1678157982","name":"克莉丝汀","named":true,"category":"daily","kind":"bakery","location_method":"OSM 节点","access":"未标注","source_date":"2026-09-12T02:20:24Z","original_name":"克莉丝汀","related_osm_ids":["node/1678157982"]}},{"type":"Feature","id":"node/1678159024","geometry":{"type":"Point","coordinates":[118.9101466,32.0971743]},"properties":{"osm_id":"node/1678159024","name":"未命名生活服务","named":false,"category":"daily","kind":"hairdresser","location_method":"OSM 节点","access":"未标注","source_date":"2026-09-12T02:20:24Z","related_osm_ids":["node/1678159024"]}},{"type":"Feature","id":"node/1678161200","geometry":{"type":"Point","coordinates":[118.8993319,32.0989012]},"properties":{"osm_id":"node/1678161200","name":"SuGuo CVS","named":true,"category":"daily","kind":"convenience","location_method":"OSM 节点","access":"未标注","source_date":"2026-09-12T02:20:24Z","original_name":"SuGuo CVS","related_osm_ids":["node/1678161200"]}},{"type":"Feature","id":"node/1678180879","geometry":{"type":"Point","coordinates":[118.9151517,32.1006422]},"properties":{"osm_id":"node/1678180879","name":"联化超市","named":true,"category":"daily","kind":"convenience","location_method":"OSM 节点","access":"未标注","source_date":"2026-09-12T02:20:24Z","original_name":"联化超市","related_osm_ids":["node/1678180879"]}},{"type":"Feature","id":"node/1678180944","geometry":{"type":"Point","coordinates":[118.9141754,32.1005513]},"properties":{"osm_id":"node/1678180944","name":"水到渠成饭店","named":true,"category":"daily","kind":"restaurant","location_method":"OSM 节点","access":"未标注","source_date":"2026-09-12T02:20:24Z","original_name":"水到渠成饭店","related_osm_ids":["node/1678180944"]}},{"type":"Feature","id":"node/1678307041","geometry":{"type":"Point","coordinates":[118.911349,32.1041053]},"properties":{"osm_id":"node/1678307041","name":"文澜路南","named":true,"category":"transit","kind":"bus_stop","location_method":"OSM 节点","access":"未标注","source_date":"2026-09-12T02:20:24Z","original_name":"文澜路南","related_osm_ids":["node/1678307041","node/8787867086"]}},{"type":"Feature","id":"node/1678307042","geometry":{"type":"Point","coordinates":[118.9115349,32.1149633]},"properties":{"osm_id":"node/1678307042","name":"文澜路北","named":true,"category":"transit","kind":"bus_stop","location_method":"OSM 节点","access":"未标注","source_date":"2026-09-12T02:20:24Z","original_name":"文澜路北","related_osm_ids":["node/1678307042"]}},{"type":"Feature","id":"node/1678307389","geometry":{"type":"Point","coordinates":[118.9097194,32.0997847]},"properties":{"osm_id":"node/1678307389","name":"南外附属幼儿园","named":true,"category":"education","kind":"kindergarten","location_method":"OSM 节点","access":"未标注","source_date":"2026-09-12T02:20:24Z","original_name":"南外附属幼儿园","related_osm_ids":["node/1678307389","way/1425727593"]}},{"type":"Feature","id":"node/1678307801","geometry":{"type":"Point","coordinates":[118.9092903,32.1013115]},"properties":{"osm_id":"node/1678307801","name":"南师大附中","named":true,"category":"education","kind":"school","location_method":"OSM 节点","access":"未标注","source_date":"2026-09-12T02:20:24Z","original_name":"南师大附中","related_osm_ids":["node/1678307801"]}},{"type":"Feature","id":"node/1678308643","geometry":{"type":"Point","coordinates":[118.9103954,32.0969762]},"properties":{"osm_id":"node/1678308643","name":"爱尚街区","named":true,"category":"daily","kind":"marketplace","location_method":"OSM 节点","access":"未标注","source_date":"2026-09-12T02:20:24Z","original_name":"爱尚街区","related_osm_ids":["node/1678308643"]}},{"type":"Feature","id":"node/1683685438","geometry":{"type":"Point","coordinates":[118.7747119,32.0554832]},"properties":{"osm_id":"node/1683685438","name":"中国工商银行","named":true,"category":"daily","kind":"bank","location_method":"OSM 节点","access":"未标注","source_date":"2026-09-12T02:20:24Z","original_name":"中国工商银行","related_osm_ids":["node/1683685438"]}},{"type":"Feature","id":"node/1683685442","geometry":{"type":"Point","coordinates":[118.7751596,32.055577]},"properties":{"osm_id":"node/1683685442","name":"南大邮政所","named":true,"category":"daily","kind":"post_office","location_method":"OSM 节点","access":"未标注","source_date":"2026-09-12T02:20:24Z","original_name":"南大邮政所","related_osm_ids":["node/1683685442"]}},{"type":"Feature","id":"node/1683685652","geometry":{"type":"Point","coordinates":[118.7737356,32.0554417]},"properties":{"osm_id":"node/1683685652","name":"雕刻时光","named":true,"category":"daily","kind":"cafe","location_method":"OSM 节点","access":"未标注","source_date":"2026-09-12T02:20:24Z","original_name":"雕刻时光","related_osm_ids":["node/1683685652"]}},{"type":"Feature","id":"node/1692693524","geometry":{"type":"Point","coordinates":[118.7712219,32.0439712]},"properties":{"osm_id":"node/1692693524","name":"可颂坊环亚店","named":true,"category":"daily","kind":"bakery","location_method":"OSM 节点","access":"未标注","source_date":"2026-09-12T02:20:24Z","original_name":"可颂坊环亚店","related_osm_ids":["node/1692693524"]}},{"type":"Feature","id":"node/1692698118","geometry":{"type":"Point","coordinates":[118.8473895,32.0387104]},"properties":{"osm_id":"node/1692698118","name":"苏果 小卫街便利店","named":true,"category":"daily","kind":"convenience","location_method":"OSM 节点","access":"未标注","source_date":"2026-09-12T02:20:24Z","original_name":"苏果 小卫街便利店","related_osm_ids":["node/1692698118"]}},{"type":"Feature","id":"node/1692712145","geometry":{"type":"Point","coordinates":[118.8581748,32.0083314]},"properties":{"osm_id":"node/1692712145","name":"苏果银龙花园社区店","named":true,"category":"daily","kind":"supermarket","location_method":"OSM 节点","access":"未标注","source_date":"2026-09-12T02:20:24Z","original_name":"苏果银龙花园社区店","related_osm_ids":["node/1692712145"]}},{"type":"Feature","id":"node/1694909375","geometry":{"type":"Point","coordinates":[118.8580138,32.0079752]},"properties":{"osm_id":"node/1694909375","name":"南京市石扬路幼儿园","named":true,"category":"education","kind":"kindergarten","location_method":"OSM 节点","access":"未标注","source_date":"2026-09-12T02:20:24Z","original_name":"南京市石扬路幼儿园","related_osm_ids":["node/1694909375"]}},{"type":"Feature","id":"node/1694932551","geometry":{"type":"Point","coordinates":[118.8636985,32.0329174]},"properties":{"osm_id":"node/1694932551","name":"双拜岗","named":true,"category":"transit","kind":"bus_stop","location_method":"OSM 节点","access":"未标注","source_date":"2026-09-12T02:20:24Z","original_name":"双拜岗","related_osm_ids":["node/1694932551"]}},{"type":"Feature","id":"node/1696256976","geometry":{"type":"Point","coordinates":[118.7742741,32.0573692]},"properties":{"osm_id":"node/1696256976","name":"百年鼎","named":true,"category":"heritage","kind":"monument","location_method":"OSM 节点","access":"未标注","source_date":"2026-09-12T02:20:24Z","original_name":"百年鼎","related_osm_ids":["node/1696256976"]}},{"type":"Feature","id":"node/1700539390","geometry":{"type":"Point","coordinates":[118.7768893,32.0614008]},"properties":{"osm_id":"node/1700539390","name":"鼓楼","named":true,"category":"transit","kind":"bus_station","location_method":"OSM 节点","access":"未标注","source_date":"2026-09-12T02:20:24Z","original_name":"鼓楼","related_osm_ids":["node/1700539390"]}},{"type":"Feature","id":"node/1705180727","geometry":{"type":"Point","coordinates":[118.8444279,32.0500849]},"properties":{"osm_id":"node/1705180727","name":"中山陵停车场","named":true,"category":"transit","kind":"bus_stop","location_method":"OSM 节点","access":"未标注","source_date":"2026-09-12T02:20:24Z","original_name":"中山陵停车场","related_osm_ids":["node/1705180727"]}},{"type":"Feature","id":"node/1705291105","geometry":{"type":"Point","coordinates":[118.8780994,32.0494171]},"properties":{"osm_id":"node/1705291105","name":"五棵松","named":true,"category":"transit","kind":"bus_stop","location_method":"OSM 节点","access":"未标注","source_date":"2026-09-12T02:20:24Z","original_name":"五棵松","related_osm_ids":["node/1705291105","node/1712508513"]}},{"type":"Feature","id":"node/1705291106","geometry":{"type":"Point","coordinates":[118.8705431,32.0459057]},"properties":{"osm_id":"node/1705291106","name":"柳营","named":true,"category":"transit","kind":"bus_stop","location_method":"OSM 节点","access":"未标注","source_date":"2026-09-12T02:20:24Z","original_name":"柳营","related_osm_ids":["node/1705291106"]}},{"type":"Feature","id":"node/1705291107","geometry":{"type":"Point","coordinates":[118.9056283,32.0544539]},"properties":{"osm_id":"node/1705291107","name":"芝嘉花园","named":true,"category":"transit","kind":"bus_stop","location_method":"OSM 节点","access":"未标注","source_date":"2026-09-12T02:20:24Z","original_name":"芝嘉花园","related_osm_ids":["node/1705291107"]}},{"type":"Feature","id":"node/1705291108","geometry":{"type":"Point","coordinates":[118.9086351,32.0552986]},"properties":{"osm_id":"node/1705291108","name":"百水桥地铁站西(狮麟驾院)","named":true,"category":"transit","kind":"bus_stop","location_method":"OSM 节点","access":"未标注","source_date":"2026-09-12T02:20:24Z","original_name":"百水桥地铁站西(狮麟驾院)","related_osm_ids":["node/1705291108","node/9722069504"]}},{"type":"Feature","id":"node/1705291109","geometry":{"type":"Point","coordinates":[118.8830709,32.0511446]},"properties":{"osm_id":"node/1705291109","name":"钟山学院","named":true,"category":"transit","kind":"bus_stop","location_method":"OSM 节点","access":"未标注","source_date":"2026-09-12T02:20:24Z","original_name":"钟山学院","related_osm_ids":["node/1705291109","node/1712508542"]}},{"type":"Feature","id":"node/1705291110","geometry":{"type":"Point","coordinates":[118.8721445,32.047255]},"properties":{"osm_id":"node/1705291110","name":"顾家营","named":true,"category":"transit","kind":"bus_stop","location_method":"OSM 节点","access":"未标注","source_date":"2026-09-12T02:20:24Z","original_name":"顾家营","related_osm_ids":["node/1705291110","node/1712508555"]}},{"type":"Feature","id":"node/1705291111","geometry":{"type":"Point","coordinates":[118.8893617,32.0514848]},"properties":{"osm_id":"node/1705291111","name":"马群","named":true,"category":"transit","kind":"bus_stop","location_method":"OSM 节点","access":"未标注","source_date":"2026-09-12T02:20:24Z","original_name":"马群","related_osm_ids":["node/1705291111","node/9164739496","node/9164739497"]}},{"type":"Feature","id":"node/1705291113","geometry":{"type":"Point","coordinates":[118.9133736,32.0570903]},"properties":{"osm_id":"node/1705291113","name":"省勘查技术院","named":true,"category":"transit","kind":"bus_stop","location_method":"OSM 节点","access":"未标注","source_date":"2026-09-12T02:20:24Z","original_name":"省勘查技术院","related_osm_ids":["node/1705291113","node/8347314808"]}},{"type":"Feature","id":"node/1705291115","geometry":{"type":"Point","coordinates":[118.9194311,32.0517652]},"properties":{"osm_id":"node/1705291115","name":"麒麟门新大街","named":true,"category":"transit","kind":"bus_stop","location_method":"OSM 节点","access":"未标注","source_date":"2026-09-12T02:20:24Z","original_name":"麒麟门新大街","related_osm_ids":["node/1705291115"]}},{"type":"Feature","id":"node/1705291116","geometry":{"type":"Point","coordinates":[118.9167752,32.0569358]},"properties":{"osm_id":"node/1705291116","name":"麒麟门西","named":true,"category":"transit","kind":"bus_stop","location_method":"OSM 节点","access":"未标注","source_date":"2026-09-12T02:20:24Z","original_name":"麒麟门西","related_osm_ids":["node/1705291116","node/1721489442"]}},{"type":"Feature","id":"node/1705478570","geometry":{"type":"Point","coordinates":[118.797647,32.035315]},"properties":{"osm_id":"node/1705478570","name":"瑞金路","named":true,"category":"transit","kind":"bus_stop","location_method":"OSM 节点","access":"未标注","source_date":"2026-09-12T02:20:24Z","original_name":"瑞金路","related_osm_ids":["node/1705478570"]}},{"type":"Feature","id":"node/1705486427","geometry":{"type":"Point","coordinates":[118.8103702,32.041561]},"properties":{"osm_id":"node/1705486427","name":"明故宫西","named":true,"category":"transit","kind":"bus_stop","location_method":"OSM 节点","access":"未标注","source_date":"2026-09-12T02:20:24Z","original_name":"明故宫西","related_osm_ids":["node/1705486427","node/1776901288"]}},{"type":"Feature","id":"node/1705486428","geometry":{"type":"Point","coordinates":[118.8053051,32.0374486]},"properties":{"osm_id":"node/1705486428","name":"瑞金北村","named":true,"category":"transit","kind":"bus_stop","location_method":"OSM 节点","access":"未标注","source_date":"2026-09-12T02:20:24Z","original_name":"瑞金北村","related_osm_ids":["node/1705486428"]}},{"type":"Feature","id":"node/1705490612","geometry":{"type":"Point","coordinates":[118.8587726,32.038559]},"properties":{"osm_id":"node/1705490612","name":"大栅门","named":true,"category":"transit","kind":"bus_stop","location_method":"OSM 节点","access":"未标注","source_date":"2026-09-12T02:20:24Z","original_name":"大栅门","related_osm_ids":["node/1705490612"]}},{"type":"Feature","id":"node/1705490613","geometry":{"type":"Point","coordinates":[118.8644663,32.0412213]},"properties":{"osm_id":"node/1705490613","name":"钟灵街","named":true,"category":"transit","kind":"bus_stop","location_method":"OSM 节点","access":"未标注","source_date":"2026-09-12T02:20:24Z","original_name":"钟灵街","related_osm_ids":["node/1705490613","node/9164739498"]}},{"type":"Feature","id":"node/1705651955","geometry":{"type":"Point","coordinates":[118.7608424,32.0956222]},"properties":{"osm_id":"node/1705651955","name":"民生街","named":true,"category":"transit","kind":"bus_stop","location_method":"OSM 节点","access":"未标注","source_date":"2026-09-12T02:20:24Z","original_name":"民生街","related_osm_ids":["node/1705651955","node/1776907984"]}},{"type":"Feature","id":"node/1707482896","geometry":{"type":"Point","coordinates":[118.8118713,32.0426251]},"properties":{"osm_id":"node/1707482896","name":"明故宫","named":true,"category":"transit","kind":"bus_stop","location_method":"OSM 节点","access":"未标注","source_date":"2026-09-12T02:20:24Z","original_name":"明故宫","related_osm_ids":["node/1707482896"]}},{"type":"Feature","id":"node/1707486563","geometry":{"type":"Point","coordinates":[118.814395,32.0535616]},"properties":{"osm_id":"node/1707486563","name":"富贵山","named":true,"category":"transit","kind":"bus_stop","location_method":"OSM 节点","access":"未标注","source_date":"2026-09-12T02:20:24Z","original_name":"富贵山","related_osm_ids":["node/1707486563","node/1707486567"]}},{"type":"Feature","id":"node/1707494820","geometry":{"type":"Point","coordinates":[118.8094977,32.068986]},"properties":{"osm_id":"node/1707494820","name":"岗子村","named":true,"category":"transit","kind":"bus_stop","location_method":"OSM 节点","access":"未标注","source_date":"2026-09-12T02:20:24Z","original_name":"岗子村","related_osm_ids":["node/1707494820","node/1707494824"]}},{"type":"Feature","id":"node/1707494827","geometry":{"type":"Point","coordinates":[118.8060639,32.0764465]},"properties":{"osm_id":"node/1707494827","name":"新庄广场南","named":true,"category":"transit","kind":"bus_stop","location_method":"OSM 节点","access":"未标注","source_date":"2026-09-12T02:20:24Z","original_name":"新庄广场南","related_osm_ids":["node/1707494827"]}},{"type":"Feature","id":"node/1707494835","geometry":{"type":"Point","coordinates":[118.8078225,32.072985]},"properties":{"osm_id":"node/1707494835","name":"锁金村","named":true,"category":"transit","kind":"bus_stop","location_method":"OSM 节点","access":"未标注","source_date":"2026-09-12T02:20:24Z","original_name":"锁金村","related_osm_ids":["node/1707494835"]}},{"type":"Feature","id":"node/1707494836","geometry":{"type":"Point","coordinates":[118.8054251,32.0755122]},"properties":{"osm_id":"node/1707494836","name":"锁金村","named":true,"category":"transit","kind":"bus_stop","location_method":"OSM 节点","access":"未标注","source_date":"2026-09-12T02:20:24Z","original_name":"锁金村","related_osm_ids":["node/1707494836"]}},{"type":"Feature","id":"node/1707494839","geometry":{"type":"Point","coordinates":[118.7948056,32.0848885]},"properties":{"osm_id":"node/1707494839","name":"龙蟠路·南京站东","named":true,"category":"transit","kind":"bus_stop","location_method":"OSM 节点","access":"未标注","source_date":"2026-09-12T02:20:24Z","original_name":"龙蟠路·南京站东","related_osm_ids":["node/1707494839"]}},{"type":"Feature","id":"node/1707518409","geometry":{"type":"Point","coordinates":[118.8263105,32.0383426]},"properties":{"osm_id":"node/1707518409","name":"卫桥南站","named":true,"category":"transit","kind":"bus_stop","location_method":"OSM 节点","access":"未标注","source_date":"2026-09-12T02:20:24Z","original_name":"卫桥南站","related_osm_ids":["node/1707518409"]}},{"type":"Feature","id":"node/1707524774","geometry":{"type":"Point","coordinates":[118.8260888,32.0343194]},"properties":{"osm_id":"node/1707524774","name":"苜蓿园大街","named":true,"category":"transit","kind":"bus_stop","location_method":"OSM 节点","access":"未标注","source_date":"2026-09-12T02:20:24Z","original_name":"苜蓿园大街","related_osm_ids":["node/1707524774","node/1836169191"]}},{"type":"Feature","id":"node/1707528857","geometry":{"type":"Point","coordinates":[118.8093947,32.0340241]},"properties":{"osm_id":"node/1707528857","name":"瑞金路","named":true,"category":"transit","kind":"bus_stop","location_method":"OSM 节点","access":"未标注","source_date":"2026-09-12T02:20:24Z","original_name":"瑞金路","related_osm_ids":["node/1707528857","way/158584247"]}},{"type":"Feature","id":"node/1707535809","geometry":{"type":"Point","coordinates":[118.7902652,32.0331897]},"properties":{"osm_id":"node/1707535809","name":"太平巷","named":true,"category":"transit","kind":"bus_stop","location_method":"OSM 节点","access":"未标注","source_date":"2026-09-12T02:20:24Z","original_name":"太平巷","related_osm_ids":["node/1707535809","node/1742181437"]}},{"type":"Feature","id":"node/1707535814","geometry":{"type":"Point","coordinates":[118.7887547,32.0278706]},"properties":{"osm_id":"node/1707535814","name":"长白街","named":true,"category":"transit","kind":"bus_stop","location_method":"OSM 节点","access":"未标注","source_date":"2026-09-12T02:20:24Z","original_name":"长白街","related_osm_ids":["node/1707535814","node/1742181442"]}},{"type":"Feature","id":"node/1708251137","geometry":{"type":"Point","coordinates":[118.8433922,32.1092874]},"properties":{"osm_id":"node/1708251137","name":"兴卫村","named":true,"category":"transit","kind":"bus_station","location_method":"OSM 节点","access":"未标注","source_date":"2026-09-12T02:20:24Z","original_name":"兴卫村","related_osm_ids":["node/1708251137"]}},{"type":"Feature","id":"node/1709793868","geometry":{"type":"Point","coordinates":[118.84981,32.1061133]},"properties":{"osm_id":"node/1709793868","name":"兴卫村","named":true,"category":"transit","kind":"station","location_method":"OSM 节点","access":"未标注","source_date":"2026-09-12T02:20:24Z","original_name":"兴卫村","related_osm_ids":["node/1709793868"]}},{"type":"Feature","id":"node/1710822668","geometry":{"type":"Point","coordinates":[118.7820633,32.0433926]},"properties":{"osm_id":"node/1710822668","name":"85度 南京中山东店","named":true,"category":"daily","kind":"bakery","location_method":"OSM 节点","access":"未标注","source_date":"2026-09-12T02:20:24Z","original_name":"85度 南京中山东店","related_osm_ids":["node/1710822668"]}},{"type":"Feature","id":"node/1712469678","geometry":{"type":"Point","coordinates":[118.785287,32.0437321]},"properties":{"osm_id":"node/1712469678","name":"中国建设银行","named":true,"category":"daily","kind":"bank","location_method":"OSM 节点","access":"未标注","source_date":"2026-09-12T02:20:24Z","original_name":"中国建设银行","related_osm_ids":["node/1712469678"]}},{"type":"Feature","id":"node/1712469684","geometry":{"type":"Point","coordinates":[118.7777123,32.0277965]},"properties":{"osm_id":"node/1712469684","name":"升州路","named":true,"category":"transit","kind":"bus_stop","location_method":"OSM 节点","access":"未标注","source_date":"2026-09-12T02:20:24Z","original_name":"升州路","related_osm_ids":["node/1712469684"]}},{"type":"Feature","id":"node/1712469688","geometry":{"type":"Point","coordinates":[118.7819325,32.0367362]},"properties":{"osm_id":"node/1712469688","name":"户部街","named":true,"category":"transit","kind":"bus_stop","location_method":"OSM 节点","access":"未标注","source_date":"2026-09-12T02:20:24Z","original_name":"户部街","related_osm_ids":["node/1712469688"]}},{"type":"Feature","id":"node/1712469691","geometry":{"type":"Point","coordinates":[118.7825143,32.041267]},"properties":{"osm_id":"node/1712469691","name":"新街口","named":true,"category":"transit","kind":"bus_stop","location_method":"OSM 节点","access":"未标注","source_date":"2026-09-12T02:20:24Z","original_name":"新街口","related_osm_ids":["node/1712469691"]}},{"type":"Feature","id":"node/1712469711","geometry":{"type":"Point","coordinates":[118.7853308,32.0434043]},"properties":{"osm_id":"node/1712469711","name":"新街口东站","named":true,"category":"transit","kind":"bus_stop","location_method":"OSM 节点","access":"未标注","source_date":"2026-09-12T02:20:24Z","original_name":"新街口东站","related_osm_ids":["node/1712469711"]}},{"type":"Feature","id":"node/1712482001","geometry":{"type":"Point","coordinates":[118.7896243,32.0434476]},"properties":{"osm_id":"node/1712482001","name":"大行宫","named":true,"category":"transit","kind":"bus_stop","location_method":"OSM 节点","access":"未标注","source_date":"2026-09-12T02:20:24Z","original_name":"大行宫","related_osm_ids":["node/1712482001","node/9164739504","node/9164739505"]}},{"type":"Feature","id":"node/1712482002","geometry":{"type":"Point","coordinates":[118.7902043,32.0466967]},"properties":{"osm_id":"node/1712482002","name":"大行宫北站","named":true,"category":"transit","kind":"bus_stop","location_method":"OSM 节点","access":"未标注","source_date":"2026-09-12T02:20:24Z","original_name":"大行宫北站","related_osm_ids":["node/1712482002"]}},{"type":"Feature","id":"node/1712482555","geometry":{"type":"Point","coordinates":[118.7890281,32.0428116]},"properties":{"osm_id":"node/1712482555","name":"外文书店","named":true,"category":"daily","kind":"books","location_method":"OSM 节点","access":"未标注","source_date":"2026-09-12T02:20:24Z","original_name":"外文书店","related_osm_ids":["node/1712482555"]}},{"type":"Feature","id":"node/1712490650","geometry":{"type":"Point","coordinates":[118.791121,32.0447847]},"properties":{"osm_id":"node/1712490650","name":"总统府","named":true,"category":"transit","kind":"bus_stop","location_method":"OSM 节点","access":"未标注","source_date":"2026-09-12T02:20:24Z","original_name":"总统府","related_osm_ids":["node/1712490650","node/1742143755"]}},{"type":"Feature","id":"node/1712499020","geometry":{"type":"Point","coordinates":[118.7918322,32.0430056]},"properties":{"osm_id":"node/1712499020","name":"大行宫东","named":true,"category":"transit","kind":"bus_stop","location_method":"OSM 节点","access":"未标注","source_date":"2026-09-12T02:20:24Z","original_name":"大行宫东","related_osm_ids":["node/1712499020"]}},{"type":"Feature","id":"node/1712504362","geometry":{"type":"Point","coordinates":[118.8371362,32.0417871]},"properties":{"osm_id":"node/1712504362","name":"卫岗","named":true,"category":"transit","kind":"bus_stop","location_method":"OSM 节点","access":"未标注","source_date":"2026-09-12T02:20:24Z","original_name":"卫岗","related_osm_ids":["node/1712504362"]}},{"type":"Feature","id":"node/1712508520","geometry":{"type":"Point","coordinates":[118.8593415,32.0391834]},"properties":{"osm_id":"node/1712508520","name":"大栅门","named":true,"category":"transit","kind":"bus_stop","location_method":"OSM 节点","access":"未标注","source_date":"2026-09-12T02:20:24Z","original_name":"大栅门","related_osm_ids":["node/1712508520"]}},{"type":"Feature","id":"node/1712508534","geometry":{"type":"Point","coordinates":[118.8689724,32.0448423]},"properties":{"osm_id":"node/1712508534","name":"柳营","named":true,"category":"transit","kind":"bus_stop","location_method":"OSM 节点","access":"未标注","source_date":"2026-09-12T02:20:24Z","original_name":"柳营","related_osm_ids":["node/1712508534"]}},{"type":"Feature","id":"node/1712508552","geometry":{"type":"Point","coordinates":[118.8654796,32.0422877]},"properties":{"osm_id":"node/1712508552","name":"钟灵街","named":true,"category":"transit","kind":"bus_stop","location_method":"OSM 节点","access":"未标注","source_date":"2026-09-12T02:20:24Z","original_name":"钟灵街","related_osm_ids":["node/1712508552"]}},{"type":"Feature","id":"node/1712508560","geometry":{"type":"Point","coordinates":[118.8875469,32.0518535]},"properties":{"osm_id":"node/1712508560","name":"马群","named":true,"category":"transit","kind":"bus_stop","location_method":"OSM 节点","access":"未标注","source_date":"2026-09-12T02:20:24Z","original_name":"马群","related_osm_ids":["node/1712508560"]}},{"type":"Feature","id":"node/1712697933","geometry":{"type":"Point","coordinates":[118.8954223,32.0421216]},"properties":{"osm_id":"node/1712697933","name":"融康苑","named":true,"category":"transit","kind":"bus_stop","location_method":"OSM 节点","access":"未标注","source_date":"2026-09-12T02:20:24Z","original_name":"融康苑","related_osm_ids":["node/1712697933","node/1775787446"]}},{"type":"Feature","id":"node/1712697938","geometry":{"type":"Point","coordinates":[118.8898959,32.0382342]},"properties":{"osm_id":"node/1712697938","name":"南湾营","named":true,"category":"transit","kind":"bus_stop","location_method":"OSM 节点","access":"未标注","source_date":"2026-09-12T02:20:24Z","original_name":"南湾营","related_osm_ids":["node/1712697938","node/1775787441"]}},{"type":"Feature","id":"node/1712697951","geometry":{"type":"Point","coordinates":[118.8913796,32.0392]},"properties":{"osm_id":"node/1712697951","name":"文康苑","named":true,"category":"transit","kind":"bus_stop","location_method":"OSM 节点","access":"未标注","source_date":"2026-09-12T02:20:24Z","original_name":"文康苑","related_osm_ids":["node/1712697951","node/1775787443"]}},{"type":"Feature","id":"node/1712697958","geometry":{"type":"Point","coordinates":[118.8992302,32.0446375]},"properties":{"osm_id":"node/1712697958","name":"宁康苑","named":true,"category":"transit","kind":"bus_stop","location_method":"OSM 节点","access":"未标注","source_date":"2026-09-12T02:20:24Z","original_name":"宁康苑","related_osm_ids":["node/1712697958","node/1775787442"]}},{"type":"Feature","id":"node/1712697966","geometry":{"type":"Point","coordinates":[118.9017707,32.0503748]},"properties":{"osm_id":"node/1712697966","name":"百水芊城","named":true,"category":"transit","kind":"bus_stop","location_method":"OSM 节点","access":"未标注","source_date":"2026-09-12T02:20:24Z","original_name":"百水芊城","related_osm_ids":["node/1712697966"]}},{"type":"Feature","id":"node/1717138622","geometry":{"type":"Point","coordinates":[118.8356479,32.0403009]},"properties":{"osm_id":"node/1717138622","name":"童卫路北","named":true,"category":"transit","kind":"bus_stop","location_method":"OSM 节点","access":"未标注","source_date":"2026-09-12T02:20:24Z","original_name":"童卫路北","related_osm_ids":["node/1717138622","node/1717138631"]}},{"type":"Feature","id":"node/1717146822","geometry":{"type":"Point","coordinates":[118.8358858,32.0410133]},"properties":{"osm_id":"node/1717146822","name":"卫岗邮政所","named":true,"category":"daily","kind":"post_office","location_method":"OSM 节点","access":"未标注","source_date":"2026-09-12T02:20:24Z","original_name":"卫岗邮政所","related_osm_ids":["node/1717146822"]}},{"type":"Feature","id":"node/1717146824","geometry":{"type":"Point","coordinates":[118.8344533,32.0363581]},"properties":{"osm_id":"node/1717146824","name":"童卫路","named":true,"category":"transit","kind":"bus_stop","location_method":"OSM 节点","access":"未标注","source_date":"2026-09-12T02:20:24Z","original_name":"童卫路","related_osm_ids":["node/1717146824"]}},{"type":"Feature","id":"node/1717146825","geometry":{"type":"Point","coordinates":[118.8347959,32.0379433]},"properties":{"osm_id":"node/1717146825","name":"童卫路","named":true,"category":"transit","kind":"bus_stop","location_method":"OSM 节点","access":"未标注","source_date":"2026-09-12T02:20:24Z","original_name":"童卫路","related_osm_ids":["node/1717146825"]}},{"type":"Feature","id":"node/1717146834","geometry":{"type":"Point","coordinates":[118.8359201,32.0411495]},"properties":{"osm_id":"node/1717146834","name":"莎莉文 卫岗店","named":true,"category":"daily","kind":"confectionery","location_method":"OSM 节点","access":"未标注","source_date":"2026-09-12T02:20:24Z","original_name":"莎莉文 卫岗店","related_osm_ids":["node/1717146834"]}},{"type":"Feature","id":"node/1717148013","geometry":{"type":"Point","coordinates":[118.8332842,32.0327883]},"properties":{"osm_id":"node/1717148013","name":"童卫路南站","named":true,"category":"transit","kind":"bus_stop","location_method":"OSM 节点","access":"未标注","source_date":"2026-09-12T02:20:24Z","original_name":"童卫路南站","related_osm_ids":["node/1717148013","node/1717148017"]}},{"type":"Feature","id":"node/1717174118","geometry":{"type":"Point","coordinates":[118.8408566,32.0255551]},"properties":{"osm_id":"node/1717174118","name":"银城东苑","named":true,"category":"transit","kind":"bus_stop","location_method":"OSM 节点","access":"未标注","source_date":"2026-09-12T02:20:24Z","original_name":"银城东苑","related_osm_ids":["node/1717174118","way/159607589"]}},{"type":"Feature","id":"node/1717174119","geometry":{"type":"Point","coordinates":[118.8396137,32.0262842]},"properties":{"osm_id":"node/1717174119","name":"银城东苑","named":true,"category":"transit","kind":"bus_stop","location_method":"OSM 节点","access":"未标注","source_date":"2026-09-12T02:20:24Z","original_name":"银城东苑","related_osm_ids":["node/1717174119"]}},{"type":"Feature","id":"node/1717968922","geometry":{"type":"Point","coordinates":[118.8589139,32.0229137]},"properties":{"osm_id":"node/1717968922","name":"南理工科技园","named":true,"category":"transit","kind":"bus_stop","location_method":"OSM 节点","access":"未标注","source_date":"2026-09-12T02:20:24Z","original_name":"南理工科技园","related_osm_ids":["node/1717968922","node/1717968964"]}},{"type":"Feature","id":"node/1717968979","geometry":{"type":"Point","coordinates":[118.8544408,32.0211558]},"properties":{"osm_id":"node/1717968979","name":"巴黎贝甜","named":true,"category":"daily","kind":"bakery","location_method":"OSM 节点","access":"未标注","source_date":"2026-09-12T02:20:24Z","original_name":"巴黎贝甜","related_osm_ids":["node/1717968979"]}},{"type":"Feature","id":"node/1717968994","geometry":{"type":"Point","coordinates":[118.8559434,32.0219176]},"properties":{"osm_id":"node/1717968994","name":"清新家园","named":true,"category":"transit","kind":"bus_stop","location_method":"OSM 节点","access":"未标注","source_date":"2026-09-12T02:20:24Z","original_name":"清新家园","related_osm_ids":["node/1717968994","node/1717969003"]}},{"type":"Feature","id":"node/1717969013","geometry":{"type":"Point","coordinates":[118.8467438,32.019469]},"properties":{"osm_id":"node/1717969013","name":"牌楼","named":true,"category":"transit","kind":"bus_stop","location_method":"OSM 节点","access":"未标注","source_date":"2026-09-12T02:20:24Z","original_name":"牌楼","related_osm_ids":["node/1717969013","node/1741676403"]}},{"type":"Feature","id":"node/1717969058","geometry":{"type":"Point","coordinates":[118.8551743,32.021454]},"properties":{"osm_id":"node/1717969058","name":"苏果社区店","named":true,"category":"daily","kind":"supermarket","location_method":"OSM 节点","access":"未标注","source_date":"2026-09-12T02:20:24Z","original_name":"苏果社区店","related_osm_ids":["node/1717969058"]}},{"type":"Feature","id":"node/1717969065","geometry":{"type":"Point","coordinates":[118.8544936,32.0211769]},"properties":{"osm_id":"node/1717969065","name":"蓝湾咖啡","named":true,"category":"daily","kind":"cafe","location_method":"OSM 节点","access":"未标注","source_date":"2026-09-12T02:20:24Z","original_name":"蓝湾咖啡","related_osm_ids":["node/1717969065"]}},{"type":"Feature","id":"node/1721261522","geometry":{"type":"Point","coordinates":[118.8233164,32.0214276]},"properties":{"osm_id":"node/1721261522","name":"天堂村","named":true,"category":"transit","kind":"bus_stop","location_method":"OSM 节点","access":"未标注","source_date":"2026-09-12T02:20:24Z","original_name":"天堂村","related_osm_ids":["node/1721261522"]}},{"type":"Feature","id":"node/1721261524","geometry":{"type":"Point","coordinates":[118.8259124,32.0276818]},"properties":{"osm_id":"node/1721261524","name":"小天堂","named":true,"category":"transit","kind":"bus_stop","location_method":"OSM 节点","access":"未标注","source_date":"2026-09-12T02:20:24Z","original_name":"小天堂","related_osm_ids":["node/1721261524","node/1721261526"]}},{"type":"Feature","id":"node/1721261530","geometry":{"type":"Point","coordinates":[118.8196056,32.0218484]},"properties":{"osm_id":"node/1721261530","name":"石门坎","named":true,"category":"transit","kind":"bus_stop","location_method":"OSM 节点","access":"未标注","source_date":"2026-09-12T02:20:24Z","original_name":"石门坎","related_osm_ids":["node/1721261530"]}},{"type":"Feature","id":"node/1721261539","geometry":{"type":"Point","coordinates":[118.825911,32.0305034]},"properties":{"osm_id":"node/1721261539","name":"苜蓿园大街","named":true,"category":"transit","kind":"bus_stop","location_method":"OSM 节点","access":"未标注","source_date":"2026-09-12T02:20:24Z","original_name":"苜蓿园大街","related_osm_ids":["node/1721261539"]}},{"type":"Feature","id":"node/1721261541","geometry":{"type":"Point","coordinates":[118.8252239,32.0229263]},"properties":{"osm_id":"node/1721261541","name":"苜蓿园大街南站","named":true,"category":"transit","kind":"bus_stop","location_method":"OSM 节点","access":"未标注","source_date":"2026-09-12T02:20:24Z","original_name":"苜蓿园大街南站","related_osm_ids":["node/1721261541"]}},{"type":"Feature","id":"node/1721261542","geometry":{"type":"Point","coordinates":[118.8143847,32.0220159]},"properties":{"osm_id":"node/1721261542","name":"装饰大世界","named":true,"category":"transit","kind":"bus_stop","location_method":"OSM 节点","access":"未标注","source_date":"2026-09-12T02:20:24Z","original_name":"装饰大世界","related_osm_ids":["node/1721261542"]}},{"type":"Feature","id":"node/1721489437","geometry":{"type":"Point","coordinates":[118.9046866,32.0547047]},"properties":{"osm_id":"node/1721489437","name":"芝嘉花园","named":true,"category":"transit","kind":"bus_stop","location_method":"OSM 节点","access":"未标注","source_date":"2026-09-12T02:20:24Z","original_name":"芝嘉花园","related_osm_ids":["node/1721489437"]}},{"type":"Feature","id":"node/1721491821","geometry":{"type":"Point","coordinates":[118.8903541,32.0597786]},"properties":{"osm_id":"node/1721491821","name":"太阳城","named":true,"category":"transit","kind":"bus_stop","location_method":"OSM 节点","access":"未标注","source_date":"2026-09-12T02:20:24Z","original_name":"太阳城","related_osm_ids":["node/1721491821","node/1721491822"]}},{"type":"Feature","id":"node/1721491823","geometry":{"type":"Point","coordinates":[118.8910851,32.0533185]},"properties":{"osm_id":"node/1721491823","name":"新街","named":true,"category":"transit","kind":"bus_stop","location_method":"OSM 节点","access":"未标注","source_date":"2026-09-12T02:20:24Z","original_name":"新街","related_osm_ids":["node/1721491823","node/1721491826"]}},{"type":"Feature","id":"node/1741577544","geometry":{"type":"Point","coordinates":[118.7679362,32.0937575]},"properties":{"osm_id":"node/1741577544","name":"城河村","named":true,"category":"transit","kind":"bus_stop","location_method":"OSM 节点","access":"未标注","source_date":"2026-09-12T02:20:24Z","original_name":"城河村","related_osm_ids":["node/1741577544","node/1776907976"]}},{"type":"Feature","id":"node/1741580407","geometry":{"type":"Point","coordinates":[118.7729421,32.0925298]},"properties":{"osm_id":"node/1741580407","name":"金桥市场","named":true,"category":"transit","kind":"bus_stop","location_method":"OSM 节点","access":"未标注","source_date":"2026-09-12T02:20:24Z","original_name":"金桥市场","related_osm_ids":["node/1741580407"]}},{"type":"Feature","id":"node/1741589221","geometry":{"type":"Point","coordinates":[118.8051018,32.0810397]},"properties":{"osm_id":"node/1741589221","name":"新庄广场东","named":true,"category":"transit","kind":"bus_stop","location_method":"OSM 节点","access":"未标注","source_date":"2026-09-12T02:20:24Z","original_name":"新庄广场东","related_osm_ids":["node/1741589221","node/1771259816"]}},{"type":"Feature","id":"node/1741589222","geometry":{"type":"Point","coordinates":[118.79954,32.0825854]},"properties":{"osm_id":"node/1741589222","name":"新庄广场西","named":true,"category":"transit","kind":"bus_stop","location_method":"OSM 节点","access":"未标注","source_date":"2026-09-12T02:20:24Z","original_name":"新庄广场西","related_osm_ids":["node/1741589222"]}},{"type":"Feature","id":"node/1741589223","geometry":{"type":"Point","coordinates":[118.7865723,32.0898289]},"properties":{"osm_id":"node/1741589223","name":"火车站广场西","named":true,"category":"transit","kind":"bus_stop","location_method":"OSM 节点","access":"未标注","source_date":"2026-09-12T02:20:24Z","original_name":"火车站广场西","related_osm_ids":["node/1741589223"]}},{"type":"Feature","id":"node/1741589224","geometry":{"type":"Point","coordinates":[118.7874411,32.090181]},"properties":{"osm_id":"node/1741589224","name":"龙蟠路·南京站西","named":true,"category":"transit","kind":"bus_stop","location_method":"OSM 节点","access":"未标注","source_date":"2026-09-12T02:20:24Z","original_name":"龙蟠路·南京站西","related_osm_ids":["node/1741589224"]}},{"type":"Feature","id":"node/1741626599","geometry":{"type":"Point","coordinates":[118.7637471,32.0744549]},"properties":{"osm_id":"node/1741626599","name":"南京银行","named":true,"category":"daily","kind":"bank","location_method":"OSM 节点","access":"未标注","source_date":"2026-09-12T02:20:24Z","original_name":"南京银行","related_osm_ids":["node/1741626599"]}},{"type":"Feature","id":"node/1741626624","geometry":{"type":"Point","coordinates":[118.7769772,32.0625716]},"properties":{"osm_id":"node/1741626624","name":"鼓楼","named":true,"category":"transit","kind":"bus_stop","location_method":"OSM 节点","access":"未标注","source_date":"2026-09-12T02:20:24Z","original_name":"鼓楼","related_osm_ids":["node/1741626624"]}},{"type":"Feature","id":"node/1741639084","geometry":{"type":"Point","coordinates":[118.7734497,32.0656565]},"properties":{"osm_id":"node/1741639084","name":"大方巷","named":true,"category":"transit","kind":"bus_stop","location_method":"OSM 节点","access":"未标注","source_date":"2026-09-12T02:20:24Z","original_name":"大方巷","related_osm_ids":["node/1741639084"]}},{"type":"Feature","id":"node/1741639085","geometry":{"type":"Point","coordinates":[118.7710669,32.0675706]},"properties":{"osm_id":"node/1741639085","name":"大方巷","named":true,"category":"transit","kind":"bus_stop","location_method":"OSM 节点","access":"未标注","source_date":"2026-09-12T02:20:24Z","original_name":"大方巷","related_osm_ids":["node/1741639085"]}},{"type":"Feature","id":"node/1741639090","geometry":{"type":"Point","coordinates":[118.7637558,32.0742889]},"properties":{"osm_id":"node/1741639090","name":"虹桥","named":true,"category":"transit","kind":"bus_stop","location_method":"OSM 节点","access":"未标注","source_date":"2026-09-12T02:20:24Z","original_name":"虹桥","related_osm_ids":["node/1741639090"]}},{"type":"Feature","id":"node/1741639092","geometry":{"type":"Point","coordinates":[118.7665755,32.0717949]},"properties":{"osm_id":"node/1741639092","name":"西流湾公园","named":true,"category":"transit","kind":"bus_stop","location_method":"OSM 节点","access":"未标注","source_date":"2026-09-12T02:20:24Z","original_name":"西流湾公园","related_osm_ids":["node/1741639092"]}},{"type":"Feature","id":"node/1741639093","geometry":{"type":"Point","coordinates":[118.7790489,32.0587198]},"properties":{"osm_id":"node/1741639093","name":"鼓楼医院","named":true,"category":"transit","kind":"bus_stop","location_method":"OSM 节点","access":"未标注","source_date":"2026-09-12T02:20:24Z","original_name":"鼓楼医院","related_osm_ids":["node/1741639093"]}},{"type":"Feature","id":"node/1741676380","geometry":{"type":"Point","coordinates":[118.8301611,32.0209054]},"properties":{"osm_id":"node/1741676380","name":"中国工商银行","named":true,"category":"daily","kind":"bank","location_method":"OSM 节点","access":"未标注","source_date":"2026-09-12T02:20:24Z","original_name":"中国工商银行","related_osm_ids":["node/1741676380"]}},{"type":"Feature","id":"node/1741676384","geometry":{"type":"Point","coordinates":[118.7922387,32.0070725]},"properties":{"osm_id":"node/1741676384","name":"双桥门","named":true,"category":"transit","kind":"bus_stop","location_method":"OSM 节点","access":"未标注","source_date":"2026-09-12T02:20:24Z","original_name":"双桥门","related_osm_ids":["node/1741676384"]}},{"type":"Feature","id":"node/1741676387","geometry":{"type":"Point","coordinates":[118.8267549,32.0215115]},"properties":{"osm_id":"node/1741676387","name":"天堂村","named":true,"category":"transit","kind":"bus_stop","location_method":"OSM 节点","access":"未标注","source_date":"2026-09-12T02:20:24Z","original_name":"天堂村","related_osm_ids":["node/1741676387"]}},{"type":"Feature","id":"node/1741676392","geometry":{"type":"Point","coordinates":[118.8300373,32.0210424]},"properties":{"osm_id":"node/1741676392","name":"工程兵学院","named":true,"category":"transit","kind":"bus_stop","location_method":"OSM 节点","access":"未标注","source_date":"2026-09-12T02:20:24Z","original_name":"工程兵学院","related_osm_ids":["node/1741676392","node/1741676393"]}},{"type":"Feature","id":"node/1741676394","geometry":{"type":"Point","coordinates":[118.8027006,32.0083405]},"properties":{"osm_id":"node/1741676394","name":"康美里","named":true,"category":"transit","kind":"bus_stop","location_method":"OSM 节点","access":"未标注","source_date":"2026-09-12T02:20:24Z","original_name":"康美里","related_osm_ids":["node/1741676394","node/1741676395"]}},{"type":"Feature","id":"node/1741676396","geometry":{"type":"Point","coordinates":[118.8426852,32.0204804]},"properties":{"osm_id":"node/1741676396","name":"海福巷东站","named":true,"category":"transit","kind":"bus_stop","location_method":"OSM 节点","access":"未标注","source_date":"2026-09-12T02:20:24Z","original_name":"海福巷东站","related_osm_ids":["node/1741676396","node/1741676397"]}},{"type":"Feature","id":"node/1741676398","geometry":{"type":"Point","coordinates":[118.8358281,32.0212952]},"properties":{"osm_id":"node/1741676398","name":"海福巷西站","named":true,"category":"transit","kind":"bus_stop","location_method":"OSM 节点","access":"未标注","source_date":"2026-09-12T02:20:24Z","original_name":"海福巷西站","related_osm_ids":["node/1741676398"]}},{"type":"Feature","id":"node/1741676400","geometry":{"type":"Point","coordinates":[118.8370031,32.0215587]},"properties":{"osm_id":"node/1741676400","name":"海福巷西站","named":true,"category":"transit","kind":"bus_stop","location_method":"OSM 节点","access":"未标注","source_date":"2026-09-12T02:20:24Z","original_name":"海福巷西站","related_osm_ids":["node/1741676400"]}},{"type":"Feature","id":"node/1741676409","geometry":{"type":"Point","coordinates":[118.8481795,32.0200838]},"properties":{"osm_id":"node/1741676409","name":"牌楼","named":true,"category":"transit","kind":"bus_stop","location_method":"OSM 节点","access":"未标注","source_date":"2026-09-12T02:20:24Z","original_name":"牌楼","related_osm_ids":["node/1741676409"]}},{"type":"Feature","id":"node/1741676410","geometry":{"type":"Point","coordinates":[118.8459386,32.0287548]},"properties":{"osm_id":"node/1741676410","name":"玄武军休六所","named":true,"category":"transit","kind":"bus_stop","location_method":"OSM 节点","access":"未标注","source_date":"2026-09-12T02:20:24Z","original_name":"玄武军休六所","related_osm_ids":["node/1741676410","node/1741676412"]}},{"type":"Feature","id":"node/1741676414","geometry":{"type":"Point","coordinates":[118.8480667,32.0244598]},"properties":{"osm_id":"node/1741676414","name":"胜利村路南","named":true,"category":"transit","kind":"bus_stop","location_method":"OSM 节点","access":"未标注","source_date":"2026-09-12T02:20:24Z","original_name":"胜利村路南","related_osm_ids":["node/1741676414","node/1741676415"]}},{"type":"Feature","id":"node/1741676416","geometry":{"type":"Point","coordinates":[118.8068964,32.0126514]},"properties":{"osm_id":"node/1741676416","name":"马家圩","named":true,"category":"transit","kind":"bus_stop","location_method":"OSM 节点","access":"未标注","source_date":"2026-09-12T02:20:24Z","original_name":"马家圩","related_osm_ids":["node/1741676416"]}},{"type":"Feature","id":"node/1741679295","geometry":{"type":"Point","coordinates":[118.8258424,32.0313002]},"properties":{"osm_id":"node/1741679295","name":"苜蓿园大街","named":true,"category":"transit","kind":"bus_stop","location_method":"OSM 节点","access":"未标注","source_date":"2026-09-12T02:20:24Z","original_name":"苜蓿园大街","related_osm_ids":["node/1741679295"]}},{"type":"Feature","id":"node/1742143753","geometry":{"type":"Point","coordinates":[118.791361,32.0518543]},"properties":{"osm_id":"node/1742143753","name":"四牌楼","named":true,"category":"transit","kind":"bus_stop","location_method":"OSM 节点","access":"未标注","source_date":"2026-09-12T02:20:24Z","original_name":"四牌楼","related_osm_ids":["node/1742143753","node/1742143754"]}},{"type":"Feature","id":"node/1742143757","geometry":{"type":"Point","coordinates":[118.7925533,32.0579971]},"properties":{"osm_id":"node/1742143757","name":"太平北路鸡鸣寺","named":true,"category":"transit","kind":"bus_stop","location_method":"OSM 节点","access":"未标注","source_date":"2026-09-12T02:20:24Z","original_name":"太平北路鸡鸣寺","related_osm_ids":["node/1742143757"]}},{"type":"Feature","id":"node/1742143758","geometry":{"type":"Point","coordinates":[118.7902652,32.0612208]},"properties":{"osm_id":"node/1742143758","name":"鸡鸣寺","named":true,"category":"transit","kind":"bus_stop","location_method":"OSM 节点","access":"未标注","source_date":"2026-09-12T02:20:24Z","original_name":"鸡鸣寺","related_osm_ids":["node/1742143758"]}},{"type":"Feature","id":"node/1742143759","geometry":{"type":"Point","coordinates":[118.7902114,32.0614236]},"properties":{"osm_id":"node/1742143759","name":"鸡鸣寺路","named":true,"category":"transit","kind":"bus_stop","location_method":"OSM 节点","access":"未标注","source_date":"2026-09-12T02:20:24Z","original_name":"鸡鸣寺路","related_osm_ids":["node/1742143759"]}},{"type":"Feature","id":"node/1742159073","geometry":{"type":"Point","coordinates":[118.7987377,32.0595729]},"properties":{"osm_id":"node/1742159073","name":"北京东路九华山","named":true,"category":"transit","kind":"bus_stop","location_method":"OSM 节点","access":"未标注","source_date":"2026-09-12T02:20:24Z","original_name":"北京东路九华山","related_osm_ids":["node/1742159073"]}},{"type":"Feature","id":"node/1742159074","geometry":{"type":"Point","coordinates":[118.7849677,32.0600371]},"properties":{"osm_id":"node/1742159074","name":"北极会堂","named":true,"category":"transit","kind":"bus_stop","location_method":"OSM 节点","access":"未标注","source_date":"2026-09-12T02:20:24Z","original_name":"北极会堂","related_osm_ids":["node/1742159074"]}},{"type":"Feature","id":"node/1742159075","geometry":{"type":"Point","coordinates":[118.8072228,32.0591743]},"properties":{"osm_id":"node/1742159075","name":"太平门","named":true,"category":"transit","kind":"bus_stop","location_method":"OSM 节点","access":"未标注","source_date":"2026-09-12T02:20:24Z","original_name":"太平门","related_osm_ids":["node/1742159075"]}},{"type":"Feature","id":"node/1742159076","geometry":{"type":"Point","coordinates":[118.7948264,32.0587224]},"properties":{"osm_id":"node/1742159076","name":"兰园","named":true,"category":"transit","kind":"bus_stop","location_method":"OSM 节点","access":"未标注","source_date":"2026-09-12T02:20:24Z","original_name":"兰园","related_osm_ids":["node/1742159076"]}},{"type":"Feature","id":"node/1742181438","geometry":{"type":"Point","coordinates":[118.7919155,32.0368751]},"properties":{"osm_id":"node/1742181438","name":"常府街","named":true,"category":"transit","kind":"bus_stop","location_method":"OSM 节点","access":"未标注","source_date":"2026-09-12T02:20:24Z","original_name":"常府街","related_osm_ids":["node/1742181438"]}},{"type":"Feature","id":"node/1742181439","geometry":{"type":"Point","coordinates":[118.8051973,32.0382102]},"properties":{"osm_id":"node/1742181439","name":"瑞金北村","named":true,"category":"transit","kind":"bus_stop","location_method":"OSM 节点","access":"未标注","source_date":"2026-09-12T02:20:24Z","original_name":"瑞金北村","related_osm_ids":["node/1742181439"]}},{"type":"Feature","id":"node/1742181440","geometry":{"type":"Point","coordinates":[118.804079,32.0343388]},"properties":{"osm_id":"node/1742181440","name":"瑞金路西","named":true,"category":"transit","kind":"bus_stop","location_method":"OSM 节点","access":"未标注","source_date":"2026-09-12T02:20:24Z","original_name":"瑞金路西","related_osm_ids":["node/1742181440"]}},{"type":"Feature","id":"node/1742181441","geometry":{"type":"Point","coordinates":[118.7930033,32.0396584]},"properties":{"osm_id":"node/1742181441","name":"科巷","named":true,"category":"transit","kind":"bus_stop","location_method":"OSM 节点","access":"未标注","source_date":"2026-09-12T02:20:24Z","original_name":"科巷","related_osm_ids":["node/1742181441"]}},{"type":"Feature","id":"node/1742197502","geometry":{"type":"Point","coordinates":[118.813461,32.0474851]},"properties":{"osm_id":"node/1742197502","name":"中国邮政","named":true,"category":"daily","kind":"post_office","location_method":"OSM 节点","access":"未标注","source_date":"2026-09-12T02:20:24Z","original_name":"中国邮政","related_osm_ids":["node/1742197502"]}},{"type":"Feature","id":"node/1742203693","geometry":{"type":"Point","coordinates":[118.7790769,32.0456482]},"properties":{"osm_id":"node/1742203693","name":"新街口北站","named":true,"category":"transit","kind":"bus_stop","location_method":"OSM 节点","access":"未标注","source_date":"2026-09-12T02:20:24Z","original_name":"新街口北站","related_osm_ids":["node/1742203693"]}},{"type":"Feature","id":"node/1742203694","geometry":{"type":"Point","coordinates":[118.7790551,32.0504124]},"properties":{"osm_id":"node/1742203694","name":"珠江路南站","named":true,"category":"transit","kind":"bus_stop","location_method":"OSM 节点","access":"未标注","source_date":"2026-09-12T02:20:24Z","original_name":"珠江路南站","related_osm_ids":["node/1742203694"]}},{"type":"Feature","id":"node/1742204501","geometry":{"type":"Point","coordinates":[118.7817039,32.0473293]},"properties":{"osm_id":"node/1742204501","name":"长江路","named":true,"category":"transit","kind":"bus_stop","location_method":"OSM 节点","access":"未标注","source_date":"2026-09-12T02:20:24Z","original_name":"长江路","related_osm_ids":["node/1742204501"]}},{"type":"Feature","id":"node/1742204502","geometry":{"type":"Point","coordinates":[118.7793374,32.0446435]},"properties":{"osm_id":"node/1742204502","name":"长江路","named":true,"category":"transit","kind":"bus_stop","location_method":"OSM 节点","access":"未标注","source_date":"2026-09-12T02:20:24Z","original_name":"长江路","related_osm_ids":["node/1742204502"]}},{"type":"Feature","id":"node/1742206801","geometry":{"type":"Point","coordinates":[118.7863376,32.0461488]},"properties":{"osm_id":"node/1742206801","name":"网巾市","named":true,"category":"transit","kind":"bus_stop","location_method":"OSM 节点","access":"未标注","source_date":"2026-09-12T02:20:24Z","original_name":"网巾市","related_osm_ids":["node/1742206801"]}},{"type":"Feature","id":"node/1745501752","geometry":{"type":"Point","coordinates":[118.9062611,32.1056461]},"properties":{"osm_id":"node/1745501752","name":"偲怡园","named":true,"category":"daily","kind":"cafe","location_method":"OSM 节点","access":"未标注","source_date":"2026-09-12T02:20:24Z","original_name":"偲怡园","related_osm_ids":["node/1745501752"]}},{"type":"Feature","id":"node/1756122464","geometry":{"type":"Point","coordinates":[118.8916373,32.039172]},"properties":{"osm_id":"node/1756122464","name":"好又多购物广场","named":true,"category":"daily","kind":"supermarket","location_method":"OSM 节点","access":"未标注","source_date":"2026-09-12T02:20:24Z","original_name":"好又多购物广场","related_osm_ids":["node/1756122464"]}},{"type":"Feature","id":"node/1763532183","geometry":{"type":"Point","coordinates":[118.8526977,32.0246692]},"properties":{"osm_id":"node/1763532183","name":"南理工教育超市","named":true,"category":"daily","kind":"convenience","location_method":"OSM 节点","access":"未标注","source_date":"2026-09-12T02:20:24Z","original_name":"南理工教育超市","related_osm_ids":["node/1763532183","node/6146817086"]}},{"type":"Feature","id":"node/1771253252","geometry":{"type":"Point","coordinates":[118.82958,32.0445949]},"properties":{"osm_id":"node/1771253252","name":"梅花湖南门","named":true,"category":"transit","kind":"bus_stop","location_method":"OSM 节点","access":"未标注","source_date":"2026-09-12T02:20:24Z","original_name":"梅花湖南门","related_osm_ids":["node/1771253252"]}},{"type":"Feature","id":"node/1771253253","geometry":{"type":"Point","coordinates":[118.8278834,32.0478151]},"properties":{"osm_id":"node/1771253253","name":"梅花湖西门","named":true,"category":"transit","kind":"bus_stop","location_method":"OSM 节点","access":"未标注","source_date":"2026-09-12T02:20:24Z","original_name":"梅花湖西门","related_osm_ids":["node/1771253253","node/8012889495"]}},{"type":"Feature","id":"node/1771259801","geometry":{"type":"Point","coordinates":[118.8290288,32.1119618]},"properties":{"osm_id":"node/1771259801","name":"万寿村","named":true,"category":"transit","kind":"bus_stop","location_method":"OSM 节点","access":"未标注","source_date":"2026-09-12T02:20:24Z","original_name":"万寿村","related_osm_ids":["node/1771259801"]}},{"type":"Feature","id":"node/1771259802","geometry":{"type":"Point","coordinates":[118.8294251,32.1133226]},"properties":{"osm_id":"node/1771259802","name":"万寿村","named":true,"category":"transit","kind":"bus_stop","location_method":"OSM 节点","access":"未标注","source_date":"2026-09-12T02:20:24Z","original_name":"万寿村","related_osm_ids":["node/1771259802"]}},{"type":"Feature","id":"node/1771259805","geometry":{"type":"Point","coordinates":[118.8289476,32.1090655]},"properties":{"osm_id":"node/1771259805","name":"合作村","named":true,"category":"transit","kind":"bus_stop","location_method":"OSM 节点","access":"未标注","source_date":"2026-09-12T02:20:24Z","original_name":"合作村","related_osm_ids":["node/1771259805","node/1771259806"]}},{"type":"Feature","id":"node/1771259808","geometry":{"type":"Point","coordinates":[118.828197,32.1018504]},"properties":{"osm_id":"node/1771259808","name":"墨香路","named":true,"category":"transit","kind":"bus_stop","location_method":"OSM 节点","access":"未标注","source_date":"2026-09-12T02:20:24Z","original_name":"墨香路","related_osm_ids":["node/1771259808","node/1771259810"]}},{"type":"Feature","id":"node/1771259811","geometry":{"type":"Point","coordinates":[118.8295537,32.1172686]},"properties":{"osm_id":"node/1771259811","name":"墨香路北站","named":true,"category":"transit","kind":"bus_stop","location_method":"OSM 节点","access":"未标注","source_date":"2026-09-12T02:20:24Z","original_name":"墨香路北站","related_osm_ids":["node/1771259811"]}},{"type":"Feature","id":"node/1771259812","geometry":{"type":"Point","coordinates":[118.8291788,32.1180442]},"properties":{"osm_id":"node/1771259812","name":"墨香路北站","named":true,"category":"transit","kind":"bus_stop","location_method":"OSM 节点","access":"未标注","source_date":"2026-09-12T02:20:24Z","original_name":"墨香路北站","related_osm_ids":["node/1771259812"]}},{"type":"Feature","id":"node/1771259818","geometry":{"type":"Point","coordinates":[118.8218964,32.0893141]},"properties":{"osm_id":"node/1771259818","name":"樱铁村","named":true,"category":"transit","kind":"bus_stop","location_method":"OSM 节点","access":"未标注","source_date":"2026-09-12T02:20:24Z","original_name":"樱铁村","related_osm_ids":["node/1771259818","node/1771259819"]}},{"type":"Feature","id":"node/1771259823","geometry":{"type":"Point","coordinates":[118.8269645,32.0980407]},"properties":{"osm_id":"node/1771259823","name":"经五立交","named":true,"category":"transit","kind":"bus_stop","location_method":"OSM 节点","access":"未标注","source_date":"2026-09-12T02:20:24Z","original_name":"经五立交","related_osm_ids":["node/1771259823","node/1771259824"]}},{"type":"Feature","id":"node/1771259825","geometry":{"type":"Point","coordinates":[118.8296803,32.1232524]},"properties":{"osm_id":"node/1771259825","name":"经五路北站","named":true,"category":"transit","kind":"bus_stop","location_method":"OSM 节点","access":"未标注","source_date":"2026-09-12T02:20:24Z","original_name":"经五路北站","related_osm_ids":["node/1771259825"]}},{"type":"Feature","id":"node/1771259826","geometry":{"type":"Point","coordinates":[118.8293623,32.1245351]},"properties":{"osm_id":"node/1771259826","name":"经五路北站","named":true,"category":"transit","kind":"bus_stop","location_method":"OSM 节点","access":"未标注","source_date":"2026-09-12T02:20:24Z","original_name":"经五路北站","related_osm_ids":["node/1771259826"]}},{"type":"Feature","id":"node/1771259828","geometry":{"type":"Point","coordinates":[118.8141761,32.0871299]},"properties":{"osm_id":"node/1771259828","name":"玄武大道·长途东站","named":true,"category":"transit","kind":"bus_stop","location_method":"OSM 节点","access":"未标注","source_date":"2026-09-12T02:20:24Z","original_name":"玄武大道·长途东站","related_osm_ids":["node/1771259828"]}},{"type":"Feature","id":"node/1771259829","geometry":{"type":"Point","coordinates":[118.8163178,32.0874431]},"properties":{"osm_id":"node/1771259829","name":"玄武大道·长途东站","named":true,"category":"transit","kind":"bus_stop","location_method":"OSM 节点","access":"未标注","source_date":"2026-09-12T02:20:24Z","original_name":"玄武大道·长途东站","related_osm_ids":["node/1771259829"]}},{"type":"Feature","id":"node/1772534035","geometry":{"type":"Point","coordinates":[118.8591565,32.0445192]},"properties":{"osm_id":"node/1772534035","name":"灵谷寺路","named":true,"category":"transit","kind":"bus_stop","location_method":"OSM 节点","access":"未标注","source_date":"2026-09-12T02:20:24Z","original_name":"灵谷寺路","related_osm_ids":["node/1772534035"]}},{"type":"Feature","id":"node/1775776068","geometry":{"type":"Point","coordinates":[118.8798714,32.1229801]},"properties":{"osm_id":"node/1775776068","name":"尧化门","named":true,"category":"transit","kind":"bus_stop","location_method":"OSM 节点","access":"未标注","source_date":"2026-09-12T02:20:24Z","original_name":"尧化门","related_osm_ids":["node/1775776068","node/8741698288"]}},{"type":"Feature","id":"node/1775787151","geometry":{"type":"Point","coordinates":[118.9016196,32.0495297]},"properties":{"osm_id":"node/1775787151","name":"百水芊城","named":true,"category":"transit","kind":"bus_stop","location_method":"OSM 节点","access":"未标注","source_date":"2026-09-12T02:20:24Z","original_name":"百水芊城","related_osm_ids":["node/1775787151"]}},{"type":"Feature","id":"node/1775787444","geometry":{"type":"Point","coordinates":[118.9016819,32.0522858]},"properties":{"osm_id":"node/1775787444","name":"百水芊城北门","named":true,"category":"transit","kind":"bus_stop","location_method":"OSM 节点","access":"未标注","source_date":"2026-09-12T02:20:24Z","original_name":"百水芊城北门","related_osm_ids":["node/1775787444"]}},{"type":"Feature","id":"node/1775787445","geometry":{"type":"Point","coordinates":[118.900536,32.0527317]},"properties":{"osm_id":"node/1775787445","name":"百水芊城北门","named":true,"category":"transit","kind":"bus_stop","location_method":"OSM 节点","access":"未标注","source_date":"2026-09-12T02:20:24Z","original_name":"百水芊城北门","related_osm_ids":["node/1775787445"]}},{"type":"Feature","id":"node/1775793733","geometry":{"type":"Point","coordinates":[118.7666201,32.1189294]},"properties":{"osm_id":"node/1775793733","name":"上元门水厂","named":true,"category":"transit","kind":"bus_stop","location_method":"OSM 节点","access":"未标注","source_date":"2026-09-12T02:20:24Z","original_name":"上元门水厂","related_osm_ids":["node/1775793733"]}},{"type":"Feature","id":"node/1775793735","geometry":{"type":"Point","coordinates":[118.7686257,32.120371]},"properties":{"osm_id":"node/1775793735","name":"龙建钢材市场","named":true,"category":"transit","kind":"bus_stop","location_method":"OSM 节点","access":"未标注","source_date":"2026-09-12T02:20:24Z","original_name":"龙建钢材市场","related_osm_ids":["node/1775793735"]}},{"type":"Feature","id":"node/1776820743","geometry":{"type":"Point","coordinates":[118.7633596,32.0016583]},"properties":{"osm_id":"node/1776820743","name":"能仁里","named":true,"category":"transit","kind":"bus_stop","location_method":"OSM 节点","access":"未标注","source_date":"2026-09-12T02:20:24Z","original_name":"能仁里","related_osm_ids":["node/1776820743","node/1776820744"]}},{"type":"Feature","id":"node/1776820745","geometry":{"type":"Point","coordinates":[118.7734806,32.0066201]},"properties":{"osm_id":"node/1776820745","name":"雨花台北大门","named":true,"category":"transit","kind":"bus_stop","location_method":"OSM 节点","access":"未标注","source_date":"2026-09-12T02:20:24Z","original_name":"雨花台北大门","related_osm_ids":["node/1776820745"]}},{"type":"Feature","id":"node/1776820746","geometry":{"type":"Point","coordinates":[118.7752524,32.0066807]},"properties":{"osm_id":"node/1776820746","name":"雨花台","named":true,"category":"transit","kind":"bus_stop","location_method":"OSM 节点","access":"未标注","source_date":"2026-09-12T02:20:24Z","original_name":"雨花台","related_osm_ids":["node/1776820746"]}},{"type":"Feature","id":"node/1776820747","geometry":{"type":"Point","coordinates":[118.7657611,32.0055826]},"properties":{"osm_id":"node/1776820747","name":"雨花西路","named":true,"category":"transit","kind":"bus_stop","location_method":"OSM 节点","access":"未标注","source_date":"2026-09-12T02:20:24Z","original_name":"雨花西路","related_osm_ids":["node/1776820747"]}},{"type":"Feature","id":"node/1776820748","geometry":{"type":"Point","coordinates":[118.7667329,32.0059667]},"properties":{"osm_id":"node/1776820748","name":"雨花西路","named":true,"category":"transit","kind":"bus_stop","location_method":"OSM 节点","access":"未标注","source_date":"2026-09-12T02:20:24Z","original_name":"雨花西路","related_osm_ids":["node/1776820748"]}},{"type":"Feature","id":"node/1776821046","geometry":{"type":"Point","coordinates":[118.7738465,32.0084429]},"properties":{"osm_id":"node/1776821046","name":"应天大街·雨花路","named":true,"category":"transit","kind":"bus_stop","location_method":"OSM 节点","access":"未标注","source_date":"2026-09-12T02:20:24Z","original_name":"应天大街·雨花路","related_osm_ids":["node/1776821046"]}},{"type":"Feature","id":"node/1776846424","geometry":{"type":"Point","coordinates":[118.8265875,32.0389683]},"properties":{"osm_id":"node/1776846424","name":"卫桥","named":true,"category":"transit","kind":"bus_stop","location_method":"OSM 节点","access":"未标注","source_date":"2026-09-12T02:20:24Z","original_name":"卫桥","related_osm_ids":["node/1776846424"]}},{"type":"Feature","id":"node/1776862148","geometry":{"type":"Point","coordinates":[118.8053664,32.0346991]},"properties":{"osm_id":"node/1776862148","name":"中国银行","named":true,"category":"daily","kind":"bank","location_method":"OSM 节点","access":"未标注","source_date":"2026-09-12T02:20:24Z","original_name":"中国银行","related_osm_ids":["node/1776862148"]}},{"type":"Feature","id":"node/1776862149","geometry":{"type":"Point","coordinates":[118.7927486,32.0289815]},"properties":{"osm_id":"node/1776862149","name":"白下路·大中桥","named":true,"category":"transit","kind":"bus_stop","location_method":"OSM 节点","access":"未标注","source_date":"2026-09-12T02:20:24Z","original_name":"白下路·大中桥","related_osm_ids":["node/1776862149"]}},{"type":"Feature","id":"node/1776862150","geometry":{"type":"Point","coordinates":[118.8074857,32.0339181]},"properties":{"osm_id":"node/1776862150","name":"瑞金路","named":true,"category":"transit","kind":"bus_stop","location_method":"OSM 节点","access":"未标注","source_date":"2026-09-12T02:20:24Z","original_name":"瑞金路","related_osm_ids":["node/1776862150"]}},{"type":"Feature","id":"node/1776862151","geometry":{"type":"Point","coordinates":[118.7901761,32.0295803]},"properties":{"osm_id":"node/1776862151","name":"白下路·长白街","named":true,"category":"transit","kind":"bus_stop","location_method":"OSM 节点","access":"未标注","source_date":"2026-09-12T02:20:24Z","original_name":"白下路·长白街","related_osm_ids":["node/1776862151"]}},{"type":"Feature","id":"node/1776862152","geometry":{"type":"Point","coordinates":[118.8052928,32.0324833]},"properties":{"osm_id":"node/1776862152","name":"解放南路","named":true,"category":"transit","kind":"bus_stop","location_method":"OSM 节点","access":"未标注","source_date":"2026-09-12T02:20:24Z","original_name":"解放南路","related_osm_ids":["node/1776862152"]}},{"type":"Feature","id":"node/1776862153","geometry":{"type":"Point","coordinates":[118.7967064,32.029141]},"properties":{"osm_id":"node/1776862153","name":"通济门","named":true,"category":"transit","kind":"bus_stop","location_method":"OSM 节点","access":"未标注","source_date":"2026-09-12T02:20:24Z","original_name":"通济门","related_osm_ids":["node/1776862153"]}},{"type":"Feature","id":"node/1776891912","geometry":{"type":"Point","coordinates":[118.7915004,32.027704]},"properties":{"osm_id":"node/1776891912","name":"夫子庙","named":true,"category":"transit","kind":"bus_stop","location_method":"OSM 节点","access":"未标注","source_date":"2026-09-12T02:20:24Z","original_name":"夫子庙","related_osm_ids":["node/1776891912"]}},{"type":"Feature","id":"node/1776891929","geometry":{"type":"Point","coordinates":[118.7774168,32.0237319]},"properties":{"osm_id":"node/1776891929","name":"金沙井","named":true,"category":"transit","kind":"bus_stop","location_method":"OSM 节点","access":"未标注","source_date":"2026-09-12T02:20:24Z","original_name":"金沙井","related_osm_ids":["node/1776891929"]}},{"type":"Feature","id":"node/1776891931","geometry":{"type":"Point","coordinates":[118.7705912,32.0008572]},"properties":{"osm_id":"node/1776891931","name":"雨花新村","named":true,"category":"transit","kind":"bus_stop","location_method":"OSM 节点","access":"未标注","source_date":"2026-09-12T02:20:24Z","original_name":"雨花新村","related_osm_ids":["node/1776891931"]}},{"type":"Feature","id":"node/1776891932","geometry":{"type":"Point","coordinates":[118.7713354,32.0038513]},"properties":{"osm_id":"node/1776891932","name":"雨花新村","named":true,"category":"transit","kind":"bus_stop","location_method":"OSM 节点","access":"未标注","source_date":"2026-09-12T02:20:24Z","original_name":"雨花新村","related_osm_ids":["node/1776891932"]}},{"type":"Feature","id":"node/1776891936","geometry":{"type":"Point","coordinates":[118.7756425,32.0119841]},"properties":{"osm_id":"node/1776891936","name":"大报恩寺塔遗址公园","named":true,"category":"transit","kind":"bus_stop","location_method":"OSM 节点","access":"未标注","source_date":"2026-09-12T02:20:24Z","original_name":"大报恩寺塔遗址公园","related_osm_ids":["node/1776891936","node/1776891938"]}},{"type":"Feature","id":"node/1776897650","geometry":{"type":"Point","coordinates":[118.7968823,32.0339223]},"properties":{"osm_id":"node/1776897650","name":"南京银行","named":true,"category":"daily","kind":"bank","location_method":"OSM 节点","access":"未标注","source_date":"2026-09-12T02:20:24Z","original_name":"南京银行","related_osm_ids":["node/1776897650"]}},{"type":"Feature","id":"node/1776900703","geometry":{"type":"Point","coordinates":[118.7970564,32.0339536]},"properties":{"osm_id":"node/1776900703","name":"龙蟠中路·瑞金路","named":true,"category":"transit","kind":"bus_stop","location_method":"OSM 节点","access":"未标注","source_date":"2026-09-12T02:20:24Z","original_name":"龙蟠中路·瑞金路","related_osm_ids":["node/1776900703"]}},{"type":"Feature","id":"node/1776901289","geometry":{"type":"Point","coordinates":[118.7979423,32.0387075]},"properties":{"osm_id":"node/1776901289","name":"逸仙桥","named":true,"category":"transit","kind":"bus_stop","location_method":"OSM 节点","access":"未标注","source_date":"2026-09-12T02:20:24Z","original_name":"逸仙桥","related_osm_ids":["node/1776901289"]}},{"type":"Feature","id":"node/1776906295","geometry":{"type":"Point","coordinates":[118.8597369,32.052592]},"properties":{"osm_id":"node/1776906295","name":"灵谷寺公园","named":true,"category":"transit","kind":"bus_stop","location_method":"OSM 节点","access":"未标注","source_date":"2026-09-12T02:20:24Z","original_name":"灵谷寺公园","related_osm_ids":["node/1776906295"]}},{"type":"Feature","id":"node/1835408504","geometry":{"type":"Point","coordinates":[118.8637179,32.1085758]},"properties":{"osm_id":"node/1835408504","name":"三元祠","named":true,"category":"transit","kind":"bus_stop","location_method":"OSM 节点","access":"未标注","source_date":"2026-09-12T02:20:24Z","original_name":"三元祠","related_osm_ids":["node/1835408504","node/8773088020"]}},{"type":"Feature","id":"node/1835408516","geometry":{"type":"Point","coordinates":[118.8561699,32.1035931]},"properties":{"osm_id":"node/1835408516","name":"外贸仓库","named":true,"category":"transit","kind":"bus_stop","location_method":"OSM 节点","access":"未标注","source_date":"2026-09-12T02:20:24Z","original_name":"外贸仓库","related_osm_ids":["node/1835408516","node/8773088039"]}},{"type":"Feature","id":"node/1835408520","geometry":{"type":"Point","coordinates":[118.8696814,32.1168616]},"properties":{"osm_id":"node/1835408520","name":"尧化新村","named":true,"category":"transit","kind":"bus_stop","location_method":"OSM 节点","access":"未标注","source_date":"2026-09-12T02:20:24Z","original_name":"尧化新村","related_osm_ids":["node/1835408520"]}},{"type":"Feature","id":"node/1835408524","geometry":{"type":"Point","coordinates":[118.8805929,32.1236381]},"properties":{"osm_id":"node/1835408524","name":"尧化门","named":true,"category":"transit","kind":"bus_stop","location_method":"OSM 节点","access":"未标注","source_date":"2026-09-12T02:20:24Z","original_name":"尧化门","related_osm_ids":["node/1835408524"]}},{"type":"Feature","id":"node/1835408528","geometry":{"type":"Point","coordinates":[118.8686637,32.1123831]},"properties":{"osm_id":"node/1835408528","name":"尧化门西","named":true,"category":"transit","kind":"bus_stop","location_method":"OSM 节点","access":"未标注","source_date":"2026-09-12T02:20:24Z","original_name":"尧化门西","related_osm_ids":["node/1835408528","node/8773088019"]}},{"type":"Feature","id":"node/1835408534","geometry":{"type":"Point","coordinates":[118.8757719,32.1204143]},"properties":{"osm_id":"node/1835408534","name":"尧佳路·尧辰村","named":true,"category":"transit","kind":"bus_stop","location_method":"OSM 节点","access":"未标注","source_date":"2026-09-12T02:20:24Z","original_name":"尧佳路·尧辰村","related_osm_ids":["node/1835408534"]}},{"type":"Feature","id":"node/1835408546","geometry":{"type":"Point","coordinates":[118.8559183,32.0943741]},"properties":{"osm_id":"node/1835408546","name":"环陵路·岔路口","named":true,"category":"transit","kind":"bus_stop","location_method":"OSM 节点","access":"未标注","source_date":"2026-09-12T02:20:24Z","original_name":"环陵路·岔路口","related_osm_ids":["node/1835408546"]}},{"type":"Feature","id":"node/1835408551","geometry":{"type":"Point","coordinates":[118.8540978,32.0954056]},"properties":{"osm_id":"node/1835408551","name":"环陵路·岔路口","named":true,"category":"transit","kind":"bus_stop","location_method":"OSM 节点","access":"未标注","source_date":"2026-09-12T02:20:24Z","original_name":"环陵路·岔路口","related_osm_ids":["node/1835408551"]}},{"type":"Feature","id":"node/1835408554","geometry":{"type":"Point","coordinates":[118.8552325,32.0962172]},"properties":{"osm_id":"node/1835408554","name":"环陵路·岔路口","named":true,"category":"transit","kind":"bus_stop","location_method":"OSM 节点","access":"未标注","source_date":"2026-09-12T02:20:24Z","original_name":"环陵路·岔路口","related_osm_ids":["node/1835408554"]}},{"type":"Feature","id":"node/1835419132","geometry":{"type":"Point","coordinates":[118.8723295,32.0793383]},"properties":{"osm_id":"node/1835419132","name":"上五旗(紫金山庄)","named":true,"category":"transit","kind":"bus_stop","location_method":"OSM 节点","access":"未标注","source_date":"2026-09-12T02:20:24Z","original_name":"上五旗(紫金山庄)","related_osm_ids":["node/1835419132","node/1835419141"]}},{"type":"Feature","id":"node/1835419142","geometry":{"type":"Point","coordinates":[118.8643453,32.0849927]},"properties":{"osm_id":"node/1835419142","name":"下五旗","named":true,"category":"transit","kind":"bus_stop","location_method":"OSM 节点","access":"未标注","source_date":"2026-09-12T02:20:24Z","original_name":"下五旗","related_osm_ids":["node/1835419142"]}},{"type":"Feature","id":"node/1835419143","geometry":{"type":"Point","coordinates":[118.8625611,32.0867289]},"properties":{"osm_id":"node/1835419143","name":"下五旗","named":true,"category":"transit","kind":"bus_stop","location_method":"OSM 节点","access":"未标注","source_date":"2026-09-12T02:20:24Z","original_name":"下五旗","related_osm_ids":["node/1835419143"]}},{"type":"Feature","id":"node/1835419145","geometry":{"type":"Point","coordinates":[118.883068,32.0566724]},"properties":{"osm_id":"node/1835419145","name":"陶家营","named":true,"category":"transit","kind":"bus_stop","location_method":"OSM 节点","access":"未标注","source_date":"2026-09-12T02:20:24Z","original_name":"陶家营","related_osm_ids":["node/1835419145"]}},{"type":"Feature","id":"node/1835419149","geometry":{"type":"Point","coordinates":[118.8834395,32.0582379]},"properties":{"osm_id":"node/1835419149","name":"陶家营","named":true,"category":"transit","kind":"bus_stop","location_method":"OSM 节点","access":"未标注","source_date":"2026-09-12T02:20:24Z","original_name":"陶家营","related_osm_ids":["node/1835419149"]}},{"type":"Feature","id":"node/1836125852","geometry":{"type":"Point","coordinates":[118.8396467,32.0188776]},"properties":{"osm_id":"node/1836125852","name":"友谊河路","named":true,"category":"transit","kind":"bus_stop","location_method":"OSM 节点","access":"未标注","source_date":"2026-09-12T02:20:24Z","original_name":"友谊河路","related_osm_ids":["node/1836125852","node/1836125853"]}},{"type":"Feature","id":"node/1836125854","geometry":{"type":"Point","coordinates":[118.8386194,32.0149841]},"properties":{"osm_id":"node/1836125854","name":"友谊河路南站","named":true,"category":"transit","kind":"bus_stop","location_method":"OSM 节点","access":"未标注","source_date":"2026-09-12T02:20:24Z","original_name":"友谊河路南站","related_osm_ids":["node/1836125854","node/1836125855"]}},{"type":"Feature","id":"node/1836125858","geometry":{"type":"Point","coordinates":[118.8361658,32.0078296]},"properties":{"osm_id":"node/1836125858","name":"湿地公园","named":true,"category":"transit","kind":"bus_stop","location_method":"OSM 节点","access":"未标注","source_date":"2026-09-12T02:20:24Z","original_name":"湿地公园","related_osm_ids":["node/1836125858","node/1836125859"]}},{"type":"Feature","id":"node/1836125860","geometry":{"type":"Point","coordinates":[118.8379816,32.0134436]},"properties":{"osm_id":"node/1836125860","name":"石杨路","named":true,"category":"transit","kind":"bus_stop","location_method":"OSM 节点","access":"未标注","source_date":"2026-09-12T02:20:24Z","original_name":"石杨路","related_osm_ids":["node/1836125860","node/1836125861"]}},{"type":"Feature","id":"node/1836125865","geometry":{"type":"Point","coordinates":[118.8444912,32.002082]},"properties":{"osm_id":"node/1836125865","name":"西桐桥","named":true,"category":"transit","kind":"bus_stop","location_method":"OSM 节点","access":"未标注","source_date":"2026-09-12T02:20:24Z","original_name":"西桐桥","related_osm_ids":["node/1836125865","node/1836125866"]}},{"type":"Feature","id":"node/1836125867","geometry":{"type":"Point","coordinates":[118.8388376,32.0059074]},"properties":{"osm_id":"node/1836125867","name":"银龙雅苑","named":true,"category":"transit","kind":"bus_stop","location_method":"OSM 节点","access":"未标注","source_date":"2026-09-12T02:20:24Z","original_name":"银龙雅苑","related_osm_ids":["node/1836125867","node/1836125868"]}},{"type":"Feature","id":"node/1836129980","geometry":{"type":"Point","coordinates":[118.8807063,32.0008361]},"properties":{"osm_id":"node/1836129980","name":"未命名交通点位","named":false,"category":"transit","kind":"bus_stop","location_method":"OSM 节点","access":"未标注","source_date":"2026-09-12T02:20:24Z","related_osm_ids":["node/1836129980"]}},{"type":"Feature","id":"node/1836129981","geometry":{"type":"Point","coordinates":[118.8805998,32.0013365]},"properties":{"osm_id":"node/1836129981","name":"未命名交通点位","named":false,"category":"transit","kind":"bus_stop","location_method":"OSM 节点","access":"未标注","source_date":"2026-09-12T02:20:24Z","related_osm_ids":["node/1836129981"]}},{"type":"Feature","id":"node/1836129993","geometry":{"type":"Point","coordinates":[118.8934129,32.0160697]},"properties":{"osm_id":"node/1836129993","name":"人口学院","named":true,"category":"transit","kind":"bus_stop","location_method":"OSM 节点","access":"未标注","source_date":"2026-09-12T02:20:24Z","original_name":"人口学院","related_osm_ids":["node/1836129993","node/1836129994"]}},{"type":"Feature","id":"node/1836129995","geometry":{"type":"Point","coordinates":[118.8811544,32.0042373]},"properties":{"osm_id":"node/1836129995","name":"公路养护中心","named":true,"category":"transit","kind":"bus_stop","location_method":"OSM 节点","access":"未标注","source_date":"2026-09-12T02:20:24Z","original_name":"公路养护中心","related_osm_ids":["node/1836129995","node/1836129996"]}},{"type":"Feature","id":"node/1836129999","geometry":{"type":"Point","coordinates":[118.8876968,32.0132162]},"properties":{"osm_id":"node/1836129999","name":"谢盖","named":true,"category":"transit","kind":"bus_stop","location_method":"OSM 节点","access":"未标注","source_date":"2026-09-12T02:20:24Z","original_name":"谢盖","related_osm_ids":["node/1836129999","node/1836130000"]}},{"type":"Feature","id":"node/1836137767","geometry":{"type":"Point","coordinates":[118.8171529,32.0259636]},"properties":{"osm_id":"node/1836137767","name":"光华东街","named":true,"category":"transit","kind":"bus_stop","location_method":"OSM 节点","access":"未标注","source_date":"2026-09-12T02:20:24Z","original_name":"光华东街","related_osm_ids":["node/1836137767","node/1836137771"]}},{"type":"Feature","id":"node/1836137776","geometry":{"type":"Point","coordinates":[118.8139236,32.025384]},"properties":{"osm_id":"node/1836137776","name":"光华园","named":true,"category":"transit","kind":"bus_stop","location_method":"OSM 节点","access":"未标注","source_date":"2026-09-12T02:20:24Z","original_name":"光华园","related_osm_ids":["node/1836137776"]}},{"type":"Feature","id":"node/1836137780","geometry":{"type":"Point","coordinates":[118.8148244,32.0255318]},"properties":{"osm_id":"node/1836137780","name":"光华园","named":true,"category":"transit","kind":"bus_stop","location_method":"OSM 节点","access":"未标注","source_date":"2026-09-12T02:20:24Z","original_name":"光华园","related_osm_ids":["node/1836137780"]}},{"type":"Feature","id":"node/1836137785","geometry":{"type":"Point","coordinates":[118.7933217,32.0289358]},"properties":{"osm_id":"node/1836137785","name":"大中桥","named":true,"category":"transit","kind":"bus_stop","location_method":"OSM 节点","access":"未标注","source_date":"2026-09-12T02:20:24Z","original_name":"大中桥","related_osm_ids":["node/1836137785"]}},{"type":"Feature","id":"node/1836137790","geometry":{"type":"Point","coordinates":[118.8165126,32.0219639]},"properties":{"osm_id":"node/1836137790","name":"石门坎西站","named":true,"category":"transit","kind":"bus_stop","location_method":"OSM 节点","access":"未标注","source_date":"2026-09-12T02:20:24Z","original_name":"石门坎西站","related_osm_ids":["node/1836137790"]}},{"type":"Feature","id":"node/1836137796","geometry":{"type":"Point","coordinates":[118.8234589,32.026443]},"properties":{"osm_id":"node/1836137796","name":"紫金路","named":true,"category":"transit","kind":"bus_stop","location_method":"OSM 节点","access":"未标注","source_date":"2026-09-12T02:20:24Z","original_name":"紫金路","related_osm_ids":["node/1836137796","node/1836137802"]}},{"type":"Feature","id":"node/1836139487","geometry":{"type":"Point","coordinates":[118.8152568,32.0281103]},"properties":{"osm_id":"node/1836139487","name":"蓝旗街","named":true,"category":"transit","kind":"bus_stop","location_method":"OSM 节点","access":"未标注","source_date":"2026-09-12T02:20:24Z","original_name":"蓝旗街","related_osm_ids":["node/1836139487"]}},{"type":"Feature","id":"node/1836139489","geometry":{"type":"Point","coordinates":[118.8162169,32.0281217]},"properties":{"osm_id":"node/1836139489","name":"蓝旗街","named":true,"category":"transit","kind":"bus_stop","location_method":"OSM 节点","access":"未标注","source_date":"2026-09-12T02:20:24Z","original_name":"蓝旗街","related_osm_ids":["node/1836139489"]}},{"type":"Feature","id":"node/1836144234","geometry":{"type":"Point","coordinates":[118.8110306,32.0263637]},"properties":{"osm_id":"node/1836144234","name":"光华门","named":true,"category":"transit","kind":"bus_stop","location_method":"OSM 节点","access":"未标注","source_date":"2026-09-12T02:20:24Z","original_name":"光华门","related_osm_ids":["node/1836144234","node/1836144235"]}},{"type":"Feature","id":"node/1836145558","geometry":{"type":"Point","coordinates":[118.7793838,32.0953073]},"properties":{"osm_id":"node/1836145558","name":"中央门北站","named":true,"category":"transit","kind":"bus_stop","location_method":"OSM 节点","access":"未标注","source_date":"2026-09-12T02:20:24Z","original_name":"中央门北站","related_osm_ids":["node/1836145558"]}},{"type":"Feature","id":"node/1836145559","geometry":{"type":"Point","coordinates":[118.7791984,32.0957731]},"properties":{"osm_id":"node/1836145559","name":"中央门北","named":true,"category":"transit","kind":"bus_stop","location_method":"OSM 节点","access":"未标注","source_date":"2026-09-12T02:20:24Z","original_name":"中央门北","related_osm_ids":["node/1836145559"]}},{"type":"Feature","id":"node/1836145560","geometry":{"type":"Point","coordinates":[118.7792963,32.0914957]},"properties":{"osm_id":"node/1836145560","name":"中央门南站","named":true,"category":"transit","kind":"bus_stop","location_method":"OSM 节点","access":"未标注","source_date":"2026-09-12T02:20:24Z","original_name":"中央门南站","related_osm_ids":["node/1836145560"]}},{"type":"Feature","id":"node/1836145561","geometry":{"type":"Point","coordinates":[118.7767656,32.1048355]},"properties":{"osm_id":"node/1836145561","name":"休干所","named":true,"category":"transit","kind":"bus_stop","location_method":"OSM 节点","access":"未标注","source_date":"2026-09-12T02:20:24Z","original_name":"休干所","related_osm_ids":["node/1836145561"]}},{"type":"Feature","id":"node/1836145562","geometry":{"type":"Point","coordinates":[118.7823144,32.1052793]},"properties":{"osm_id":"node/1836145562","name":"北崮山","named":true,"category":"transit","kind":"bus_stop","location_method":"OSM 节点","access":"未标注","source_date":"2026-09-12T02:20:24Z","original_name":"北崮山","related_osm_ids":["node/1836145562"]}},{"type":"Feature","id":"node/1836145563","geometry":{"type":"Point","coordinates":[118.7769457,32.1055736]},"properties":{"osm_id":"node/1836145563","name":"北崮山西站","named":true,"category":"transit","kind":"bus_stop","location_method":"OSM 节点","access":"未标注","source_date":"2026-09-12T02:20:24Z","original_name":"北崮山西站","related_osm_ids":["node/1836145563"]}},{"type":"Feature","id":"node/1836145564","geometry":{"type":"Point","coordinates":[118.7788872,32.1004986]},"properties":{"osm_id":"node/1836145564","name":"河路道","named":true,"category":"transit","kind":"bus_stop","location_method":"OSM 节点","access":"未标注","source_date":"2026-09-12T02:20:24Z","original_name":"河路道","related_osm_ids":["node/1836145564","node/1836145565"]}},{"type":"Feature","id":"node/1836156999","geometry":{"type":"Point","coordinates":[118.7790144,32.0878185]},"properties":{"osm_id":"node/1836156999","name":"中央门南站","named":true,"category":"transit","kind":"bus_stop","location_method":"OSM 节点","access":"未标注","source_date":"2026-09-12T02:20:24Z","original_name":"中央门南站","related_osm_ids":["node/1836156999"]}},{"type":"Feature","id":"node/1836157000","geometry":{"type":"Point","coordinates":[118.7790252,32.0761936]},"properties":{"osm_id":"node/1836157000","name":"公交总公司","named":true,"category":"transit","kind":"bus_stop","location_method":"OSM 节点","access":"未标注","source_date":"2026-09-12T02:20:24Z","original_name":"公交总公司","related_osm_ids":["node/1836157000"]}},{"type":"Feature","id":"node/1836157002","geometry":{"type":"Point","coordinates":[118.7791295,32.0638633]},"properties":{"osm_id":"node/1836157002","name":"鼓楼北站","named":true,"category":"transit","kind":"bus_stop","location_method":"OSM 节点","access":"未标注","source_date":"2026-09-12T02:20:24Z","original_name":"鼓楼北站","related_osm_ids":["node/1836157002"]}},{"type":"Feature","id":"node/1836165856","geometry":{"type":"Point","coordinates":[118.8039991,32.0981282]},"properties":{"osm_id":"node/1836165856","name":"十字街","named":true,"category":"transit","kind":"bus_stop","location_method":"OSM 节点","access":"未标注","source_date":"2026-09-12T02:20:24Z","original_name":"十字街","related_osm_ids":["node/1836165856"]}},{"type":"Feature","id":"node/1836165857","geometry":{"type":"Point","coordinates":[118.801767,32.080778]},"properties":{"osm_id":"node/1836165857","name":"新庄广场西","named":true,"category":"transit","kind":"bus_stop","location_method":"OSM 节点","access":"未标注","source_date":"2026-09-12T02:20:24Z","original_name":"新庄广场西","related_osm_ids":["node/1836165857"]}},{"type":"Feature","id":"node/1836165865","geometry":{"type":"Point","coordinates":[118.8040522,32.1013891]},"properties":{"osm_id":"node/1836165865","name":"省中西医结合医院","named":true,"category":"transit","kind":"bus_stop","location_method":"OSM 节点","access":"未标注","source_date":"2026-09-12T02:20:24Z","original_name":"省中西医结合医院","related_osm_ids":["node/1836165865"]}},{"type":"Feature","id":"node/1836165880","geometry":{"type":"Point","coordinates":[118.8047502,32.1020128]},"properties":{"osm_id":"node/1836165880","name":"省中西医结合医院","named":true,"category":"transit","kind":"bus_stop","location_method":"OSM 节点","access":"未标注","source_date":"2026-09-12T02:20:24Z","original_name":"省中西医结合医院","related_osm_ids":["node/1836165880"]}},{"type":"Feature","id":"node/1836165881","geometry":{"type":"Point","coordinates":[118.8038697,32.0950558]},"properties":{"osm_id":"node/1836165881","name":"红山动物园东门","named":true,"category":"transit","kind":"bus_stop","location_method":"OSM 节点","access":"未标注","source_date":"2026-09-12T02:20:24Z","original_name":"红山动物园东门","related_osm_ids":["node/1836165881","node/1836165882"]}},{"type":"Feature","id":"node/1836169189","geometry":{"type":"Point","coordinates":[118.8118629,32.0360362]},"properties":{"osm_id":"node/1836169189","name":"御道街","named":true,"category":"transit","kind":"bus_stop","location_method":"OSM 节点","access":"未标注","source_date":"2026-09-12T02:20:24Z","original_name":"御道街","related_osm_ids":["node/1836169189"]}},{"type":"Feature","id":"node/1836177775","geometry":{"type":"Point","coordinates":[118.8272962,32.0917979]},"properties":{"osm_id":"node/1836177775","name":"经五立交","named":true,"category":"transit","kind":"bus_stop","location_method":"OSM 节点","access":"未标注","source_date":"2026-09-12T02:20:24Z","original_name":"经五立交","related_osm_ids":["node/1836177775"]}},{"type":"Feature","id":"node/1836180517","geometry":{"type":"Point","coordinates":[118.831184,32.0920484]},"properties":{"osm_id":"node/1836180517","name":"伊刘邨","named":true,"category":"transit","kind":"bus_stop","location_method":"OSM 节点","access":"未标注","source_date":"2026-09-12T02:20:24Z","original_name":"伊刘邨","related_osm_ids":["node/1836180517","node/1836180526"]}},{"type":"Feature","id":"node/1836180524","geometry":{"type":"Point","coordinates":[118.8136062,32.0488578]},"properties":{"osm_id":"node/1836180524","name":"后宰门","named":true,"category":"transit","kind":"bus_stop","location_method":"OSM 节点","access":"未标注","source_date":"2026-09-12T02:20:24Z","original_name":"后宰门","related_osm_ids":["node/1836180524"]}},{"type":"Feature","id":"node/1836180525","geometry":{"type":"Point","coordinates":[118.81291,32.0694834]},"properties":{"osm_id":"node/1836180525","name":"岗子村","named":true,"category":"transit","kind":"bus_stop","location_method":"OSM 节点","access":"未标注","source_date":"2026-09-12T02:20:24Z","original_name":"岗子村","related_osm_ids":["node/1836180525"]}},{"type":"Feature","id":"node/1836180527","geometry":{"type":"Point","coordinates":[118.8169195,32.0727841]},"properties":{"osm_id":"node/1836180527","name":"板仓村","named":true,"category":"transit","kind":"bus_stop","location_method":"OSM 节点","access":"未标注","source_date":"2026-09-12T02:20:24Z","original_name":"板仓村","related_osm_ids":["node/1836180527"]}},{"type":"Feature","id":"node/1836180528","geometry":{"type":"Point","coordinates":[118.8366159,32.0932996]},"properties":{"osm_id":"node/1836180528","name":"王家湾","named":true,"category":"transit","kind":"bus_stop","location_method":"OSM 节点","access":"未标注","source_date":"2026-09-12T02:20:24Z","original_name":"王家湾","related_osm_ids":["node/1836180528"]}},{"type":"Feature","id":"node/1836180529","geometry":{"type":"Point","coordinates":[118.8389469,32.0932279]},"properties":{"osm_id":"node/1836180529","name":"王家湾","named":true,"category":"transit","kind":"bus_stop","location_method":"OSM 节点","access":"未标注","source_date":"2026-09-12T02:20:24Z","original_name":"王家湾","related_osm_ids":["node/1836180529"]}},{"type":"Feature","id":"node/1836180536","geometry":{"type":"Point","coordinates":[118.8199242,32.0813957]},"properties":{"osm_id":"node/1836180536","name":"省经干院西门","named":true,"category":"transit","kind":"bus_stop","location_method":"OSM 节点","access":"未标注","source_date":"2026-09-12T02:20:24Z","original_name":"省经干院西门","related_osm_ids":["node/1836180536"]}},{"type":"Feature","id":"node/1836180537","geometry":{"type":"Point","coordinates":[118.8207738,32.0791914]},"properties":{"osm_id":"node/1836180537","name":"花园路","named":true,"category":"transit","kind":"bus_stop","location_method":"OSM 节点","access":"未标注","source_date":"2026-09-12T02:20:24Z","original_name":"花园路","related_osm_ids":["node/1836180537"]}},{"type":"Feature","id":"node/1836180538","geometry":{"type":"Point","coordinates":[118.8163913,32.085581]},"properties":{"osm_id":"node/1836180538","name":"长途东站","named":true,"category":"transit","kind":"bus_stop","location_method":"OSM 节点","access":"未标注","source_date":"2026-09-12T02:20:24Z","original_name":"长途东站","related_osm_ids":["node/1836180538"]}},{"type":"Feature","id":"node/1836181139","geometry":{"type":"Point","coordinates":[118.8238,32.1198028]},"properties":{"osm_id":"node/1836181139","name":"大瓜园东站","named":true,"category":"transit","kind":"bus_stop","location_method":"OSM 节点","access":"未标注","source_date":"2026-09-12T02:20:24Z","original_name":"大瓜园东站","related_osm_ids":["node/1836181139"]}},{"type":"Feature","id":"node/1947290734","geometry":{"type":"Point","coordinates":[118.7745716,32.0312894]},"properties":{"osm_id":"node/1947290734","name":"李记牛肉锅贴","named":true,"category":"daily","kind":"restaurant","location_method":"OSM 节点","access":"未标注","source_date":"2026-09-12T02:20:24Z","original_name":"李记牛肉锅贴","related_osm_ids":["node/1947290734"]}},{"type":"Feature","id":"node/1960264986","geometry":{"type":"Point","coordinates":[118.7935394,32.0273935]},"properties":{"osm_id":"node/1960264986","name":"环北市场","named":true,"category":"transit","kind":"bus_station","location_method":"OSM 节点","access":"未标注","source_date":"2026-09-12T02:20:24Z","original_name":"环北市场","related_osm_ids":["node/1960264986"]}},{"type":"Feature","id":"node/1964335661","geometry":{"type":"Point","coordinates":[118.8219601,32.0779454]},"properties":{"osm_id":"node/1964335661","name":"苏果超市","named":true,"category":"daily","kind":"supermarket","location_method":"OSM 节点","access":"未标注","source_date":"2026-09-12T02:20:24Z","original_name":"苏果超市","related_osm_ids":["node/1964335661"]}},{"type":"Feature","id":"node/1984514244","geometry":{"type":"Point","coordinates":[118.7772225,32.0524139]},"properties":{"osm_id":"node/1984514244","name":"麦当劳","named":true,"category":"daily","kind":"fast_food","location_method":"OSM 节点","access":"未标注","source_date":"2026-09-12T02:20:24Z","original_name":"麦当劳","related_osm_ids":["node/1984514244"]}},{"type":"Feature","id":"node/1984689547","geometry":{"type":"Point","coordinates":[118.7745951,32.058776]},"properties":{"osm_id":"node/1984689547","name":"德国研究图书馆","named":true,"category":"education","kind":"library","location_method":"OSM 节点","access":"未标注","source_date":"2026-09-12T02:20:24Z","original_name":"德国研究图书馆","related_osm_ids":["node/1984689547"]}},{"type":"Feature","id":"node/1992349849","geometry":{"type":"Point","coordinates":[118.7775557,32.0517345]},"properties":{"osm_id":"node/1992349849","name":"中国农业银行","named":true,"category":"daily","kind":"bank","location_method":"OSM 节点","access":"未标注","source_date":"2026-09-12T02:20:24Z","original_name":"中国农业银行","related_osm_ids":["node/1992349849"]}},{"type":"Feature","id":"node/1992349850","geometry":{"type":"Point","coordinates":[118.7771517,32.0518929]},"properties":{"osm_id":"node/1992349850","name":"交通银行","named":true,"category":"daily","kind":"bank","location_method":"OSM 节点","access":"未标注","source_date":"2026-09-12T02:20:24Z","original_name":"交通银行","related_osm_ids":["node/1992349850"]}},{"type":"Feature","id":"node/1992349851","geometry":{"type":"Point","coordinates":[118.7769649,32.0518714]},"properties":{"osm_id":"node/1992349851","name":"小肥羊","named":true,"category":"daily","kind":"restaurant","location_method":"OSM 节点","access":"未标注","source_date":"2026-09-12T02:20:24Z","original_name":"小肥羊","related_osm_ids":["node/1992349851"]}},{"type":"Feature","id":"node/1992349853","geometry":{"type":"Point","coordinates":[118.7767543,32.051862]},"properties":{"osm_id":"node/1992349853","name":"庆善园韩式料理","named":true,"category":"daily","kind":"restaurant","location_method":"OSM 节点","access":"未标注","source_date":"2026-09-12T02:20:24Z","original_name":"庆善园韩式料理","related_osm_ids":["node/1992349853"]}},{"type":"Feature","id":"node/1992349854","geometry":{"type":"Point","coordinates":[118.7766691,32.051857]},"properties":{"osm_id":"node/1992349854","name":"永和大王","named":true,"category":"daily","kind":"fast_food","location_method":"OSM 节点","access":"未标注","source_date":"2026-09-12T02:20:24Z","original_name":"永和大王","related_osm_ids":["node/1992349854"]}},{"type":"Feature","id":"node/1992349943","geometry":{"type":"Point","coordinates":[118.7775477,32.0515531]},"properties":{"osm_id":"node/1992349943","name":"苏果好的","named":true,"category":"daily","kind":"convenience","location_method":"OSM 节点","access":"未标注","source_date":"2026-09-12T02:20:24Z","original_name":"苏果好的","related_osm_ids":["node/1992349943"]}},{"type":"Feature","id":"node/1992372306","geometry":{"type":"Point","coordinates":[118.7784561,32.051881]},"properties":{"osm_id":"node/1992372306","name":"广州银行","named":true,"category":"daily","kind":"bank","location_method":"OSM 节点","access":"未标注","source_date":"2026-09-12T02:20:24Z","original_name":"广州银行","related_osm_ids":["node/1992372306"]}},{"type":"Feature","id":"node/2024911646","geometry":{"type":"Point","coordinates":[118.7692905,32.0592975]},"properties":{"osm_id":"node/2024911646","name":"云中食品店","named":true,"category":"daily","kind":"bakery","location_method":"OSM 节点","access":"未标注","source_date":"2026-09-12T02:20:24Z","original_name":"云中食品店","related_osm_ids":["node/2024911646"]}},{"type":"Feature","id":"node/2024977728","geometry":{"type":"Point","coordinates":[118.7725194,32.0543028]},"properties":{"osm_id":"node/2024977728","name":"南京大学附属中学国际高中","named":true,"category":"education","kind":"school","location_method":"OSM 节点","access":"未标注","source_date":"2026-09-12T02:20:24Z","original_name":"南京大学附属中学国际高中","related_osm_ids":["node/2024977728"]}},{"type":"Feature","id":"node/2024977729","geometry":{"type":"Point","coordinates":[118.7712499,32.0601013]},"properties":{"osm_id":"node/2024977729","name":"壹咖啡","named":true,"category":"daily","kind":"cafe","location_method":"OSM 节点","access":"未标注","source_date":"2026-09-12T02:20:24Z","original_name":"壹咖啡","related_osm_ids":["node/2024977729"]}},{"type":"Feature","id":"node/2024977814","geometry":{"type":"Point","coordinates":[118.7785838,32.0527057]},"properties":{"osm_id":"node/2024977814","name":"85度C","named":true,"category":"daily","kind":"cafe","location_method":"OSM 节点","access":"未标注","source_date":"2026-09-12T02:20:24Z","original_name":"85度C","related_osm_ids":["node/2024977814"]}},{"type":"Feature","id":"node/2027220858","geometry":{"type":"Point","coordinates":[118.8393688,32.0308881]},"properties":{"osm_id":"node/2027220858","name":"交通银行","named":true,"category":"daily","kind":"bank","location_method":"OSM 节点","access":"未标注","source_date":"2026-09-12T02:20:24Z","original_name":"交通银行","related_osm_ids":["node/2027220858"]}},{"type":"Feature","id":"node/2030460172","geometry":{"type":"Point","coordinates":[118.7793217,32.0581579]},"properties":{"osm_id":"node/2030460172","name":"中信银行","named":true,"category":"daily","kind":"bank","location_method":"OSM 节点","access":"未标注","source_date":"2026-09-12T02:20:24Z","original_name":"中信银行","related_osm_ids":["node/2030460172"]}},{"type":"Feature","id":"node/2034745274","geometry":{"type":"Point","coordinates":[118.771566,32.0446093]},"properties":{"osm_id":"node/2034745274","name":"中国光大银行","named":true,"category":"daily","kind":"bank","location_method":"OSM 节点","access":"未标注","source_date":"2026-09-12T02:20:24Z","original_name":"中国光大银行","related_osm_ids":["node/2034745274"]}},{"type":"Feature","id":"node/2034745278","geometry":{"type":"Point","coordinates":[118.7724788,32.0445825]},"properties":{"osm_id":"node/2034745278","name":"宁波银行","named":true,"category":"daily","kind":"bank","location_method":"OSM 节点","access":"未标注","source_date":"2026-09-12T02:20:24Z","original_name":"宁波银行","related_osm_ids":["node/2034745278"]}},{"type":"Feature","id":"node/2034781565","geometry":{"type":"Point","coordinates":[118.7725018,32.0484668]},"properties":{"osm_id":"node/2034781565","name":"中国工商银行","named":true,"category":"daily","kind":"bank","location_method":"OSM 节点","access":"未标注","source_date":"2026-09-12T02:20:24Z","original_name":"中国工商银行","related_osm_ids":["node/2034781565"]}},{"type":"Feature","id":"node/2034822853","geometry":{"type":"Point","coordinates":[118.7792198,32.0518395]},"properties":{"osm_id":"node/2034822853","name":"Best Buy","named":true,"category":"daily","kind":"electronics","location_method":"OSM 节点","access":"未标注","source_date":"2026-09-12T02:20:24Z","original_name":"Best Buy","related_osm_ids":["node/2034822853"]}},{"type":"Feature","id":"node/2034822918","geometry":{"type":"Point","coordinates":[118.7796951,32.0520864]},"properties":{"osm_id":"node/2034822918","name":"麦当劳","named":true,"category":"daily","kind":"fast_food","location_method":"OSM 节点","access":"未标注","source_date":"2026-09-12T02:20:24Z","original_name":"麦当劳","related_osm_ids":["node/2034822918"]}},{"type":"Feature","id":"node/2034872644","geometry":{"type":"Point","coordinates":[118.7785797,32.049653]},"properties":{"osm_id":"node/2034872644","name":"中国银行","named":true,"category":"daily","kind":"bank","location_method":"OSM 节点","access":"未标注","source_date":"2026-09-12T02:20:24Z","original_name":"中国银行","related_osm_ids":["node/2034872644"]}},{"type":"Feature","id":"node/2034872648","geometry":{"type":"Point","coordinates":[118.7785642,32.0481956]},"properties":{"osm_id":"node/2034872648","name":"华夏银行","named":true,"category":"daily","kind":"bank","location_method":"OSM 节点","access":"未标注","source_date":"2026-09-12T02:20:24Z","original_name":"华夏银行","related_osm_ids":["node/2034872648"]}},{"type":"Feature","id":"node/2153973734","geometry":{"type":"Point","coordinates":[118.7890299,32.0366292]},"properties":{"osm_id":"node/2153973734","name":"八一医院","named":true,"category":"health","kind":"hospital","location_method":"OSM 节点","access":"未标注","source_date":"2026-09-12T02:20:24Z","original_name":"八一医院","related_osm_ids":["node/2153973734","way/318197090"]}},{"type":"Feature","id":"node/2153973735","geometry":{"type":"Point","coordinates":[118.7875476,32.0373824]},"properties":{"osm_id":"node/2153973735","name":"古籍书店","named":true,"category":"daily","kind":"books","location_method":"OSM 节点","access":"未标注","source_date":"2026-09-12T02:20:24Z","original_name":"古籍书店","related_osm_ids":["node/2153973735"]}},{"type":"Feature","id":"node/2153975403","geometry":{"type":"Point","coordinates":[118.7885065,32.0388141]},"properties":{"osm_id":"node/2153975403","name":"四川酒家","named":true,"category":"daily","kind":"restaurant","location_method":"OSM 节点","access":"未标注","source_date":"2026-09-12T02:20:24Z","original_name":"四川酒家","related_osm_ids":["node/2153975403"]}},{"type":"Feature","id":"node/2157459590","geometry":{"type":"Point","coordinates":[118.7687944,32.0544626]},"properties":{"osm_id":"node/2157459590","name":"南京第二幼儿园","named":true,"category":"education","kind":"kindergarten","location_method":"OSM 节点","access":"未标注","source_date":"2026-09-12T02:20:24Z","original_name":"南京第二幼儿园","related_osm_ids":["node/2157459590"]}},{"type":"Feature","id":"node/2183438972","geometry":{"type":"Point","coordinates":[118.7977316,32.0312117]},"properties":{"osm_id":"node/2183438972","name":"南京市奥星幼儿园","named":true,"category":"education","kind":"kindergarten","location_method":"OSM 节点","access":"未标注","source_date":"2026-09-12T02:20:24Z","original_name":"南京市奥星幼儿园","related_osm_ids":["node/2183438972"]}},{"type":"Feature","id":"node/2327160416","geometry":{"type":"Point","coordinates":[118.7928508,32.040524]},"properties":{"osm_id":"node/2327160416","name":"Suguo CVS","named":true,"category":"daily","kind":"convenience","location_method":"OSM 节点","access":"未标注","source_date":"2026-09-12T02:20:24Z","original_name":"Suguo CVS","related_osm_ids":["node/2327160416"]}},{"type":"Feature","id":"node/2327162385","geometry":{"type":"Point","coordinates":[118.7896517,32.0419238]},"properties":{"osm_id":"node/2327162385","name":"肯德基","named":true,"category":"daily","kind":"fast_food","location_method":"OSM 节点","access":"未标注","source_date":"2026-09-12T02:20:24Z","original_name":"肯德基","related_osm_ids":["node/2327162385"]}},{"type":"Feature","id":"node/2327162750","geometry":{"type":"Point","coordinates":[118.7947605,32.0423429]},"properties":{"osm_id":"node/2327162750","name":"中国工商银行","named":true,"category":"daily","kind":"bank","location_method":"OSM 节点","access":"未标注","source_date":"2026-09-12T02:20:24Z","original_name":"中国工商银行","related_osm_ids":["node/2327162750"]}},{"type":"Feature","id":"node/2327183482","geometry":{"type":"Point","coordinates":[118.7905763,32.0334089]},"properties":{"osm_id":"node/2327183482","name":"Suguo CVS","named":true,"category":"daily","kind":"supermarket","location_method":"OSM 节点","access":"未标注","source_date":"2026-09-12T02:20:24Z","original_name":"Suguo CVS","related_osm_ids":["node/2327183482"]}},{"type":"Feature","id":"node/2327961103","geometry":{"type":"Point","coordinates":[118.7931469,32.0382894]},"properties":{"osm_id":"node/2327961103","name":"李鸿章祠堂","named":true,"category":"heritage","kind":"monument","location_method":"OSM 节点","access":"未标注","source_date":"2026-09-12T02:20:24Z","original_name":"李鸿章祠堂","related_osm_ids":["node/2327961103"]}},{"type":"Feature","id":"node/2327961420","geometry":{"type":"Point","coordinates":[118.7925246,32.0381939]},"properties":{"osm_id":"node/2327961420","name":"先声再康药房","named":true,"category":"health","kind":"pharmacy","location_method":"OSM 节点","access":"未标注","source_date":"2026-09-12T02:20:24Z","original_name":"先声再康药房","related_osm_ids":["node/2327961420"]}},{"type":"Feature","id":"node/2347724552","geometry":{"type":"Point","coordinates":[118.9199512,32.1202146]},"properties":{"osm_id":"node/2347724552","name":"邮电大学北","named":true,"category":"transit","kind":"bus_stop","location_method":"OSM 节点","access":"未标注","source_date":"2026-09-12T02:20:24Z","original_name":"邮电大学北","related_osm_ids":["node/2347724552"]}},{"type":"Feature","id":"node/2471715038","geometry":{"type":"Point","coordinates":[118.7794143,32.049239]},"properties":{"osm_id":"node/2471715038","name":"蓝蛙","named":true,"category":"daily","kind":"restaurant","location_method":"OSM 节点","access":"未标注","source_date":"2026-09-12T02:20:24Z","original_name":"蓝蛙","related_osm_ids":["node/2471715038"]}},{"type":"Feature","id":"node/2471715042","geometry":{"type":"Point","coordinates":[118.7794433,32.0490679]},"properties":{"osm_id":"node/2471715042","name":"Element Fresh","named":true,"category":"daily","kind":"restaurant","location_method":"OSM 节点","access":"未标注","source_date":"2026-09-12T02:20:24Z","original_name":"Element Fresh","related_osm_ids":["node/2471715042"]}},{"type":"Feature","id":"node/2492194724","geometry":{"type":"Point","coordinates":[118.7696294,32.0542602]},"properties":{"osm_id":"node/2492194724","name":"Pisa Pizza","named":true,"category":"daily","kind":"restaurant","location_method":"OSM 节点","access":"未标注","source_date":"2026-09-12T02:20:24Z","original_name":"Pisa Pizza","related_osm_ids":["node/2492194724"]}},{"type":"Feature","id":"node/267225237","geometry":{"type":"Point","coordinates":[118.7917463,32.0887235]},"properties":{"osm_id":"node/267225237","name":"南京","named":true,"category":"transit","kind":"station","location_method":"OSM 节点","access":"未标注","source_date":"2026-09-12T02:20:24Z","original_name":"南京","related_osm_ids":["node/267225237"]}},{"type":"Feature","id":"node/2696053443","geometry":{"type":"Point","coordinates":[118.7967898,32.0489249]},"properties":{"osm_id":"node/2696053443","name":"未命名生活服务","named":false,"category":"daily","kind":"cafe","location_method":"OSM 节点","access":"未标注","source_date":"2026-09-12T02:20:24Z","related_osm_ids":["node/2696053443"]}},{"type":"Feature","id":"node/2696053444","geometry":{"type":"Point","coordinates":[118.7976109,32.0470199]},"properties":{"osm_id":"node/2696053444","name":"未命名生活服务","named":false,"category":"daily","kind":"restaurant","location_method":"OSM 节点","access":"未标注","source_date":"2026-09-12T02:20:24Z","related_osm_ids":["node/2696053444"]}},{"type":"Feature","id":"node/2696060672","geometry":{"type":"Point","coordinates":[118.8545111,32.0211947]},"properties":{"osm_id":"node/2696060672","name":"未命名教育设施","named":false,"category":"education","kind":"library","location_method":"OSM 节点","access":"未标注","source_date":"2026-09-12T02:20:24Z","related_osm_ids":["node/2696060672"]}},{"type":"Feature","id":"node/2696060714","geometry":{"type":"Point","coordinates":[118.8548437,32.0212947]},"properties":{"osm_id":"node/2696060714","name":"未命名生活服务","named":false,"category":"daily","kind":"restaurant","location_method":"OSM 节点","access":"未标注","source_date":"2026-09-12T02:20:24Z","related_osm_ids":["node/2696060714"]}},{"type":"Feature","id":"node/2696060903","geometry":{"type":"Point","coordinates":[118.8560346,32.0222044]},"properties":{"osm_id":"node/2696060903","name":"未命名生活服务","named":false,"category":"daily","kind":"cafe","location_method":"OSM 节点","access":"未标注","source_date":"2026-09-12T02:20:24Z","related_osm_ids":["node/2696060903"]}},{"type":"Feature","id":"node/2696060923","geometry":{"type":"Point","coordinates":[118.855745,32.0222044]},"properties":{"osm_id":"node/2696060923","name":"未命名医疗服务","named":false,"category":"health","kind":"hospital","location_method":"OSM 节点","access":"未标注","source_date":"2026-09-12T02:20:24Z","related_osm_ids":["node/2696060923"]}},{"type":"Feature","id":"node/2700753841","geometry":{"type":"Point","coordinates":[118.8080541,32.1061187]},"properties":{"osm_id":"node/2700753841","name":"苏果超市","named":true,"category":"daily","kind":"supermarket","location_method":"OSM 节点","access":"未标注","source_date":"2026-09-12T02:20:24Z","original_name":"苏果超市","related_osm_ids":["node/2700753841"]}},{"type":"Feature","id":"node/2700753843","geometry":{"type":"Point","coordinates":[118.8070134,32.1069048]},"properties":{"osm_id":"node/2700753843","name":"华电路","named":true,"category":"transit","kind":"bus_stop","location_method":"OSM 节点","access":"未标注","source_date":"2026-09-12T02:20:24Z","original_name":"华电路","related_osm_ids":["node/2700753843"]}},{"type":"Feature","id":"node/2700753846","geometry":{"type":"Point","coordinates":[118.8063589,32.1047782]},"properties":{"osm_id":"node/2700753846","name":"迈皋桥东","named":true,"category":"transit","kind":"bus_stop","location_method":"OSM 节点","access":"未标注","source_date":"2026-09-12T02:20:24Z","original_name":"迈皋桥东","related_osm_ids":["node/2700753846"]}},{"type":"Feature","id":"node/2700753853","geometry":{"type":"Point","coordinates":[118.8053437,32.1044611]},"properties":{"osm_id":"node/2700753853","name":"肯德基","named":true,"category":"daily","kind":"fast_food","location_method":"OSM 节点","access":"未标注","source_date":"2026-09-12T02:20:24Z","original_name":"肯德基","related_osm_ids":["node/2700753853"]}},{"type":"Feature","id":"node/2700753856","geometry":{"type":"Point","coordinates":[118.8015598,32.1017464]},"properties":{"osm_id":"node/2700753856","name":"麦当劳","named":true,"category":"daily","kind":"fast_food","location_method":"OSM 节点","access":"未标注","source_date":"2026-09-12T02:20:24Z","original_name":"麦当劳","related_osm_ids":["node/2700753856"]}},{"type":"Feature","id":"node/2700753860","geometry":{"type":"Point","coordinates":[118.805171,32.1077473]},"properties":{"osm_id":"node/2700753860","name":"招商银行","named":true,"category":"daily","kind":"bank","location_method":"OSM 节点","access":"未标注","source_date":"2026-09-12T02:20:24Z","original_name":"招商银行","related_osm_ids":["node/2700753860"]}},{"type":"Feature","id":"node/2700753862","geometry":{"type":"Point","coordinates":[118.8046538,32.1069988]},"properties":{"osm_id":"node/2700753862","name":"中国农业银行","named":true,"category":"daily","kind":"bank","location_method":"OSM 节点","access":"未标注","source_date":"2026-09-12T02:20:24Z","original_name":"中国农业银行","related_osm_ids":["node/2700753862"]}},{"type":"Feature","id":"node/2700753864","geometry":{"type":"Point","coordinates":[118.8043494,32.1065611]},"properties":{"osm_id":"node/2700753864","name":"苏果超市","named":true,"category":"daily","kind":"supermarket","location_method":"OSM 节点","access":"未标注","source_date":"2026-09-12T02:20:24Z","original_name":"苏果超市","related_osm_ids":["node/2700753864"]}},{"type":"Feature","id":"node/2700753866","geometry":{"type":"Point","coordinates":[118.80413,32.1063153]},"properties":{"osm_id":"node/2700753866","name":"太阳雨酒店","named":true,"category":"daily","kind":"restaurant","location_method":"OSM 节点","access":"未标注","source_date":"2026-09-12T02:20:24Z","original_name":"太阳雨酒店","related_osm_ids":["node/2700753866"]}},{"type":"Feature","id":"node/2700753869","geometry":{"type":"Point","coordinates":[118.8072303,32.1089234]},"properties":{"osm_id":"node/2700753869","name":"沃尔玛","named":true,"category":"daily","kind":"supermarket","location_method":"OSM 节点","access":"未标注","source_date":"2026-09-12T02:20:24Z","original_name":"沃尔玛","related_osm_ids":["node/2700753869"]}},{"type":"Feature","id":"node/2700753871","geometry":{"type":"Point","coordinates":[118.8068198,32.1090913]},"properties":{"osm_id":"node/2700753871","name":"肯德基","named":true,"category":"daily","kind":"fast_food","location_method":"OSM 节点","access":"未标注","source_date":"2026-09-12T02:20:24Z","original_name":"肯德基","related_osm_ids":["node/2700753871"]}},{"type":"Feature","id":"node/2706937353","geometry":{"type":"Point","coordinates":[118.7775282,32.0480411]},"properties":{"osm_id":"node/2706937353","name":"中国建设银行","named":true,"category":"daily","kind":"bank","location_method":"OSM 节点","access":"未标注","source_date":"2026-09-12T02:20:24Z","original_name":"中国建设银行","related_osm_ids":["node/2706937353"]}},{"type":"Feature","id":"node/2706937354","geometry":{"type":"Point","coordinates":[118.777279,32.0480888]},"properties":{"osm_id":"node/2706937354","name":"中国银行","named":true,"category":"daily","kind":"bank","location_method":"OSM 节点","access":"未标注","source_date":"2026-09-12T02:20:24Z","original_name":"中国银行","related_osm_ids":["node/2706937354"]}},{"type":"Feature","id":"node/2706937355","geometry":{"type":"Point","coordinates":[118.7775416,32.0479478]},"properties":{"osm_id":"node/2706937355","name":"苏果超市","named":true,"category":"daily","kind":"supermarket","location_method":"OSM 节点","access":"未标注","source_date":"2026-09-12T02:20:24Z","original_name":"苏果超市","related_osm_ids":["node/2706937355"]}},{"type":"Feature","id":"node/2706957988","geometry":{"type":"Point","coordinates":[118.7761654,32.0445544]},"properties":{"osm_id":"node/2706957988","name":"大众书局","named":true,"category":"daily","kind":"books","location_method":"OSM 节点","access":"未标注","source_date":"2026-09-12T02:20:24Z","original_name":"大众书局","related_osm_ids":["node/2706957988"]}},{"type":"Feature","id":"node/2776777329","geometry":{"type":"Point","coordinates":[118.7771341,32.0475782]},"properties":{"osm_id":"node/2776777329","name":"百洁洗衣店","named":true,"category":"daily","kind":"laundry","location_method":"OSM 节点","access":"未标注","source_date":"2026-09-12T02:20:24Z","original_name":"百洁洗衣店","related_osm_ids":["node/2776777329"]}},{"type":"Feature","id":"node/2805283101","geometry":{"type":"Point","coordinates":[118.7916665,32.0507494]},"properties":{"osm_id":"node/2805283101","name":"麦当劳","named":true,"category":"daily","kind":"fast_food","location_method":"OSM 节点","access":"未标注","source_date":"2026-09-12T02:20:24Z","original_name":"麦当劳","related_osm_ids":["node/2805283101"]}},{"type":"Feature","id":"node/2805283332","geometry":{"type":"Point","coordinates":[118.7917631,32.0528591]},"properties":{"osm_id":"node/2805283332","name":"玄武区少年宫","named":true,"category":"daily","kind":"social_facility","location_method":"OSM 节点","access":"未标注","source_date":"2026-09-12T02:20:24Z","original_name":"玄武区少年宫","related_osm_ids":["node/2805283332"]}},{"type":"Feature","id":"node/2805284004","geometry":{"type":"Point","coordinates":[118.7939411,32.0521407]},"properties":{"osm_id":"node/2805284004","name":"苏果超市","named":true,"category":"daily","kind":"supermarket","location_method":"OSM 节点","access":"未标注","source_date":"2026-09-12T02:20:24Z","original_name":"苏果超市","related_osm_ids":["node/2805284004"]}},{"type":"Feature","id":"node/2936758734","geometry":{"type":"Point","coordinates":[118.7945473,32.0909809]},"properties":{"osm_id":"node/2936758734","name":"南京站·北广场东","named":true,"category":"transit","kind":"bus_stop","location_method":"OSM 节点","access":"未标注","source_date":"2026-09-12T02:20:24Z","original_name":"南京站·北广场东","related_osm_ids":["node/2936758734","way/572769932"]}},{"type":"Feature","id":"node/2936758735","geometry":{"type":"Point","coordinates":[118.7903545,32.0933775]},"properties":{"osm_id":"node/2936758735","name":"黄家圩","named":true,"category":"transit","kind":"bus_stop","location_method":"OSM 节点","access":"未标注","source_date":"2026-09-12T02:20:24Z","original_name":"黄家圩","related_osm_ids":["node/2936758735"]}},{"type":"Feature","id":"node/2936758736","geometry":{"type":"Point","coordinates":[118.793469,32.0977205]},"properties":{"osm_id":"node/2936758736","name":"未命名交通点位","named":false,"category":"transit","kind":"bus_stop","location_method":"OSM 节点","access":"未标注","source_date":"2026-09-12T02:20:24Z","related_osm_ids":["node/2936758736"]}},{"type":"Feature","id":"node/2936758737","geometry":{"type":"Point","coordinates":[118.7892545,32.0928099]},"properties":{"osm_id":"node/2936758737","name":"未命名交通点位","named":false,"category":"transit","kind":"bus_stop","location_method":"OSM 节点","access":"未标注","source_date":"2026-09-12T02:20:24Z","related_osm_ids":["node/2936758737"]}},{"type":"Feature","id":"node/2936758738","geometry":{"type":"Point","coordinates":[118.7886786,32.097007]},"properties":{"osm_id":"node/2936758738","name":"安怀村东","named":true,"category":"transit","kind":"bus_stop","location_method":"OSM 节点","access":"未标注","source_date":"2026-09-12T02:20:24Z","original_name":"安怀村东","related_osm_ids":["node/2936758738","node/2936758742"]}},{"type":"Feature","id":"node/2936758739","geometry":{"type":"Point","coordinates":[118.795824,32.099152]},"properties":{"osm_id":"node/2936758739","name":"未命名交通点位","named":false,"category":"transit","kind":"bus_stop","location_method":"OSM 节点","access":"未标注","source_date":"2026-09-12T02:20:24Z","related_osm_ids":["node/2936758739"]}},{"type":"Feature","id":"node/2936758740","geometry":{"type":"Point","coordinates":[118.7820372,32.0976524]},"properties":{"osm_id":"node/2936758740","name":"安怀村东","named":true,"category":"transit","kind":"bus_stop","location_method":"OSM 节点","access":"未标注","source_date":"2026-09-12T02:20:24Z","original_name":"安怀村东","related_osm_ids":["node/2936758740"]}},{"type":"Feature","id":"node/2936758741","geometry":{"type":"Point","coordinates":[118.7929648,32.0977205]},"properties":{"osm_id":"node/2936758741","name":"未命名交通点位","named":false,"category":"transit","kind":"bus_stop","location_method":"OSM 节点","access":"未标注","source_date":"2026-09-12T02:20:24Z","related_osm_ids":["node/2936758741"]}},{"type":"Feature","id":"node/2936758743","geometry":{"type":"Point","coordinates":[118.7966233,32.0994065]},"properties":{"osm_id":"node/2936758743","name":"未命名交通点位","named":false,"category":"transit","kind":"bus_stop","location_method":"OSM 节点","access":"未标注","source_date":"2026-09-12T02:20:24Z","related_osm_ids":["node/2936758743"]}},{"type":"Feature","id":"node/2936758744","geometry":{"type":"Point","coordinates":[118.7841207,32.09725]},"properties":{"osm_id":"node/2936758744","name":"安怀村","named":true,"category":"transit","kind":"bus_stop","location_method":"OSM 节点","access":"未标注","source_date":"2026-09-12T02:20:24Z","original_name":"安怀村","related_osm_ids":["node/2936758744"]}},{"type":"Feature","id":"node/2936758745","geometry":{"type":"Point","coordinates":[118.7921333,32.0917944]},"properties":{"osm_id":"node/2936758745","name":"南京站·北广场西","named":true,"category":"transit","kind":"bus_stop","location_method":"OSM 节点","access":"未标注","source_date":"2026-09-12T02:20:24Z","original_name":"南京站·北广场西","related_osm_ids":["node/2936758745","way/443568554"]}},{"type":"Feature","id":"node/29571632","geometry":{"type":"Point","coordinates":[118.7622766,32.0754953]},"properties":{"osm_id":"node/29571632","name":"虹桥","named":true,"category":"transit","kind":"bus_stop","location_method":"OSM 节点","access":"未标注","source_date":"2026-09-12T02:20:24Z","original_name":"虹桥","related_osm_ids":["node/29571632"]}},{"type":"Feature","id":"node/2959848608","geometry":{"type":"Point","coordinates":[118.7751693,32.0445252]},"properties":{"osm_id":"node/2959848608","name":"金轮天地","named":true,"category":"daily","kind":"mall","location_method":"OSM 节点","access":"未标注","source_date":"2026-09-12T02:20:24Z","original_name":"金轮天地","related_osm_ids":["node/2959848608"]}},{"type":"Feature","id":"node/2973913428","geometry":{"type":"Point","coordinates":[118.7904458,32.0952823]},"properties":{"osm_id":"node/2973913428","name":"黄家圩","named":true,"category":"transit","kind":"bus_stop","location_method":"OSM 节点","access":"未标注","source_date":"2026-09-12T02:20:24Z","original_name":"黄家圩","related_osm_ids":["node/2973913428"]}},{"type":"Feature","id":"node/3009921769","geometry":{"type":"Point","coordinates":[118.9088919,32.115784]},"properties":{"osm_id":"node/3009921769","name":"北区教育超市","named":true,"category":"daily","kind":"convenience","location_method":"OSM 节点","access":"未标注","source_date":"2026-09-12T02:20:24Z","original_name":"北区教育超市","related_osm_ids":["node/3009921769"]}},{"type":"Feature","id":"node/3014093954","geometry":{"type":"Point","coordinates":[118.8386205,32.0723934]},"properties":{"osm_id":"node/3014093954","name":"肯德基","named":true,"category":"daily","kind":"fast_food","location_method":"OSM 节点","access":"未标注","source_date":"2026-09-12T02:20:24Z","original_name":"肯德基","related_osm_ids":["node/3014093954"]}},{"type":"Feature","id":"node/3086187985","geometry":{"type":"Point","coordinates":[118.7672352,32.0699676]},"properties":{"osm_id":"node/3086187985","name":"星巴克","named":true,"category":"daily","kind":"cafe","location_method":"OSM 节点","access":"未标注","source_date":"2026-09-12T02:20:24Z","original_name":"星巴克","related_osm_ids":["node/3086187985"]}},{"type":"Feature","id":"node/3281937444","geometry":{"type":"Point","coordinates":[118.775078,32.0555757]},"properties":{"osm_id":"node/3281937444","name":"南京大学礼品店","named":true,"category":"daily","kind":"supermarket","location_method":"OSM 节点","access":"未标注","source_date":"2026-09-12T02:20:24Z","original_name":"南京大学礼品店","related_osm_ids":["node/3281937444"]}},{"type":"Feature","id":"node/3304015201","geometry":{"type":"Point","coordinates":[118.7883084,32.0428039]},"properties":{"osm_id":"node/3304015201","name":"麦当劳","named":true,"category":"daily","kind":"fast_food","location_method":"OSM 节点","access":"未标注","source_date":"2026-09-12T02:20:24Z","original_name":"麦当劳","related_osm_ids":["node/3304015201"]}},{"type":"Feature","id":"node/3387153747","geometry":{"type":"Point","coordinates":[118.7747791,32.0629337]},"properties":{"osm_id":"node/3387153747","name":"未命名教育设施","named":false,"category":"education","kind":"library","location_method":"OSM 节点","access":"未标注","source_date":"2026-09-12T02:20:24Z","related_osm_ids":["node/3387153747"]}},{"type":"Feature","id":"node/3399742443","geometry":{"type":"Point","coordinates":[118.7830274,32.0430887]},"properties":{"osm_id":"node/3399742443","name":"未命名生活服务","named":false,"category":"daily","kind":"bank","location_method":"OSM 节点","access":"未标注","source_date":"2026-09-12T02:20:24Z","related_osm_ids":["node/3399742443"]}},{"type":"Feature","id":"node/3602008385","geometry":{"type":"Point","coordinates":[118.7613499,32.0811032]},"properties":{"osm_id":"node/3602008385","name":"苏果超市","named":true,"category":"daily","kind":"supermarket","location_method":"OSM 节点","access":"未标注","source_date":"2026-09-12T02:20:24Z","original_name":"苏果超市","related_osm_ids":["node/3602008385"]}},{"type":"Feature","id":"node/3602008389","geometry":{"type":"Point","coordinates":[118.7613016,32.0802282]},"properties":{"osm_id":"node/3602008389","name":"金陵一哥龙虾馆","named":true,"category":"daily","kind":"restaurant","location_method":"OSM 节点","access":"未标注","source_date":"2026-09-12T02:20:24Z","original_name":"金陵一哥龙虾馆","related_osm_ids":["node/3602008389"]}},{"type":"Feature","id":"node/3602091906","geometry":{"type":"Point","coordinates":[118.7937384,32.1121028]},"properties":{"osm_id":"node/3602091906","name":"苏果超市","named":true,"category":"daily","kind":"supermarket","location_method":"OSM 节点","access":"未标注","source_date":"2026-09-12T02:20:24Z","original_name":"苏果超市","related_osm_ids":["node/3602091906"]}},{"type":"Feature","id":"node/3602298301","geometry":{"type":"Point","coordinates":[118.766512,32.0562226]},"properties":{"osm_id":"node/3602298301","name":"smallcafe","named":true,"category":"daily","kind":"cafe","location_method":"OSM 节点","access":"未标注","source_date":"2026-09-12T02:20:24Z","original_name":"smallcafe","related_osm_ids":["node/3602298301"]}},{"type":"Feature","id":"node/3602298304","geometry":{"type":"Point","coordinates":[118.76398,32.0576092]},"properties":{"osm_id":"node/3602298304","name":"邵力子故居","named":true,"category":"heritage","kind":"monument","location_method":"OSM 节点","access":"未标注","source_date":"2026-09-12T02:20:24Z","original_name":"邵力子故居","related_osm_ids":["node/3602298304"]}},{"type":"Feature","id":"node/3602298306","geometry":{"type":"Point","coordinates":[118.7634758,32.057191]},"properties":{"osm_id":"node/3602298306","name":"傅抱石纪念馆","named":true,"category":"heritage","kind":"monument","location_method":"OSM 节点","access":"未标注","source_date":"2026-09-12T02:20:24Z","original_name":"傅抱石纪念馆","related_osm_ids":["node/3602298306"]}},{"type":"Feature","id":"node/3602298307","geometry":{"type":"Point","coordinates":[118.7652139,32.0567318]},"properties":{"osm_id":"node/3602298307","name":"匡芦路","named":true,"category":"transit","kind":"bus_stop","location_method":"OSM 节点","access":"未标注","source_date":"2026-09-12T02:20:24Z","original_name":"匡芦路","related_osm_ids":["node/3602298307"]}},{"type":"Feature","id":"node/3602298308","geometry":{"type":"Point","coordinates":[118.7660453,32.0566681]},"properties":{"osm_id":"node/3602298308","name":"BreadTalk","named":true,"category":"daily","kind":"bakery","location_method":"OSM 节点","access":"未标注","source_date":"2026-09-12T02:20:24Z","original_name":"BreadTalk","related_osm_ids":["node/3602298308"]}},{"type":"Feature","id":"node/3604279407","geometry":{"type":"Point","coordinates":[118.793935,32.1120671]},"properties":{"osm_id":"node/3604279407","name":"苏果","named":true,"category":"daily","kind":"supermarket","location_method":"OSM 节点","access":"未标注","source_date":"2026-09-12T02:20:24Z","original_name":"苏果","related_osm_ids":["node/3604279407"]}},{"type":"Feature","id":"node/3604279420","geometry":{"type":"Point","coordinates":[118.794627,32.1120671]},"properties":{"osm_id":"node/3604279420","name":"真知味","named":true,"category":"daily","kind":"restaurant","location_method":"OSM 节点","access":"未标注","source_date":"2026-09-12T02:20:24Z","original_name":"真知味","related_osm_ids":["node/3604279420"]}},{"type":"Feature","id":"node/3604469954","geometry":{"type":"Point","coordinates":[118.7638742,32.0569868]},"properties":{"osm_id":"node/3604469954","name":"未命名生活服务","named":false,"category":"daily","kind":"clothes","location_method":"OSM 节点","access":"未标注","source_date":"2026-09-12T02:20:24Z","related_osm_ids":["node/3604469954"]}},{"type":"Feature","id":"node/3604525192","geometry":{"type":"Point","coordinates":[118.7921136,32.1157389]},"properties":{"osm_id":"node/3604525192","name":"窑上村站","named":true,"category":"transit","kind":"bus_stop","location_method":"OSM 节点","access":"未标注","source_date":"2026-09-12T02:20:24Z","original_name":"窑上村站","related_osm_ids":["node/3604525192"]}},{"type":"Feature","id":"node/3604590567","geometry":{"type":"Point","coordinates":[118.7654151,32.0572625]},"properties":{"osm_id":"node/3604590567","name":"南京师范大学附属幼儿园","named":true,"category":"education","kind":"school","location_method":"OSM 节点","access":"未标注","source_date":"2026-09-12T02:20:24Z","original_name":"南京师范大学附属幼儿园","related_osm_ids":["node/3604590567"]}},{"type":"Feature","id":"node/3604590572","geometry":{"type":"Point","coordinates":[118.7617727,32.0548006]},"properties":{"osm_id":"node/3604590572","name":"未命名教育设施","named":false,"category":"education","kind":"library","location_method":"OSM 节点","access":"未标注","source_date":"2026-09-12T02:20:24Z","related_osm_ids":["node/3604590572"]}},{"type":"Feature","id":"node/3604812960","geometry":{"type":"Point","coordinates":[118.762869,32.0569569]},"properties":{"osm_id":"node/3604812960","name":"未命名生活服务","named":false,"category":"daily","kind":"cafe","location_method":"OSM 节点","access":"未标注","source_date":"2026-09-12T02:20:24Z","related_osm_ids":["node/3604812960"]}},{"type":"Feature","id":"node/3604812961","geometry":{"type":"Point","coordinates":[118.7627806,32.0577307]},"properties":{"osm_id":"node/3604812961","name":"未命名生活服务","named":false,"category":"daily","kind":"restaurant","location_method":"OSM 节点","access":"未标注","source_date":"2026-09-12T02:20:24Z","related_osm_ids":["node/3604812961"]}},{"type":"Feature","id":"node/3604818336","geometry":{"type":"Point","coordinates":[118.7642512,32.0590633]},"properties":{"osm_id":"node/3604818336","name":"未命名生活服务","named":false,"category":"daily","kind":"fast_food","location_method":"OSM 节点","access":"未标注","source_date":"2026-09-12T02:20:24Z","related_osm_ids":["node/3604818336"]}},{"type":"Feature","id":"node/3611747437","geometry":{"type":"Point","coordinates":[118.7953898,32.1120607]},"properties":{"osm_id":"node/3611747437","name":"未命名生活服务","named":false,"category":"daily","kind":"restaurant","location_method":"OSM 节点","access":"未标注","source_date":"2026-09-12T02:20:24Z","related_osm_ids":["node/3611747437"]}},{"type":"Feature","id":"node/3611747440","geometry":{"type":"Point","coordinates":[118.7934908,32.1120789]},"properties":{"osm_id":"node/3611747440","name":"未命名生活服务","named":false,"category":"daily","kind":"books","location_method":"OSM 节点","access":"未标注","source_date":"2026-09-12T02:20:24Z","related_osm_ids":["node/3611747440"]}},{"type":"Feature","id":"node/3611881224","geometry":{"type":"Point","coordinates":[118.7962052,32.1117653]},"properties":{"osm_id":"node/3611881224","name":"未命名交通点位","named":false,"category":"transit","kind":"bus_stop","location_method":"OSM 节点","access":"未标注","source_date":"2026-09-12T02:20:24Z","related_osm_ids":["node/3611881224"]}},{"type":"Feature","id":"node/3612060796","geometry":{"type":"Point","coordinates":[118.7730034,32.0692622]},"properties":{"osm_id":"node/3612060796","name":"狮王府","named":true,"category":"daily","kind":"restaurant","location_method":"OSM 节点","access":"未标注","source_date":"2026-09-12T02:20:24Z","original_name":"狮王府","related_osm_ids":["node/3612060796"]}},{"type":"Feature","id":"node/3612060797","geometry":{"type":"Point","coordinates":[118.7729821,32.0696509]},"properties":{"osm_id":"node/3612060797","name":"南京大排档","named":true,"category":"daily","kind":"restaurant","location_method":"OSM 节点","access":"未标注","source_date":"2026-09-12T02:20:24Z","original_name":"南京大排档","related_osm_ids":["node/3612060797"]}},{"type":"Feature","id":"node/3612063472","geometry":{"type":"Point","coordinates":[118.7739797,32.067853]},"properties":{"osm_id":"node/3612063472","name":"未命名生活服务","named":false,"category":"daily","kind":"clothes","location_method":"OSM 节点","access":"未标注","source_date":"2026-09-12T02:20:24Z","related_osm_ids":["node/3612063472"]}},{"type":"Feature","id":"node/3612063473","geometry":{"type":"Point","coordinates":[118.7736364,32.0680348]},"properties":{"osm_id":"node/3612063473","name":"朱大龙虾","named":true,"category":"daily","kind":"restaurant","location_method":"OSM 节点","access":"未标注","source_date":"2026-09-12T02:20:24Z","original_name":"朱大龙虾","related_osm_ids":["node/3612063473"]}},{"type":"Feature","id":"node/3637368209","geometry":{"type":"Point","coordinates":[118.7883125,32.0123672]},"properties":{"osm_id":"node/3637368209","name":"大树城","named":true,"category":"transit","kind":"bus_stop","location_method":"OSM 节点","access":"未标注","source_date":"2026-09-12T02:20:24Z","original_name":"大树城","related_osm_ids":["node/3637368209"]}},{"type":"Feature","id":"node/3727324207","geometry":{"type":"Point","coordinates":[118.7747758,32.0710384]},"properties":{"osm_id":"node/3727324207","name":"上海浦东发展银行","named":true,"category":"daily","kind":"bank","location_method":"OSM 节点","access":"未标注","source_date":"2026-09-12T02:20:24Z","original_name":"上海浦东发展银行","related_osm_ids":["node/3727324207"]}},{"type":"Feature","id":"node/3727328553","geometry":{"type":"Point","coordinates":[118.8018007,32.0642731]},"properties":{"osm_id":"node/3727328553","name":"水上运动学校","named":true,"category":"education","kind":"school","location_method":"OSM 节点","access":"未标注","source_date":"2026-09-12T02:20:24Z","original_name":"水上运动学校","related_osm_ids":["node/3727328553"]}},{"type":"Feature","id":"node/3780492616","geometry":{"type":"Point","coordinates":[118.7691908,32.0602953]},"properties":{"osm_id":"node/3780492616","name":"未命名交通点位","named":false,"category":"transit","kind":"bus_stop","location_method":"OSM 节点","access":"未标注","source_date":"2026-09-12T02:20:24Z","related_osm_ids":["node/3780492616"]}},{"type":"Feature","id":"node/3780775000","geometry":{"type":"Point","coordinates":[118.823532,32.0563716]},"properties":{"osm_id":"node/3780775000","name":"琵琶湖","named":true,"category":"transit","kind":"bus_stop","location_method":"OSM 节点","access":"未标注","source_date":"2026-09-12T02:20:24Z","original_name":"琵琶湖","related_osm_ids":["node/3780775000"]}},{"type":"Feature","id":"node/3841633185","geometry":{"type":"Point","coordinates":[118.7797231,32.0497944]},"properties":{"osm_id":"node/3841633185","name":"赛百味","named":true,"category":"daily","kind":"fast_food","location_method":"OSM 节点","access":"未标注","source_date":"2026-09-12T02:20:24Z","original_name":"赛百味","related_osm_ids":["node/3841633185"]}},{"type":"Feature","id":"node/3842181609","geometry":{"type":"Point","coordinates":[118.8244193,32.0587155]},"properties":{"osm_id":"node/3842181609","name":"廖仲恺何香凝墓","named":true,"category":"heritage","kind":"tomb","location_method":"OSM 节点","access":"未标注","source_date":"2026-09-12T02:20:24Z","original_name":"廖仲恺何香凝墓","related_osm_ids":["node/3842181609"]}},{"type":"Feature","id":"node/3887091895","geometry":{"type":"Point","coordinates":[118.8005744,32.04865]},"properties":{"osm_id":"node/3887091895","name":"南京银行","named":true,"category":"daily","kind":"bank","location_method":"OSM 节点","access":"未标注","source_date":"2026-09-12T02:20:24Z","original_name":"南京银行","related_osm_ids":["node/3887091895"]}},{"type":"Feature","id":"node/3887091896","geometry":{"type":"Point","coordinates":[118.8005475,32.0485649]},"properties":{"osm_id":"node/3887091896","name":"手佳盲人按摩","named":true,"category":"daily","kind":"massage","location_method":"OSM 节点","access":"未标注","source_date":"2026-09-12T02:20:24Z","original_name":"手佳盲人按摩","related_osm_ids":["node/3887091896"]}},{"type":"Feature","id":"node/3887091897","geometry":{"type":"Point","coordinates":[118.8006526,32.048841]},"properties":{"osm_id":"node/3887091897","name":"固城湖螃蟹","named":true,"category":"daily","kind":"restaurant","location_method":"OSM 节点","access":"未标注","source_date":"2026-09-12T02:20:24Z","original_name":"固城湖螃蟹","related_osm_ids":["node/3887091897"]}},{"type":"Feature","id":"node/3887109511","geometry":{"type":"Point","coordinates":[118.8008391,32.0492139]},"properties":{"osm_id":"node/3887109511","name":"天平眼镜","named":true,"category":"daily","kind":"optician","location_method":"OSM 节点","access":"未标注","source_date":"2026-09-12T02:20:24Z","original_name":"天平眼镜","related_osm_ids":["node/3887109511"]}},{"type":"Feature","id":"node/3887109537","geometry":{"type":"Point","coordinates":[118.7997448,32.048896]},"properties":{"osm_id":"node/3887109537","name":"乐膳基","named":true,"category":"daily","kind":"fast_food","location_method":"OSM 节点","access":"未标注","source_date":"2026-09-12T02:20:24Z","original_name":"乐膳基","related_osm_ids":["node/3887109537"]}},{"type":"Feature","id":"node/3887109538","geometry":{"type":"Point","coordinates":[118.7996933,32.0489359]},"properties":{"osm_id":"node/3887109538","name":"易事达文具","named":true,"category":"daily","kind":"stationery","location_method":"OSM 节点","access":"未标注","source_date":"2026-09-12T02:20:24Z","original_name":"易事达文具","related_osm_ids":["node/3887109538"]}},{"type":"Feature","id":"node/3887109539","geometry":{"type":"Point","coordinates":[118.7942894,32.0353227]},"properties":{"osm_id":"node/3887109539","name":"百家超市","named":true,"category":"daily","kind":"supermarket","location_method":"OSM 节点","access":"未标注","source_date":"2026-09-12T02:20:24Z","original_name":"百家超市","related_osm_ids":["node/3887109539"]}},{"type":"Feature","id":"node/3887109540","geometry":{"type":"Point","coordinates":[118.7941735,32.0353468]},"properties":{"osm_id":"node/3887109540","name":"西安biangbiang面","named":true,"category":"daily","kind":"restaurant","location_method":"OSM 节点","access":"未标注","source_date":"2026-09-12T02:20:24Z","original_name":"西安biangbiang面","related_osm_ids":["node/3887109540"]}},{"type":"Feature","id":"node/3887109541","geometry":{"type":"Point","coordinates":[118.7942233,32.0353366]},"properties":{"osm_id":"node/3887109541","name":"黄焖鸡米饭","named":true,"category":"daily","kind":"restaurant","location_method":"OSM 节点","access":"未标注","source_date":"2026-09-12T02:20:24Z","original_name":"黄焖鸡米饭","related_osm_ids":["node/3887109541"]}},{"type":"Feature","id":"node/3887109542","geometry":{"type":"Point","coordinates":[118.7939061,32.0353911]},"properties":{"osm_id":"node/3887109542","name":"雪源丝绸","named":true,"category":"daily","kind":"clothes","location_method":"OSM 节点","access":"未标注","source_date":"2026-09-12T02:20:24Z","original_name":"雪源丝绸","related_osm_ids":["node/3887109542"]}},{"type":"Feature","id":"node/3887109544","geometry":{"type":"Point","coordinates":[118.793676,32.0354271]},"properties":{"osm_id":"node/3887109544","name":"中国体育彩票","named":true,"category":"daily","kind":"lottery","location_method":"OSM 节点","access":"未标注","source_date":"2026-09-12T02:20:24Z","original_name":"中国体育彩票","related_osm_ids":["node/3887109544"]}},{"type":"Feature","id":"node/3887109545","geometry":{"type":"Point","coordinates":[118.7942863,32.0349759]},"properties":{"osm_id":"node/3887109545","name":"招商银行","named":true,"category":"daily","kind":"bank","location_method":"OSM 节点","access":"未标注","source_date":"2026-09-12T02:20:24Z","original_name":"招商银行","related_osm_ids":["node/3887109545"]}},{"type":"Feature","id":"node/3887109546","geometry":{"type":"Point","coordinates":[118.7941695,32.0349954]},"properties":{"osm_id":"node/3887109546","name":"JOEONE","named":true,"category":"daily","kind":"clothes","location_method":"OSM 节点","access":"未标注","source_date":"2026-09-12T02:20:24Z","original_name":"JOEONE","related_osm_ids":["node/3887109546"]}},{"type":"Feature","id":"node/3887110226","geometry":{"type":"Point","coordinates":[118.7936293,32.0351031]},"properties":{"osm_id":"node/3887110226","name":"天翼","named":true,"category":"daily","kind":"mobile_phone","location_method":"OSM 节点","access":"未标注","source_date":"2026-09-12T02:20:24Z","original_name":"天翼","related_osm_ids":["node/3887110226"]}},{"type":"Feature","id":"node/3887110232","geometry":{"type":"Point","coordinates":[118.794705,32.0352654]},"properties":{"osm_id":"node/3887110232","name":"中国体育彩票","named":true,"category":"daily","kind":"lottery","location_method":"OSM 节点","access":"未标注","source_date":"2026-09-12T02:20:24Z","original_name":"中国体育彩票","related_osm_ids":["node/3887110232"]}},{"type":"Feature","id":"node/3887110233","geometry":{"type":"Point","coordinates":[118.7947083,32.0352537]},"properties":{"osm_id":"node/3887110233","name":"中国福利彩票","named":true,"category":"daily","kind":"lottery","location_method":"OSM 节点","access":"未标注","source_date":"2026-09-12T02:20:24Z","original_name":"中国福利彩票","related_osm_ids":["node/3887110233"]}},{"type":"Feature","id":"node/3887110234","geometry":{"type":"Point","coordinates":[118.7947353,32.0352328]},"properties":{"osm_id":"node/3887110234","name":"中国移动通信","named":true,"category":"daily","kind":"mobile_phone","location_method":"OSM 节点","access":"未标注","source_date":"2026-09-12T02:20:24Z","original_name":"中国移动通信","related_osm_ids":["node/3887110234"]}},{"type":"Feature","id":"node/3887110235","geometry":{"type":"Point","coordinates":[118.7949887,32.0351792]},"properties":{"osm_id":"node/3887110235","name":"丹华阳眼镜","named":true,"category":"daily","kind":"optician","location_method":"OSM 节点","access":"未标注","source_date":"2026-09-12T02:20:24Z","original_name":"丹华阳眼镜","related_osm_ids":["node/3887110235"]}},{"type":"Feature","id":"node/3887110236","geometry":{"type":"Point","coordinates":[118.7950288,32.0351753]},"properties":{"osm_id":"node/3887110236","name":"福建沙县小吃","named":true,"category":"daily","kind":"restaurant","location_method":"OSM 节点","access":"未标注","source_date":"2026-09-12T02:20:24Z","original_name":"福建沙县小吃","related_osm_ids":["node/3887110236"]}},{"type":"Feature","id":"node/3887110237","geometry":{"type":"Point","coordinates":[118.795236,32.0351348]},"properties":{"osm_id":"node/3887110237","name":"固城湖螃蟹","named":true,"category":"daily","kind":"restaurant","location_method":"OSM 节点","access":"未标注","source_date":"2026-09-12T02:20:24Z","original_name":"固城湖螃蟹","related_osm_ids":["node/3887110237"]}},{"type":"Feature","id":"node/3887110238","geometry":{"type":"Point","coordinates":[118.7950746,32.0348299]},"properties":{"osm_id":"node/3887110238","name":"王务民牛肉汤馆","named":true,"category":"daily","kind":"restaurant","location_method":"OSM 节点","access":"未标注","source_date":"2026-09-12T02:20:24Z","original_name":"王务民牛肉汤馆","related_osm_ids":["node/3887110238"]}},{"type":"Feature","id":"node/3887118658","geometry":{"type":"Point","coordinates":[118.7898348,32.0360045]},"properties":{"osm_id":"node/3887118658","name":"益丰大药房","named":true,"category":"health","kind":"pharmacy","location_method":"OSM 节点","access":"未标注","source_date":"2026-09-12T02:20:24Z","original_name":"益丰大药房","related_osm_ids":["node/3887118658"]}},{"type":"Feature","id":"node/3887118659","geometry":{"type":"Point","coordinates":[118.7899967,32.0359615]},"properties":{"osm_id":"node/3887118659","name":"品帅超市","named":true,"category":"daily","kind":"supermarket","location_method":"OSM 节点","access":"未标注","source_date":"2026-09-12T02:20:24Z","original_name":"品帅超市","related_osm_ids":["node/3887118659"]}},{"type":"Feature","id":"node/3887118660","geometry":{"type":"Point","coordinates":[118.7900798,32.0359405]},"properties":{"osm_id":"node/3887118660","name":"百优品超市","named":true,"category":"daily","kind":"supermarket","location_method":"OSM 节点","access":"未标注","source_date":"2026-09-12T02:20:24Z","original_name":"百优品超市","related_osm_ids":["node/3887118660"]}},{"type":"Feature","id":"node/4012030053","geometry":{"type":"Point","coordinates":[118.8415935,32.0338068]},"properties":{"osm_id":"node/4012030053","name":"学生第一食堂","named":true,"category":"daily","kind":"restaurant","location_method":"OSM 节点","access":"未标注","source_date":"2026-09-12T02:20:24Z","original_name":"学生第一食堂","related_osm_ids":["node/4012030053"]}},{"type":"Feature","id":"node/4012030055","geometry":{"type":"Point","coordinates":[118.8413308,32.0345169]},"properties":{"osm_id":"node/4012030055","name":"学生第三食堂","named":true,"category":"daily","kind":"restaurant","location_method":"OSM 节点","access":"未标注","source_date":"2026-09-12T02:20:24Z","original_name":"学生第三食堂","related_osm_ids":["node/4012030055"]}},{"type":"Feature","id":"node/4012040016","geometry":{"type":"Point","coordinates":[118.8403167,32.0376901]},"properties":{"osm_id":"node/4012040016","name":"勤仁坡","named":true,"category":"park","kind":"park","location_method":"OSM 节点","access":"未标注","source_date":"2026-09-12T02:20:24Z","original_name":"勤仁坡","related_osm_ids":["node/4012040016"]}},{"type":"Feature","id":"node/4059270026","geometry":{"type":"Point","coordinates":[118.8873175,32.0232131]},"properties":{"osm_id":"node/4059270026","name":"麒麟生态公园","named":true,"category":"transit","kind":"station","location_method":"OSM 节点","access":"未标注","source_date":"2026-09-12T02:20:24Z","original_name":"麒麟生态公园","related_osm_ids":["node/4059270026"]}},{"type":"Feature","id":"node/4059270027","geometry":{"type":"Point","coordinates":[118.8729831,32.0124902]},"properties":{"osm_id":"node/4059270027","name":"智汇路","named":true,"category":"transit","kind":"station","location_method":"OSM 节点","access":"未标注","source_date":"2026-09-12T02:20:24Z","original_name":"智汇路","related_osm_ids":["node/4059270027"]}},{"type":"Feature","id":"node/4059270028","geometry":{"type":"Point","coordinates":[118.8807185,32.0201551]},"properties":{"osm_id":"node/4059270028","name":"光华路","named":true,"category":"transit","kind":"station","location_method":"OSM 节点","access":"未标注","source_date":"2026-09-12T02:20:24Z","original_name":"光华路","related_osm_ids":["node/4059270028"]}},{"type":"Feature","id":"node/4059270029","geometry":{"type":"Point","coordinates":[118.9042623,32.0338731]},"properties":{"osm_id":"node/4059270029","name":"南湾营街","named":true,"category":"transit","kind":"station","location_method":"OSM 节点","access":"未标注","source_date":"2026-09-12T02:20:24Z","original_name":"南湾营街","related_osm_ids":["node/4059270029"]}},{"type":"Feature","id":"node/4059270030","geometry":{"type":"Point","coordinates":[118.9095014,32.0390416]},"properties":{"osm_id":"node/4059270030","name":"天泉路","named":true,"category":"transit","kind":"station","location_method":"OSM 节点","access":"未标注","source_date":"2026-09-12T02:20:24Z","original_name":"天泉路","related_osm_ids":["node/4059270030"]}},{"type":"Feature","id":"node/4059270031","geometry":{"type":"Point","coordinates":[118.8999956,32.0303814]},"properties":{"osm_id":"node/4059270031","name":"天兴路","named":true,"category":"transit","kind":"station","location_method":"OSM 节点","access":"未标注","source_date":"2026-09-12T02:20:24Z","original_name":"天兴路","related_osm_ids":["node/4059270031"]}},{"type":"Feature","id":"node/4059270032","geometry":{"type":"Point","coordinates":[118.876521,32.016743]},"properties":{"osm_id":"node/4059270032","name":"水街坊","named":true,"category":"transit","kind":"station","location_method":"OSM 节点","access":"未标注","source_date":"2026-09-12T02:20:24Z","original_name":"水街坊","related_osm_ids":["node/4059270032"]}},{"type":"Feature","id":"node/4059270033","geometry":{"type":"Point","coordinates":[118.9145811,32.0450526]},"properties":{"osm_id":"node/4059270033","name":"北湾营街","named":true,"category":"transit","kind":"station","location_method":"OSM 节点","access":"未标注","source_date":"2026-09-12T02:20:24Z","original_name":"北湾营街","related_osm_ids":["node/4059270033"]}},{"type":"Feature","id":"node/4059270034","geometry":{"type":"Point","coordinates":[118.8704698,32.0074243]},"properties":{"osm_id":"node/4059270034","name":"石杨路","named":true,"category":"transit","kind":"station","location_method":"OSM 节点","access":"未标注","source_date":"2026-09-12T02:20:24Z","original_name":"石杨路","related_osm_ids":["node/4059270034"]}},{"type":"Feature","id":"node/4059270081","geometry":{"type":"Point","coordinates":[118.8941652,32.026462]},"properties":{"osm_id":"node/4059270081","name":"启迪大街","named":true,"category":"transit","kind":"station","location_method":"OSM 节点","access":"未标注","source_date":"2026-09-12T02:20:24Z","original_name":"启迪大街","related_osm_ids":["node/4059270081"]}},{"type":"Feature","id":"node/4157651595","geometry":{"type":"Point","coordinates":[118.7905682,32.0264159]},"properties":{"osm_id":"node/4157651595","name":"未命名生活服务","named":false,"category":"daily","kind":"convenience","location_method":"OSM 节点","access":"未标注","source_date":"2026-09-12T02:20:24Z","related_osm_ids":["node/4157651595"]}},{"type":"Feature","id":"node/4158680335","geometry":{"type":"Point","coordinates":[118.7822429,32.0980176]},"properties":{"osm_id":"node/4158680335","name":"未命名生活服务","named":false,"category":"daily","kind":"bank","location_method":"OSM 节点","access":"未标注","source_date":"2026-09-12T02:20:24Z","related_osm_ids":["node/4158680335"]}},{"type":"Feature","id":"node/4158681850","geometry":{"type":"Point","coordinates":[118.7981237,32.1003939]},"properties":{"osm_id":"node/4158681850","name":"未命名生活服务","named":false,"category":"daily","kind":"bank","location_method":"OSM 节点","access":"未标注","source_date":"2026-09-12T02:20:24Z","related_osm_ids":["node/4158681850"]}},{"type":"Feature","id":"node/4158681873","geometry":{"type":"Point","coordinates":[118.7962837,32.098817]},"properties":{"osm_id":"node/4158681873","name":"未命名交通点位","named":false,"category":"transit","kind":"bus_station","location_method":"OSM 节点","access":"未标注","source_date":"2026-09-12T02:20:24Z","related_osm_ids":["node/4158681873"]}},{"type":"Feature","id":"node/4158681881","geometry":{"type":"Point","coordinates":[118.7971616,32.0996627]},"properties":{"osm_id":"node/4158681881","name":"未命名生活服务","named":false,"category":"daily","kind":"bank","location_method":"OSM 节点","access":"未标注","source_date":"2026-09-12T02:20:24Z","related_osm_ids":["node/4158681881"]}},{"type":"Feature","id":"node/4158681993","geometry":{"type":"Point","coordinates":[118.8055373,32.1061468]},"properties":{"osm_id":"node/4158681993","name":"未命名交通点位","named":false,"category":"transit","kind":"bus_station","location_method":"OSM 节点","access":"未标注","source_date":"2026-09-12T02:20:24Z","related_osm_ids":["node/4158681993"]}},{"type":"Feature","id":"node/4158708911","geometry":{"type":"Point","coordinates":[118.7782271,32.0889142]},"properties":{"osm_id":"node/4158708911","name":"宁波银行","named":true,"category":"daily","kind":"bank","location_method":"OSM 节点","access":"未标注","source_date":"2026-09-12T02:20:24Z","original_name":"宁波银行","related_osm_ids":["node/4158708911"]}},{"type":"Feature","id":"node/4158708920","geometry":{"type":"Point","coordinates":[118.7782056,32.0873963]},"properties":{"osm_id":"node/4158708920","name":"交通银行","named":true,"category":"daily","kind":"bank","location_method":"OSM 节点","access":"未标注","source_date":"2026-09-12T02:20:24Z","original_name":"交通银行","related_osm_ids":["node/4158708920"]}},{"type":"Feature","id":"node/4158708921","geometry":{"type":"Point","coordinates":[118.7791551,32.0904368]},"properties":{"osm_id":"node/4158708921","name":"中国工商银行","named":true,"category":"daily","kind":"bank","location_method":"OSM 节点","access":"未标注","source_date":"2026-09-12T02:20:24Z","original_name":"中国工商银行","related_osm_ids":["node/4158708921"]}},{"type":"Feature","id":"node/4158708928","geometry":{"type":"Point","coordinates":[118.7800027,32.0990851]},"properties":{"osm_id":"node/4158708928","name":"未命名生活服务","named":false,"category":"daily","kind":"bank","location_method":"OSM 节点","access":"未标注","source_date":"2026-09-12T02:20:24Z","related_osm_ids":["node/4158708928"]}},{"type":"Feature","id":"node/4226753216","geometry":{"type":"Point","coordinates":[118.7647121,32.0731252]},"properties":{"osm_id":"node/4226753216","name":"西流湾公园","named":true,"category":"transit","kind":"bus_stop","location_method":"OSM 节点","access":"未标注","source_date":"2026-09-12T02:20:24Z","original_name":"西流湾公园","related_osm_ids":["node/4226753216"]}},{"type":"Feature","id":"node/4348849495","geometry":{"type":"Point","coordinates":[118.7641616,32.0568529]},"properties":{"osm_id":"node/4348849495","name":"未命名教育设施","named":false,"category":"education","kind":"school","location_method":"OSM 节点","access":"未标注","source_date":"2026-09-12T02:20:24Z","related_osm_ids":["node/4348849495"]}},{"type":"Feature","id":"node/4360929090","geometry":{"type":"Point","coordinates":[118.7782499,32.0748318]},"properties":{"osm_id":"node/4360929090","name":"未命名生活服务","named":false,"category":"daily","kind":"restaurant","location_method":"OSM 节点","access":"未标注","source_date":"2026-09-12T02:20:24Z","related_osm_ids":["node/4360929090"]}},{"type":"Feature","id":"node/4386522951","geometry":{"type":"Point","coordinates":[118.8363391,32.0729308]},"properties":{"osm_id":"node/4386522951","name":"朱元璋","named":true,"category":"heritage","kind":"memorial","location_method":"OSM 节点","access":"未标注","source_date":"2026-09-12T02:20:24Z","original_name":"朱元璋","related_osm_ids":["node/4386522951"]}},{"type":"Feature","id":"node/4386522952","geometry":{"type":"Point","coordinates":[118.8356793,32.0722489]},"properties":{"osm_id":"node/4386522952","name":"观音","named":true,"category":"heritage","kind":"memorial","location_method":"OSM 节点","access":"未标注","source_date":"2026-09-12T02:20:24Z","original_name":"观音","related_osm_ids":["node/4386522952"]}},{"type":"Feature","id":"node/4395975893","geometry":{"type":"Point","coordinates":[118.7800452,32.0386611]},"properties":{"osm_id":"node/4395975893","name":"想阿婆","named":true,"category":"daily","kind":"restaurant","location_method":"OSM 节点","access":"未标注","source_date":"2026-09-12T02:20:24Z","original_name":"想阿婆","related_osm_ids":["node/4395975893"]}},{"type":"Feature","id":"node/4403642829","geometry":{"type":"Point","coordinates":[118.7750895,32.0394654]},"properties":{"osm_id":"node/4403642829","name":"未命名生活服务","named":false,"category":"daily","kind":"clothes","location_method":"OSM 节点","access":"未标注","source_date":"2026-09-12T02:20:24Z","related_osm_ids":["node/4403642829"]}},{"type":"Feature","id":"node/4403656724","geometry":{"type":"Point","coordinates":[118.7710466,32.0427255]},"properties":{"osm_id":"node/4403656724","name":"未命名医疗服务","named":false,"category":"health","kind":"hospital","location_method":"OSM 节点","access":"未标注","source_date":"2026-09-12T02:20:24Z","related_osm_ids":["node/4403656724"]}},{"type":"Feature","id":"node/4403656725","geometry":{"type":"Point","coordinates":[118.7711083,32.0436544]},"properties":{"osm_id":"node/4403656725","name":"Chiki Chiki","named":true,"category":"daily","kind":"restaurant","location_method":"OSM 节点","access":"未标注","source_date":"2026-09-12T02:20:24Z","original_name":"Chiki Chiki","related_osm_ids":["node/4403656725"]}},{"type":"Feature","id":"node/4403660177","geometry":{"type":"Point","coordinates":[118.7716668,32.0372545]},"properties":{"osm_id":"node/4403660177","name":"安乐园","named":true,"category":"daily","kind":"restaurant","location_method":"OSM 节点","access":"未标注","source_date":"2026-09-12T02:20:24Z","original_name":"安乐园","related_osm_ids":["node/4403660177"]}},{"type":"Feature","id":"node/4403660186","geometry":{"type":"Point","coordinates":[118.7756745,32.0386006]},"properties":{"osm_id":"node/4403660186","name":"Cheng zhong con","named":true,"category":"daily","kind":"restaurant","location_method":"OSM 节点","access":"未标注","source_date":"2026-09-12T02:20:24Z","original_name":"Cheng zhong con","related_osm_ids":["node/4403660186"]}},{"type":"Feature","id":"node/4403660305","geometry":{"type":"Point","coordinates":[118.7712918,32.0440196]},"properties":{"osm_id":"node/4403660305","name":"未命名生活服务","named":false,"category":"daily","kind":"coffee","location_method":"OSM 节点","access":"未标注","source_date":"2026-09-12T02:20:24Z","related_osm_ids":["node/4403660305"]}},{"type":"Feature","id":"node/4403838612","geometry":{"type":"Point","coordinates":[118.7660739,32.0294201]},"properties":{"osm_id":"node/4403838612","name":"南京水西门老年护理院","named":true,"category":"health","kind":"hospital","location_method":"OSM 节点","access":"未标注","source_date":"2026-09-12T02:20:24Z","original_name":"南京水西门老年护理院","related_osm_ids":["node/4403838612"]}},{"type":"Feature","id":"node/4403838615","geometry":{"type":"Point","coordinates":[118.7658167,32.0265329]},"properties":{"osm_id":"node/4403838615","name":"曼渡咖啡","named":true,"category":"daily","kind":"cafe","location_method":"OSM 节点","access":"未标注","source_date":"2026-09-12T02:20:24Z","original_name":"曼渡咖啡","related_osm_ids":["node/4403838615"]}},{"type":"Feature","id":"node/4403838616","geometry":{"type":"Point","coordinates":[118.7657513,32.0262181]},"properties":{"osm_id":"node/4403838616","name":"美馔坊","named":true,"category":"daily","kind":"restaurant","location_method":"OSM 节点","access":"未标注","source_date":"2026-09-12T02:20:24Z","original_name":"美馔坊","related_osm_ids":["node/4403838616"]}},{"type":"Feature","id":"node/4403838617","geometry":{"type":"Point","coordinates":[118.7659755,32.0267526]},"properties":{"osm_id":"node/4403838617","name":"未命名生活服务","named":false,"category":"daily","kind":"car_repair","location_method":"OSM 节点","access":"未标注","source_date":"2026-09-12T02:20:24Z","related_osm_ids":["node/4403838617"]}},{"type":"Feature","id":"node/4403838636","geometry":{"type":"Point","coordinates":[118.7664927,32.0279955]},"properties":{"osm_id":"node/4403838636","name":"休闲西餐厅","named":true,"category":"daily","kind":"restaurant","location_method":"OSM 节点","access":"未标注","source_date":"2026-09-12T02:20:24Z","original_name":"休闲西餐厅","related_osm_ids":["node/4403838636"]}},{"type":"Feature","id":"node/4403838637","geometry":{"type":"Point","coordinates":[118.7668522,32.0284207]},"properties":{"osm_id":"node/4403838637","name":"富士达电动车","named":true,"category":"daily","kind":"bicycle","location_method":"OSM 节点","access":"未标注","source_date":"2026-09-12T02:20:24Z","original_name":"富士达电动车","related_osm_ids":["node/4403838637"]}},{"type":"Feature","id":"node/4403838638","geometry":{"type":"Point","coordinates":[118.767048,32.0286618]},"properties":{"osm_id":"node/4403838638","name":"未命名生活服务","named":false,"category":"daily","kind":"department_store","location_method":"OSM 节点","access":"未标注","source_date":"2026-09-12T02:20:24Z","related_osm_ids":["node/4403838638"]}},{"type":"Feature","id":"node/4404165618","geometry":{"type":"Point","coordinates":[118.7966088,32.0422326]},"properties":{"osm_id":"node/4404165618","name":"广东发展银行","named":true,"category":"daily","kind":"bank","location_method":"OSM 节点","access":"未标注","source_date":"2026-09-12T02:20:24Z","original_name":"广东发展银行","related_osm_ids":["node/4404165618"]}},{"type":"Feature","id":"node/4405590376","geometry":{"type":"Point","coordinates":[118.7978048,32.0463411]},"properties":{"osm_id":"node/4405590376","name":"未命名生活服务","named":false,"category":"daily","kind":"restaurant","location_method":"OSM 节点","access":"未标注","source_date":"2026-09-12T02:20:24Z","related_osm_ids":["node/4405590376"]}},{"type":"Feature","id":"node/4405607031","geometry":{"type":"Point","coordinates":[118.7780601,32.0254223]},"properties":{"osm_id":"node/4405607031","name":"肯德基","named":true,"category":"daily","kind":"fast_food","location_method":"OSM 节点","access":"未标注","source_date":"2026-09-12T02:20:24Z","original_name":"肯德基","related_osm_ids":["node/4405607031"]}},{"type":"Feature","id":"node/4405607032","geometry":{"type":"Point","coordinates":[118.7806307,32.0414157]},"properties":{"osm_id":"node/4405607032","name":"肯德基","named":true,"category":"daily","kind":"fast_food","location_method":"OSM 节点","access":"未标注","source_date":"2026-09-12T02:20:24Z","original_name":"肯德基","related_osm_ids":["node/4405607032"]}},{"type":"Feature","id":"node/4405607034","geometry":{"type":"Point","coordinates":[118.7808614,32.0420978]},"properties":{"osm_id":"node/4405607034","name":"麦当劳","named":true,"category":"daily","kind":"fast_food","location_method":"OSM 节点","access":"未标注","source_date":"2026-09-12T02:20:24Z","original_name":"麦当劳","related_osm_ids":["node/4405607034"]}},{"type":"Feature","id":"node/4405607035","geometry":{"type":"Point","coordinates":[118.8027097,32.0478072]},"properties":{"osm_id":"node/4405607035","name":"Nikon","named":true,"category":"daily","kind":"photo","location_method":"OSM 节点","access":"未标注","source_date":"2026-09-12T02:20:24Z","original_name":"Nikon","related_osm_ids":["node/4405607035"]}},{"type":"Feature","id":"node/4405637933","geometry":{"type":"Point","coordinates":[118.7858171,32.0379399]},"properties":{"osm_id":"node/4405637933","name":"未命名生活服务","named":false,"category":"daily","kind":"restaurant","location_method":"OSM 节点","access":"未标注","source_date":"2026-09-12T02:20:24Z","related_osm_ids":["node/4405637933"]}},{"type":"Feature","id":"node/4415977740","geometry":{"type":"Point","coordinates":[118.7808243,32.0970286]},"properties":{"osm_id":"node/4415977740","name":"健兴堂大药房","named":true,"category":"health","kind":"pharmacy","location_method":"OSM 节点","access":"未标注","source_date":"2026-09-12T02:20:24Z","original_name":"健兴堂大药房","related_osm_ids":["node/4415977740"]}},{"type":"Feature","id":"node/4415977745","geometry":{"type":"Point","coordinates":[118.7809129,32.0968387]},"properties":{"osm_id":"node/4415977745","name":"上海华联超市","named":true,"category":"daily","kind":"supermarket","location_method":"OSM 节点","access":"未标注","source_date":"2026-09-12T02:20:24Z","original_name":"上海华联超市","related_osm_ids":["node/4415977745"]}},{"type":"Feature","id":"node/4415977746","geometry":{"type":"Point","coordinates":[118.780956,32.0967408]},"properties":{"osm_id":"node/4415977746","name":"金惠中式餐饮","named":true,"category":"daily","kind":"restaurant","location_method":"OSM 节点","access":"未标注","source_date":"2026-09-12T02:20:24Z","original_name":"金惠中式餐饮","related_osm_ids":["node/4415977746"]}},{"type":"Feature","id":"node/4415977747","geometry":{"type":"Point","coordinates":[118.7808372,32.0969713]},"properties":{"osm_id":"node/4415977747","name":"卫华网咖","named":true,"category":"daily","kind":"cafe","location_method":"OSM 节点","access":"未标注","source_date":"2026-09-12T02:20:24Z","original_name":"卫华网咖","related_osm_ids":["node/4415977747"]}},{"type":"Feature","id":"node/4415977749","geometry":{"type":"Point","coordinates":[118.7806268,32.0958828]},"properties":{"osm_id":"node/4415977749","name":"小市社区卫生服务中心","named":true,"category":"health","kind":"hospital","location_method":"OSM 节点","access":"未标注","source_date":"2026-09-12T02:20:24Z","original_name":"小市社区卫生服务中心","related_osm_ids":["node/4415977749"]}},{"type":"Feature","id":"node/4415977758","geometry":{"type":"Point","coordinates":[118.782037,32.0966671]},"properties":{"osm_id":"node/4415977758","name":"八佰伴","named":true,"category":"daily","kind":"hairdresser","location_method":"OSM 节点","access":"未标注","source_date":"2026-09-12T02:20:24Z","original_name":"八佰伴","related_osm_ids":["node/4415977758"]}},{"type":"Feature","id":"node/4415977759","geometry":{"type":"Point","coordinates":[118.7819354,32.0966387]},"properties":{"osm_id":"node/4415977759","name":"四川人家","named":true,"category":"daily","kind":"restaurant","location_method":"OSM 节点","access":"未标注","source_date":"2026-09-12T02:20:24Z","original_name":"四川人家","related_osm_ids":["node/4415977759"]}},{"type":"Feature","id":"node/4415977760","geometry":{"type":"Point","coordinates":[118.7817758,32.0965802]},"properties":{"osm_id":"node/4415977760","name":"好又多超市","named":true,"category":"daily","kind":"supermarket","location_method":"OSM 节点","access":"未标注","source_date":"2026-09-12T02:20:24Z","original_name":"好又多超市","related_osm_ids":["node/4415977760"]}},{"type":"Feature","id":"node/4415977761","geometry":{"type":"Point","coordinates":[118.7817117,32.0965669]},"properties":{"osm_id":"node/4415977761","name":"新华诊所","named":true,"category":"health","kind":"clinic","location_method":"OSM 节点","access":"未标注","source_date":"2026-09-12T02:20:24Z","original_name":"新华诊所","related_osm_ids":["node/4415977761"]}},{"type":"Feature","id":"node/4418162898","geometry":{"type":"Point","coordinates":[118.7793038,32.0500889]},"properties":{"osm_id":"node/4418162898","name":"Wagas","named":true,"category":"daily","kind":"cafe","location_method":"OSM 节点","access":"未标注","source_date":"2026-09-12T02:20:24Z","original_name":"Wagas","related_osm_ids":["node/4418162898"]}},{"type":"Feature","id":"node/4418165792","geometry":{"type":"Point","coordinates":[118.7794846,32.0481359]},"properties":{"osm_id":"node/4418165792","name":"Apple Store","named":true,"category":"daily","kind":"electronics","location_method":"OSM 节点","access":"未标注","source_date":"2026-09-12T02:20:24Z","original_name":"Apple Store","related_osm_ids":["node/4418165792"]}},{"type":"Feature","id":"node/4424484289","geometry":{"type":"Point","coordinates":[118.7773037,32.0484186]},"properties":{"osm_id":"node/4424484289","name":"Hedera Helix Cafe","named":true,"category":"daily","kind":"cafe","location_method":"OSM 节点","access":"未标注","source_date":"2026-09-12T02:20:24Z","original_name":"Hedera Helix Cafe","related_osm_ids":["node/4424484289"]}},{"type":"Feature","id":"node/4424484389","geometry":{"type":"Point","coordinates":[118.7778545,32.0493931]},"properties":{"osm_id":"node/4424484389","name":"未命名生活服务","named":false,"category":"daily","kind":"supermarket","location_method":"OSM 节点","access":"未标注","source_date":"2026-09-12T02:20:24Z","related_osm_ids":["node/4424484389"]}},{"type":"Feature","id":"node/4424521589","geometry":{"type":"Point","coordinates":[118.7750651,32.0502954]},"properties":{"osm_id":"node/4424521589","name":"未命名生活服务","named":false,"category":"daily","kind":"restaurant","location_method":"OSM 节点","access":"未标注","source_date":"2026-09-12T02:20:24Z","related_osm_ids":["node/4424521589"]}},{"type":"Feature","id":"node/4426775391","geometry":{"type":"Point","coordinates":[118.7672489,32.0460807]},"properties":{"osm_id":"node/4426775391","name":"未命名生活服务","named":false,"category":"daily","kind":"restaurant","location_method":"OSM 节点","access":"未标注","source_date":"2026-09-12T02:20:24Z","related_osm_ids":["node/4426775391"]}},{"type":"Feature","id":"node/4427332389","geometry":{"type":"Point","coordinates":[118.773908,32.045893]},"properties":{"osm_id":"node/4427332389","name":"未命名生活服务","named":false,"category":"daily","kind":"cafe","location_method":"OSM 节点","access":"未标注","source_date":"2026-09-12T02:20:24Z","related_osm_ids":["node/4427332389"]}},{"type":"Feature","id":"node/4441508789","geometry":{"type":"Point","coordinates":[118.7923735,32.04833]},"properties":{"osm_id":"node/4441508789","name":"Sta Food","named":true,"category":"daily","kind":"restaurant","location_method":"OSM 节点","access":"未标注","source_date":"2026-09-12T02:20:24Z","original_name":"Sta Food","related_osm_ids":["node/4441508789"]}},{"type":"Feature","id":"node/4442177492","geometry":{"type":"Point","coordinates":[118.7905133,32.0388673]},"properties":{"osm_id":"node/4442177492","name":"未命名生活服务","named":false,"category":"daily","kind":"toys","location_method":"OSM 节点","access":"未标注","source_date":"2026-09-12T02:20:24Z","related_osm_ids":["node/4442177492"]}},{"type":"Feature","id":"node/4448791170","geometry":{"type":"Point","coordinates":[118.77162,32.0369312]},"properties":{"osm_id":"node/4448791170","name":"金陵风味小吃","named":true,"category":"daily","kind":"restaurant","location_method":"OSM 节点","access":"未标注","source_date":"2026-09-12T02:20:24Z","original_name":"金陵风味小吃","related_osm_ids":["node/4448791170"]}},{"type":"Feature","id":"node/4539531994","geometry":{"type":"Point","coordinates":[118.8471251,32.0574328]},"properties":{"osm_id":"node/4539531994","name":"肯德基","named":true,"category":"daily","kind":"fast_food","location_method":"OSM 节点","access":"未标注","source_date":"2026-09-12T02:20:24Z","original_name":"肯德基","related_osm_ids":["node/4539531994"]}},{"type":"Feature","id":"node/4539531995","geometry":{"type":"Point","coordinates":[118.845318,32.0508143]},"properties":{"osm_id":"node/4539531995","name":"麦当劳","named":true,"category":"daily","kind":"fast_food","location_method":"OSM 节点","access":"未标注","source_date":"2026-09-12T02:20:24Z","original_name":"麦当劳","related_osm_ids":["node/4539531995"]}},{"type":"Feature","id":"node/4539531996","geometry":{"type":"Point","coordinates":[118.8370702,32.0588441]},"properties":{"osm_id":"node/4539531996","name":"未命名历史要素","named":false,"category":"heritage","kind":"ruins","location_method":"OSM 节点","access":"未标注","source_date":"2026-09-12T02:20:24Z","related_osm_ids":["node/4539531996"]}},{"type":"Feature","id":"node/4564641409","geometry":{"type":"Point","coordinates":[118.9109493,32.1170055]},"properties":{"osm_id":"node/4564641409","name":"行远楼-地理科学学院","named":true,"category":"education","kind":"college","location_method":"OSM 节点","access":"未标注","source_date":"2026-09-12T02:20:24Z","original_name":"行远楼-地理科学学院","related_osm_ids":["node/4564641409"]}},{"type":"Feature","id":"node/4571889789","geometry":{"type":"Point","coordinates":[118.7819983,32.0536867]},"properties":{"osm_id":"node/4571889789","name":"未命名生活服务","named":false,"category":"daily","kind":"restaurant","location_method":"OSM 节点","access":"未标注","source_date":"2026-09-12T02:20:24Z","related_osm_ids":["node/4571889789"]}},{"type":"Feature","id":"node/4663344091","geometry":{"type":"Point","coordinates":[118.7815114,32.0362717]},"properties":{"osm_id":"node/4663344091","name":"稠州商業銀行","named":true,"category":"daily","kind":"bank","location_method":"OSM 节点","access":"未标注","source_date":"2026-09-12T02:20:24Z","original_name":"稠州商業銀行","related_osm_ids":["node/4663344091"]}},{"type":"Feature","id":"node/4696544290","geometry":{"type":"Point","coordinates":[118.9032636,32.1045726]},"properties":{"osm_id":"node/4696544290","name":"校医院","named":true,"category":"health","kind":"hospital","location_method":"OSM 节点","access":"未标注","source_date":"2026-09-12T02:20:24Z","original_name":"校医院","related_osm_ids":["node/4696544290"]}},{"type":"Feature","id":"node/4697397790","geometry":{"type":"Point","coordinates":[118.7892745,32.0382182]},"properties":{"osm_id":"node/4697397790","name":"秦淮区妇幼保健所","named":true,"category":"health","kind":"clinic","location_method":"OSM 节点","access":"未标注","source_date":"2026-09-12T02:20:24Z","original_name":"秦淮区妇幼保健所","related_osm_ids":["node/4697397790"]}},{"type":"Feature","id":"node/4701371839","geometry":{"type":"Point","coordinates":[118.9027677,32.1036629]},"properties":{"osm_id":"node/4701371839","name":"西区教育超市","named":true,"category":"daily","kind":"supermarket","location_method":"OSM 节点","access":"未标注","source_date":"2026-09-12T02:20:24Z","original_name":"西区教育超市","related_osm_ids":["node/4701371839"]}},{"type":"Feature","id":"node/4701371840","geometry":{"type":"Point","coordinates":[118.9026422,32.1036334]},"properties":{"osm_id":"node/4701371840","name":"浦发银行营业厅","named":true,"category":"daily","kind":"bank","location_method":"OSM 节点","access":"未标注","source_date":"2026-09-12T02:20:24Z","original_name":"浦发银行营业厅","related_osm_ids":["node/4701371840"]}},{"type":"Feature","id":"node/4701371860","geometry":{"type":"Point","coordinates":[118.9019438,32.1025125]},"properties":{"osm_id":"node/4701371860","name":"复印店","named":true,"category":"daily","kind":"printing","location_method":"OSM 节点","access":"未标注","source_date":"2026-09-12T02:20:24Z","original_name":"复印店","related_osm_ids":["node/4701371860"]}},{"type":"Feature","id":"node/4701371861","geometry":{"type":"Point","coordinates":[118.9017815,32.1024553]},"properties":{"osm_id":"node/4701371861","name":"游泳用具店","named":true,"category":"daily","kind":"water_sports","location_method":"OSM 节点","access":"未标注","source_date":"2026-09-12T02:20:24Z","original_name":"游泳用具店","related_osm_ids":["node/4701371861"]}},{"type":"Feature","id":"node/4701371874","geometry":{"type":"Point","coordinates":[118.9020111,32.1042669]},"properties":{"osm_id":"node/4701371874","name":"南师大便利店","named":true,"category":"daily","kind":"supermarket","location_method":"OSM 节点","access":"未标注","source_date":"2026-09-12T02:20:24Z","original_name":"南师大便利店","related_osm_ids":["node/4701371874"]}},{"type":"Feature","id":"node/4701371875","geometry":{"type":"Point","coordinates":[118.9034158,32.1045133]},"properties":{"osm_id":"node/4701371875","name":"仙林书店","named":true,"category":"daily","kind":"books","location_method":"OSM 节点","access":"未标注","source_date":"2026-09-12T02:20:24Z","original_name":"仙林书店","related_osm_ids":["node/4701371875"]}},{"type":"Feature","id":"node/4701371876","geometry":{"type":"Point","coordinates":[118.9032483,32.1041916]},"properties":{"osm_id":"node/4701371876","name":"校医院校车站","named":true,"category":"transit","kind":"bus_stop","location_method":"OSM 节点","access":"未标注","source_date":"2026-09-12T02:20:24Z","original_name":"校医院校车站","related_osm_ids":["node/4701371876"]}},{"type":"Feature","id":"node/4701407457","geometry":{"type":"Point","coordinates":[118.9030083,32.1036266]},"properties":{"osm_id":"node/4701407457","name":"西苑乐购（文具店）","named":true,"category":"daily","kind":"supermarket","location_method":"OSM 节点","access":"未标注","source_date":"2026-09-12T02:20:24Z","original_name":"西苑乐购（文具店）","related_osm_ids":["node/4701407457"]}},{"type":"Feature","id":"node/4701407458","geometry":{"type":"Point","coordinates":[118.9029219,32.1036009]},"properties":{"osm_id":"node/4701407458","name":"菜鸟驿站（快递代收）","named":true,"category":"daily","kind":"yes","location_method":"OSM 节点","access":"未标注","source_date":"2026-09-12T02:20:24Z","original_name":"菜鸟驿站（快递代收）","related_osm_ids":["node/4701407458"]}},{"type":"Feature","id":"node/4701407459","geometry":{"type":"Point","coordinates":[118.9025273,32.1035368]},"properties":{"osm_id":"node/4701407459","name":"佳影图片社","named":true,"category":"daily","kind":"copyshop","location_method":"OSM 节点","access":"未标注","source_date":"2026-09-12T02:20:24Z","original_name":"佳影图片社","related_osm_ids":["node/4701407459"]}},{"type":"Feature","id":"node/4705111293","geometry":{"type":"Point","coordinates":[118.9081896,32.1082618]},"properties":{"osm_id":"node/4705111293","name":"未命名生活服务","named":false,"category":"daily","kind":"fruit","location_method":"OSM 节点","access":"未标注","source_date":"2026-09-12T02:20:24Z","related_osm_ids":["node/4705111293"]}},{"type":"Feature","id":"node/4705111303","geometry":{"type":"Point","coordinates":[118.9098582,32.1094532]},"properties":{"osm_id":"node/4705111303","name":"文澜路","named":true,"category":"transit","kind":"bus_stop","location_method":"OSM 节点","access":"未标注","source_date":"2026-09-12T02:20:24Z","original_name":"文澜路","related_osm_ids":["node/4705111303"]}},{"type":"Feature","id":"node/4707560765","geometry":{"type":"Point","coordinates":[118.909037,32.1080582]},"properties":{"osm_id":"node/4707560765","name":"东区快递收发点","named":true,"category":"daily","kind":"post_office","location_method":"OSM 节点","access":"未标注","source_date":"2026-09-12T02:20:24Z","original_name":"东区快递收发点","related_osm_ids":["node/4707560765"]}},{"type":"Feature","id":"node/4707560766","geometry":{"type":"Point","coordinates":[118.9089941,32.1080741]},"properties":{"osm_id":"node/4707560766","name":"江苏省教育超市","named":true,"category":"daily","kind":"supermarket","location_method":"OSM 节点","access":"未标注","source_date":"2026-09-12T02:20:24Z","original_name":"江苏省教育超市","related_osm_ids":["node/4707560766"]}},{"type":"Feature","id":"node/4708346860","geometry":{"type":"Point","coordinates":[118.9090413,32.1081296]},"properties":{"osm_id":"node/4708346860","name":"阿玛尼理发店","named":true,"category":"daily","kind":"hairdresser","location_method":"OSM 节点","access":"未标注","source_date":"2026-09-12T02:20:24Z","original_name":"阿玛尼理发店","related_osm_ids":["node/4708346860"]}},{"type":"Feature","id":"node/4709288089","geometry":{"type":"Point","coordinates":[118.7797807,32.0366554]},"properties":{"osm_id":"node/4709288089","name":"煎餅小俠","named":true,"category":"daily","kind":"restaurant","location_method":"OSM 节点","access":"未标注","source_date":"2026-09-12T02:20:24Z","original_name":"煎餅小俠","related_osm_ids":["node/4709288089"]}},{"type":"Feature","id":"node/4709336589","geometry":{"type":"Point","coordinates":[118.779841,32.0366292]},"properties":{"osm_id":"node/4709336589","name":"韓萍老南京餛飩","named":true,"category":"daily","kind":"restaurant","location_method":"OSM 节点","access":"未标注","source_date":"2026-09-12T02:20:24Z","original_name":"韓萍老南京餛飩","related_osm_ids":["node/4709336589"]}},{"type":"Feature","id":"node/4709336590","geometry":{"type":"Point","coordinates":[118.7799151,32.0366345]},"properties":{"osm_id":"node/4709336590","name":"白下元宵舖","named":true,"category":"daily","kind":"restaurant","location_method":"OSM 节点","access":"未标注","source_date":"2026-09-12T02:20:24Z","original_name":"白下元宵舖","related_osm_ids":["node/4709336590"]}},{"type":"Feature","id":"node/4717545994","geometry":{"type":"Point","coordinates":[118.7765144,32.086551]},"properties":{"osm_id":"node/4717545994","name":"凤凰和鸣小区","named":true,"category":"daily","kind":"community_centre","location_method":"OSM 节点","access":"未标注","source_date":"2026-09-12T02:20:24Z","original_name":"凤凰和鸣小区","related_osm_ids":["node/4717545994"]}},{"type":"Feature","id":"node/4745751722","geometry":{"type":"Point","coordinates":[118.7870765,32.0470433]},"properties":{"osm_id":"node/4745751722","name":"未命名教育设施","named":false,"category":"education","kind":"school","location_method":"OSM 节点","access":"未标注","source_date":"2026-09-12T02:20:24Z","related_osm_ids":["node/4745751722"]}},{"type":"Feature","id":"node/4745773721","geometry":{"type":"Point","coordinates":[118.7906478,32.0480066]},"properties":{"osm_id":"node/4745773721","name":"肯德基","named":true,"category":"daily","kind":"fast_food","location_method":"OSM 节点","access":"未标注","source_date":"2026-09-12T02:20:24Z","original_name":"肯德基","related_osm_ids":["node/4745773721"]}},{"type":"Feature","id":"node/4769737935","geometry":{"type":"Point","coordinates":[118.7791374,32.0546116]},"properties":{"osm_id":"node/4769737935","name":"Kopimellow Coffee","named":true,"category":"daily","kind":"cafe","location_method":"OSM 节点","access":"未标注","source_date":"2026-09-12T02:20:24Z","original_name":"Kopimellow Coffee","related_osm_ids":["node/4769737935"]}},{"type":"Feature","id":"node/4769737936","geometry":{"type":"Point","coordinates":[118.780118,32.0563004]},"properties":{"osm_id":"node/4769737936","name":"Villabrot","named":true,"category":"daily","kind":"bakery","location_method":"OSM 节点","access":"未标注","source_date":"2026-09-12T02:20:24Z","original_name":"Villabrot","related_osm_ids":["node/4769737936"]}},{"type":"Feature","id":"node/4769737937","geometry":{"type":"Point","coordinates":[118.78057,32.0563263]},"properties":{"osm_id":"node/4769737937","name":"Maan Coffee","named":true,"category":"daily","kind":"cafe","location_method":"OSM 节点","access":"未标注","source_date":"2026-09-12T02:20:24Z","original_name":"Maan Coffee","related_osm_ids":["node/4769737937"]}},{"type":"Feature","id":"node/4769738723","geometry":{"type":"Point","coordinates":[118.7799981,32.0541297]},"properties":{"osm_id":"node/4769738723","name":"NASR Halal food shop","named":true,"category":"daily","kind":"convenience","location_method":"OSM 节点","access":"未标注","source_date":"2026-09-12T02:20:24Z","original_name":"NASR Halal food shop","related_osm_ids":["node/4769738723"]}},{"type":"Feature","id":"node/4771286825","geometry":{"type":"Point","coordinates":[118.9116001,32.0961167]},"properties":{"osm_id":"node/4771286825","name":"学衡路","named":true,"category":"transit","kind":"bus_stop","location_method":"OSM 节点","access":"未标注","source_date":"2026-09-12T02:20:24Z","original_name":"学衡路","related_osm_ids":["node/4771286825","node/8263357407"]}},{"type":"Feature","id":"node/4771298423","geometry":{"type":"Point","coordinates":[118.7818758,32.0535883]},"properties":{"osm_id":"node/4771298423","name":"85 degree","named":true,"category":"daily","kind":"cafe","location_method":"OSM 节点","access":"未标注","source_date":"2026-09-12T02:20:24Z","original_name":"85 degree","related_osm_ids":["node/4771298423"]}},{"type":"Feature","id":"node/4771298525","geometry":{"type":"Point","coordinates":[118.7836076,32.0485758]},"properties":{"osm_id":"node/4771298525","name":"Ananas Dessert Bar","named":true,"category":"daily","kind":"cafe","location_method":"OSM 节点","access":"未标注","source_date":"2026-09-12T02:20:24Z","original_name":"Ananas Dessert Bar","related_osm_ids":["node/4771298525"]}},{"type":"Feature","id":"node/4773049822","geometry":{"type":"Point","coordinates":[118.787534,32.022824]},"properties":{"osm_id":"node/4773049822","name":"中国建设银行","named":true,"category":"daily","kind":"bank","location_method":"OSM 节点","access":"未标注","source_date":"2026-09-12T02:20:24Z","original_name":"中国建设银行","related_osm_ids":["node/4773049822"]}},{"type":"Feature","id":"node/4773051721","geometry":{"type":"Point","coordinates":[118.7790789,32.0493928]},"properties":{"osm_id":"node/4773051721","name":"Momentum Burger & Lobster & Cocktail","named":true,"category":"daily","kind":"restaurant","location_method":"OSM 节点","access":"未标注","source_date":"2026-09-12T02:20:24Z","original_name":"Momentum Burger & Lobster & Cocktail","related_osm_ids":["node/4773051721"]}},{"type":"Feature","id":"node/4943532124","geometry":{"type":"Point","coordinates":[118.7836971,32.0515536]},"properties":{"osm_id":"node/4943532124","name":"新世界百货","named":true,"category":"daily","kind":"mall","location_method":"OSM 节点","access":"未标注","source_date":"2026-09-12T02:20:24Z","original_name":"新世界百货","related_osm_ids":["node/4943532124"]}},{"type":"Feature","id":"node/4948576421","geometry":{"type":"Point","coordinates":[118.7749901,32.0414841]},"properties":{"osm_id":"node/4948576421","name":"未命名生活服务","named":false,"category":"daily","kind":"restaurant","location_method":"OSM 节点","access":"未标注","source_date":"2026-09-12T02:20:24Z","related_osm_ids":["node/4948576421"]}},{"type":"Feature","id":"node/4959865121","geometry":{"type":"Point","coordinates":[118.8604228,32.0540104]},"properties":{"osm_id":"node/4959865121","name":"未命名生活服务","named":false,"category":"daily","kind":"travel_agency","location_method":"OSM 节点","access":"未标注","source_date":"2026-09-12T02:20:24Z","related_osm_ids":["node/4959865121"]}},{"type":"Feature","id":"node/4984049133","geometry":{"type":"Point","coordinates":[118.908167,32.1081665]},"properties":{"osm_id":"node/4984049133","name":"菜鸟驿站","named":true,"category":"daily","kind":"post_office","location_method":"OSM 节点","access":"未标注","source_date":"2026-09-12T02:20:24Z","original_name":"菜鸟驿站","related_osm_ids":["node/4984049133"]}},{"type":"Feature","id":"node/5067276922","geometry":{"type":"Point","coordinates":[118.7759487,32.0736624]},"properties":{"osm_id":"node/5067276922","name":"未命名医疗服务","named":false,"category":"health","kind":"pharmacy","location_method":"OSM 节点","access":"未标注","source_date":"2026-09-12T02:20:24Z","related_osm_ids":["node/5067276922"]}},{"type":"Feature","id":"node/5090884922","geometry":{"type":"Point","coordinates":[118.7832318,32.044224]},"properties":{"osm_id":"node/5090884922","name":"中国银行","named":true,"category":"daily","kind":"bank","location_method":"OSM 节点","access":"未标注","source_date":"2026-09-12T02:20:24Z","original_name":"中国银行","related_osm_ids":["node/5090884922","way/1013274620"]}},{"type":"Feature","id":"node/5104682252","geometry":{"type":"Point","coordinates":[118.8023363,32.0570063]},"properties":{"osm_id":"node/5104682252","name":"小营小学","named":true,"category":"education","kind":"school","location_method":"OSM 节点","access":"未标注","source_date":"2026-09-12T02:20:24Z","original_name":"小营小学","related_osm_ids":["node/5104682252"]}},{"type":"Feature","id":"node/5104682253","geometry":{"type":"Point","coordinates":[118.801686,32.0561573]},"properties":{"osm_id":"node/5104682253","name":"小百灵幼儿园","named":true,"category":"education","kind":"kindergarten","location_method":"OSM 节点","access":"未标注","source_date":"2026-09-12T02:20:24Z","original_name":"小百灵幼儿园","related_osm_ids":["node/5104682253"]}},{"type":"Feature","id":"node/5128215026","geometry":{"type":"Point","coordinates":[118.9030295,32.094438]},"properties":{"osm_id":"node/5128215026","name":"未命名生活服务","named":false,"category":"daily","kind":"restaurant","location_method":"OSM 节点","access":"未标注","source_date":"2026-09-12T02:20:24Z","related_osm_ids":["node/5128215026"]}},{"type":"Feature","id":"node/5128232425","geometry":{"type":"Point","coordinates":[118.9029241,32.0942857]},"properties":{"osm_id":"node/5128232425","name":"未命名生活服务","named":false,"category":"daily","kind":"restaurant","location_method":"OSM 节点","access":"未标注","source_date":"2026-09-12T02:20:24Z","related_osm_ids":["node/5128232425"]}},{"type":"Feature","id":"node/5128232426","geometry":{"type":"Point","coordinates":[118.9086192,32.0991657]},"properties":{"osm_id":"node/5128232426","name":"未命名生活服务","named":false,"category":"daily","kind":"restaurant","location_method":"OSM 节点","access":"未标注","source_date":"2026-09-12T02:20:24Z","related_osm_ids":["node/5128232426"]}},{"type":"Feature","id":"node/5130443130","geometry":{"type":"Point","coordinates":[118.8669523,32.1166416]},"properties":{"osm_id":"node/5130443130","name":"未命名生活服务","named":false,"category":"daily","kind":"restaurant","location_method":"OSM 节点","access":"未标注","source_date":"2026-09-12T02:20:24Z","related_osm_ids":["node/5130443130"]}},{"type":"Feature","id":"node/5134028830","geometry":{"type":"Point","coordinates":[118.7818073,32.0563232]},"properties":{"osm_id":"node/5134028830","name":"金润发","named":true,"category":"daily","kind":"supermarket","location_method":"OSM 节点","access":"未标注","source_date":"2026-09-12T02:20:24Z","original_name":"金润发","related_osm_ids":["node/5134028830"]}},{"type":"Feature","id":"node/5164395521","geometry":{"type":"Point","coordinates":[118.7762158,32.0436476]},"properties":{"osm_id":"node/5164395521","name":"未命名生活服务","named":false,"category":"daily","kind":"cafe","location_method":"OSM 节点","access":"未标注","source_date":"2026-09-12T02:20:24Z","related_osm_ids":["node/5164395521"]}},{"type":"Feature","id":"node/5167506218","geometry":{"type":"Point","coordinates":[118.7963196,32.0578458]},"properties":{"osm_id":"node/5167506218","name":"食堂","named":true,"category":"daily","kind":"restaurant","location_method":"OSM 节点","access":"未标注","source_date":"2026-09-12T02:20:24Z","original_name":"食堂","related_osm_ids":["node/5167506218"]}},{"type":"Feature","id":"node/5251808322","geometry":{"type":"Point","coordinates":[118.7815085,32.0707995]},"properties":{"osm_id":"node/5251808322","name":"江苏省肿瘤医院","named":true,"category":"health","kind":"hospital","location_method":"OSM 节点","access":"未标注","source_date":"2026-09-12T02:20:24Z","original_name":"江苏省肿瘤医院","related_osm_ids":["node/5251808322","way/1467949311"]}},{"type":"Feature","id":"node/5279227862","geometry":{"type":"Point","coordinates":[118.7779004,32.0706132]},"properties":{"osm_id":"node/5279227862","name":"凤凰国际书城","named":true,"category":"daily","kind":"books","location_method":"OSM 节点","access":"未标注","source_date":"2026-09-12T02:20:24Z","original_name":"凤凰国际书城","related_osm_ids":["node/5279227862"]}},{"type":"Feature","id":"node/5297374121","geometry":{"type":"Point","coordinates":[118.7906036,32.0467636]},"properties":{"osm_id":"node/5297374121","name":"未命名生活服务","named":false,"category":"daily","kind":"restaurant","location_method":"OSM 节点","access":"未标注","source_date":"2026-09-12T02:20:24Z","related_osm_ids":["node/5297374121"]}},{"type":"Feature","id":"node/5310046521","geometry":{"type":"Point","coordinates":[118.8908962,32.0552535]},"properties":{"osm_id":"node/5310046521","name":"未命名生活服务","named":false,"category":"daily","kind":"restaurant","location_method":"OSM 节点","access":"未标注","source_date":"2026-09-12T02:20:24Z","related_osm_ids":["node/5310046521"]}},{"type":"Feature","id":"node/5312941098","geometry":{"type":"Point","coordinates":[118.9085861,32.1158655]},"properties":{"osm_id":"node/5312941098","name":"菜鸟驿站","named":true,"category":"daily","kind":"post_office","location_method":"OSM 节点","access":"未标注","source_date":"2026-09-12T02:20:24Z","original_name":"菜鸟驿站","related_osm_ids":["node/5312941098"]}},{"type":"Feature","id":"node/5312941099","geometry":{"type":"Point","coordinates":[118.9090015,32.1080586]},"properties":{"osm_id":"node/5312941099","name":"勤工助学","named":true,"category":"daily","kind":"copyshop","location_method":"OSM 节点","access":"未标注","source_date":"2026-09-12T02:20:24Z","original_name":"勤工助学","related_osm_ids":["node/5312941099"]}},{"type":"Feature","id":"node/5314413222","geometry":{"type":"Point","coordinates":[118.7707081,32.0709357]},"properties":{"osm_id":"node/5314413222","name":"中国银行","named":true,"category":"daily","kind":"bank","location_method":"OSM 节点","access":"未标注","source_date":"2026-09-12T02:20:24Z","original_name":"中国银行","related_osm_ids":["node/5314413222"]}},{"type":"Feature","id":"node/5314413421","geometry":{"type":"Point","coordinates":[118.7710675,32.0709633]},"properties":{"osm_id":"node/5314413421","name":"招商银行","named":true,"category":"daily","kind":"bank","location_method":"OSM 节点","access":"未标注","source_date":"2026-09-12T02:20:24Z","original_name":"招商银行","related_osm_ids":["node/5314413421"]}},{"type":"Feature","id":"node/5314427222","geometry":{"type":"Point","coordinates":[118.7717142,32.0731683]},"properties":{"osm_id":"node/5314427222","name":"中大医院","named":true,"category":"health","kind":"hospital","location_method":"OSM 节点","access":"未标注","source_date":"2026-09-12T02:20:24Z","original_name":"中大医院","related_osm_ids":["node/5314427222"]}},{"type":"Feature","id":"node/5314430421","geometry":{"type":"Point","coordinates":[118.772755,32.0687706]},"properties":{"osm_id":"node/5314430421","name":"未命名生活服务","named":false,"category":"daily","kind":"cafe","location_method":"OSM 节点","access":"未标注","source_date":"2026-09-12T02:20:24Z","related_osm_ids":["node/5314430421"]}},{"type":"Feature","id":"node/5314430422","geometry":{"type":"Point","coordinates":[118.7791726,32.023575]},"properties":{"osm_id":"node/5314430422","name":"中国银行","named":true,"category":"daily","kind":"bank","location_method":"OSM 节点","access":"未标注","source_date":"2026-09-12T02:20:24Z","original_name":"中国银行","related_osm_ids":["node/5314430422"]}},{"type":"Feature","id":"node/5314430423","geometry":{"type":"Point","coordinates":[118.7838338,32.0242773]},"properties":{"osm_id":"node/5314430423","name":"Loly Pop","named":true,"category":"daily","kind":"clothes","location_method":"OSM 节点","access":"未标注","source_date":"2026-09-12T02:20:24Z","original_name":"Loly Pop","related_osm_ids":["node/5314430423"]}},{"type":"Feature","id":"node/5392652672","geometry":{"type":"Point","coordinates":[118.7724966,32.0709376]},"properties":{"osm_id":"node/5392652672","name":"星巴克","named":true,"category":"daily","kind":"cafe","location_method":"OSM 节点","access":"未标注","source_date":"2026-09-12T02:20:24Z","original_name":"星巴克","related_osm_ids":["node/5392652672"]}},{"type":"Feature","id":"node/5392652673","geometry":{"type":"Point","coordinates":[118.770825,32.075324]},"properties":{"osm_id":"node/5392652673","name":"星巴克","named":true,"category":"daily","kind":"cafe","location_method":"OSM 节点","access":"未标注","source_date":"2026-09-12T02:20:24Z","original_name":"星巴克","related_osm_ids":["node/5392652673"]}},{"type":"Feature","id":"node/5392652674","geometry":{"type":"Point","coordinates":[118.7687679,32.0733101]},"properties":{"osm_id":"node/5392652674","name":"星巴克","named":true,"category":"daily","kind":"cafe","location_method":"OSM 节点","access":"未标注","source_date":"2026-09-12T02:20:24Z","original_name":"星巴克","related_osm_ids":["node/5392652674"]}},{"type":"Feature","id":"node/5392652675","geometry":{"type":"Point","coordinates":[118.7773134,32.0710529]},"properties":{"osm_id":"node/5392652675","name":"星巴克","named":true,"category":"daily","kind":"cafe","location_method":"OSM 节点","access":"未标注","source_date":"2026-09-12T02:20:24Z","original_name":"星巴克","related_osm_ids":["node/5392652675"]}},{"type":"Feature","id":"node/5392652676","geometry":{"type":"Point","coordinates":[118.7781366,32.0740286]},"properties":{"osm_id":"node/5392652676","name":"星巴克","named":true,"category":"daily","kind":"cafe","location_method":"OSM 节点","access":"未标注","source_date":"2026-09-12T02:20:24Z","original_name":"星巴克","related_osm_ids":["node/5392652676"]}},{"type":"Feature","id":"node/5446838870","geometry":{"type":"Point","coordinates":[118.7721366,32.0709675]},"properties":{"osm_id":"node/5446838870","name":"华夏银行","named":true,"category":"daily","kind":"bank","location_method":"OSM 节点","access":"未标注","source_date":"2026-09-12T02:20:24Z","original_name":"华夏银行","related_osm_ids":["node/5446838870"]}},{"type":"Feature","id":"node/5446838871","geometry":{"type":"Point","coordinates":[118.7722439,32.0708061]},"properties":{"osm_id":"node/5446838871","name":"肯德基","named":true,"category":"daily","kind":"fast_food","location_method":"OSM 节点","access":"未标注","source_date":"2026-09-12T02:20:24Z","original_name":"肯德基","related_osm_ids":["node/5446838871"]}},{"type":"Feature","id":"node/5446838872","geometry":{"type":"Point","coordinates":[118.771279,32.0705174]},"properties":{"osm_id":"node/5446838872","name":"南京银行","named":true,"category":"daily","kind":"bank","location_method":"OSM 节点","access":"未标注","source_date":"2026-09-12T02:20:24Z","original_name":"南京银行","related_osm_ids":["node/5446838872"]}},{"type":"Feature","id":"node/5446838873","geometry":{"type":"Point","coordinates":[118.7685666,32.0706146]},"properties":{"osm_id":"node/5446838873","name":"交通银行","named":true,"category":"daily","kind":"bank","location_method":"OSM 节点","access":"未标注","source_date":"2026-09-12T02:20:24Z","original_name":"交通银行","related_osm_ids":["node/5446838873"]}},{"type":"Feature","id":"node/5446838874","geometry":{"type":"Point","coordinates":[118.766339,32.0697321]},"properties":{"osm_id":"node/5446838874","name":"中国建设银行","named":true,"category":"daily","kind":"bank","location_method":"OSM 节点","access":"未标注","source_date":"2026-09-12T02:20:24Z","original_name":"中国建设银行","related_osm_ids":["node/5446838874"]}},{"type":"Feature","id":"node/5446838875","geometry":{"type":"Point","coordinates":[118.7754355,32.07104]},"properties":{"osm_id":"node/5446838875","name":"广发银行","named":true,"category":"daily","kind":"bank","location_method":"OSM 节点","access":"未标注","source_date":"2026-09-12T02:20:24Z","original_name":"广发银行","related_osm_ids":["node/5446838875"]}},{"type":"Feature","id":"node/5446838876","geometry":{"type":"Point","coordinates":[118.7757443,32.0714773]},"properties":{"osm_id":"node/5446838876","name":"中国农业银行","named":true,"category":"daily","kind":"bank","location_method":"OSM 节点","access":"未标注","source_date":"2026-09-12T02:20:24Z","original_name":"中国农业银行","related_osm_ids":["node/5446838876"]}},{"type":"Feature","id":"node/5446838877","geometry":{"type":"Point","coordinates":[118.7759334,32.0711555]},"properties":{"osm_id":"node/5446838877","name":"中国建设银行","named":true,"category":"daily","kind":"bank","location_method":"OSM 节点","access":"未标注","source_date":"2026-09-12T02:20:24Z","original_name":"中国建设银行","related_osm_ids":["node/5446838877"]}},{"type":"Feature","id":"node/5446838878","geometry":{"type":"Point","coordinates":[118.7674071,32.0747629]},"properties":{"osm_id":"node/5446838878","name":"中国银行","named":true,"category":"daily","kind":"bank","location_method":"OSM 节点","access":"未标注","source_date":"2026-09-12T02:20:24Z","original_name":"中国银行","related_osm_ids":["node/5446838878"]}},{"type":"Feature","id":"node/5446838879","geometry":{"type":"Point","coordinates":[118.7734376,32.0713987]},"properties":{"osm_id":"node/5446838879","name":"中信银行","named":true,"category":"daily","kind":"bank","location_method":"OSM 节点","access":"未标注","source_date":"2026-09-12T02:20:24Z","original_name":"中信银行","related_osm_ids":["node/5446838879"]}},{"type":"Feature","id":"node/5446838885","geometry":{"type":"Point","coordinates":[118.772577,32.0715708]},"properties":{"osm_id":"node/5446838885","name":"苏宁环球购物中心","named":true,"category":"daily","kind":"mall","location_method":"OSM 节点","access":"未标注","source_date":"2026-09-12T02:20:24Z","original_name":"苏宁环球购物中心","related_osm_ids":["node/5446838885"]}},{"type":"Feature","id":"node/5446838886","geometry":{"type":"Point","coordinates":[118.7729901,32.0714253]},"properties":{"osm_id":"node/5446838886","name":"必胜客","named":true,"category":"daily","kind":"restaurant","location_method":"OSM 节点","access":"未标注","source_date":"2026-09-12T02:20:24Z","original_name":"必胜客","related_osm_ids":["node/5446838886"]}},{"type":"Feature","id":"node/5446838887","geometry":{"type":"Point","coordinates":[118.7670717,32.0709453]},"properties":{"osm_id":"node/5446838887","name":"必胜客","named":true,"category":"daily","kind":"restaurant","location_method":"OSM 节点","access":"未标注","source_date":"2026-09-12T02:20:24Z","original_name":"必胜客","related_osm_ids":["node/5446838887"]}},{"type":"Feature","id":"node/5446838888","geometry":{"type":"Point","coordinates":[118.7673486,32.0744509]},"properties":{"osm_id":"node/5446838888","name":"苏果超市","named":true,"category":"daily","kind":"supermarket","location_method":"OSM 节点","access":"未标注","source_date":"2026-09-12T02:20:24Z","original_name":"苏果超市","related_osm_ids":["node/5446838888"]}},{"type":"Feature","id":"node/5446838889","geometry":{"type":"Point","coordinates":[118.7760299,32.076718]},"properties":{"osm_id":"node/5446838889","name":"苏果超市","named":true,"category":"daily","kind":"supermarket","location_method":"OSM 节点","access":"未标注","source_date":"2026-09-12T02:20:24Z","original_name":"苏果超市","related_osm_ids":["node/5446838889"]}},{"type":"Feature","id":"node/5446838890","geometry":{"type":"Point","coordinates":[118.7724027,32.0715963]},"properties":{"osm_id":"node/5446838890","name":"百家超市","named":true,"category":"daily","kind":"supermarket","location_method":"OSM 节点","access":"未标注","source_date":"2026-09-12T02:20:24Z","original_name":"百家超市","related_osm_ids":["node/5446838890"]}},{"type":"Feature","id":"node/5446838891","geometry":{"type":"Point","coordinates":[118.7716442,32.0709473]},"properties":{"osm_id":"node/5446838891","name":"百家超市","named":true,"category":"daily","kind":"supermarket","location_method":"OSM 节点","access":"未标注","source_date":"2026-09-12T02:20:24Z","original_name":"百家超市","related_osm_ids":["node/5446838891"]}},{"type":"Feature","id":"node/5446838892","geometry":{"type":"Point","coordinates":[118.7716976,32.0688179]},"properties":{"osm_id":"node/5446838892","name":"永辉超市","named":true,"category":"daily","kind":"supermarket","location_method":"OSM 节点","access":"未标注","source_date":"2026-09-12T02:20:24Z","original_name":"永辉超市","related_osm_ids":["node/5446838892"]}},{"type":"Feature","id":"node/5446838893","geometry":{"type":"Point","coordinates":[118.7716547,32.0692543]},"properties":{"osm_id":"node/5446838893","name":"星巴克","named":true,"category":"daily","kind":"cafe","location_method":"OSM 节点","access":"未标注","source_date":"2026-09-12T02:20:24Z","original_name":"星巴克","related_osm_ids":["node/5446838893"]}},{"type":"Feature","id":"node/5446838894","geometry":{"type":"Point","coordinates":[118.7683444,32.069835]},"properties":{"osm_id":"node/5446838894","name":"中国工商银行","named":true,"category":"daily","kind":"bank","location_method":"OSM 节点","access":"未标注","source_date":"2026-09-12T02:20:24Z","original_name":"中国工商银行","related_osm_ids":["node/5446838894"]}},{"type":"Feature","id":"node/5446838895","geometry":{"type":"Point","coordinates":[118.7689322,32.069329]},"properties":{"osm_id":"node/5446838895","name":"肯德基","named":true,"category":"daily","kind":"fast_food","location_method":"OSM 节点","access":"未标注","source_date":"2026-09-12T02:20:24Z","original_name":"肯德基","related_osm_ids":["node/5446838895"]}},{"type":"Feature","id":"node/5521715034","geometry":{"type":"Point","coordinates":[118.7659966,32.0817986]},"properties":{"osm_id":"node/5521715034","name":"南京邮电大学三牌楼图书馆","named":true,"category":"education","kind":"library","location_method":"OSM 节点","access":"未标注","source_date":"2026-09-12T02:20:24Z","original_name":"南京邮电大学三牌楼图书馆","related_osm_ids":["node/5521715034"]}},{"type":"Feature","id":"node/5522511469","geometry":{"type":"Point","coordinates":[118.7668154,32.0830618]},"properties":{"osm_id":"node/5522511469","name":"南邮超市","named":true,"category":"daily","kind":"supermarket","location_method":"OSM 节点","access":"未标注","source_date":"2026-09-12T02:20:24Z","original_name":"南邮超市","related_osm_ids":["node/5522511469"]}},{"type":"Feature","id":"node/5522511470","geometry":{"type":"Point","coordinates":[118.7668328,32.082332]},"properties":{"osm_id":"node/5522511470","name":"图文中心","named":true,"category":"daily","kind":"supermarket","location_method":"OSM 节点","access":"未标注","source_date":"2026-09-12T02:20:24Z","original_name":"图文中心","related_osm_ids":["node/5522511470"]}},{"type":"Feature","id":"node/5522511471","geometry":{"type":"Point","coordinates":[118.7667912,32.082549]},"properties":{"osm_id":"node/5522511471","name":"校园超市","named":true,"category":"daily","kind":"supermarket","location_method":"OSM 节点","access":"未标注","source_date":"2026-09-12T02:20:24Z","original_name":"校园超市","related_osm_ids":["node/5522511471"]}},{"type":"Feature","id":"node/5522511479","geometry":{"type":"Point","coordinates":[118.7670555,32.0836934]},"properties":{"osm_id":"node/5522511479","name":"学校门诊","named":true,"category":"health","kind":"clinic","location_method":"OSM 节点","access":"未标注","source_date":"2026-09-12T02:20:24Z","original_name":"学校门诊","related_osm_ids":["node/5522511479"]}},{"type":"Feature","id":"node/5522525837","geometry":{"type":"Point","coordinates":[118.7635121,32.0828234]},"properties":{"osm_id":"node/5522525837","name":"中信银行","named":true,"category":"daily","kind":"bank","location_method":"OSM 节点","access":"未标注","source_date":"2026-09-12T02:20:24Z","original_name":"中信银行","related_osm_ids":["node/5522525837"]}},{"type":"Feature","id":"node/5524750498","geometry":{"type":"Point","coordinates":[118.7672786,32.0814217]},"properties":{"osm_id":"node/5524750498","name":"东柏果园","named":true,"category":"transit","kind":"bus_stop","location_method":"OSM 节点","access":"未标注","source_date":"2026-09-12T02:20:24Z","original_name":"东柏果园","related_osm_ids":["node/5524750498","node/5524750499"]}},{"type":"Feature","id":"node/5524750500","geometry":{"type":"Point","coordinates":[118.7663864,32.0796666]},"properties":{"osm_id":"node/5524750500","name":"司背后","named":true,"category":"transit","kind":"bus_stop","location_method":"OSM 节点","access":"未标注","source_date":"2026-09-12T02:20:24Z","original_name":"司背后","related_osm_ids":["node/5524750500","node/5524750501"]}},{"type":"Feature","id":"node/5536911640","geometry":{"type":"Point","coordinates":[118.816995,32.0861511]},"properties":{"osm_id":"node/5536911640","name":"长途东站","named":true,"category":"transit","kind":"bus_station","location_method":"OSM 节点","access":"未标注","source_date":"2026-09-12T02:20:24Z","original_name":"长途东站","related_osm_ids":["node/5536911640"]}},{"type":"Feature","id":"node/5536911663","geometry":{"type":"Point","coordinates":[118.8222197,32.0825425]},"properties":{"osm_id":"node/5536911663","name":"未命名医疗服务","named":false,"category":"health","kind":"hospital","location_method":"OSM 节点","access":"未标注","source_date":"2026-09-12T02:20:24Z","related_osm_ids":["node/5536911663"]}},{"type":"Feature","id":"node/5536916440","geometry":{"type":"Point","coordinates":[118.7812999,32.0983402]},"properties":{"osm_id":"node/5536916440","name":"未命名教育设施","named":false,"category":"education","kind":"school","location_method":"OSM 节点","access":"未标注","source_date":"2026-09-12T02:20:24Z","related_osm_ids":["node/5536916440"]}},{"type":"Feature","id":"node/5544683321","geometry":{"type":"Point","coordinates":[118.7767736,32.0266732]},"properties":{"osm_id":"node/5544683321","name":"fishtank","named":true,"category":"daily","kind":"cafe","location_method":"OSM 节点","access":"未标注","source_date":"2026-09-12T02:20:24Z","original_name":"fishtank","related_osm_ids":["node/5544683321"]}},{"type":"Feature","id":"node/5549566650","geometry":{"type":"Point","coordinates":[118.793703,32.0864194]},"properties":{"osm_id":"node/5549566650","name":"机场大巴候车点","named":true,"category":"transit","kind":"bus_station","location_method":"OSM 节点","access":"未标注","source_date":"2026-09-12T02:20:24Z","original_name":"机场大巴候车点","related_osm_ids":["node/5549566650"]}},{"type":"Feature","id":"node/5550072121","geometry":{"type":"Point","coordinates":[118.9178924,32.0993976]},"properties":{"osm_id":"node/5550072121","name":"未命名生活服务","named":false,"category":"daily","kind":"restaurant","location_method":"OSM 节点","access":"未标注","source_date":"2026-09-12T02:20:24Z","related_osm_ids":["node/5550072121"]}},{"type":"Feature","id":"node/5572534315","geometry":{"type":"Point","coordinates":[118.7848321,32.0975317]},"properties":{"osm_id":"node/5572534315","name":"未命名生活服务","named":false,"category":"daily","kind":"restaurant","location_method":"OSM 节点","access":"未标注","source_date":"2026-09-12T02:20:24Z","related_osm_ids":["node/5572534315"]}},{"type":"Feature","id":"node/5572534316","geometry":{"type":"Point","coordinates":[118.7912962,32.0982179]},"properties":{"osm_id":"node/5572534316","name":"未命名生活服务","named":false,"category":"daily","kind":"restaurant","location_method":"OSM 节点","access":"未标注","source_date":"2026-09-12T02:20:24Z","related_osm_ids":["node/5572534316"]}},{"type":"Feature","id":"node/5572534317","geometry":{"type":"Point","coordinates":[118.7912694,32.0979634]},"properties":{"osm_id":"node/5572534317","name":"未命名生活服务","named":false,"category":"daily","kind":"restaurant","location_method":"OSM 节点","access":"未标注","source_date":"2026-09-12T02:20:24Z","related_osm_ids":["node/5572534317"]}},{"type":"Feature","id":"node/5572535121","geometry":{"type":"Point","coordinates":[118.7884692,32.0929462]},"properties":{"osm_id":"node/5572535121","name":"未命名生活服务","named":false,"category":"daily","kind":"restaurant","location_method":"OSM 节点","access":"未标注","source_date":"2026-09-12T02:20:24Z","related_osm_ids":["node/5572535121"]}},{"type":"Feature","id":"node/5572535122","geometry":{"type":"Point","coordinates":[118.7848965,32.0977725]},"properties":{"osm_id":"node/5572535122","name":"未命名生活服务","named":false,"category":"daily","kind":"restaurant","location_method":"OSM 节点","access":"未标注","source_date":"2026-09-12T02:20:24Z","related_osm_ids":["node/5572535122"]}},{"type":"Feature","id":"node/5572535125","geometry":{"type":"Point","coordinates":[118.7912802,32.097768]},"properties":{"osm_id":"node/5572535125","name":"未命名生活服务","named":false,"category":"daily","kind":"restaurant","location_method":"OSM 节点","access":"未标注","source_date":"2026-09-12T02:20:24Z","related_osm_ids":["node/5572535125"]}},{"type":"Feature","id":"node/5572535126","geometry":{"type":"Point","coordinates":[118.7898961,32.0932643]},"properties":{"osm_id":"node/5572535126","name":"未命名生活服务","named":false,"category":"daily","kind":"restaurant","location_method":"OSM 节点","access":"未标注","source_date":"2026-09-12T02:20:24Z","related_osm_ids":["node/5572535126"]}},{"type":"Feature","id":"node/5572535128","geometry":{"type":"Point","coordinates":[118.7922297,32.0977271]},"properties":{"osm_id":"node/5572535128","name":"未命名生活服务","named":false,"category":"daily","kind":"convenience","location_method":"OSM 节点","access":"未标注","source_date":"2026-09-12T02:20:24Z","related_osm_ids":["node/5572535128"]}},{"type":"Feature","id":"node/5577531579","geometry":{"type":"Point","coordinates":[118.8715205,32.0022978]},"properties":{"osm_id":"node/5577531579","name":"觅秀街中学","named":true,"category":"education","kind":"school","location_method":"OSM 节点","access":"未标注","source_date":"2026-09-12T02:20:24Z","original_name":"觅秀街中学","related_osm_ids":["node/5577531579"]}},{"type":"Feature","id":"node/5577537228","geometry":{"type":"Point","coordinates":[118.8488172,32.0048544]},"properties":{"osm_id":"node/5577537228","name":"未命名教育设施","named":false,"category":"education","kind":"school","location_method":"OSM 节点","access":"未标注","source_date":"2026-09-12T02:20:24Z","related_osm_ids":["node/5577537228"]}},{"type":"Feature","id":"node/5577570352","geometry":{"type":"Point","coordinates":[118.9155731,32.0529161]},"properties":{"osm_id":"node/5577570352","name":"未命名教育设施","named":false,"category":"education","kind":"school","location_method":"OSM 节点","access":"未标注","source_date":"2026-09-12T02:20:24Z","related_osm_ids":["node/5577570352"]}},{"type":"Feature","id":"node/5595572752","geometry":{"type":"Point","coordinates":[118.7631409,32.1073151]},"properties":{"osm_id":"node/5595572752","name":"未命名教育设施","named":false,"category":"education","kind":"school","location_method":"OSM 节点","access":"未标注","source_date":"2026-09-12T02:20:24Z","related_osm_ids":["node/5595572752"]}},{"type":"Feature","id":"node/5641064621","geometry":{"type":"Point","coordinates":[118.7747492,32.0477103]},"properties":{"osm_id":"node/5641064621","name":"南京植物咖啡馆 慈悲路18号","named":true,"category":"daily","kind":"cafe","location_method":"OSM 节点","access":"未标注","source_date":"2026-09-12T02:20:24Z","original_name":"南京植物咖啡馆 慈悲路18号","related_osm_ids":["node/5641064621"]}},{"type":"Feature","id":"node/5646783150","geometry":{"type":"Point","coordinates":[118.7651903,32.0445165]},"properties":{"osm_id":"node/5646783150","name":"Style Salon","named":true,"category":"daily","kind":"beauty","location_method":"OSM 节点","access":"未标注","source_date":"2026-09-12T02:20:24Z","original_name":"Style Salon","related_osm_ids":["node/5646783150"]}},{"type":"Feature","id":"node/5676929928","geometry":{"type":"Point","coordinates":[118.7665646,32.0385021]},"properties":{"osm_id":"node/5676929928","name":"丰茂韩国烧烤","named":true,"category":"daily","kind":"restaurant","location_method":"OSM 节点","access":"未标注","source_date":"2026-09-12T02:20:24Z","original_name":"丰茂韩国烧烤","related_osm_ids":["node/5676929928"]}},{"type":"Feature","id":"node/5684873122","geometry":{"type":"Point","coordinates":[118.7799766,32.0245946]},"properties":{"osm_id":"node/5684873122","name":"未命名生活服务","named":false,"category":"daily","kind":"supermarket","location_method":"OSM 节点","access":"未标注","source_date":"2026-09-12T02:20:24Z","related_osm_ids":["node/5684873122"]}},{"type":"Feature","id":"node/5684887721","geometry":{"type":"Point","coordinates":[118.7820794,32.0271843]},"properties":{"osm_id":"node/5684887721","name":"未命名生活服务","named":false,"category":"daily","kind":"restaurant","location_method":"OSM 节点","access":"未标注","source_date":"2026-09-12T02:20:24Z","related_osm_ids":["node/5684887721"]}},{"type":"Feature","id":"node/5684887722","geometry":{"type":"Point","coordinates":[118.7798879,32.0262789]},"properties":{"osm_id":"node/5684887722","name":"夫子庙","named":true,"category":"transit","kind":"bus_stop","location_method":"OSM 节点","access":"未标注","source_date":"2026-09-12T02:20:24Z","original_name":"夫子庙","related_osm_ids":["node/5684887722"]}},{"type":"Feature","id":"node/5750575690","geometry":{"type":"Point","coordinates":[118.8539495,32.0612605]},"properties":{"osm_id":"node/5750575690","name":"博爱茶餐厅","named":true,"category":"daily","kind":"tea","location_method":"OSM 节点","access":"未标注","source_date":"2026-09-12T02:20:24Z","original_name":"博爱茶餐厅","related_osm_ids":["node/5750575690"]}},{"type":"Feature","id":"node/5750575711","geometry":{"type":"Point","coordinates":[118.8555941,32.0623638]},"properties":{"osm_id":"node/5750575711","name":"孙中山纪念馆","named":true,"category":"heritage","kind":"monument","location_method":"OSM 节点","access":"未标注","source_date":"2026-09-12T02:20:24Z","original_name":"孙中山纪念馆","related_osm_ids":["node/5750575711"]}},{"type":"Feature","id":"node/5752825683","geometry":{"type":"Point","coordinates":[118.8617705,32.0585032]},"properties":{"osm_id":"node/5752825683","name":"第五军淞沪抗战阵亡将士纪念碑","named":true,"category":"heritage","kind":"memorial","location_method":"OSM 节点","access":"未标注","source_date":"2026-09-12T02:20:24Z","original_name":"第五军淞沪抗战阵亡将士纪念碑","related_osm_ids":["node/5752825683"]}},{"type":"Feature","id":"node/5752850194","geometry":{"type":"Point","coordinates":[118.8982851,32.0359061]},"properties":{"osm_id":"node/5752850194","name":"花港社区卫生服务站","named":true,"category":"health","kind":"hospital","location_method":"OSM 节点","access":"未标注","source_date":"2026-09-12T02:20:24Z","original_name":"花港社区卫生服务站","related_osm_ids":["node/5752850194"]}},{"type":"Feature","id":"node/5833639760","geometry":{"type":"Point","coordinates":[118.787349,32.0260509]},"properties":{"osm_id":"node/5833639760","name":"未命名生活服务","named":false,"category":"daily","kind":"bank","location_method":"OSM 节点","access":"未标注","source_date":"2026-09-12T02:20:24Z","related_osm_ids":["node/5833639760"]}},{"type":"Feature","id":"node/5843331591","geometry":{"type":"Point","coordinates":[118.8885996,32.0893514]},"properties":{"osm_id":"node/5843331591","name":"苏宁总部","named":true,"category":"transit","kind":"bus_stop","location_method":"OSM 节点","access":"未标注","source_date":"2026-09-12T02:20:24Z","original_name":"苏宁总部","related_osm_ids":["node/5843331591","node/5843331793"]}},{"type":"Feature","id":"node/5894538764","geometry":{"type":"Point","coordinates":[118.7718112,32.0697934]},"properties":{"osm_id":"node/5894538764","name":"Lamp BBQ","named":true,"category":"daily","kind":"restaurant","location_method":"OSM 节点","access":"未标注","source_date":"2026-09-12T02:20:24Z","original_name":"Lamp BBQ","related_osm_ids":["node/5894538764"]}},{"type":"Feature","id":"node/5906108185","geometry":{"type":"Point","coordinates":[118.7692527,32.0559441]},"properties":{"osm_id":"node/5906108185","name":"首尔家韩国料理","named":true,"category":"daily","kind":"restaurant","location_method":"OSM 节点","access":"未标注","source_date":"2026-09-12T02:20:24Z","original_name":"首尔家韩国料理","related_osm_ids":["node/5906108185"]}},{"type":"Feature","id":"node/5935148329","geometry":{"type":"Point","coordinates":[118.7769697,32.0405105]},"properties":{"osm_id":"node/5935148329","name":"未命名生活服务","named":false,"category":"daily","kind":"fast_food","location_method":"OSM 节点","access":"未标注","source_date":"2026-09-12T02:20:24Z","related_osm_ids":["node/5935148329"]}},{"type":"Feature","id":"node/6147171750","geometry":{"type":"Point","coordinates":[118.8534005,32.0235655]},"properties":{"osm_id":"node/6147171750","name":"理发店","named":true,"category":"daily","kind":"hairdresser","location_method":"OSM 节点","access":"未标注","source_date":"2026-09-12T02:20:24Z","original_name":"理发店","related_osm_ids":["node/6147171750"]}},{"type":"Feature","id":"node/6226305481","geometry":{"type":"Point","coordinates":[118.7792456,32.0695845]},"properties":{"osm_id":"node/6226305481","name":"北京银行","named":true,"category":"daily","kind":"bank","location_method":"OSM 节点","access":"未标注","source_date":"2026-09-12T02:20:24Z","original_name":"北京银行","related_osm_ids":["node/6226305481"]}},{"type":"Feature","id":"node/6226305482","geometry":{"type":"Point","coordinates":[118.7795782,32.0699887]},"properties":{"osm_id":"node/6226305482","name":"百家","named":true,"category":"daily","kind":"supermarket","location_method":"OSM 节点","access":"未标注","source_date":"2026-09-12T02:20:24Z","original_name":"百家","related_osm_ids":["node/6226305482"]}},{"type":"Feature","id":"node/6226305483","geometry":{"type":"Point","coordinates":[118.7785579,32.0707129]},"properties":{"osm_id":"node/6226305483","name":"罗森","named":true,"category":"daily","kind":"convenience","location_method":"OSM 节点","access":"未标注","source_date":"2026-09-12T02:20:24Z","original_name":"罗森","related_osm_ids":["node/6226305483"]}},{"type":"Feature","id":"node/6226314589","geometry":{"type":"Point","coordinates":[118.7782381,32.0750143]},"properties":{"osm_id":"node/6226314589","name":"Apple Store","named":true,"category":"daily","kind":"electronics","location_method":"OSM 节点","access":"未标注","source_date":"2026-09-12T02:20:24Z","original_name":"Apple Store","related_osm_ids":["node/6226314589"]}},{"type":"Feature","id":"node/6226314591","geometry":{"type":"Point","coordinates":[118.778291,32.0752665]},"properties":{"osm_id":"node/6226314591","name":"北京华联","named":true,"category":"daily","kind":"supermarket","location_method":"OSM 节点","access":"未标注","source_date":"2026-09-12T02:20:24Z","original_name":"北京华联","related_osm_ids":["node/6226314591"]}},{"type":"Feature","id":"node/6226314592","geometry":{"type":"Point","coordinates":[118.7782491,32.0747172]},"properties":{"osm_id":"node/6226314592","name":"汉堡王","named":true,"category":"daily","kind":"fast_food","location_method":"OSM 节点","access":"未标注","source_date":"2026-09-12T02:20:24Z","original_name":"汉堡王","related_osm_ids":["node/6226314592"]}},{"type":"Feature","id":"node/6226324782","geometry":{"type":"Point","coordinates":[118.7725537,32.0845315]},"properties":{"osm_id":"node/6226324782","name":"瑞幸咖啡","named":true,"category":"daily","kind":"cafe","location_method":"OSM 节点","access":"未标注","source_date":"2026-09-12T02:20:24Z","original_name":"瑞幸咖啡","related_osm_ids":["node/6226324782"]}},{"type":"Feature","id":"node/6226324784","geometry":{"type":"Point","coordinates":[118.772466,32.0845746]},"properties":{"osm_id":"node/6226324784","name":"未命名生活服务","named":false,"category":"daily","kind":"supermarket","location_method":"OSM 节点","access":"未标注","source_date":"2026-09-12T02:20:24Z","related_osm_ids":["node/6226324784"]}},{"type":"Feature","id":"node/6226325285","geometry":{"type":"Point","coordinates":[118.7726639,32.0850057]},"properties":{"osm_id":"node/6226325285","name":"招商银行","named":true,"category":"daily","kind":"bank","location_method":"OSM 节点","access":"未标注","source_date":"2026-09-12T02:20:24Z","original_name":"招商银行","related_osm_ids":["node/6226325285"]}},{"type":"Feature","id":"node/6228542385","geometry":{"type":"Point","coordinates":[118.7776121,32.0627922]},"properties":{"osm_id":"node/6228542385","name":"未命名生活服务","named":false,"category":"daily","kind":"restaurant","location_method":"OSM 节点","access":"未标注","source_date":"2026-09-12T02:20:24Z","related_osm_ids":["node/6228542385"]}},{"type":"Feature","id":"node/6282793852","geometry":{"type":"Point","coordinates":[118.772934,32.0525482]},"properties":{"osm_id":"node/6282793852","name":"肯德基","named":true,"category":"daily","kind":"fast_food","location_method":"OSM 节点","access":"未标注","source_date":"2026-09-12T02:20:24Z","original_name":"肯德基","related_osm_ids":["node/6282793852"]}},{"type":"Feature","id":"node/6292253285","geometry":{"type":"Point","coordinates":[118.7701572,32.0577356]},"properties":{"osm_id":"node/6292253285","name":"未命名生活服务","named":false,"category":"daily","kind":"restaurant","location_method":"OSM 节点","access":"未标注","source_date":"2026-09-12T02:20:24Z","related_osm_ids":["node/6292253285"]}},{"type":"Feature","id":"node/6331495101","geometry":{"type":"Point","coordinates":[118.7682621,32.0527745]},"properties":{"osm_id":"node/6331495101","name":"先锋书店","named":true,"category":"daily","kind":"books","location_method":"OSM 节点","access":"未标注","source_date":"2026-09-12T02:20:24Z","original_name":"先锋书店","related_osm_ids":["node/6331495101"]}},{"type":"Feature","id":"node/6337041886","geometry":{"type":"Point","coordinates":[118.7821177,32.0711065]},"properties":{"osm_id":"node/6337041886","name":"未命名生活服务","named":false,"category":"daily","kind":"restaurant","location_method":"OSM 节点","access":"未标注","source_date":"2026-09-12T02:20:24Z","related_osm_ids":["node/6337041886"]}},{"type":"Feature","id":"node/6337046785","geometry":{"type":"Point","coordinates":[118.7881327,32.0384577]},"properties":{"osm_id":"node/6337046785","name":"GIANT Yanggongjing Speciality Store","named":true,"category":"daily","kind":"convenience","location_method":"OSM 节点","access":"未标注","source_date":"2026-09-12T02:20:24Z","original_name":"GIANT Yanggongjing Speciality Store","related_osm_ids":["node/6337046785"]}},{"type":"Feature","id":"node/6337049685","geometry":{"type":"Point","coordinates":[118.7717947,32.0492727]},"properties":{"osm_id":"node/6337049685","name":"Weir bicycle store","named":true,"category":"daily","kind":"convenience","location_method":"OSM 节点","access":"未标注","source_date":"2026-09-12T02:20:24Z","original_name":"Weir bicycle store","related_osm_ids":["node/6337049685"]}},{"type":"Feature","id":"node/6348688896","geometry":{"type":"Point","coordinates":[118.8116747,32.0788678]},"properties":{"osm_id":"node/6348688896","name":"综合门诊部","named":true,"category":"health","kind":"hospital","location_method":"OSM 节点","access":"未标注","source_date":"2026-09-12T02:20:24Z","original_name":"综合门诊部","related_osm_ids":["node/6348688896"]}},{"type":"Feature","id":"node/6413894891","geometry":{"type":"Point","coordinates":[118.7840663,32.0480094]},"properties":{"osm_id":"node/6413894891","name":"未命名生活服务","named":false,"category":"daily","kind":"restaurant","location_method":"OSM 节点","access":"未标注","source_date":"2026-09-12T02:20:24Z","related_osm_ids":["node/6413894891"]}},{"type":"Feature","id":"node/6460857786","geometry":{"type":"Point","coordinates":[118.8168122,32.0568637]},"properties":{"osm_id":"node/6460857786","name":"The Wing (2)","named":true,"category":"daily","kind":"restaurant","location_method":"OSM 节点","access":"未标注","source_date":"2026-09-12T02:20:24Z","original_name":"The Wing (2)","related_osm_ids":["node/6460857786"]}},{"type":"Feature","id":"node/6461600662","geometry":{"type":"Point","coordinates":[118.9117379,32.1148024]},"properties":{"osm_id":"node/6461600662","name":"未命名交通点位","named":false,"category":"transit","kind":"bus_stop","location_method":"OSM 节点","access":"未标注","source_date":"2026-09-12T02:20:24Z","related_osm_ids":["node/6461600662"]}},{"type":"Feature","id":"node/6461600663","geometry":{"type":"Point","coordinates":[118.9091766,32.1163392]},"properties":{"osm_id":"node/6461600663","name":"学行楼校车站","named":true,"category":"transit","kind":"bus_stop","location_method":"OSM 节点","access":"未标注","source_date":"2026-09-12T02:20:24Z","original_name":"学行楼校车站","related_osm_ids":["node/6461600663"]}},{"type":"Feature","id":"node/6461600664","geometry":{"type":"Point","coordinates":[118.9037458,32.1166031]},"properties":{"osm_id":"node/6461600664","name":"新北校车站","named":true,"category":"transit","kind":"bus_station","location_method":"OSM 节点","access":"未标注","source_date":"2026-09-12T02:20:24Z","original_name":"新北校车站","related_osm_ids":["node/6461600664"]}},{"type":"Feature","id":"node/6461600674","geometry":{"type":"Point","coordinates":[118.9083339,32.106644]},"properties":{"osm_id":"node/6461600674","name":"广乐楼校车站","named":true,"category":"transit","kind":"bus_stop","location_method":"OSM 节点","access":"未标注","source_date":"2026-09-12T02:20:24Z","original_name":"广乐楼校车站","related_osm_ids":["node/6461600674"]}},{"type":"Feature","id":"node/6461600675","geometry":{"type":"Point","coordinates":[118.9080777,32.1047871]},"properties":{"osm_id":"node/6461600675","name":"学海楼校车站","named":true,"category":"transit","kind":"bus_stop","location_method":"OSM 节点","access":"未标注","source_date":"2026-09-12T02:20:24Z","original_name":"学海楼校车站","related_osm_ids":["node/6461600675"]}},{"type":"Feature","id":"node/6461600676","geometry":{"type":"Point","coordinates":[118.9074969,32.1032534]},"properties":{"osm_id":"node/6461600676","name":"世纪广场校车站","named":true,"category":"transit","kind":"bus_stop","location_method":"OSM 节点","access":"未标注","source_date":"2026-09-12T02:20:24Z","original_name":"世纪广场校车站","related_osm_ids":["node/6461600676"]}},{"type":"Feature","id":"node/6461600677","geometry":{"type":"Point","coordinates":[118.9046443,32.1034897]},"properties":{"osm_id":"node/6461600677","name":"化成楼校车站","named":true,"category":"transit","kind":"bus_stop","location_method":"OSM 节点","access":"未标注","source_date":"2026-09-12T02:20:24Z","original_name":"化成楼校车站","related_osm_ids":["node/6461600677"]}},{"type":"Feature","id":"node/6461600678","geometry":{"type":"Point","coordinates":[118.9011142,32.1017485]},"properties":{"osm_id":"node/6461600678","name":"体育馆校车站","named":true,"category":"transit","kind":"bus_stop","location_method":"OSM 节点","access":"未标注","source_date":"2026-09-12T02:20:24Z","original_name":"体育馆校车站","related_osm_ids":["node/6461600678"]}},{"type":"Feature","id":"node/6461600679","geometry":{"type":"Point","coordinates":[118.8929383,32.1023333]},"properties":{"osm_id":"node/6461600679","name":"茶苑校车站","named":true,"category":"transit","kind":"bus_station","location_method":"OSM 节点","access":"未标注","source_date":"2026-09-12T02:20:24Z","original_name":"茶苑校车站","related_osm_ids":["node/6461600679"]}},{"type":"Feature","id":"node/6512648668","geometry":{"type":"Point","coordinates":[118.7830049,32.0422226]},"properties":{"osm_id":"node/6512648668","name":"东亚银行","named":true,"category":"daily","kind":"bank","location_method":"OSM 节点","access":"未标注","source_date":"2026-09-12T02:20:24Z","original_name":"东亚银行","related_osm_ids":["node/6512648668"]}},{"type":"Feature","id":"node/6565404216","geometry":{"type":"Point","coordinates":[118.8334297,32.1221425]},"properties":{"osm_id":"node/6565404216","name":"万寿","named":true,"category":"transit","kind":"bus_stop","location_method":"OSM 节点","access":"未标注","source_date":"2026-09-12T02:20:24Z","original_name":"万寿","related_osm_ids":["node/6565404216","node/6565404219"]}},{"type":"Feature","id":"node/6612815281","geometry":{"type":"Point","coordinates":[118.8142718,32.1200548]},"properties":{"osm_id":"node/6612815281","name":"彩虹广场","named":true,"category":"daily","kind":"supermarket","location_method":"OSM 节点","access":"未标注","source_date":"2026-09-12T02:20:24Z","original_name":"彩虹广场","related_osm_ids":["node/6612815281"]}},{"type":"Feature","id":"node/6618402085","geometry":{"type":"Point","coordinates":[118.7900096,32.0493314]},"properties":{"osm_id":"node/6618402085","name":"未命名生活服务","named":false,"category":"daily","kind":"restaurant","location_method":"OSM 节点","access":"未标注","source_date":"2026-09-12T02:20:24Z","related_osm_ids":["node/6618402085"]}},{"type":"Feature","id":"node/6632808399","geometry":{"type":"Point","coordinates":[118.7939988,32.0097069]},"properties":{"osm_id":"node/6632808399","name":"未命名教育设施","named":false,"category":"education","kind":"school","location_method":"OSM 节点","access":"未标注","source_date":"2026-09-12T02:20:24Z","related_osm_ids":["node/6632808399"]}},{"type":"Feature","id":"node/6632812170","geometry":{"type":"Point","coordinates":[118.7835203,32.0243487]},"properties":{"osm_id":"node/6632812170","name":"星巴克","named":true,"category":"daily","kind":"cafe","location_method":"OSM 节点","access":"未标注","source_date":"2026-09-12T02:20:24Z","original_name":"星巴克","related_osm_ids":["node/6632812170"]}},{"type":"Feature","id":"node/6632822664","geometry":{"type":"Point","coordinates":[118.7836964,32.0244851]},"properties":{"osm_id":"node/6632822664","name":"肯德基","named":true,"category":"daily","kind":"fast_food","location_method":"OSM 节点","access":"未标注","source_date":"2026-09-12T02:20:24Z","original_name":"肯德基","related_osm_ids":["node/6632822664"]}},{"type":"Feature","id":"node/6632838999","geometry":{"type":"Point","coordinates":[118.7942704,32.0130101]},"properties":{"osm_id":"node/6632838999","name":"未命名生活服务","named":false,"category":"daily","kind":"bank","location_method":"OSM 节点","access":"未标注","source_date":"2026-09-12T02:20:24Z","related_osm_ids":["node/6632838999"]}},{"type":"Feature","id":"node/6632841107","geometry":{"type":"Point","coordinates":[118.7834376,32.0243483]},"properties":{"osm_id":"node/6632841107","name":"麦当劳","named":true,"category":"daily","kind":"fast_food","location_method":"OSM 节点","access":"未标注","source_date":"2026-09-12T02:20:24Z","original_name":"麦当劳","related_osm_ids":["node/6632841107"]}},{"type":"Feature","id":"node/6635279483","geometry":{"type":"Point","coordinates":[118.7822457,32.0417056]},"properties":{"osm_id":"node/6635279483","name":"罗森","named":true,"category":"daily","kind":"convenience","location_method":"OSM 节点","access":"未标注","source_date":"2026-09-12T02:20:24Z","original_name":"罗森","related_osm_ids":["node/6635279483"]}},{"type":"Feature","id":"node/6635317515","geometry":{"type":"Point","coordinates":[118.7828476,32.0414602]},"properties":{"osm_id":"node/6635317515","name":"星巴克","named":true,"category":"daily","kind":"cafe","location_method":"OSM 节点","access":"未标注","source_date":"2026-09-12T02:20:24Z","original_name":"星巴克","related_osm_ids":["node/6635317515"]}},{"type":"Feature","id":"node/6635329449","geometry":{"type":"Point","coordinates":[118.77642,32.0226097]},"properties":{"osm_id":"node/6635329449","name":"未命名生活服务","named":false,"category":"daily","kind":"restaurant","location_method":"OSM 节点","access":"未标注","source_date":"2026-09-12T02:20:24Z","related_osm_ids":["node/6635329449"]}},{"type":"Feature","id":"node/6635341879","geometry":{"type":"Point","coordinates":[118.7920053,32.0646306]},"properties":{"osm_id":"node/6635341879","name":"未命名生活服务","named":false,"category":"daily","kind":"fast_food","location_method":"OSM 节点","access":"未标注","source_date":"2026-09-12T02:20:24Z","related_osm_ids":["node/6635341879"]}},{"type":"Feature","id":"node/6635348866","geometry":{"type":"Point","coordinates":[118.7821254,32.041223]},"properties":{"osm_id":"node/6635348866","name":"31 Morning","named":true,"category":"daily","kind":"restaurant","location_method":"OSM 节点","access":"未标注","source_date":"2026-09-12T02:20:24Z","original_name":"31 Morning","related_osm_ids":["node/6635348866"]}},{"type":"Feature","id":"node/6635348904","geometry":{"type":"Point","coordinates":[118.7825885,32.0406599]},"properties":{"osm_id":"node/6635348904","name":"麦当劳","named":true,"category":"daily","kind":"fast_food","location_method":"OSM 节点","access":"未标注","source_date":"2026-09-12T02:20:24Z","original_name":"麦当劳","related_osm_ids":["node/6635348904"]}},{"type":"Feature","id":"node/6635350349","geometry":{"type":"Point","coordinates":[118.7698648,32.0354198]},"properties":{"osm_id":"node/6635350349","name":"未命名生活服务","named":false,"category":"daily","kind":"convenience","location_method":"OSM 节点","access":"未标注","source_date":"2026-09-12T02:20:24Z","related_osm_ids":["node/6635350349"]}},{"type":"Feature","id":"node/6635351524","geometry":{"type":"Point","coordinates":[118.7700379,32.035968]},"properties":{"osm_id":"node/6635351524","name":"未命名生活服务","named":false,"category":"daily","kind":"ticket","location_method":"OSM 节点","access":"未标注","source_date":"2026-09-12T02:20:24Z","related_osm_ids":["node/6635351524"]}},{"type":"Feature","id":"node/6877629458","geometry":{"type":"Point","coordinates":[118.8189706,32.0278885]},"properties":{"osm_id":"node/6877629458","name":"未命名生活服务","named":false,"category":"daily","kind":"fast_food","location_method":"OSM 节点","access":"未标注","source_date":"2026-09-12T02:20:24Z","related_osm_ids":["node/6877629458"]}},{"type":"Feature","id":"node/6877640536","geometry":{"type":"Point","coordinates":[118.8186064,32.0278329]},"properties":{"osm_id":"node/6877640536","name":"未命名生活服务","named":false,"category":"daily","kind":"convenience","location_method":"OSM 节点","access":"未标注","source_date":"2026-09-12T02:20:24Z","related_osm_ids":["node/6877640536"]}},{"type":"Feature","id":"node/6877641625","geometry":{"type":"Point","coordinates":[118.7932418,32.0897305]},"properties":{"osm_id":"node/6877641625","name":"麦当劳","named":true,"category":"daily","kind":"fast_food","location_method":"OSM 节点","access":"未标注","source_date":"2026-09-12T02:20:24Z","original_name":"麦当劳","related_osm_ids":["node/6877641625"]}},{"type":"Feature","id":"node/6877642708","geometry":{"type":"Point","coordinates":[118.8186291,32.0279006]},"properties":{"osm_id":"node/6877642708","name":"未命名生活服务","named":false,"category":"daily","kind":"fast_food","location_method":"OSM 节点","access":"未标注","source_date":"2026-09-12T02:20:24Z","related_osm_ids":["node/6877642708"]}},{"type":"Feature","id":"node/6877647413","geometry":{"type":"Point","coordinates":[118.8180595,32.0281917]},"properties":{"osm_id":"node/6877647413","name":"未命名生活服务","named":false,"category":"daily","kind":"convenience","location_method":"OSM 节点","access":"未标注","source_date":"2026-09-12T02:20:24Z","related_osm_ids":["node/6877647413"]}},{"type":"Feature","id":"node/6877649913","geometry":{"type":"Point","coordinates":[118.8187122,32.0279173]},"properties":{"osm_id":"node/6877649913","name":"未命名生活服务","named":false,"category":"daily","kind":"fast_food","location_method":"OSM 节点","access":"未标注","source_date":"2026-09-12T02:20:24Z","related_osm_ids":["node/6877649913"]}},{"type":"Feature","id":"node/6877651721","geometry":{"type":"Point","coordinates":[118.8188517,32.0279113]},"properties":{"osm_id":"node/6877651721","name":"未命名生活服务","named":false,"category":"daily","kind":"restaurant","location_method":"OSM 节点","access":"未标注","source_date":"2026-09-12T02:20:24Z","related_osm_ids":["node/6877651721"]}},{"type":"Feature","id":"node/6877651808","geometry":{"type":"Point","coordinates":[118.8053069,32.0260204]},"properties":{"osm_id":"node/6877651808","name":"中国农业银行","named":true,"category":"daily","kind":"bank","location_method":"OSM 节点","access":"未标注","source_date":"2026-09-12T02:20:24Z","original_name":"中国农业银行","related_osm_ids":["node/6877651808"]}},{"type":"Feature","id":"node/6877657997","geometry":{"type":"Point","coordinates":[118.7859636,32.0259689]},"properties":{"osm_id":"node/6877657997","name":"肯德基","named":true,"category":"daily","kind":"fast_food","location_method":"OSM 节点","access":"未标注","source_date":"2026-09-12T02:20:24Z","original_name":"肯德基","related_osm_ids":["node/6877657997"]}},{"type":"Feature","id":"node/6877659682","geometry":{"type":"Point","coordinates":[118.7904719,32.0917257]},"properties":{"osm_id":"node/6877659682","name":"肯德基","named":true,"category":"daily","kind":"fast_food","location_method":"OSM 节点","access":"未标注","source_date":"2026-09-12T02:20:24Z","original_name":"肯德基","related_osm_ids":["node/6877659682"]}},{"type":"Feature","id":"node/6877660922","geometry":{"type":"Point","coordinates":[118.7909687,32.0906934]},"properties":{"osm_id":"node/6877660922","name":"Burger King","named":true,"category":"daily","kind":"fast_food","location_method":"OSM 节点","access":"未标注","source_date":"2026-09-12T02:20:24Z","original_name":"Burger King","related_osm_ids":["node/6877660922"]}},{"type":"Feature","id":"node/6901818354","geometry":{"type":"Point","coordinates":[118.7963618,32.058181]},"properties":{"osm_id":"node/6901818354","name":"南京外国语学校图书馆","named":true,"category":"education","kind":"library","location_method":"OSM 节点","access":"未标注","source_date":"2026-09-12T02:20:24Z","original_name":"南京外国语学校图书馆","related_osm_ids":["node/6901818354"]}},{"type":"Feature","id":"node/6905071608","geometry":{"type":"Point","coordinates":[118.9185918,32.1222011]},"properties":{"osm_id":"node/6905071608","name":"暖男的炒饭","named":true,"category":"daily","kind":"restaurant","location_method":"OSM 节点","access":"未标注","source_date":"2026-09-12T02:20:24Z","original_name":"暖男的炒饭","related_osm_ids":["node/6905071608"]}},{"type":"Feature","id":"node/6905071609","geometry":{"type":"Point","coordinates":[118.918826,32.1222929]},"properties":{"osm_id":"node/6905071609","name":"自助酸奶捞","named":true,"category":"daily","kind":"restaurant","location_method":"OSM 节点","access":"未标注","source_date":"2026-09-12T02:20:24Z","original_name":"自助酸奶捞","related_osm_ids":["node/6905071609"]}},{"type":"Feature","id":"node/6905075042","geometry":{"type":"Point","coordinates":[118.9186412,32.1222164]},"properties":{"osm_id":"node/6905075042","name":"宝岛便当","named":true,"category":"daily","kind":"restaurant","location_method":"OSM 节点","access":"未标注","source_date":"2026-09-12T02:20:24Z","original_name":"宝岛便当","related_osm_ids":["node/6905075042"]}},{"type":"Feature","id":"node/6905082367","geometry":{"type":"Point","coordinates":[118.9187391,32.1222615]},"properties":{"osm_id":"node/6905082367","name":"土蚝大哥","named":true,"category":"daily","kind":"restaurant","location_method":"OSM 节点","access":"未标注","source_date":"2026-09-12T02:20:24Z","original_name":"土蚝大哥","related_osm_ids":["node/6905082367"]}},{"type":"Feature","id":"node/6905085539","geometry":{"type":"Point","coordinates":[118.9186947,32.1222479]},"properties":{"osm_id":"node/6905085539","name":"戴小姐的比萨店","named":true,"category":"daily","kind":"restaurant","location_method":"OSM 节点","access":"未标注","source_date":"2026-09-12T02:20:24Z","original_name":"戴小姐的比萨店","related_osm_ids":["node/6905085539"]}},{"type":"Feature","id":"node/6905089483","geometry":{"type":"Point","coordinates":[118.9184212,32.1221303]},"properties":{"osm_id":"node/6905089483","name":"小锅米线","named":true,"category":"daily","kind":"restaurant","location_method":"OSM 节点","access":"未标注","source_date":"2026-09-12T02:20:24Z","original_name":"小锅米线","related_osm_ids":["node/6905089483"]}},{"type":"Feature","id":"node/6905091393","geometry":{"type":"Point","coordinates":[118.9187857,32.1222796]},"properties":{"osm_id":"node/6905091393","name":"黄金鸡柳","named":true,"category":"daily","kind":"restaurant","location_method":"OSM 节点","access":"未标注","source_date":"2026-09-12T02:20:24Z","original_name":"黄金鸡柳","related_osm_ids":["node/6905091393"]}},{"type":"Feature","id":"node/6905091601","geometry":{"type":"Point","coordinates":[118.9184897,32.1221501]},"properties":{"osm_id":"node/6905091601","name":"农家木桶饭","named":true,"category":"daily","kind":"restaurant","location_method":"OSM 节点","access":"未标注","source_date":"2026-09-12T02:20:24Z","original_name":"农家木桶饭","related_osm_ids":["node/6905091601"]}},{"type":"Feature","id":"node/6944074785","geometry":{"type":"Point","coordinates":[118.864572,32.094303]},"properties":{"osm_id":"node/6944074785","name":"未命名教育设施","named":false,"category":"education","kind":"university","location_method":"OSM 节点","access":"未标注","source_date":"2026-09-12T02:20:24Z","related_osm_ids":["node/6944074785"]}},{"type":"Feature","id":"node/6944588986","geometry":{"type":"Point","coordinates":[118.7799394,32.0377632]},"properties":{"osm_id":"node/6944588986","name":"花千","named":true,"category":"daily","kind":"restaurant","location_method":"OSM 节点","access":"未标注","source_date":"2026-09-12T02:20:24Z","original_name":"花千","related_osm_ids":["node/6944588986"]}},{"type":"Feature","id":"node/6960311263","geometry":{"type":"Point","coordinates":[118.8478962,32.037838]},"properties":{"osm_id":"node/6960311263","name":"未命名生活服务","named":false,"category":"daily","kind":"greengrocer","location_method":"OSM 节点","access":"未标注","source_date":"2026-09-12T02:20:24Z","related_osm_ids":["node/6960311263"]}},{"type":"Feature","id":"node/6960311264","geometry":{"type":"Point","coordinates":[118.8456405,32.0395309]},"properties":{"osm_id":"node/6960311264","name":"中国移动","named":true,"category":"daily","kind":"telecommunication","location_method":"OSM 节点","access":"未标注","source_date":"2026-09-12T02:20:24Z","original_name":"中国移动","related_osm_ids":["node/6960311264"]}},{"type":"Feature","id":"node/6960311265","geometry":{"type":"Point","coordinates":[118.8480506,32.0385499]},"properties":{"osm_id":"node/6960311265","name":"中国联通","named":true,"category":"daily","kind":"telecommunication","location_method":"OSM 节点","access":"未标注","source_date":"2026-09-12T02:20:24Z","original_name":"中国联通","related_osm_ids":["node/6960311265"]}},{"type":"Feature","id":"node/6994394709","geometry":{"type":"Point","coordinates":[118.7702396,32.0803186]},"properties":{"osm_id":"node/6994394709","name":"南京工业大学丁家桥校区一食堂","named":true,"category":"daily","kind":"restaurant","location_method":"OSM 节点","access":"未标注","source_date":"2026-09-12T02:20:24Z","original_name":"南京工业大学丁家桥校区一食堂","related_osm_ids":["node/6994394709"]}},{"type":"Feature","id":"node/6994417355","geometry":{"type":"Point","coordinates":[118.772221,32.079749]},"properties":{"osm_id":"node/6994417355","name":"新模范马路·青石村","named":true,"category":"transit","kind":"bus_stop","location_method":"OSM 节点","access":"未标注","source_date":"2026-09-12T02:20:24Z","original_name":"新模范马路·青石村","related_osm_ids":["node/6994417355"]}},{"type":"Feature","id":"node/6994417356","geometry":{"type":"Point","coordinates":[118.7697078,32.0793238]},"properties":{"osm_id":"node/6994417356","name":"新模范马路·青石村","named":true,"category":"transit","kind":"bus_stop","location_method":"OSM 节点","access":"未标注","source_date":"2026-09-12T02:20:24Z","original_name":"新模范马路·青石村","related_osm_ids":["node/6994417356"]}},{"type":"Feature","id":"node/6994419167","geometry":{"type":"Point","coordinates":[118.8589702,32.0957085]},"properties":{"osm_id":"node/6994419167","name":"聚宝山地铁站","named":true,"category":"transit","kind":"bus_stop","location_method":"OSM 节点","access":"未标注","source_date":"2026-09-12T02:20:24Z","original_name":"聚宝山地铁站","related_osm_ids":["node/6994419167"]}},{"type":"Feature","id":"node/6994419168","geometry":{"type":"Point","coordinates":[118.855965,32.0950695]},"properties":{"osm_id":"node/6994419168","name":"聚宝山地铁站","named":true,"category":"transit","kind":"bus_stop","location_method":"OSM 节点","access":"未标注","source_date":"2026-09-12T02:20:24Z","original_name":"聚宝山地铁站","related_osm_ids":["node/6994419168"]}},{"type":"Feature","id":"node/6994581724","geometry":{"type":"Point","coordinates":[118.7771844,32.0794301]},"properties":{"osm_id":"node/6994581724","name":"新模范马路东","named":true,"category":"transit","kind":"bus_stop","location_method":"OSM 节点","access":"未标注","source_date":"2026-09-12T02:20:24Z","original_name":"新模范马路东","related_osm_ids":["node/6994581724","node/6994581725","node/6994581726"]}},{"type":"Feature","id":"node/6994582284","geometry":{"type":"Point","coordinates":[118.7616494,32.0770757]},"properties":{"osm_id":"node/6994582284","name":"新模范马路·虹桥","named":true,"category":"transit","kind":"bus_stop","location_method":"OSM 节点","access":"未标注","source_date":"2026-09-12T02:20:24Z","original_name":"新模范马路·虹桥","related_osm_ids":["node/6994582284"]}},{"type":"Feature","id":"node/6994583985","geometry":{"type":"Point","coordinates":[118.7624529,32.0773229]},"properties":{"osm_id":"node/6994583985","name":"新模范马路·虹桥","named":true,"category":"transit","kind":"bus_stop","location_method":"OSM 节点","access":"未标注","source_date":"2026-09-12T02:20:24Z","original_name":"新模范马路·虹桥","related_osm_ids":["node/6994583985"]}},{"type":"Feature","id":"node/7005965728","geometry":{"type":"Point","coordinates":[118.8545369,32.1168128]},"properties":{"osm_id":"node/7005965728","name":"瑞霞路·华银路","named":true,"category":"transit","kind":"bus_stop","location_method":"OSM 节点","access":"未标注","source_date":"2026-09-12T02:20:24Z","original_name":"瑞霞路·华银路","related_osm_ids":["node/7005965728","node/7005965729"]}},{"type":"Feature","id":"node/7005996460","geometry":{"type":"Point","coordinates":[118.8540726,32.115362]},"properties":{"osm_id":"node/7005996460","name":"丁家庄","named":true,"category":"transit","kind":"bus_stop","location_method":"OSM 节点","access":"未标注","source_date":"2026-09-12T02:20:24Z","original_name":"丁家庄","related_osm_ids":["node/7005996460","node/7005996461"]}},{"type":"Feature","id":"node/7005996462","geometry":{"type":"Point","coordinates":[118.8557823,32.1163116]},"properties":{"osm_id":"node/7005996462","name":"丁家庄","named":true,"category":"transit","kind":"bus_stop","location_method":"OSM 节点","access":"未标注","source_date":"2026-09-12T02:20:24Z","original_name":"丁家庄","related_osm_ids":["node/7005996462","node/7005996463"]}},{"type":"Feature","id":"node/7170978785","geometry":{"type":"Point","coordinates":[118.7866202,32.0086647]},"properties":{"osm_id":"node/7170978785","name":"鸽味轩","named":true,"category":"daily","kind":"restaurant","location_method":"OSM 节点","access":"未标注","source_date":"2026-09-12T02:20:24Z","original_name":"鸽味轩","related_osm_ids":["node/7170978785"]}},{"type":"Feature","id":"node/7197704006","geometry":{"type":"Point","coordinates":[118.9011573,32.072776]},"properties":{"osm_id":"node/7197704006","name":"紫金山东","named":true,"category":"transit","kind":"station","location_method":"OSM 节点","access":"未标注","source_date":"2026-09-12T02:20:24Z","original_name":"紫金山东","related_osm_ids":["node/7197704006"]}},{"type":"Feature","id":"node/7197704007","geometry":{"type":"Point","coordinates":[118.9075747,32.1248804]},"properties":{"osm_id":"node/7197704007","name":"仙林","named":true,"category":"transit","kind":"station","location_method":"OSM 节点","access":"未标注","source_date":"2026-09-12T02:20:24Z","original_name":"仙林","related_osm_ids":["node/7197704007"]}},{"type":"Feature","id":"node/7236711871","geometry":{"type":"Point","coordinates":[118.7876355,32.0382139]},"properties":{"osm_id":"node/7236711871","name":"盒马鲜生","named":true,"category":"daily","kind":"supermarket","location_method":"OSM 节点","access":"未标注","source_date":"2026-09-12T02:20:24Z","original_name":"盒马鲜生","related_osm_ids":["node/7236711871"]}},{"type":"Feature","id":"node/7236711872","geometry":{"type":"Point","coordinates":[118.7876523,32.0380657]},"properties":{"osm_id":"node/7236711872","name":"星巴克","named":true,"category":"daily","kind":"cafe","location_method":"OSM 节点","access":"未标注","source_date":"2026-09-12T02:20:24Z","original_name":"星巴克","related_osm_ids":["node/7236711872"]}},{"type":"Feature","id":"node/7236711873","geometry":{"type":"Point","coordinates":[118.7876465,32.0382886]},"properties":{"osm_id":"node/7236711873","name":"汉堡王","named":true,"category":"daily","kind":"fast_food","location_method":"OSM 节点","access":"未标注","source_date":"2026-09-12T02:20:24Z","original_name":"汉堡王","related_osm_ids":["node/7236711873"]}},{"type":"Feature","id":"node/7247271581","geometry":{"type":"Point","coordinates":[118.7823769,32.061195]},"properties":{"osm_id":"node/7247271581","name":"星巴克","named":true,"category":"daily","kind":"cafe","location_method":"OSM 节点","access":"未标注","source_date":"2026-09-12T02:20:24Z","original_name":"星巴克","related_osm_ids":["node/7247271581"]}},{"type":"Feature","id":"node/7276015851","geometry":{"type":"Point","coordinates":[118.8045678,32.0253105]},"properties":{"osm_id":"node/7276015851","name":"解放路南站","named":true,"category":"transit","kind":"bus_stop","location_method":"OSM 节点","access":"未标注","source_date":"2026-09-12T02:20:24Z","original_name":"解放路南站","related_osm_ids":["node/7276015851"]}},{"type":"Feature","id":"node/7396886711","geometry":{"type":"Point","coordinates":[118.8165726,32.040294]},"properties":{"osm_id":"node/7396886711","name":"东华门遗址公园","named":true,"category":"park","kind":"park","location_method":"OSM 节点","access":"未标注","source_date":"2026-09-12T02:20:24Z","original_name":"东华门遗址公园","related_osm_ids":["node/7396886711"]}},{"type":"Feature","id":"node/7396970216","geometry":{"type":"Point","coordinates":[118.8191218,32.0453605]},"properties":{"osm_id":"node/7396970216","name":"熊猫餐厅","named":true,"category":"daily","kind":"restaurant","location_method":"OSM 节点","access":"未标注","source_date":"2026-09-12T02:20:24Z","original_name":"熊猫餐厅","related_osm_ids":["node/7396970216"]}},{"type":"Feature","id":"node/7397126410","geometry":{"type":"Point","coordinates":[118.814302,32.0512554]},"properties":{"osm_id":"node/7397126410","name":"苏果超市","named":true,"category":"daily","kind":"supermarket","location_method":"OSM 节点","access":"未标注","source_date":"2026-09-12T02:20:24Z","original_name":"苏果超市","related_osm_ids":["node/7397126410"]}},{"type":"Feature","id":"node/7397126412","geometry":{"type":"Point","coordinates":[118.815222,32.0511668]},"properties":{"osm_id":"node/7397126412","name":"后宰门农贸市场","named":true,"category":"daily","kind":"farm","location_method":"OSM 节点","access":"未标注","source_date":"2026-09-12T02:20:24Z","original_name":"后宰门农贸市场","related_osm_ids":["node/7397126412"]}},{"type":"Feature","id":"node/7400541270","geometry":{"type":"Point","coordinates":[118.8125145,32.0408266]},"properties":{"osm_id":"node/7400541270","name":"明故宫石刻","named":true,"category":"heritage","kind":"ruins","location_method":"OSM 节点","access":"未标注","source_date":"2026-09-12T02:20:24Z","original_name":"明故宫石刻","related_osm_ids":["node/7400541270"]}},{"type":"Feature","id":"node/7401315675","geometry":{"type":"Point","coordinates":[118.8250332,32.0485788]},"properties":{"osm_id":"node/7401315675","name":"半山园水闸","named":true,"category":"heritage","kind":"ruins","location_method":"OSM 节点","access":"未标注","source_date":"2026-09-12T02:20:24Z","original_name":"半山园水闸","related_osm_ids":["node/7401315675"]}},{"type":"Feature","id":"node/7403767595","geometry":{"type":"Point","coordinates":[118.8181199,32.046007]},"properties":{"osm_id":"node/7403767595","name":"熊猫医院","named":true,"category":"health","kind":"hospital","location_method":"OSM 节点","access":"未标注","source_date":"2026-09-12T02:20:24Z","original_name":"熊猫医院","related_osm_ids":["node/7403767595"]}},{"type":"Feature","id":"node/7511713262","geometry":{"type":"Point","coordinates":[118.8543016,32.064665]},"properties":{"osm_id":"node/7511713262","name":"桂林石屋遗迹","named":true,"category":"heritage","kind":"ruins","location_method":"OSM 节点","access":"未标注","source_date":"2026-09-12T02:20:24Z","original_name":"桂林石屋遗迹","related_osm_ids":["node/7511713262"]}},{"type":"Feature","id":"node/7562068937","geometry":{"type":"Point","coordinates":[118.7780931,32.074551]},"properties":{"osm_id":"node/7562068937","name":"喜茶","named":true,"category":"daily","kind":"cafe","location_method":"OSM 节点","access":"未标注","source_date":"2026-09-12T02:20:24Z","original_name":"喜茶","related_osm_ids":["node/7562068937"]}},{"type":"Feature","id":"node/7562080691","geometry":{"type":"Point","coordinates":[118.7802603,32.0525023]},"properties":{"osm_id":"node/7562080691","name":"7-Eleven","named":true,"category":"daily","kind":"convenience","location_method":"OSM 节点","access":"未标注","source_date":"2026-09-12T02:20:24Z","original_name":"7-Eleven","related_osm_ids":["node/7562080691"]}},{"type":"Feature","id":"node/7562083706","geometry":{"type":"Point","coordinates":[118.7793698,32.0533024]},"properties":{"osm_id":"node/7562083706","name":"优衣库","named":true,"category":"daily","kind":"clothes","location_method":"OSM 节点","access":"未标注","source_date":"2026-09-12T02:20:24Z","original_name":"优衣库","related_osm_ids":["node/7562083706"]}},{"type":"Feature","id":"node/7562083707","geometry":{"type":"Point","coordinates":[118.7798955,32.0526978]},"properties":{"osm_id":"node/7562083707","name":"喜茶","named":true,"category":"daily","kind":"cafe","location_method":"OSM 节点","access":"未标注","source_date":"2026-09-12T02:20:24Z","original_name":"喜茶","related_osm_ids":["node/7562083707"]}},{"type":"Feature","id":"node/7562083708","geometry":{"type":"Point","coordinates":[118.7801745,32.0525386]},"properties":{"osm_id":"node/7562083708","name":"华为","named":true,"category":"daily","kind":"mobile_phone","location_method":"OSM 节点","access":"未标注","source_date":"2026-09-12T02:20:24Z","original_name":"华为","related_osm_ids":["node/7562083708"]}},{"type":"Feature","id":"node/7562083709","geometry":{"type":"Point","coordinates":[118.7802925,32.0526364]},"properties":{"osm_id":"node/7562083709","name":"Costa咖啡","named":true,"category":"daily","kind":"cafe","location_method":"OSM 节点","access":"未标注","source_date":"2026-09-12T02:20:24Z","original_name":"Costa咖啡","related_osm_ids":["node/7562083709"]}},{"type":"Feature","id":"node/7562089196","geometry":{"type":"Point","coordinates":[118.7783044,32.0404401]},"properties":{"osm_id":"node/7562089196","name":"喜茶","named":true,"category":"daily","kind":"cafe","location_method":"OSM 节点","access":"未标注","source_date":"2026-09-12T02:20:24Z","original_name":"喜茶","related_osm_ids":["node/7562089196"]}},{"type":"Feature","id":"node/7562089198","geometry":{"type":"Point","coordinates":[118.7778034,32.0408984]},"properties":{"osm_id":"node/7562089198","name":"汉堡王","named":true,"category":"daily","kind":"fast_food","location_method":"OSM 节点","access":"未标注","source_date":"2026-09-12T02:20:24Z","original_name":"汉堡王","related_osm_ids":["node/7562089198"]}},{"type":"Feature","id":"node/7562099163","geometry":{"type":"Point","coordinates":[118.7804105,32.0415305]},"properties":{"osm_id":"node/7562099163","name":"喜茶","named":true,"category":"daily","kind":"cafe","location_method":"OSM 节点","access":"未标注","source_date":"2026-09-12T02:20:24Z","original_name":"喜茶","related_osm_ids":["node/7562099163"]}},{"type":"Feature","id":"node/7562099164","geometry":{"type":"Point","coordinates":[118.7805848,32.0409825]},"properties":{"osm_id":"node/7562099164","name":"优衣库","named":true,"category":"daily","kind":"clothes","location_method":"OSM 节点","access":"未标注","source_date":"2026-09-12T02:20:24Z","original_name":"优衣库","related_osm_ids":["node/7562099164"]}},{"type":"Feature","id":"node/7562100777","geometry":{"type":"Point","coordinates":[118.7806719,32.025654]},"properties":{"osm_id":"node/7562100777","name":"星巴克","named":true,"category":"daily","kind":"cafe","location_method":"OSM 节点","access":"未标注","source_date":"2026-09-12T02:20:24Z","original_name":"星巴克","related_osm_ids":["node/7562100777"]}},{"type":"Feature","id":"node/7562100778","geometry":{"type":"Point","coordinates":[118.7805301,32.0255572]},"properties":{"osm_id":"node/7562100778","name":"喜茶","named":true,"category":"daily","kind":"cafe","location_method":"OSM 节点","access":"未标注","source_date":"2026-09-12T02:20:24Z","original_name":"喜茶","related_osm_ids":["node/7562100778"]}},{"type":"Feature","id":"node/7571874354","geometry":{"type":"Point","coordinates":[118.7777048,32.0433821]},"properties":{"osm_id":"node/7571874354","name":"招商银行","named":true,"category":"daily","kind":"bank","location_method":"OSM 节点","access":"未标注","source_date":"2026-09-12T02:20:24Z","original_name":"招商银行","related_osm_ids":["node/7571874354"]}},{"type":"Feature","id":"node/7571875925","geometry":{"type":"Point","coordinates":[118.7806494,32.0434028]},"properties":{"osm_id":"node/7571875925","name":"优衣库","named":true,"category":"daily","kind":"clothes","location_method":"OSM 节点","access":"未标注","source_date":"2026-09-12T02:20:24Z","original_name":"优衣库","related_osm_ids":["node/7571875925"]}},{"type":"Feature","id":"node/7571876679","geometry":{"type":"Point","coordinates":[118.7780106,32.0428433]},"properties":{"osm_id":"node/7571876679","name":"盒马鲜生","named":true,"category":"daily","kind":"supermarket","location_method":"OSM 节点","access":"未标注","source_date":"2026-09-12T02:20:24Z","original_name":"盒马鲜生","related_osm_ids":["node/7571876679"]}},{"type":"Feature","id":"node/7571887511","geometry":{"type":"Point","coordinates":[118.7779972,32.0422931]},"properties":{"osm_id":"node/7571887511","name":"便利蜂","named":true,"category":"daily","kind":"convenience","location_method":"OSM 节点","access":"未标注","source_date":"2026-09-12T02:20:24Z","original_name":"便利蜂","related_osm_ids":["node/7571887511"]}},{"type":"Feature","id":"node/7571887512","geometry":{"type":"Point","coordinates":[118.7780616,32.0424864]},"properties":{"osm_id":"node/7571887512","name":"奈雪的茶","named":true,"category":"daily","kind":"cafe","location_method":"OSM 节点","access":"未标注","source_date":"2026-09-12T02:20:24Z","original_name":"奈雪的茶","related_osm_ids":["node/7571887512"]}},{"type":"Feature","id":"node/7571887513","geometry":{"type":"Point","coordinates":[118.7780374,32.0426432]},"properties":{"osm_id":"node/7571887513","name":"星巴克","named":true,"category":"daily","kind":"cafe","location_method":"OSM 节点","access":"未标注","source_date":"2026-09-12T02:20:24Z","original_name":"星巴克","related_osm_ids":["node/7571887513"]}},{"type":"Feature","id":"node/7571893520","geometry":{"type":"Point","coordinates":[118.7798591,32.0435295]},"properties":{"osm_id":"node/7571893520","name":"中国农业银行","named":true,"category":"daily","kind":"bank","location_method":"OSM 节点","access":"未标注","source_date":"2026-09-12T02:20:24Z","original_name":"中国农业银行","related_osm_ids":["node/7571893520"]}},{"type":"Feature","id":"node/7571894469","geometry":{"type":"Point","coordinates":[118.7814948,32.0402332]},"properties":{"osm_id":"node/7571894469","name":"CoCo","named":true,"category":"daily","kind":"cafe","location_method":"OSM 节点","access":"未标注","source_date":"2026-09-12T02:20:24Z","original_name":"CoCo","related_osm_ids":["node/7571894469"]}},{"type":"Feature","id":"node/7571894470","geometry":{"type":"Point","coordinates":[118.7814559,32.0402161]},"properties":{"osm_id":"node/7571894470","name":"1点点","named":true,"category":"daily","kind":"cafe","location_method":"OSM 节点","access":"未标注","source_date":"2026-09-12T02:20:24Z","original_name":"1点点","related_osm_ids":["node/7571894470"]}},{"type":"Feature","id":"node/7571915581","geometry":{"type":"Point","coordinates":[118.7794214,32.0464059]},"properties":{"osm_id":"node/7571915581","name":"Cartier","named":true,"category":"daily","kind":"jewelry","location_method":"OSM 节点","access":"未标注","source_date":"2026-09-12T02:20:24Z","original_name":"Cartier","related_osm_ids":["node/7571915581"]}},{"type":"Feature","id":"node/7571915582","geometry":{"type":"Point","coordinates":[118.7794161,32.0460695]},"properties":{"osm_id":"node/7571915582","name":"Chanel","named":true,"category":"daily","kind":"clothes","location_method":"OSM 节点","access":"未标注","source_date":"2026-09-12T02:20:24Z","original_name":"Chanel","related_osm_ids":["node/7571915582"]}},{"type":"Feature","id":"node/7571915583","geometry":{"type":"Point","coordinates":[118.7794214,32.045833]},"properties":{"osm_id":"node/7571915583","name":"Prada","named":true,"category":"daily","kind":"clothes","location_method":"OSM 节点","access":"未标注","source_date":"2026-09-12T02:20:24Z","original_name":"Prada","related_osm_ids":["node/7571915583"]}},{"type":"Feature","id":"node/7571915584","geometry":{"type":"Point","coordinates":[118.7794456,32.0451237]},"properties":{"osm_id":"node/7571915584","name":"Dior","named":true,"category":"daily","kind":"clothes","location_method":"OSM 节点","access":"未标注","source_date":"2026-09-12T02:20:24Z","original_name":"Dior","related_osm_ids":["node/7571915584"]}},{"type":"Feature","id":"node/7571917685","geometry":{"type":"Point","coordinates":[118.7795711,32.0446901]},"properties":{"osm_id":"node/7571917685","name":"Hermès","named":true,"category":"daily","kind":"clothes","location_method":"OSM 节点","access":"未标注","source_date":"2026-09-12T02:20:24Z","original_name":"Hermès","related_osm_ids":["node/7571917685"]}},{"type":"Feature","id":"node/7571917686","geometry":{"type":"Point","coordinates":[118.7792927,32.0447417]},"properties":{"osm_id":"node/7571917686","name":"Louis Vuitton","named":true,"category":"daily","kind":"clothes","location_method":"OSM 节点","access":"未标注","source_date":"2026-09-12T02:20:24Z","original_name":"Louis Vuitton","related_osm_ids":["node/7571917686"]}},{"type":"Feature","id":"node/7599233998","geometry":{"type":"Point","coordinates":[118.767644,32.0250789]},"properties":{"osm_id":"node/7599233998","name":"瞻老元面馆","named":true,"category":"daily","kind":"restaurant","location_method":"OSM 节点","access":"未标注","source_date":"2026-09-12T02:20:24Z","original_name":"瞻老元面馆","related_osm_ids":["node/7599233998"]}},{"type":"Feature","id":"node/7599233999","geometry":{"type":"Point","coordinates":[118.7675748,32.0248786]},"properties":{"osm_id":"node/7599233999","name":"常熟炒烧浇面馆","named":true,"category":"daily","kind":"restaurant","location_method":"OSM 节点","access":"未标注","source_date":"2026-09-12T02:20:24Z","original_name":"常熟炒烧浇面馆","related_osm_ids":["node/7599233999"]}},{"type":"Feature","id":"node/7599234000","geometry":{"type":"Point","coordinates":[118.76784,32.0255749]},"properties":{"osm_id":"node/7599234000","name":"徐家鸭子","named":true,"category":"daily","kind":"fast_food","location_method":"OSM 节点","access":"未标注","source_date":"2026-09-12T02:20:24Z","original_name":"徐家鸭子","related_osm_ids":["node/7599234000"]}},{"type":"Feature","id":"node/7658329085","geometry":{"type":"Point","coordinates":[118.7790534,32.0249537]},"properties":{"osm_id":"node/7658329085","name":"江宴海鲜餐厅","named":true,"category":"daily","kind":"restaurant","location_method":"OSM 节点","access":"未标注","source_date":"2026-09-12T02:20:24Z","original_name":"江宴海鲜餐厅","related_osm_ids":["node/7658329085"]}},{"type":"Feature","id":"node/7691052585","geometry":{"type":"Point","coordinates":[118.7908909,32.038986]},"properties":{"osm_id":"node/7691052585","name":"晨光文具","named":true,"category":"daily","kind":"stationery","location_method":"OSM 节点","access":"未标注","source_date":"2026-09-12T02:20:24Z","original_name":"晨光文具","related_osm_ids":["node/7691052585"]}},{"type":"Feature","id":"node/7698740686","geometry":{"type":"Point","coordinates":[118.7777478,32.0629534]},"properties":{"osm_id":"node/7698740686","name":"好的","named":true,"category":"daily","kind":"convenience","location_method":"OSM 节点","access":"未标注","source_date":"2026-09-12T02:20:24Z","original_name":"好的","related_osm_ids":["node/7698740686"]}},{"type":"Feature","id":"node/7698779685","geometry":{"type":"Point","coordinates":[118.7779856,32.0623593]},"properties":{"osm_id":"node/7698779685","name":"肯德基","named":true,"category":"daily","kind":"fast_food","location_method":"OSM 节点","access":"未标注","source_date":"2026-09-12T02:20:24Z","original_name":"肯德基","related_osm_ids":["node/7698779685"]}},{"type":"Feature","id":"node/770268400","geometry":{"type":"Point","coordinates":[118.8016781,32.0233524]},"properties":{"osm_id":"node/770268400","name":"象房村","named":true,"category":"transit","kind":"bus_station","location_method":"OSM 节点","access":"未标注","source_date":"2026-09-12T02:20:24Z","original_name":"象房村","related_osm_ids":["node/770268400"]}},{"type":"Feature","id":"node/7703847786","geometry":{"type":"Point","coordinates":[118.77739,32.0633964]},"properties":{"osm_id":"node/7703847786","name":"兰州拉面","named":true,"category":"daily","kind":"restaurant","location_method":"OSM 节点","access":"未标注","source_date":"2026-09-12T02:20:24Z","original_name":"兰州拉面","related_osm_ids":["node/7703847786"]}},{"type":"Feature","id":"node/7706482085","geometry":{"type":"Point","coordinates":[118.7805471,32.0245156]},"properties":{"osm_id":"node/7706482085","name":"茂业天地","named":true,"category":"daily","kind":"department_store","location_method":"OSM 节点","access":"未标注","source_date":"2026-09-12T02:20:24Z","original_name":"茂业天地","related_osm_ids":["node/7706482085"]}},{"type":"Feature","id":"node/772390424","geometry":{"type":"Point","coordinates":[118.8247508,32.0228085]},"properties":{"osm_id":"node/772390424","name":"北京联华","named":true,"category":"daily","kind":"supermarket","location_method":"OSM 节点","access":"未标注","source_date":"2026-09-12T02:20:24Z","original_name":"北京联华","related_osm_ids":["node/772390424"]}},{"type":"Feature","id":"node/772575588","geometry":{"type":"Point","coordinates":[118.7706098,32.0449011]},"properties":{"osm_id":"node/772575588","name":"江苏省口腔医院","named":true,"category":"health","kind":"hospital","location_method":"OSM 节点","access":"未标注","source_date":"2026-09-12T02:20:24Z","original_name":"江苏省口腔医院","related_osm_ids":["node/772575588"]}},{"type":"Feature","id":"node/772584568","geometry":{"type":"Point","coordinates":[118.7739688,32.0525487]},"properties":{"osm_id":"node/772584568","name":"南京儿童医院","named":true,"category":"health","kind":"hospital","location_method":"OSM 节点","access":"未标注","source_date":"2026-09-12T02:20:24Z","original_name":"南京儿童医院","related_osm_ids":["node/772584568"]}},{"type":"Feature","id":"node/7787300850","geometry":{"type":"Point","coordinates":[118.8371173,32.1242695]},"properties":{"osm_id":"node/7787300850","name":"未命名生活服务","named":false,"category":"daily","kind":"fast_food","location_method":"OSM 节点","access":"未标注","source_date":"2026-09-12T02:20:24Z","related_osm_ids":["node/7787300850"]}},{"type":"Feature","id":"node/7787300852","geometry":{"type":"Point","coordinates":[118.8344648,32.12148]},"properties":{"osm_id":"node/7787300852","name":"未命名生活服务","named":false,"category":"daily","kind":"fast_food","location_method":"OSM 节点","access":"未标注","source_date":"2026-09-12T02:20:24Z","related_osm_ids":["node/7787300852"]}},{"type":"Feature","id":"node/7787300853","geometry":{"type":"Point","coordinates":[118.8372354,32.124742]},"properties":{"osm_id":"node/7787300853","name":"未命名生活服务","named":false,"category":"daily","kind":"convenience","location_method":"OSM 节点","access":"未标注","source_date":"2026-09-12T02:20:24Z","related_osm_ids":["node/7787300853"]}},{"type":"Feature","id":"node/7787300854","geometry":{"type":"Point","coordinates":[118.8369993,32.124951]},"properties":{"osm_id":"node/7787300854","name":"未命名生活服务","named":false,"category":"daily","kind":"fast_food","location_method":"OSM 节点","access":"未标注","source_date":"2026-09-12T02:20:24Z","related_osm_ids":["node/7787300854"]}},{"type":"Feature","id":"node/7788557885","geometry":{"type":"Point","coordinates":[118.7784052,32.0234901]},"properties":{"osm_id":"node/7788557885","name":"鸡鸣鸭血粉丝","named":true,"category":"daily","kind":"restaurant","location_method":"OSM 节点","access":"未标注","source_date":"2026-09-12T02:20:24Z","original_name":"鸡鸣鸭血粉丝","related_osm_ids":["node/7788557885"]}},{"type":"Feature","id":"node/778890475","geometry":{"type":"Point","coordinates":[118.7658837,32.065891]},"properties":{"osm_id":"node/778890475","name":"江苏路","named":true,"category":"transit","kind":"bus_station","location_method":"OSM 节点","access":"未标注","source_date":"2026-09-12T02:20:24Z","original_name":"江苏路","related_osm_ids":["node/778890475"]}},{"type":"Feature","id":"node/7795980285","geometry":{"type":"Point","coordinates":[118.9116943,32.0944522]},"properties":{"osm_id":"node/7795980285","name":"九霄·梦天地","named":true,"category":"daily","kind":"department_store","location_method":"OSM 节点","access":"未标注","source_date":"2026-09-12T02:20:24Z","original_name":"九霄·梦天地","related_osm_ids":["node/7795980285"]}},{"type":"Feature","id":"node/7795980385","geometry":{"type":"Point","coordinates":[118.9122721,32.0948777]},"properties":{"osm_id":"node/7795980385","name":"华为","named":true,"category":"daily","kind":"computer","location_method":"OSM 节点","access":"未标注","source_date":"2026-09-12T02:20:24Z","original_name":"华为","related_osm_ids":["node/7795980385"]}},{"type":"Feature","id":"node/7967791173","geometry":{"type":"Point","coordinates":[118.7940867,32.0598423]},"properties":{"osm_id":"node/7967791173","name":"北京东路小学","named":true,"category":"education","kind":"school","location_method":"OSM 节点","access":"未标注","source_date":"2026-09-12T02:20:24Z","original_name":"北京东路小学","related_osm_ids":["node/7967791173"]}},{"type":"Feature","id":"node/7972779575","geometry":{"type":"Point","coordinates":[118.7766609,32.0504905]},"properties":{"osm_id":"node/7972779575","name":"世纪碑","named":true,"category":"heritage","kind":"memorial","location_method":"OSM 节点","access":"未标注","source_date":"2026-09-12T02:20:24Z","original_name":"世纪碑","related_osm_ids":["node/7972779575"]}},{"type":"Feature","id":"node/7977640176","geometry":{"type":"Point","coordinates":[118.7674978,32.0075974]},"properties":{"osm_id":"node/7977640176","name":"未命名生活服务","named":false,"category":"daily","kind":"fast_food","location_method":"OSM 节点","access":"未标注","source_date":"2026-09-12T02:20:24Z","related_osm_ids":["node/7977640176"]}},{"type":"Feature","id":"node/7977640502","geometry":{"type":"Point","coordinates":[118.7663547,32.006351]},"properties":{"osm_id":"node/7977640502","name":"未命名生活服务","named":false,"category":"daily","kind":"bank","location_method":"OSM 节点","access":"未标注","source_date":"2026-09-12T02:20:24Z","related_osm_ids":["node/7977640502"]}},{"type":"Feature","id":"node/7977640957","geometry":{"type":"Point","coordinates":[118.7673798,32.0072978]},"properties":{"osm_id":"node/7977640957","name":"未命名生活服务","named":false,"category":"daily","kind":"hairdresser","location_method":"OSM 节点","access":"未标注","source_date":"2026-09-12T02:20:24Z","related_osm_ids":["node/7977640957"]}},{"type":"Feature","id":"node/7977640959","geometry":{"type":"Point","coordinates":[118.7762479,32.0240708]},"properties":{"osm_id":"node/7977640959","name":"罗森","named":true,"category":"daily","kind":"convenience","location_method":"OSM 节点","access":"未标注","source_date":"2026-09-12T02:20:24Z","original_name":"罗森","related_osm_ids":["node/7977640959"]}},{"type":"Feature","id":"node/7977643295","geometry":{"type":"Point","coordinates":[118.7653945,32.0043386]},"properties":{"osm_id":"node/7977643295","name":"未命名医疗服务","named":false,"category":"health","kind":"pharmacy","location_method":"OSM 节点","access":"未标注","source_date":"2026-09-12T02:20:24Z","related_osm_ids":["node/7977643295"]}},{"type":"Feature","id":"node/7977643296","geometry":{"type":"Point","coordinates":[118.7662438,32.0054232]},"properties":{"osm_id":"node/7977643296","name":"中国建设银行","named":true,"category":"daily","kind":"bank","location_method":"OSM 节点","access":"未标注","source_date":"2026-09-12T02:20:24Z","original_name":"中国建设银行","related_osm_ids":["node/7977643296"]}},{"type":"Feature","id":"node/7977646325","geometry":{"type":"Point","coordinates":[118.7667343,32.0067025]},"properties":{"osm_id":"node/7977646325","name":"未命名生活服务","named":false,"category":"daily","kind":"greengrocer","location_method":"OSM 节点","access":"未标注","source_date":"2026-09-12T02:20:24Z","related_osm_ids":["node/7977646325"]}},{"type":"Feature","id":"node/7977649686","geometry":{"type":"Point","coordinates":[118.7672979,32.0071546]},"properties":{"osm_id":"node/7977649686","name":"未命名生活服务","named":false,"category":"daily","kind":"fast_food","location_method":"OSM 节点","access":"未标注","source_date":"2026-09-12T02:20:24Z","related_osm_ids":["node/7977649686"]}},{"type":"Feature","id":"node/7977650286","geometry":{"type":"Point","coordinates":[118.7647832,32.0037221]},"properties":{"osm_id":"node/7977650286","name":"未命名生活服务","named":false,"category":"daily","kind":"convenience","location_method":"OSM 节点","access":"未标注","source_date":"2026-09-12T02:20:24Z","related_osm_ids":["node/7977650286"]}},{"type":"Feature","id":"node/7977650485","geometry":{"type":"Point","coordinates":[118.7672586,32.0071181]},"properties":{"osm_id":"node/7977650485","name":"未命名生活服务","named":false,"category":"daily","kind":"bakery","location_method":"OSM 节点","access":"未标注","source_date":"2026-09-12T02:20:24Z","related_osm_ids":["node/7977650485"]}},{"type":"Feature","id":"node/7977650585","geometry":{"type":"Point","coordinates":[118.7665773,32.0065323]},"properties":{"osm_id":"node/7977650585","name":"未命名生活服务","named":false,"category":"daily","kind":"convenience","location_method":"OSM 节点","access":"未标注","source_date":"2026-09-12T02:20:24Z","related_osm_ids":["node/7977650585"]}},{"type":"Feature","id":"node/7977651685","geometry":{"type":"Point","coordinates":[118.7761808,32.0241027]},"properties":{"osm_id":"node/7977651685","name":"未命名生活服务","named":false,"category":"daily","kind":"bakery","location_method":"OSM 节点","access":"未标注","source_date":"2026-09-12T02:20:24Z","related_osm_ids":["node/7977651685"]}},{"type":"Feature","id":"node/7979245898","geometry":{"type":"Point","coordinates":[118.77948,32.0498879]},"properties":{"osm_id":"node/7979245898","name":"Dogtown Burger","named":true,"category":"daily","kind":"restaurant","location_method":"OSM 节点","access":"未标注","source_date":"2026-09-12T02:20:24Z","original_name":"Dogtown Burger","related_osm_ids":["node/7979245898"]}},{"type":"Feature","id":"node/7979245899","geometry":{"type":"Point","coordinates":[118.7793017,32.0501664]},"properties":{"osm_id":"node/7979245899","name":"Oasis","named":true,"category":"daily","kind":"restaurant","location_method":"OSM 节点","access":"未标注","source_date":"2026-09-12T02:20:24Z","original_name":"Oasis","related_osm_ids":["node/7979245899"]}},{"type":"Feature","id":"node/7979245900","geometry":{"type":"Point","coordinates":[118.7793094,32.0498876]},"properties":{"osm_id":"node/7979245900","name":"星巴克","named":true,"category":"daily","kind":"cafe","location_method":"OSM 节点","access":"未标注","source_date":"2026-09-12T02:20:24Z","original_name":"星巴克","related_osm_ids":["node/7979245900"]}},{"type":"Feature","id":"node/7980740273","geometry":{"type":"Point","coordinates":[118.7765875,32.0266931]},"properties":{"osm_id":"node/7980740273","name":"未命名生活服务","named":false,"category":"daily","kind":"books","location_method":"OSM 节点","access":"未标注","source_date":"2026-09-12T02:20:24Z","related_osm_ids":["node/7980740273"]}},{"type":"Feature","id":"node/7980740274","geometry":{"type":"Point","coordinates":[118.7767821,32.0267307]},"properties":{"osm_id":"node/7980740274","name":"未命名生活服务","named":false,"category":"daily","kind":"florist","location_method":"OSM 节点","access":"未标注","source_date":"2026-09-12T02:20:24Z","related_osm_ids":["node/7980740274"]}},{"type":"Feature","id":"node/7981540411","geometry":{"type":"Point","coordinates":[118.7666302,32.0065896]},"properties":{"osm_id":"node/7981540411","name":"未命名生活服务","named":false,"category":"daily","kind":"bakery","location_method":"OSM 节点","access":"未标注","source_date":"2026-09-12T02:20:24Z","related_osm_ids":["node/7981540411"]}},{"type":"Feature","id":"node/7981552530","geometry":{"type":"Point","coordinates":[118.7743688,32.0267321]},"properties":{"osm_id":"node/7981552530","name":"未命名生活服务","named":false,"category":"daily","kind":"restaurant","location_method":"OSM 节点","access":"未标注","source_date":"2026-09-12T02:20:24Z","related_osm_ids":["node/7981552530"]}},{"type":"Feature","id":"node/7981557564","geometry":{"type":"Point","coordinates":[118.7760425,32.0266387]},"properties":{"osm_id":"node/7981557564","name":"瑞幸咖啡","named":true,"category":"daily","kind":"cafe","location_method":"OSM 节点","access":"未标注","source_date":"2026-09-12T02:20:24Z","original_name":"瑞幸咖啡","related_osm_ids":["node/7981557564"]}},{"type":"Feature","id":"node/7981566114","geometry":{"type":"Point","coordinates":[118.7785401,32.0452183]},"properties":{"osm_id":"node/7981566114","name":"未命名生活服务","named":false,"category":"daily","kind":"bank","location_method":"OSM 节点","access":"未标注","source_date":"2026-09-12T02:20:24Z","related_osm_ids":["node/7981566114"]}},{"type":"Feature","id":"node/7981566115","geometry":{"type":"Point","coordinates":[118.7793066,32.0499898]},"properties":{"osm_id":"node/7981566115","name":"DJI","named":true,"category":"daily","kind":"electronics","location_method":"OSM 节点","access":"未标注","source_date":"2026-09-12T02:20:24Z","original_name":"DJI","related_osm_ids":["node/7981566115"]}},{"type":"Feature","id":"node/7981566116","geometry":{"type":"Point","coordinates":[118.7611869,32.0758836]},"properties":{"osm_id":"node/7981566116","name":"未命名生活服务","named":false,"category":"daily","kind":"alcohol","location_method":"OSM 节点","access":"未标注","source_date":"2026-09-12T02:20:24Z","related_osm_ids":["node/7981566116"]}},{"type":"Feature","id":"node/7981566120","geometry":{"type":"Point","coordinates":[118.7784359,32.0311289]},"properties":{"osm_id":"node/7981566120","name":"未命名生活服务","named":false,"category":"daily","kind":"bank","location_method":"OSM 节点","access":"未标注","source_date":"2026-09-12T02:20:24Z","related_osm_ids":["node/7981566120"]}},{"type":"Feature","id":"node/7981581374","geometry":{"type":"Point","coordinates":[118.77087,32.0673008]},"properties":{"osm_id":"node/7981581374","name":"未命名生活服务","named":false,"category":"daily","kind":"bank","location_method":"OSM 节点","access":"未标注","source_date":"2026-09-12T02:20:24Z","related_osm_ids":["node/7981581374"]}},{"type":"Feature","id":"node/7981581540","geometry":{"type":"Point","coordinates":[118.7683752,32.0299112]},"properties":{"osm_id":"node/7981581540","name":"未命名生活服务","named":false,"category":"daily","kind":"lottery","location_method":"OSM 节点","access":"未标注","source_date":"2026-09-12T02:20:24Z","related_osm_ids":["node/7981581540"]}},{"type":"Feature","id":"node/7981581541","geometry":{"type":"Point","coordinates":[118.7757436,32.0284744]},"properties":{"osm_id":"node/7981581541","name":"Coffee Art Gallery","named":true,"category":"daily","kind":"cafe","location_method":"OSM 节点","access":"未标注","source_date":"2026-09-12T02:20:24Z","original_name":"Coffee Art Gallery","related_osm_ids":["node/7981581541"]}},{"type":"Feature","id":"node/7981581826","geometry":{"type":"Point","coordinates":[118.7794478,32.0472142]},"properties":{"osm_id":"node/7981581826","name":"Burberry","named":true,"category":"daily","kind":"clothes","location_method":"OSM 节点","access":"未标注","source_date":"2026-09-12T02:20:24Z","original_name":"Burberry","related_osm_ids":["node/7981581826"]}},{"type":"Feature","id":"node/7981582189","geometry":{"type":"Point","coordinates":[118.7698919,32.0286224]},"properties":{"osm_id":"node/7981582189","name":"未命名生活服务","named":false,"category":"daily","kind":"bicycle","location_method":"OSM 节点","access":"未标注","source_date":"2026-09-12T02:20:24Z","related_osm_ids":["node/7981582189"]}},{"type":"Feature","id":"node/7981583780","geometry":{"type":"Point","coordinates":[118.779437,32.0468928]},"properties":{"osm_id":"node/7981583780","name":"Tiffany & Company","named":true,"category":"daily","kind":"jewelry","location_method":"OSM 节点","access":"未标注","source_date":"2026-09-12T02:20:24Z","original_name":"Tiffany & Company","related_osm_ids":["node/7981583780"]}},{"type":"Feature","id":"node/7981583782","geometry":{"type":"Point","coordinates":[118.7737103,32.0269474]},"properties":{"osm_id":"node/7981583782","name":"未命名生活服务","named":false,"category":"daily","kind":"greengrocer","location_method":"OSM 节点","access":"未标注","source_date":"2026-09-12T02:20:24Z","related_osm_ids":["node/7981583782"]}},{"type":"Feature","id":"node/7981584734","geometry":{"type":"Point","coordinates":[118.7666802,32.0066439]},"properties":{"osm_id":"node/7981584734","name":"未命名生活服务","named":false,"category":"daily","kind":"fast_food","location_method":"OSM 节点","access":"未标注","source_date":"2026-09-12T02:20:24Z","related_osm_ids":["node/7981584734"]}},{"type":"Feature","id":"node/7981587799","geometry":{"type":"Point","coordinates":[118.7659536,32.0318578]},"properties":{"osm_id":"node/7981587799","name":"未命名生活服务","named":false,"category":"daily","kind":"convenience","location_method":"OSM 节点","access":"未标注","source_date":"2026-09-12T02:20:24Z","related_osm_ids":["node/7981587799"]}},{"type":"Feature","id":"node/7981588390","geometry":{"type":"Point","coordinates":[118.7661753,32.0318146]},"properties":{"osm_id":"node/7981588390","name":"华为","named":true,"category":"daily","kind":"mobile_phone","location_method":"OSM 节点","access":"未标注","source_date":"2026-09-12T02:20:24Z","original_name":"华为","related_osm_ids":["node/7981588390"]}},{"type":"Feature","id":"node/7984561287","geometry":{"type":"Point","coordinates":[118.7881026,32.0236245]},"properties":{"osm_id":"node/7984561287","name":"Aette Coffee","named":true,"category":"daily","kind":"cafe","location_method":"OSM 节点","access":"未标注","source_date":"2026-09-12T02:20:24Z","original_name":"Aette Coffee","related_osm_ids":["node/7984561287"]}},{"type":"Feature","id":"node/7985175427","geometry":{"type":"Point","coordinates":[118.7913656,32.0510244]},"properties":{"osm_id":"node/7985175427","name":"肯德基","named":true,"category":"daily","kind":"fast_food","location_method":"OSM 节点","access":"未标注","source_date":"2026-09-12T02:20:24Z","original_name":"肯德基","related_osm_ids":["node/7985175427"]}},{"type":"Feature","id":"node/7985175428","geometry":{"type":"Point","coordinates":[118.7901283,32.0513291]},"properties":{"osm_id":"node/7985175428","name":"肯德基","named":true,"category":"daily","kind":"fast_food","location_method":"OSM 节点","access":"未标注","source_date":"2026-09-12T02:20:24Z","original_name":"肯德基","related_osm_ids":["node/7985175428"]}},{"type":"Feature","id":"node/7985175429","geometry":{"type":"Point","coordinates":[118.7815616,32.0563066]},"properties":{"osm_id":"node/7985175429","name":"肯德基","named":true,"category":"daily","kind":"fast_food","location_method":"OSM 节点","access":"未标注","source_date":"2026-09-12T02:20:24Z","original_name":"肯德基","related_osm_ids":["node/7985175429"]}},{"type":"Feature","id":"node/7985329083","geometry":{"type":"Point","coordinates":[118.8307943,32.0425297]},"properties":{"osm_id":"node/7985329083","name":"未命名生活服务","named":false,"category":"daily","kind":"ticket","location_method":"OSM 节点","access":"未标注","source_date":"2026-09-12T02:20:24Z","related_osm_ids":["node/7985329083"]}},{"type":"Feature","id":"node/7985362839","geometry":{"type":"Point","coordinates":[118.8403677,32.0485639]},"properties":{"osm_id":"node/7985362839","name":"未命名生活服务","named":false,"category":"daily","kind":"ticket","location_method":"OSM 节点","access":"未标注","source_date":"2026-09-12T02:20:24Z","related_osm_ids":["node/7985362839"]}},{"type":"Feature","id":"node/7985371280","geometry":{"type":"Point","coordinates":[118.7764478,32.0450146]},"properties":{"osm_id":"node/7985371280","name":"未命名生活服务","named":false,"category":"daily","kind":"restaurant","location_method":"OSM 节点","access":"未标注","source_date":"2026-09-12T02:20:24Z","related_osm_ids":["node/7985371280"]}},{"type":"Feature","id":"node/7985372330","geometry":{"type":"Point","coordinates":[118.776641,32.0444128]},"properties":{"osm_id":"node/7985372330","name":"星巴克","named":true,"category":"daily","kind":"cafe","location_method":"OSM 节点","access":"未标注","source_date":"2026-09-12T02:20:24Z","original_name":"星巴克","related_osm_ids":["node/7985372330","node/7985406253"]}},{"type":"Feature","id":"node/7985376024","geometry":{"type":"Point","coordinates":[118.8402922,32.0493299]},"properties":{"osm_id":"node/7985376024","name":"肯德基","named":true,"category":"daily","kind":"fast_food","location_method":"OSM 节点","access":"未标注","source_date":"2026-09-12T02:20:24Z","original_name":"肯德基","related_osm_ids":["node/7985376024"]}},{"type":"Feature","id":"node/7985380941","geometry":{"type":"Point","coordinates":[118.8397812,32.0543338]},"properties":{"osm_id":"node/7985380941","name":"未命名生活服务","named":false,"category":"daily","kind":"convenience","location_method":"OSM 节点","access":"未标注","source_date":"2026-09-12T02:20:24Z","related_osm_ids":["node/7985380941"]}},{"type":"Feature","id":"node/7985383872","geometry":{"type":"Point","coordinates":[118.7672842,32.04485]},"properties":{"osm_id":"node/7985383872","name":"中国银行","named":true,"category":"daily","kind":"bank","location_method":"OSM 节点","access":"未标注","source_date":"2026-09-12T02:20:24Z","original_name":"中国银行","related_osm_ids":["node/7985383872"]}},{"type":"Feature","id":"node/7985388941","geometry":{"type":"Point","coordinates":[118.8409408,32.0484745]},"properties":{"osm_id":"node/7985388941","name":"未命名生活服务","named":false,"category":"daily","kind":"fast_food","location_method":"OSM 节点","access":"未标注","source_date":"2026-09-12T02:20:24Z","related_osm_ids":["node/7985388941"]}},{"type":"Feature","id":"node/7985389455","geometry":{"type":"Point","coordinates":[118.7764934,32.0449593]},"properties":{"osm_id":"node/7985389455","name":"未命名生活服务","named":false,"category":"daily","kind":"restaurant","location_method":"OSM 节点","access":"未标注","source_date":"2026-09-12T02:20:24Z","related_osm_ids":["node/7985389455"]}},{"type":"Feature","id":"node/7985389806","geometry":{"type":"Point","coordinates":[118.8316181,32.0514498]},"properties":{"osm_id":"node/7985389806","name":"未命名生活服务","named":false,"category":"daily","kind":"fast_food","location_method":"OSM 节点","access":"未标注","source_date":"2026-09-12T02:20:24Z","related_osm_ids":["node/7985389806"]}},{"type":"Feature","id":"node/7985390980","geometry":{"type":"Point","coordinates":[118.8384877,32.0541975]},"properties":{"osm_id":"node/7985390980","name":"未命名生活服务","named":false,"category":"daily","kind":"ticket","location_method":"OSM 节点","access":"未标注","source_date":"2026-09-12T02:20:24Z","related_osm_ids":["node/7985390980"]}},{"type":"Feature","id":"node/7985392017","geometry":{"type":"Point","coordinates":[118.8397298,32.055035]},"properties":{"osm_id":"node/7985392017","name":"未命名生活服务","named":false,"category":"daily","kind":"fast_food","location_method":"OSM 节点","access":"未标注","source_date":"2026-09-12T02:20:24Z","related_osm_ids":["node/7985392017"]}},{"type":"Feature","id":"node/7985395204","geometry":{"type":"Point","coordinates":[118.8376973,32.0466939]},"properties":{"osm_id":"node/7985395204","name":"未命名生活服务","named":false,"category":"daily","kind":"cafe","location_method":"OSM 节点","access":"未标注","source_date":"2026-09-12T02:20:24Z","related_osm_ids":["node/7985395204"]}},{"type":"Feature","id":"node/7985395205","geometry":{"type":"Point","coordinates":[118.8399546,32.0548312]},"properties":{"osm_id":"node/7985395205","name":"未命名生活服务","named":false,"category":"daily","kind":"ticket","location_method":"OSM 节点","access":"未标注","source_date":"2026-09-12T02:20:24Z","related_osm_ids":["node/7985395205"]}},{"type":"Feature","id":"node/7985395232","geometry":{"type":"Point","coordinates":[118.7977695,32.0342774]},"properties":{"osm_id":"node/7985395232","name":"CoCo","named":true,"category":"daily","kind":"cafe","location_method":"OSM 节点","access":"未标注","source_date":"2026-09-12T02:20:24Z","original_name":"CoCo","related_osm_ids":["node/7985395232"]}},{"type":"Feature","id":"node/7985398319","geometry":{"type":"Point","coordinates":[118.7766906,32.0453465]},"properties":{"osm_id":"node/7985398319","name":"未命名生活服务","named":false,"category":"daily","kind":"convenience","location_method":"OSM 节点","access":"未标注","source_date":"2026-09-12T02:20:24Z","related_osm_ids":["node/7985398319"]}},{"type":"Feature","id":"node/7985399786","geometry":{"type":"Point","coordinates":[118.8382092,32.0470036]},"properties":{"osm_id":"node/7985399786","name":"未命名生活服务","named":false,"category":"daily","kind":"gift","location_method":"OSM 节点","access":"未标注","source_date":"2026-09-12T02:20:24Z","related_osm_ids":["node/7985399786"]}},{"type":"Feature","id":"node/7985401195","geometry":{"type":"Point","coordinates":[118.7766569,32.0452962]},"properties":{"osm_id":"node/7985401195","name":"Real Bread Café","named":true,"category":"daily","kind":"cafe","location_method":"OSM 节点","access":"未标注","source_date":"2026-09-12T02:20:24Z","original_name":"Real Bread Café","related_osm_ids":["node/7985401195"]}},{"type":"Feature","id":"node/7985404179","geometry":{"type":"Point","coordinates":[118.7901751,32.048469]},"properties":{"osm_id":"node/7985404179","name":"未命名医疗服务","named":false,"category":"health","kind":"pharmacy","location_method":"OSM 节点","access":"未标注","source_date":"2026-09-12T02:20:24Z","related_osm_ids":["node/7985404179"]}},{"type":"Feature","id":"node/7985404703","geometry":{"type":"Point","coordinates":[118.7678207,32.0447954]},"properties":{"osm_id":"node/7985404703","name":"未命名生活服务","named":false,"category":"daily","kind":"hairdresser","location_method":"OSM 节点","access":"未标注","source_date":"2026-09-12T02:20:24Z","related_osm_ids":["node/7985404703"]}},{"type":"Feature","id":"node/7985404704","geometry":{"type":"Point","coordinates":[118.7633489,32.0445731]},"properties":{"osm_id":"node/7985404704","name":"未命名生活服务","named":false,"category":"daily","kind":"restaurant","location_method":"OSM 节点","access":"未标注","source_date":"2026-09-12T02:20:24Z","related_osm_ids":["node/7985404704"]}},{"type":"Feature","id":"node/7985406481","geometry":{"type":"Point","coordinates":[118.8402858,32.0548472]},"properties":{"osm_id":"node/7985406481","name":"未命名生活服务","named":false,"category":"daily","kind":"fast_food","location_method":"OSM 节点","access":"未标注","source_date":"2026-09-12T02:20:24Z","related_osm_ids":["node/7985406481"]}},{"type":"Feature","id":"node/7985406483","geometry":{"type":"Point","coordinates":[118.7896344,32.030169]},"properties":{"osm_id":"node/7985406483","name":"未命名生活服务","named":false,"category":"daily","kind":"bank","location_method":"OSM 节点","access":"未标注","source_date":"2026-09-12T02:20:24Z","related_osm_ids":["node/7985406483"]}},{"type":"Feature","id":"node/7985406491","geometry":{"type":"Point","coordinates":[118.7714012,32.0440307]},"properties":{"osm_id":"node/7985406491","name":"星巴克","named":true,"category":"daily","kind":"cafe","location_method":"OSM 节点","access":"未标注","source_date":"2026-09-12T02:20:24Z","original_name":"星巴克","related_osm_ids":["node/7985406491"]}},{"type":"Feature","id":"node/7985406677","geometry":{"type":"Point","coordinates":[118.8402147,32.0547537]},"properties":{"osm_id":"node/7985406677","name":"未命名生活服务","named":false,"category":"daily","kind":"fast_food","location_method":"OSM 节点","access":"未标注","source_date":"2026-09-12T02:20:24Z","related_osm_ids":["node/7985406677"]}},{"type":"Feature","id":"node/7985408219","geometry":{"type":"Point","coordinates":[118.8061362,32.0416546]},"properties":{"osm_id":"node/7985408219","name":"未命名生活服务","named":false,"category":"daily","kind":"convenience","location_method":"OSM 节点","access":"未标注","source_date":"2026-09-12T02:20:24Z","related_osm_ids":["node/7985408219"]}},{"type":"Feature","id":"node/7985408389","geometry":{"type":"Point","coordinates":[118.8415001,32.0475936]},"properties":{"osm_id":"node/7985408389","name":"未命名生活服务","named":false,"category":"daily","kind":"cafe","location_method":"OSM 节点","access":"未标注","source_date":"2026-09-12T02:20:24Z","related_osm_ids":["node/7985408389"]}},{"type":"Feature","id":"node/7985409200","geometry":{"type":"Point","coordinates":[118.7889815,32.0273415]},"properties":{"osm_id":"node/7985409200","name":"未命名生活服务","named":false,"category":"daily","kind":"convenience","location_method":"OSM 节点","access":"未标注","source_date":"2026-09-12T02:20:24Z","related_osm_ids":["node/7985409200"]}},{"type":"Feature","id":"node/7985410154","geometry":{"type":"Point","coordinates":[118.7976828,32.0342403]},"properties":{"osm_id":"node/7985410154","name":"Delicious","named":true,"category":"daily","kind":"bakery","location_method":"OSM 节点","access":"未标注","source_date":"2026-09-12T02:20:24Z","original_name":"Delicious","related_osm_ids":["node/7985410154"]}},{"type":"Feature","id":"node/7985410285","geometry":{"type":"Point","coordinates":[118.8311502,32.0449006]},"properties":{"osm_id":"node/7985410285","name":"未命名生活服务","named":false,"category":"daily","kind":"ticket","location_method":"OSM 节点","access":"未标注","source_date":"2026-09-12T02:20:24Z","related_osm_ids":["node/7985410285"]}},{"type":"Feature","id":"node/7985410286","geometry":{"type":"Point","coordinates":[118.8341882,32.0480139]},"properties":{"osm_id":"node/7985410286","name":"未命名生活服务","named":false,"category":"daily","kind":"ticket","location_method":"OSM 节点","access":"未标注","source_date":"2026-09-12T02:20:24Z","related_osm_ids":["node/7985410286"]}},{"type":"Feature","id":"node/7985412190","geometry":{"type":"Point","coordinates":[118.8403467,32.0548665]},"properties":{"osm_id":"node/7985412190","name":"未命名生活服务","named":false,"category":"daily","kind":"convenience","location_method":"OSM 节点","access":"未标注","source_date":"2026-09-12T02:20:24Z","related_osm_ids":["node/7985412190"]}},{"type":"Feature","id":"node/7985414773","geometry":{"type":"Point","coordinates":[118.8309005,32.0513516]},"properties":{"osm_id":"node/7985414773","name":"未命名生活服务","named":false,"category":"daily","kind":"ticket","location_method":"OSM 节点","access":"未标注","source_date":"2026-09-12T02:20:24Z","related_osm_ids":["node/7985414773"]}},{"type":"Feature","id":"node/7985418506","geometry":{"type":"Point","coordinates":[118.8069112,32.0416917]},"properties":{"osm_id":"node/7985418506","name":"未命名医疗服务","named":false,"category":"health","kind":"pharmacy","location_method":"OSM 节点","access":"未标注","source_date":"2026-09-12T02:20:24Z","related_osm_ids":["node/7985418506"]}},{"type":"Feature","id":"node/7987813727","geometry":{"type":"Point","coordinates":[118.7803645,32.0434908]},"properties":{"osm_id":"node/7987813727","name":"Urban Revivo","named":true,"category":"daily","kind":"clothes","location_method":"OSM 节点","access":"未标注","source_date":"2026-09-12T02:20:24Z","original_name":"Urban Revivo","related_osm_ids":["node/7987813727"]}},{"type":"Feature","id":"node/7987839259","geometry":{"type":"Point","coordinates":[118.7791071,32.041389]},"properties":{"osm_id":"node/7987839259","name":"安踏","named":true,"category":"daily","kind":"clothes","location_method":"OSM 节点","access":"未标注","source_date":"2026-09-12T02:20:24Z","original_name":"安踏","related_osm_ids":["node/7987839259"]}},{"type":"Feature","id":"node/7987839657","geometry":{"type":"Point","coordinates":[118.7881159,32.0442338]},"properties":{"osm_id":"node/7987839657","name":"Moment","named":true,"category":"daily","kind":"cafe","location_method":"OSM 节点","access":"未标注","source_date":"2026-09-12T02:20:24Z","original_name":"Moment","related_osm_ids":["node/7987839657"]}},{"type":"Feature","id":"node/7987839658","geometry":{"type":"Point","coordinates":[118.7882243,32.0428166]},"properties":{"osm_id":"node/7987839658","name":"85°C","named":true,"category":"daily","kind":"bakery","location_method":"OSM 节点","access":"未标注","source_date":"2026-09-12T02:20:24Z","original_name":"85°C","related_osm_ids":["node/7987839658"]}},{"type":"Feature","id":"node/7987839966","geometry":{"type":"Point","coordinates":[118.7881452,32.0427768]},"properties":{"osm_id":"node/7987839966","name":"星巴克","named":true,"category":"daily","kind":"cafe","location_method":"OSM 节点","access":"未标注","source_date":"2026-09-12T02:20:24Z","original_name":"星巴克","related_osm_ids":["node/7987839966"]}},{"type":"Feature","id":"node/7987840822","geometry":{"type":"Point","coordinates":[118.7791333,32.0409045]},"properties":{"osm_id":"node/7987840822","name":"未命名生活服务","named":false,"category":"daily","kind":"pastry","location_method":"OSM 节点","access":"未标注","source_date":"2026-09-12T02:20:24Z","related_osm_ids":["node/7987840822"]}},{"type":"Feature","id":"node/7987843132","geometry":{"type":"Point","coordinates":[118.7800672,32.0402043]},"properties":{"osm_id":"node/7987843132","name":"apm","named":true,"category":"daily","kind":"jewelry","location_method":"OSM 节点","access":"未标注","source_date":"2026-09-12T02:20:24Z","original_name":"apm","related_osm_ids":["node/7987843132"]}},{"type":"Feature","id":"node/7987843672","geometry":{"type":"Point","coordinates":[118.7793589,32.0407481]},"properties":{"osm_id":"node/7987843672","name":"星巴克","named":true,"category":"daily","kind":"cafe","location_method":"OSM 节点","access":"未标注","source_date":"2026-09-12T02:20:24Z","original_name":"星巴克","related_osm_ids":["node/7987843672"]}},{"type":"Feature","id":"node/7987846170","geometry":{"type":"Point","coordinates":[118.7889414,32.0456917]},"properties":{"osm_id":"node/7987846170","name":"Ganso","named":true,"category":"daily","kind":"pastry","location_method":"OSM 节点","access":"未标注","source_date":"2026-09-12T02:20:24Z","original_name":"Ganso","related_osm_ids":["node/7987846170"]}},{"type":"Feature","id":"node/7987847238","geometry":{"type":"Point","coordinates":[118.7918678,32.088321]},"properties":{"osm_id":"node/7987847238","name":"肯德基","named":true,"category":"daily","kind":"fast_food","location_method":"OSM 节点","access":"未标注","source_date":"2026-09-12T02:20:24Z","original_name":"肯德基","related_osm_ids":["node/7987847238"]}},{"type":"Feature","id":"node/7987847926","geometry":{"type":"Point","coordinates":[118.7891238,32.0456568]},"properties":{"osm_id":"node/7987847926","name":"巴黎贝甜","named":true,"category":"daily","kind":"bakery","location_method":"OSM 节点","access":"未标注","source_date":"2026-09-12T02:20:24Z","original_name":"巴黎贝甜","related_osm_ids":["node/7987847926"]}},{"type":"Feature","id":"node/7992465398","geometry":{"type":"Point","coordinates":[118.7935181,32.0600132]},"properties":{"osm_id":"node/7992465398","name":"北京东路小学附属幼儿园","named":true,"category":"education","kind":"kindergarten","location_method":"OSM 节点","access":"未标注","source_date":"2026-09-12T02:20:24Z","original_name":"北京东路小学附属幼儿园","related_osm_ids":["node/7992465398"]}},{"type":"Feature","id":"node/8001955539","geometry":{"type":"Point","coordinates":[118.8052423,32.078684]},"properties":{"osm_id":"node/8001955539","name":"南京林业大学·新庄","named":true,"category":"transit","kind":"station","location_method":"OSM 节点","access":"未标注","source_date":"2026-09-12T02:20:24Z","original_name":"南京林业大学·新庄","related_osm_ids":["node/8001955539"]}},{"type":"Feature","id":"node/8040149937","geometry":{"type":"Point","coordinates":[118.7900873,32.0510207]},"properties":{"osm_id":"node/8040149937","name":"星巴克","named":true,"category":"daily","kind":"cafe","location_method":"OSM 节点","access":"未标注","source_date":"2026-09-12T02:20:24Z","original_name":"星巴克","related_osm_ids":["node/8040149937"]}},{"type":"Feature","id":"node/8040149949","geometry":{"type":"Point","coordinates":[118.7902637,32.0512457]},"properties":{"osm_id":"node/8040149949","name":"东方珍珠饭店","named":true,"category":"daily","kind":"restaurant","location_method":"OSM 节点","access":"未标注","source_date":"2026-09-12T02:20:24Z","original_name":"东方珍珠饭店","related_osm_ids":["node/8040149949"]}},{"type":"Feature","id":"node/8040149954","geometry":{"type":"Point","coordinates":[118.7905796,32.0548476]},"properties":{"osm_id":"node/8040149954","name":"中国工商银行","named":true,"category":"daily","kind":"bank","location_method":"OSM 节点","access":"未标注","source_date":"2026-09-12T02:20:24Z","original_name":"中国工商银行","related_osm_ids":["node/8040149954"]}},{"type":"Feature","id":"node/8040149955","geometry":{"type":"Point","coordinates":[118.7874456,32.0551251]},"properties":{"osm_id":"node/8040149955","name":"中国农业银行","named":true,"category":"daily","kind":"bank","location_method":"OSM 节点","access":"未标注","source_date":"2026-09-12T02:20:24Z","original_name":"中国农业银行","related_osm_ids":["node/8040149955"]}},{"type":"Feature","id":"node/8040149956","geometry":{"type":"Point","coordinates":[118.7910157,32.0557623]},"properties":{"osm_id":"node/8040149956","name":"苏果超市","named":true,"category":"daily","kind":"supermarket","location_method":"OSM 节点","access":"未标注","source_date":"2026-09-12T02:20:24Z","original_name":"苏果超市","related_osm_ids":["node/8040149956"]}},{"type":"Feature","id":"node/8263220926","geometry":{"type":"Point","coordinates":[118.8420426,32.1137804]},"properties":{"osm_id":"node/8263220926","name":"丁家庄","named":true,"category":"transit","kind":"station","location_method":"OSM 节点","access":"未标注","source_date":"2026-09-12T02:20:24Z","original_name":"丁家庄","related_osm_ids":["node/8263220926"]}},{"type":"Feature","id":"node/8263934279","geometry":{"type":"Point","coordinates":[118.7867399,32.0538438]},"properties":{"osm_id":"node/8263934279","name":"陈禄明黄焖鸡米饭","named":true,"category":"daily","kind":"restaurant","location_method":"OSM 节点","access":"未标注","source_date":"2026-09-12T02:20:24Z","original_name":"陈禄明黄焖鸡米饭","related_osm_ids":["node/8263934279"]}},{"type":"Feature","id":"node/8280728427","geometry":{"type":"Point","coordinates":[118.8923959,32.0886743]},"properties":{"osm_id":"node/8280728427","name":"紫金山","named":true,"category":"transit","kind":"station","location_method":"OSM 节点","access":"未标注","source_date":"2026-09-12T02:20:24Z","original_name":"紫金山","related_osm_ids":["node/8280728427"]}},{"type":"Feature","id":"node/8280728428","geometry":{"type":"Point","coordinates":[118.8230514,32.0172432]},"properties":{"osm_id":"node/8280728428","name":"光华门","named":true,"category":"transit","kind":"station","location_method":"OSM 节点","access":"未标注","source_date":"2026-09-12T02:20:24Z","original_name":"光华门","related_osm_ids":["node/8280728428"]}},{"type":"Feature","id":"node/8280728429","geometry":{"type":"Point","coordinates":[118.8775911,32.0327329]},"properties":{"osm_id":"node/8280728429","name":"沧波门","named":true,"category":"transit","kind":"station","location_method":"OSM 节点","access":"未标注","source_date":"2026-09-12T02:20:24Z","original_name":"沧波门","related_osm_ids":["node/8280728429"]}},{"type":"Feature","id":"node/8389543558","geometry":{"type":"Point","coordinates":[118.8508293,32.1211942]},"properties":{"osm_id":"node/8389543558","name":"瑞霞路·瑞福大街","named":true,"category":"transit","kind":"bus_stop","location_method":"OSM 节点","access":"未标注","source_date":"2026-09-12T02:20:24Z","original_name":"瑞霞路·瑞福大街","related_osm_ids":["node/8389543558","node/8389543559"]}},{"type":"Feature","id":"node/8389543562","geometry":{"type":"Point","coordinates":[118.8499746,32.1211761]},"properties":{"osm_id":"node/8389543562","name":"瑞福大街东","named":true,"category":"transit","kind":"bus_stop","location_method":"OSM 节点","access":"未标注","source_date":"2026-09-12T02:20:24Z","original_name":"瑞福大街东","related_osm_ids":["node/8389543562"]}},{"type":"Feature","id":"node/8516236662","geometry":{"type":"Point","coordinates":[118.7794,32.0599877]},"properties":{"osm_id":"node/8516236662","name":"中国邮政储蓄银行","named":true,"category":"daily","kind":"bank","location_method":"OSM 节点","access":"未标注","source_date":"2026-09-12T02:20:24Z","original_name":"中国邮政储蓄银行","related_osm_ids":["node/8516236662"]}},{"type":"Feature","id":"node/8566827774","geometry":{"type":"Point","coordinates":[118.8090533,32.0827567]},"properties":{"osm_id":"node/8566827774","name":"南林超市","named":true,"category":"daily","kind":"supermarket","location_method":"OSM 节点","access":"未标注","source_date":"2026-09-12T02:20:24Z","original_name":"南林超市","related_osm_ids":["node/8566827774","way/339298072"]}},{"type":"Feature","id":"node/8577198845","geometry":{"type":"Point","coordinates":[118.891523,32.0510613]},"properties":{"osm_id":"node/8577198845","name":"马群","named":true,"category":"transit","kind":"station","location_method":"OSM 节点","access":"未标注","source_date":"2026-09-12T02:20:24Z","original_name":"马群","related_osm_ids":["node/8577198845"]}},{"type":"Feature","id":"node/8577198846","geometry":{"type":"Point","coordinates":[118.9010871,32.0489545]},"properties":{"osm_id":"node/8577198846","name":"百水桥路","named":true,"category":"transit","kind":"station","location_method":"OSM 节点","access":"未标注","source_date":"2026-09-12T02:20:24Z","original_name":"百水桥路","related_osm_ids":["node/8577198846"]}},{"type":"Feature","id":"node/8592131119","geometry":{"type":"Point","coordinates":[118.8753135,32.0984208]},"properties":{"osm_id":"node/8592131119","name":"未命名交通点位","named":false,"category":"transit","kind":"bus_stop","location_method":"OSM 节点","access":"未标注","source_date":"2026-09-12T02:20:24Z","related_osm_ids":["node/8592131119"]}},{"type":"Feature","id":"node/8647884290","geometry":{"type":"Point","coordinates":[118.8901048,32.0607261]},"properties":{"osm_id":"node/8647884290","name":"太阳城","named":true,"category":"transit","kind":"bus_stop","location_method":"OSM 节点","access":"未标注","source_date":"2026-09-12T02:20:24Z","original_name":"太阳城","related_osm_ids":["node/8647884290","way/160073393"]}},{"type":"Feature","id":"node/8674666917","geometry":{"type":"Point","coordinates":[118.77766,32.045782]},"properties":{"osm_id":"node/8674666917","name":"茶客老站","named":true,"category":"daily","kind":"cafe","location_method":"OSM 节点","access":"未标注","source_date":"2026-09-12T02:20:24Z","original_name":"茶客老站","related_osm_ids":["node/8674666917"]}},{"type":"Feature","id":"node/8674841517","geometry":{"type":"Point","coordinates":[118.796319,32.0574122]},"properties":{"osm_id":"node/8674841517","name":"教师食堂","named":true,"category":"daily","kind":"restaurant","location_method":"OSM 节点","access":"未标注","source_date":"2026-09-12T02:20:24Z","original_name":"教师食堂","related_osm_ids":["node/8674841517"]}},{"type":"Feature","id":"node/8741698287","geometry":{"type":"Point","coordinates":[118.8746494,32.1207777]},"properties":{"osm_id":"node/8741698287","name":"新城佳园","named":true,"category":"transit","kind":"bus_stop","location_method":"OSM 节点","access":"未标注","source_date":"2026-09-12T02:20:24Z","original_name":"新城佳园","related_osm_ids":["node/8741698287"]}},{"type":"Feature","id":"node/8757476522","geometry":{"type":"Point","coordinates":[118.7859828,32.0118294]},"properties":{"osm_id":"node/8757476522","name":"世纪华联超市","named":true,"category":"daily","kind":"supermarket","location_method":"OSM 节点","access":"未标注","source_date":"2026-09-12T02:20:24Z","original_name":"世纪华联超市","related_osm_ids":["node/8757476522"]}},{"type":"Feature","id":"node/8772679530","geometry":{"type":"Point","coordinates":[118.7831949,32.0125083]},"properties":{"osm_id":"node/8772679530","name":"未命名生活服务","named":false,"category":"daily","kind":"restaurant","location_method":"OSM 节点","access":"未标注","source_date":"2026-09-12T02:20:24Z","related_osm_ids":["node/8772679530"]}},{"type":"Feature","id":"node/8772679536","geometry":{"type":"Point","coordinates":[118.7820487,32.0130626]},"properties":{"osm_id":"node/8772679536","name":"星巴克","named":true,"category":"daily","kind":"cafe","location_method":"OSM 节点","access":"未标注","source_date":"2026-09-12T02:20:24Z","original_name":"星巴克","related_osm_ids":["node/8772679536"]}},{"type":"Feature","id":"node/8772679537","geometry":{"type":"Point","coordinates":[118.7819945,32.013682]},"properties":{"osm_id":"node/8772679537","name":"大巴山火锅","named":true,"category":"daily","kind":"restaurant","location_method":"OSM 节点","access":"未标注","source_date":"2026-09-12T02:20:24Z","original_name":"大巴山火锅","related_osm_ids":["node/8772679537"]}},{"type":"Feature","id":"node/8772679538","geometry":{"type":"Point","coordinates":[118.7821713,32.0134946]},"properties":{"osm_id":"node/8772679538","name":"果燃掂","named":true,"category":"daily","kind":"restaurant","location_method":"OSM 节点","access":"未标注","source_date":"2026-09-12T02:20:24Z","original_name":"果燃掂","related_osm_ids":["node/8772679538"]}},{"type":"Feature","id":"node/8773088017","geometry":{"type":"Point","coordinates":[118.8664383,32.1193846]},"properties":{"osm_id":"node/8773088017","name":"金尧山庄东门","named":true,"category":"transit","kind":"bus_stop","location_method":"OSM 节点","access":"未标注","source_date":"2026-09-12T02:20:24Z","original_name":"金尧山庄东门","related_osm_ids":["node/8773088017","node/8773088018"]}},{"type":"Feature","id":"node/8773088116","geometry":{"type":"Point","coordinates":[118.8013098,32.0863322]},"properties":{"osm_id":"node/8773088116","name":"曹后村西","named":true,"category":"transit","kind":"bus_stop","location_method":"OSM 节点","access":"未标注","source_date":"2026-09-12T02:20:24Z","original_name":"曹后村西","related_osm_ids":["node/8773088116"]}},{"type":"Feature","id":"node/8776566605","geometry":{"type":"Point","coordinates":[118.7821571,32.013735]},"properties":{"osm_id":"node/8776566605","name":"伍板桥","named":true,"category":"heritage","kind":"ruins","location_method":"OSM 节点","access":"yes","source_date":"2026-09-12T02:20:24Z","original_name":"伍板桥","related_osm_ids":["node/8776566605"]}},{"type":"Feature","id":"node/8776566606","geometry":{"type":"Point","coordinates":[118.7822115,32.0136409]},"properties":{"osm_id":"node/8776566606","name":"豆花庄","named":true,"category":"daily","kind":"restaurant","location_method":"OSM 节点","access":"未标注","source_date":"2026-09-12T02:20:24Z","original_name":"豆花庄","related_osm_ids":["node/8776566606"]}},{"type":"Feature","id":"node/8776566607","geometry":{"type":"Point","coordinates":[118.78239,32.0137784]},"properties":{"osm_id":"node/8776566607","name":"街区摆摊点","named":true,"category":"daily","kind":"marketplace","location_method":"OSM 节点","access":"未标注","source_date":"2026-09-12T02:20:24Z","original_name":"街区摆摊点","related_osm_ids":["node/8776566607"]}},{"type":"Feature","id":"node/8776725422","geometry":{"type":"Point","coordinates":[118.7794013,32.011505]},"properties":{"osm_id":"node/8776725422","name":"En Space","named":true,"category":"daily","kind":"restaurant","location_method":"OSM 节点","access":"未标注","source_date":"2026-09-12T02:20:24Z","original_name":"En Space","related_osm_ids":["node/8776725422"]}},{"type":"Feature","id":"node/8780191771","geometry":{"type":"Point","coordinates":[118.7832846,32.0131327]},"properties":{"osm_id":"node/8780191771","name":"树咖啡","named":true,"category":"daily","kind":"cafe","location_method":"OSM 节点","access":"未标注","source_date":"2026-09-12T02:20:24Z","original_name":"树咖啡","related_osm_ids":["node/8780191771"]}},{"type":"Feature","id":"node/8780339567","geometry":{"type":"Point","coordinates":[118.7801019,32.0244748]},"properties":{"osm_id":"node/8780339567","name":"屈臣氏","named":true,"category":"daily","kind":"chemist","location_method":"OSM 节点","access":"未标注","source_date":"2026-09-12T02:20:24Z","original_name":"屈臣氏","related_osm_ids":["node/8780339567"]}},{"type":"Feature","id":"node/8780339572","geometry":{"type":"Point","coordinates":[118.7807753,32.0239277]},"properties":{"osm_id":"node/8780339572","name":"喜鼎川渝火锅","named":true,"category":"daily","kind":"restaurant","location_method":"OSM 节点","access":"未标注","source_date":"2026-09-12T02:20:24Z","original_name":"喜鼎川渝火锅","related_osm_ids":["node/8780339572"]}},{"type":"Feature","id":"node/8780339573","geometry":{"type":"Point","coordinates":[118.780562,32.0239375]},"properties":{"osm_id":"node/8780339573","name":"宽窄巷子","named":true,"category":"daily","kind":"restaurant","location_method":"OSM 节点","access":"未标注","source_date":"2026-09-12T02:20:24Z","original_name":"宽窄巷子","related_osm_ids":["node/8780339573"]}},{"type":"Feature","id":"node/8780339576","geometry":{"type":"Point","coordinates":[118.7796221,32.0242035]},"properties":{"osm_id":"node/8780339576","name":"LAVA 餐吧","named":true,"category":"daily","kind":"restaurant","location_method":"OSM 节点","access":"未标注","source_date":"2026-09-12T02:20:24Z","original_name":"LAVA 餐吧","related_osm_ids":["node/8780339576"]}},{"type":"Feature","id":"node/8780339581","geometry":{"type":"Point","coordinates":[118.7797848,32.0245175]},"properties":{"osm_id":"node/8780339581","name":"老城南旧事","named":true,"category":"daily","kind":"restaurant","location_method":"OSM 节点","access":"未标注","source_date":"2026-09-12T02:20:24Z","original_name":"老城南旧事","related_osm_ids":["node/8780339581"]}},{"type":"Feature","id":"node/8787867081","geometry":{"type":"Point","coordinates":[118.915664,32.1249687]},"properties":{"osm_id":"node/8787867081","name":"南京技师学院","named":true,"category":"transit","kind":"bus_stop","location_method":"OSM 节点","access":"未标注","source_date":"2026-09-12T02:20:24Z","original_name":"南京技师学院","related_osm_ids":["node/8787867081"]}},{"type":"Feature","id":"node/8787867083","geometry":{"type":"Point","coordinates":[118.9154631,32.1178462]},"properties":{"osm_id":"node/8787867083","name":"学海路","named":true,"category":"transit","kind":"bus_stop","location_method":"OSM 节点","access":"未标注","source_date":"2026-09-12T02:20:24Z","original_name":"学海路","related_osm_ids":["node/8787867083","node/8787867084"]}},{"type":"Feature","id":"node/8787867085","geometry":{"type":"Point","coordinates":[118.9101877,32.110224]},"properties":{"osm_id":"node/8787867085","name":"文澜路","named":true,"category":"transit","kind":"bus_stop","location_method":"OSM 节点","access":"未标注","source_date":"2026-09-12T02:20:24Z","original_name":"文澜路","related_osm_ids":["node/8787867085"]}},{"type":"Feature","id":"node/8787867087","geometry":{"type":"Point","coordinates":[118.9087921,32.0996912]},"properties":{"osm_id":"node/8787867087","name":"学衡路·亚东新城区","named":true,"category":"transit","kind":"bus_stop","location_method":"OSM 节点","access":"未标注","source_date":"2026-09-12T02:20:24Z","original_name":"学衡路·亚东新城区","related_osm_ids":["node/8787867087","node/8787867088"]}},{"type":"Feature","id":"node/8787867090","geometry":{"type":"Point","coordinates":[118.9047559,32.0896812]},"properties":{"osm_id":"node/8787867090","name":"仙鹤门东","named":true,"category":"transit","kind":"bus_stop","location_method":"OSM 节点","access":"未标注","source_date":"2026-09-12T02:20:24Z","original_name":"仙鹤门东","related_osm_ids":["node/8787867090","node/8787867091"]}},{"type":"Feature","id":"node/8787867092","geometry":{"type":"Point","coordinates":[118.9012497,32.0878278]},"properties":{"osm_id":"node/8787867092","name":"仙鹤门地铁站","named":true,"category":"transit","kind":"bus_stop","location_method":"OSM 节点","access":"未标注","source_date":"2026-09-12T02:20:24Z","original_name":"仙鹤门地铁站","related_osm_ids":["node/8787867092"]}},{"type":"Feature","id":"node/8787867093","geometry":{"type":"Point","coordinates":[118.9001146,32.0864663]},"properties":{"osm_id":"node/8787867093","name":"仙鹤门地铁站","named":true,"category":"transit","kind":"bus_stop","location_method":"OSM 节点","access":"未标注","source_date":"2026-09-12T02:20:24Z","original_name":"仙鹤门地铁站","related_osm_ids":["node/8787867093"]}},{"type":"Feature","id":"node/8787867095","geometry":{"type":"Point","coordinates":[118.8999113,32.0843449]},"properties":{"osm_id":"node/8787867095","name":"石狮路北","named":true,"category":"transit","kind":"bus_stop","location_method":"OSM 节点","access":"未标注","source_date":"2026-09-12T02:20:24Z","original_name":"石狮路北","related_osm_ids":["node/8787867095"]}},{"type":"Feature","id":"node/8787867096","geometry":{"type":"Point","coordinates":[118.9009281,32.083567]},"properties":{"osm_id":"node/8787867096","name":"石狮路北","named":true,"category":"transit","kind":"bus_stop","location_method":"OSM 节点","access":"未标注","source_date":"2026-09-12T02:20:24Z","original_name":"石狮路北","related_osm_ids":["node/8787867096"]}},{"type":"Feature","id":"node/8787867097","geometry":{"type":"Point","coordinates":[118.9033297,32.0746289]},"properties":{"osm_id":"node/8787867097","name":"金马路地铁站","named":true,"category":"transit","kind":"bus_stop","location_method":"OSM 节点","access":"未标注","source_date":"2026-09-12T02:20:24Z","original_name":"金马路地铁站","related_osm_ids":["node/8787867097","node/8787867098"]}},{"type":"Feature","id":"node/8787867099","geometry":{"type":"Point","coordinates":[118.9029338,32.0690384]},"properties":{"osm_id":"node/8787867099","name":"紫金上林苑","named":true,"category":"transit","kind":"bus_stop","location_method":"OSM 节点","access":"未标注","source_date":"2026-09-12T02:20:24Z","original_name":"紫金上林苑","related_osm_ids":["node/8787867099"]}},{"type":"Feature","id":"node/8787867100","geometry":{"type":"Point","coordinates":[118.9039731,32.0696742]},"properties":{"osm_id":"node/8787867100","name":"紫金上林苑","named":true,"category":"transit","kind":"bus_stop","location_method":"OSM 节点","access":"未标注","source_date":"2026-09-12T02:20:24Z","original_name":"紫金上林苑","related_osm_ids":["node/8787867100"]}},{"type":"Feature","id":"node/8787867101","geometry":{"type":"Point","coordinates":[118.8955258,32.0692301]},"properties":{"osm_id":"node/8787867101","name":"金马路","named":true,"category":"transit","kind":"bus_stop","location_method":"OSM 节点","access":"未标注","source_date":"2026-09-12T02:20:24Z","original_name":"金马路","related_osm_ids":["node/8787867101","node/8787867102"]}},{"type":"Feature","id":"node/8787867103","geometry":{"type":"Point","coordinates":[118.8889748,32.0696079]},"properties":{"osm_id":"node/8787867103","name":"黄庄一号路","named":true,"category":"transit","kind":"bus_stop","location_method":"OSM 节点","access":"未标注","source_date":"2026-09-12T02:20:24Z","original_name":"黄庄一号路","related_osm_ids":["node/8787867103"]}},{"type":"Feature","id":"node/8787867106","geometry":{"type":"Point","coordinates":[118.8890208,32.0688522]},"properties":{"osm_id":"node/8787867106","name":"黄庄一号路","named":true,"category":"transit","kind":"bus_stop","location_method":"OSM 节点","access":"未标注","source_date":"2026-09-12T02:20:24Z","original_name":"黄庄一号路","related_osm_ids":["node/8787867106"]}},{"type":"Feature","id":"node/8787867107","geometry":{"type":"Point","coordinates":[118.8679769,32.1144736]},"properties":{"osm_id":"node/8787867107","name":"尧化新村","named":true,"category":"transit","kind":"bus_stop","location_method":"OSM 节点","access":"未标注","source_date":"2026-09-12T02:20:24Z","original_name":"尧化新村","related_osm_ids":["node/8787867107","node/8787867108"]}},{"type":"Feature","id":"node/8788443817","geometry":{"type":"Point","coordinates":[118.79556,32.0494586]},"properties":{"osm_id":"node/8788443817","name":"星巴克","named":true,"category":"daily","kind":"cafe","location_method":"OSM 节点","access":"未标注","source_date":"2026-09-12T02:20:24Z","original_name":"星巴克","related_osm_ids":["node/8788443817"]}},{"type":"Feature","id":"node/8788443818","geometry":{"type":"Point","coordinates":[118.7956595,32.0492876]},"properties":{"osm_id":"node/8788443818","name":"Apple Store","named":true,"category":"daily","kind":"electronics","location_method":"OSM 节点","access":"未标注","source_date":"2026-09-12T02:20:24Z","original_name":"Apple Store","related_osm_ids":["node/8788443818"]}},{"type":"Feature","id":"node/8788443819","geometry":{"type":"Point","coordinates":[118.7944422,32.0496672]},"properties":{"osm_id":"node/8788443819","name":"汉堡王","named":true,"category":"daily","kind":"fast_food","location_method":"OSM 节点","access":"未标注","source_date":"2026-09-12T02:20:24Z","original_name":"汉堡王","related_osm_ids":["node/8788443819"]}},{"type":"Feature","id":"node/8788454097","geometry":{"type":"Point","coordinates":[118.793937,32.0497994]},"properties":{"osm_id":"node/8788454097","name":"中国移动","named":true,"category":"daily","kind":"telecommunication","location_method":"OSM 节点","access":"未标注","source_date":"2026-09-12T02:20:24Z","original_name":"中国移动","related_osm_ids":["node/8788454097"]}},{"type":"Feature","id":"node/8788454098","geometry":{"type":"Point","coordinates":[118.7953001,32.0495098]},"properties":{"osm_id":"node/8788454098","name":"IN FAB 西餐馆","named":true,"category":"daily","kind":"restaurant","location_method":"OSM 节点","access":"未标注","source_date":"2026-09-12T02:20:24Z","original_name":"IN FAB 西餐馆","related_osm_ids":["node/8788454098"]}},{"type":"Feature","id":"node/8794529019","geometry":{"type":"Point","coordinates":[118.7822306,32.013581]},"properties":{"osm_id":"node/8794529019","name":"问柳菜馆","named":true,"category":"daily","kind":"restaurant","location_method":"OSM 节点","access":"未标注","source_date":"2026-09-12T02:20:24Z","original_name":"问柳菜馆","related_osm_ids":["node/8794529019"]}},{"type":"Feature","id":"node/8794572430","geometry":{"type":"Point","coordinates":[118.7761754,32.0255707]},"properties":{"osm_id":"node/8794572430","name":"未命名生活服务","named":false,"category":"daily","kind":"cafe","location_method":"OSM 节点","access":"未标注","source_date":"2026-09-12T02:20:24Z","related_osm_ids":["node/8794572430"]}},{"type":"Feature","id":"node/8808711994","geometry":{"type":"Point","coordinates":[118.8830173,32.0520739]},"properties":{"osm_id":"node/8808711994","name":"中国工商银行","named":true,"category":"daily","kind":"bank","location_method":"OSM 节点","access":"未标注","source_date":"2026-09-12T02:20:24Z","original_name":"中国工商银行","related_osm_ids":["node/8808711994"]}},{"type":"Feature","id":"node/8808711995","geometry":{"type":"Point","coordinates":[118.8825063,32.0523027]},"properties":{"osm_id":"node/8808711995","name":"中国农业银行","named":true,"category":"daily","kind":"bank","location_method":"OSM 节点","access":"未标注","source_date":"2026-09-12T02:20:24Z","original_name":"中国农业银行","related_osm_ids":["node/8808711995"]}},{"type":"Feature","id":"node/8891879564","geometry":{"type":"Point","coordinates":[118.7841205,32.061195]},"properties":{"osm_id":"node/8891879564","name":"海底捞火锅","named":true,"category":"daily","kind":"restaurant","location_method":"OSM 节点","access":"未标注","source_date":"2026-09-12T02:20:24Z","original_name":"海底捞火锅","related_osm_ids":["node/8891879564"]}},{"type":"Feature","id":"node/8891979742","geometry":{"type":"Point","coordinates":[118.7812492,32.041765]},"properties":{"osm_id":"node/8891979742","name":"海澜之家","named":true,"category":"daily","kind":"clothes","location_method":"OSM 节点","access":"未标注","source_date":"2026-09-12T02:20:24Z","original_name":"海澜之家","related_osm_ids":["node/8891979742"]}},{"type":"Feature","id":"node/8891979744","geometry":{"type":"Point","coordinates":[118.7811226,32.0421417]},"properties":{"osm_id":"node/8891979744","name":"吉祥馄饨","named":true,"category":"daily","kind":"restaurant","location_method":"OSM 节点","access":"未标注","source_date":"2026-09-12T02:20:24Z","original_name":"吉祥馄饨","related_osm_ids":["node/8891979744"]}},{"type":"Feature","id":"node/8891979745","geometry":{"type":"Point","coordinates":[118.780455,32.0422782]},"properties":{"osm_id":"node/8891979745","name":"正宗西安凉皮","named":true,"category":"daily","kind":"restaurant","location_method":"OSM 节点","access":"未标注","source_date":"2026-09-12T02:20:24Z","original_name":"正宗西安凉皮","related_osm_ids":["node/8891979745"]}},{"type":"Feature","id":"node/8891979746","geometry":{"type":"Point","coordinates":[118.7803054,32.0418743]},"properties":{"osm_id":"node/8891979746","name":"南京时尚莱迪购物广场","named":true,"category":"daily","kind":"mall","location_method":"OSM 节点","access":"未标注","source_date":"2026-09-12T02:20:24Z","original_name":"南京时尚莱迪购物广场","related_osm_ids":["node/8891979746"]}},{"type":"Feature","id":"node/8891985526","geometry":{"type":"Point","coordinates":[118.78014,32.0416206]},"properties":{"osm_id":"node/8891985526","name":"鱼酷活鱼现烤","named":true,"category":"daily","kind":"restaurant","location_method":"OSM 节点","access":"未标注","source_date":"2026-09-12T02:20:24Z","original_name":"鱼酷活鱼现烤","related_osm_ids":["node/8891985526"]}},{"type":"Feature","id":"node/8892028868","geometry":{"type":"Point","coordinates":[118.7815441,32.0414026]},"properties":{"osm_id":"node/8892028868","name":"屈臣氏","named":true,"category":"health","kind":"pharmacy","location_method":"OSM 节点","access":"未标注","source_date":"2026-09-12T02:20:24Z","original_name":"屈臣氏","related_osm_ids":["node/8892028868"]}},{"type":"Feature","id":"node/8894575357","geometry":{"type":"Point","coordinates":[118.7806539,32.0411161]},"properties":{"osm_id":"node/8894575357","name":"Vivo","named":true,"category":"daily","kind":"mobile_phone","location_method":"OSM 节点","access":"未标注","source_date":"2026-09-12T02:20:24Z","original_name":"Vivo","related_osm_ids":["node/8894575357"]}},{"type":"Feature","id":"node/8894575358","geometry":{"type":"Point","coordinates":[118.7805657,32.040744]},"properties":{"osm_id":"node/8894575358","name":"周生生","named":true,"category":"daily","kind":"jewelry","location_method":"OSM 节点","access":"未标注","source_date":"2026-09-12T02:20:24Z","original_name":"周生生","related_osm_ids":["node/8894575358"]}},{"type":"Feature","id":"node/8894575359","geometry":{"type":"Point","coordinates":[118.7805847,32.0403754]},"properties":{"osm_id":"node/8894575359","name":"罗森","named":true,"category":"daily","kind":"convenience","location_method":"OSM 节点","access":"未标注","source_date":"2026-09-12T02:20:24Z","original_name":"罗森","related_osm_ids":["node/8894575359"]}},{"type":"Feature","id":"node/8894575363","geometry":{"type":"Point","coordinates":[118.7810473,32.0409032]},"properties":{"osm_id":"node/8894575363","name":"回味","named":true,"category":"daily","kind":"restaurant","location_method":"OSM 节点","access":"未标注","source_date":"2026-09-12T02:20:24Z","original_name":"回味","related_osm_ids":["node/8894575363"]}},{"type":"Feature","id":"node/8894575365","geometry":{"type":"Point","coordinates":[118.7810524,32.0405696]},"properties":{"osm_id":"node/8894575365","name":"中国移动","named":true,"category":"daily","kind":"telecommunication","location_method":"OSM 节点","access":"未标注","source_date":"2026-09-12T02:20:24Z","original_name":"中国移动","related_osm_ids":["node/8894575365"]}},{"type":"Feature","id":"node/8904177117","geometry":{"type":"Point","coordinates":[118.9151905,32.1015195]},"properties":{"osm_id":"node/8904177117","name":"轩德堂中医门诊","named":true,"category":"health","kind":"clinic","location_method":"OSM 节点","access":"未标注","source_date":"2026-09-12T02:20:24Z","original_name":"轩德堂中医门诊","related_osm_ids":["node/8904177117"]}},{"type":"Feature","id":"node/8906896710","geometry":{"type":"Point","coordinates":[118.7829607,32.014877]},"properties":{"osm_id":"node/8906896710","name":"红公馆","named":true,"category":"daily","kind":"restaurant","location_method":"OSM 节点","access":"未标注","source_date":"2026-09-12T02:20:24Z","original_name":"红公馆","related_osm_ids":["node/8906896710","way/1047319836"]}},{"type":"Feature","id":"node/8906896711","geometry":{"type":"Point","coordinates":[118.7820824,32.0136881]},"properties":{"osm_id":"node/8906896711","name":"门东水铺","named":true,"category":"daily","kind":"cafe","location_method":"OSM 节点","access":"未标注","source_date":"2026-09-12T02:20:24Z","original_name":"门东水铺","related_osm_ids":["node/8906896711"]}},{"type":"Feature","id":"node/8908914117","geometry":{"type":"Point","coordinates":[118.7874986,32.0180491]},"properties":{"osm_id":"node/8908914117","name":"紫藤大院","named":true,"category":"daily","kind":"restaurant","location_method":"OSM 节点","access":"未标注","source_date":"2026-09-12T02:20:24Z","original_name":"紫藤大院","related_osm_ids":["node/8908914117"]}},{"type":"Feature","id":"node/8909578821","geometry":{"type":"Point","coordinates":[118.780819,32.0292379]},"properties":{"osm_id":"node/8909578821","name":"未命名生活服务","named":false,"category":"daily","kind":"restaurant","location_method":"OSM 节点","access":"未标注","source_date":"2026-09-12T02:20:24Z","related_osm_ids":["node/8909578821"]}},{"type":"Feature","id":"node/8932250336","geometry":{"type":"Point","coordinates":[118.919542,32.0407776]},"properties":{"osm_id":"node/8932250336","name":"麒麟工业园","named":true,"category":"transit","kind":"bus_stop","location_method":"OSM 节点","access":"未标注","source_date":"2026-09-12T02:20:24Z","original_name":"麒麟工业园","related_osm_ids":["node/8932250336"]}},{"type":"Feature","id":"node/8932250394","geometry":{"type":"Point","coordinates":[118.8671993,32.1249494]},"properties":{"osm_id":"node/8932250394","name":"栖霞公园路","named":true,"category":"transit","kind":"bus_stop","location_method":"OSM 节点","access":"未标注","source_date":"2026-09-12T02:20:24Z","original_name":"栖霞公园路","related_osm_ids":["node/8932250394","node/8932250395"]}},{"type":"Feature","id":"node/8932250396","geometry":{"type":"Point","coordinates":[118.8637633,32.1235297]},"properties":{"osm_id":"node/8932250396","name":"金尧路·尧新大道","named":true,"category":"transit","kind":"bus_stop","location_method":"OSM 节点","access":"未标注","source_date":"2026-09-12T02:20:24Z","original_name":"金尧路·尧新大道","related_osm_ids":["node/8932250396"]}},{"type":"Feature","id":"node/8932250397","geometry":{"type":"Point","coordinates":[118.8617946,32.1214966]},"properties":{"osm_id":"node/8932250397","name":"金尧路·燕西路","named":true,"category":"transit","kind":"bus_stop","location_method":"OSM 节点","access":"未标注","source_date":"2026-09-12T02:20:24Z","original_name":"金尧路·燕西路","related_osm_ids":["node/8932250397"]}},{"type":"Feature","id":"node/8932250398","geometry":{"type":"Point","coordinates":[118.85801,32.113148]},"properties":{"osm_id":"node/8932250398","name":"瑞霞路·银贡南路","named":true,"category":"transit","kind":"bus_stop","location_method":"OSM 节点","access":"未标注","source_date":"2026-09-12T02:20:24Z","original_name":"瑞霞路·银贡南路","related_osm_ids":["node/8932250398"]}},{"type":"Feature","id":"node/8932250399","geometry":{"type":"Point","coordinates":[118.8597025,32.1116054]},"properties":{"osm_id":"node/8932250399","name":"瑞霞路·银贡南路","named":true,"category":"transit","kind":"bus_stop","location_method":"OSM 节点","access":"未标注","source_date":"2026-09-12T02:20:24Z","original_name":"瑞霞路·银贡南路","related_osm_ids":["node/8932250399"]}},{"type":"Feature","id":"node/8932250400","geometry":{"type":"Point","coordinates":[118.8284562,32.0867875]},"properties":{"osm_id":"node/8932250400","name":"樱驼花园","named":true,"category":"transit","kind":"bus_stop","location_method":"OSM 节点","access":"未标注","source_date":"2026-09-12T02:20:24Z","original_name":"樱驼花园","related_osm_ids":["node/8932250400"]}},{"type":"Feature","id":"node/8932250401","geometry":{"type":"Point","coordinates":[118.8312148,32.0872636]},"properties":{"osm_id":"node/8932250401","name":"樱驼花园东","named":true,"category":"transit","kind":"bus_stop","location_method":"OSM 节点","access":"未标注","source_date":"2026-09-12T02:20:24Z","original_name":"樱驼花园东","related_osm_ids":["node/8932250401"]}},{"type":"Feature","id":"node/8932250402","geometry":{"type":"Point","coordinates":[118.8342111,32.0879318]},"properties":{"osm_id":"node/8932250402","name":"蒋王庙街·东方路","named":true,"category":"transit","kind":"bus_stop","location_method":"OSM 节点","access":"未标注","source_date":"2026-09-12T02:20:24Z","original_name":"蒋王庙街·东方路","related_osm_ids":["node/8932250402"]}},{"type":"Feature","id":"node/8932250403","geometry":{"type":"Point","coordinates":[118.8381261,32.0898469]},"properties":{"osm_id":"node/8932250403","name":"蒋王庙街东","named":true,"category":"transit","kind":"bus_stop","location_method":"OSM 节点","access":"未标注","source_date":"2026-09-12T02:20:24Z","original_name":"蒋王庙街东","related_osm_ids":["node/8932250403"]}},{"type":"Feature","id":"node/8932250404","geometry":{"type":"Point","coordinates":[118.8413663,32.0920994]},"properties":{"osm_id":"node/8932250404","name":"抗日航空纪念馆","named":true,"category":"transit","kind":"bus_stop","location_method":"OSM 节点","access":"未标注","source_date":"2026-09-12T02:20:24Z","original_name":"抗日航空纪念馆","related_osm_ids":["node/8932250404"]}},{"type":"Feature","id":"node/8932250405","geometry":{"type":"Point","coordinates":[118.8987121,32.1226824]},"properties":{"osm_id":"node/8932250405","name":"仙新路·科创路","named":true,"category":"transit","kind":"bus_stop","location_method":"OSM 节点","access":"未标注","source_date":"2026-09-12T02:20:24Z","original_name":"仙新路·科创路","related_osm_ids":["node/8932250405"]}},{"type":"Feature","id":"node/8932250406","geometry":{"type":"Point","coordinates":[118.8987233,32.1217372]},"properties":{"osm_id":"node/8932250406","name":"仙新路·科创路","named":true,"category":"transit","kind":"bus_stop","location_method":"OSM 节点","access":"未标注","source_date":"2026-09-12T02:20:24Z","original_name":"仙新路·科创路","related_osm_ids":["node/8932250406"]}},{"type":"Feature","id":"node/8932250407","geometry":{"type":"Point","coordinates":[118.9035,32.1154505]},"properties":{"osm_id":"node/8932250407","name":"学林路","named":true,"category":"transit","kind":"bus_stop","location_method":"OSM 节点","access":"未标注","source_date":"2026-09-12T02:20:24Z","original_name":"学林路","related_osm_ids":["node/8932250407","node/8932250408"]}},{"type":"Feature","id":"node/8932250409","geometry":{"type":"Point","coordinates":[118.9132871,32.0980744]},"properties":{"osm_id":"node/8932250409","name":"文范路","named":true,"category":"transit","kind":"bus_stop","location_method":"OSM 节点","access":"未标注","source_date":"2026-09-12T02:20:24Z","original_name":"文范路","related_osm_ids":["node/8932250409"]}},{"type":"Feature","id":"node/8932250410","geometry":{"type":"Point","coordinates":[118.9122088,32.0973541]},"properties":{"osm_id":"node/8932250410","name":"文范路","named":true,"category":"transit","kind":"bus_stop","location_method":"OSM 节点","access":"未标注","source_date":"2026-09-12T02:20:24Z","original_name":"文范路","related_osm_ids":["node/8932250410"]}},{"type":"Feature","id":"node/8932250411","geometry":{"type":"Point","coordinates":[118.9164606,32.1012796]},"properties":{"osm_id":"node/8932250411","name":"学津路","named":true,"category":"transit","kind":"bus_stop","location_method":"OSM 节点","access":"未标注","source_date":"2026-09-12T02:20:24Z","original_name":"学津路","related_osm_ids":["node/8932250411"]}},{"type":"Feature","id":"node/8932250412","geometry":{"type":"Point","coordinates":[118.9150926,32.100935]},"properties":{"osm_id":"node/8932250412","name":"学津路","named":true,"category":"transit","kind":"bus_stop","location_method":"OSM 节点","access":"未标注","source_date":"2026-09-12T02:20:24Z","original_name":"学津路","related_osm_ids":["node/8932250412"]}},{"type":"Feature","id":"node/8932250431","geometry":{"type":"Point","coordinates":[118.9024797,32.0810564]},"properties":{"osm_id":"node/8932250431","name":"紫东创意园","named":true,"category":"transit","kind":"bus_stop","location_method":"OSM 节点","access":"未标注","source_date":"2026-09-12T02:20:24Z","original_name":"紫东创意园","related_osm_ids":["node/8932250431"]}},{"type":"Feature","id":"node/8932250432","geometry":{"type":"Point","coordinates":[118.9025804,32.0800259]},"properties":{"osm_id":"node/8932250432","name":"紫东创意园","named":true,"category":"transit","kind":"bus_stop","location_method":"OSM 节点","access":"未标注","source_date":"2026-09-12T02:20:24Z","original_name":"紫东创意园","related_osm_ids":["node/8932250432"]}},{"type":"Feature","id":"node/8932250433","geometry":{"type":"Point","coordinates":[118.912531,32.0944538]},"properties":{"osm_id":"node/8932250433","name":"学则路地铁站","named":true,"category":"transit","kind":"bus_stop","location_method":"OSM 节点","access":"未标注","source_date":"2026-09-12T02:20:24Z","original_name":"学则路地铁站","related_osm_ids":["node/8932250433","node/8932250434"]}},{"type":"Feature","id":"node/8932250435","geometry":{"type":"Point","coordinates":[118.9103898,32.1072677]},"properties":{"osm_id":"node/8932250435","name":"南京师范大学东门","named":true,"category":"transit","kind":"bus_stop","location_method":"OSM 节点","access":"未标注","source_date":"2026-09-12T02:20:24Z","original_name":"南京师范大学东门","related_osm_ids":["node/8932250435","node/8932250436"]}},{"type":"Feature","id":"node/8932250437","geometry":{"type":"Point","coordinates":[118.9028059,32.124628]},"properties":{"osm_id":"node/8932250437","name":"金港科创园","named":true,"category":"transit","kind":"bus_stop","location_method":"OSM 节点","access":"未标注","source_date":"2026-09-12T02:20:24Z","original_name":"金港科创园","related_osm_ids":["node/8932250437"]}},{"type":"Feature","id":"node/8932250446","geometry":{"type":"Point","coordinates":[118.9169142,32.0889217]},"properties":{"osm_id":"node/8932250446","name":"学则路南","named":true,"category":"transit","kind":"bus_stop","location_method":"OSM 节点","access":"未标注","source_date":"2026-09-12T02:20:24Z","original_name":"学则路南","related_osm_ids":["node/8932250446"]}},{"type":"Feature","id":"node/8932250447","geometry":{"type":"Point","coordinates":[118.9161533,32.0895304]},"properties":{"osm_id":"node/8932250447","name":"学则路南","named":true,"category":"transit","kind":"bus_stop","location_method":"OSM 节点","access":"未标注","source_date":"2026-09-12T02:20:24Z","original_name":"学则路南","related_osm_ids":["node/8932250447"]}},{"type":"Feature","id":"node/8932250448","geometry":{"type":"Point","coordinates":[118.9148332,32.0916803]},"properties":{"osm_id":"node/8932250448","name":"学则路北","named":true,"category":"transit","kind":"bus_stop","location_method":"OSM 节点","access":"未标注","source_date":"2026-09-12T02:20:24Z","original_name":"学则路北","related_osm_ids":["node/8932250448","node/8932250449"]}},{"type":"Feature","id":"node/8932250450","geometry":{"type":"Point","coordinates":[118.9100591,32.0965046]},"properties":{"osm_id":"node/8932250450","name":"文范路·学衡路","named":true,"category":"transit","kind":"bus_stop","location_method":"OSM 节点","access":"未标注","source_date":"2026-09-12T02:20:24Z","original_name":"文范路·学衡路","related_osm_ids":["node/8932250450","node/8932250451"]}},{"type":"Feature","id":"node/8932250452","geometry":{"type":"Point","coordinates":[118.9069411,32.0947326]},"properties":{"osm_id":"node/8932250452","name":"文范路西","named":true,"category":"transit","kind":"bus_stop","location_method":"OSM 节点","access":"未标注","source_date":"2026-09-12T02:20:24Z","original_name":"文范路西","related_osm_ids":["node/8932250452","node/8932250453"]}},{"type":"Feature","id":"node/8932250454","geometry":{"type":"Point","coordinates":[118.9046477,32.0945257]},"properties":{"osm_id":"node/8932250454","name":"仙隐北路·文范路","named":true,"category":"transit","kind":"bus_stop","location_method":"OSM 节点","access":"未标注","source_date":"2026-09-12T02:20:24Z","original_name":"仙隐北路·文范路","related_osm_ids":["node/8932250454"]}},{"type":"Feature","id":"node/8932250455","geometry":{"type":"Point","coordinates":[118.9010731,32.0972452]},"properties":{"osm_id":"node/8932250455","name":"听泉山庄","named":true,"category":"transit","kind":"bus_stop","location_method":"OSM 节点","access":"未标注","source_date":"2026-09-12T02:20:24Z","original_name":"听泉山庄","related_osm_ids":["node/8932250455"]}},{"type":"Feature","id":"node/8932250456","geometry":{"type":"Point","coordinates":[118.899714,32.0978748]},"properties":{"osm_id":"node/8932250456","name":"听泉山庄","named":true,"category":"transit","kind":"bus_stop","location_method":"OSM 节点","access":"未标注","source_date":"2026-09-12T02:20:24Z","original_name":"听泉山庄","related_osm_ids":["node/8932250456"]}},{"type":"Feature","id":"node/8932250457","geometry":{"type":"Point","coordinates":[118.8954281,32.0999945]},"properties":{"osm_id":"node/8932250457","name":"雁鸣山庄","named":true,"category":"transit","kind":"bus_stop","location_method":"OSM 节点","access":"未标注","source_date":"2026-09-12T02:20:24Z","original_name":"雁鸣山庄","related_osm_ids":["node/8932250457"]}},{"type":"Feature","id":"node/8932250458","geometry":{"type":"Point","coordinates":[118.8944265,32.1003363]},"properties":{"osm_id":"node/8932250458","name":"雁鸣山庄","named":true,"category":"transit","kind":"bus_stop","location_method":"OSM 节点","access":"未标注","source_date":"2026-09-12T02:20:24Z","original_name":"雁鸣山庄","related_osm_ids":["node/8932250458"]}},{"type":"Feature","id":"node/8932250459","geometry":{"type":"Point","coordinates":[118.8900591,32.1018503]},"properties":{"osm_id":"node/8932250459","name":"亚东花园城","named":true,"category":"transit","kind":"bus_stop","location_method":"OSM 节点","access":"未标注","source_date":"2026-09-12T02:20:24Z","original_name":"亚东花园城","related_osm_ids":["node/8932250459"]}},{"type":"Feature","id":"node/8932250460","geometry":{"type":"Point","coordinates":[118.8906148,32.1009599]},"properties":{"osm_id":"node/8932250460","name":"亚东花园城","named":true,"category":"transit","kind":"bus_stop","location_method":"OSM 节点","access":"未标注","source_date":"2026-09-12T02:20:24Z","original_name":"亚东花园城","related_osm_ids":["node/8932250460"]}},{"type":"Feature","id":"node/8932250461","geometry":{"type":"Point","coordinates":[118.8894221,32.1037181]},"properties":{"osm_id":"node/8932250461","name":"尧胜村","named":true,"category":"transit","kind":"bus_stop","location_method":"OSM 节点","access":"未标注","source_date":"2026-09-12T02:20:24Z","original_name":"尧胜村","related_osm_ids":["node/8932250461","node/8932250462"]}},{"type":"Feature","id":"node/8932250463","geometry":{"type":"Point","coordinates":[118.8869836,32.1059276]},"properties":{"osm_id":"node/8932250463","name":"仙尧路·白金汉爵","named":true,"category":"transit","kind":"bus_stop","location_method":"OSM 节点","access":"未标注","source_date":"2026-09-12T02:20:24Z","original_name":"仙尧路·白金汉爵","related_osm_ids":["node/8932250463","node/8932250464"]}},{"type":"Feature","id":"node/8932250475","geometry":{"type":"Point","coordinates":[118.8787636,32.1068067]},"properties":{"osm_id":"node/8932250475","name":"花卉物流中心","named":true,"category":"transit","kind":"bus_stop","location_method":"OSM 节点","access":"未标注","source_date":"2026-09-12T02:20:24Z","original_name":"花卉物流中心","related_osm_ids":["node/8932250475","node/8932250476"]}},{"type":"Feature","id":"node/8932250486","geometry":{"type":"Point","coordinates":[118.8741814,32.1069058]},"properties":{"osm_id":"node/8932250486","name":"海子口","named":true,"category":"transit","kind":"bus_stop","location_method":"OSM 节点","access":"未标注","source_date":"2026-09-12T02:20:24Z","original_name":"海子口","related_osm_ids":["node/8932250486","node/8932250487"]}},{"type":"Feature","id":"node/8932250498","geometry":{"type":"Point","coordinates":[118.8652105,32.1220196]},"properties":{"osm_id":"node/8932250498","name":"计算机中心","named":true,"category":"transit","kind":"bus_stop","location_method":"OSM 节点","access":"未标注","source_date":"2026-09-12T02:20:24Z","original_name":"计算机中心","related_osm_ids":["node/8932250498","node/8932250504"]}},{"type":"Feature","id":"node/9012819592","geometry":{"type":"Point","coordinates":[118.7760875,32.0507783]},"properties":{"osm_id":"node/9012819592","name":"学生食堂","named":true,"category":"daily","kind":"restaurant","location_method":"OSM 节点","access":"未标注","source_date":"2026-09-12T02:20:24Z","original_name":"学生食堂","related_osm_ids":["node/9012819592"]}},{"type":"Feature","id":"node/9024161559","geometry":{"type":"Point","coordinates":[118.7891702,32.0198561]},"properties":{"osm_id":"node/9024161559","name":"状元桥（金陵闸）","named":true,"category":"heritage","kind":"ruins","location_method":"OSM 节点","access":"未标注","source_date":"2026-09-12T02:20:24Z","original_name":"状元桥（金陵闸）","related_osm_ids":["node/9024161559"]}},{"type":"Feature","id":"node/9082359128","geometry":{"type":"Point","coordinates":[118.7893285,32.0554225]},"properties":{"osm_id":"node/9082359128","name":"未命名生活服务","named":false,"category":"daily","kind":"cafe","location_method":"OSM 节点","access":"未标注","source_date":"2026-09-12T02:20:24Z","related_osm_ids":["node/9082359128"]}},{"type":"Feature","id":"node/9163767699","geometry":{"type":"Point","coordinates":[118.8044693,32.1049091]},"properties":{"osm_id":"node/9163767699","name":"迈皋桥","named":true,"category":"transit","kind":"station","location_method":"OSM 节点","access":"未标注","source_date":"2026-09-12T02:20:24Z","original_name":"迈皋桥","related_osm_ids":["node/9163767699"]}},{"type":"Feature","id":"node/9163767700","geometry":{"type":"Point","coordinates":[118.8135901,32.1194643]},"properties":{"osm_id":"node/9163767700","name":"晓庄","named":true,"category":"transit","kind":"station","location_method":"OSM 节点","access":"未标注","source_date":"2026-09-12T02:20:24Z","original_name":"晓庄","related_osm_ids":["node/9163767700"]}},{"type":"Feature","id":"node/9163767703","geometry":{"type":"Point","coordinates":[118.793453,32.1165392]},"properties":{"osm_id":"node/9163767703","name":"幕府山","named":true,"category":"transit","kind":"station","location_method":"OSM 节点","access":"未标注","source_date":"2026-09-12T02:20:24Z","original_name":"幕府山","related_osm_ids":["node/9163767703"]}},{"type":"Feature","id":"node/9164163239","geometry":{"type":"Point","coordinates":[118.796859,32.097955]},"properties":{"osm_id":"node/9164163239","name":"红山动物园","named":true,"category":"transit","kind":"station","location_method":"OSM 节点","access":"未标注","source_date":"2026-09-12T02:20:24Z","original_name":"红山动物园","related_osm_ids":["node/9164163239","way/857738601"]}},{"type":"Feature","id":"node/9164163240","geometry":{"type":"Point","coordinates":[118.7914145,32.089061]},"properties":{"osm_id":"node/9164163240","name":"南京站","named":true,"category":"transit","kind":"station","location_method":"OSM 节点","access":"未标注","source_date":"2026-09-12T02:20:24Z","original_name":"南京站","related_osm_ids":["node/9164163240"]}},{"type":"Feature","id":"node/9164163241","geometry":{"type":"Point","coordinates":[118.7913519,32.0913098]},"properties":{"osm_id":"node/9164163241","name":"南京站","named":true,"category":"transit","kind":"station","location_method":"OSM 节点","access":"未标注","source_date":"2026-09-12T02:20:24Z","original_name":"南京站","related_osm_ids":["node/9164163241"]}},{"type":"Feature","id":"node/9164163242","geometry":{"type":"Point","coordinates":[118.7785505,32.0819286]},"properties":{"osm_id":"node/9164163242","name":"新模范马路","named":true,"category":"transit","kind":"station","location_method":"OSM 节点","access":"未标注","source_date":"2026-09-12T02:20:24Z","original_name":"新模范马路","related_osm_ids":["node/9164163242"]}},{"type":"Feature","id":"node/9164163243","geometry":{"type":"Point","coordinates":[118.7790054,32.0724367]},"properties":{"osm_id":"node/9164163243","name":"玄武门","named":true,"category":"transit","kind":"station","location_method":"OSM 节点","access":"未标注","source_date":"2026-09-12T02:20:24Z","original_name":"玄武门","related_osm_ids":["node/9164163243"]}},{"type":"Feature","id":"node/9164163244","geometry":{"type":"Point","coordinates":[118.778424,32.0607794]},"properties":{"osm_id":"node/9164163244","name":"鼓楼","named":true,"category":"transit","kind":"station","location_method":"OSM 节点","access":"未标注","source_date":"2026-09-12T02:20:24Z","original_name":"鼓楼","related_osm_ids":["node/9164163244","node/9164163245"]}},{"type":"Feature","id":"node/9164163246","geometry":{"type":"Point","coordinates":[118.7790309,32.0530398]},"properties":{"osm_id":"node/9164163246","name":"珠江路","named":true,"category":"transit","kind":"station","location_method":"OSM 节点","access":"未标注","source_date":"2026-09-12T02:20:24Z","original_name":"珠江路","related_osm_ids":["node/9164163246"]}},{"type":"Feature","id":"node/9164163247","geometry":{"type":"Point","coordinates":[118.7789021,32.0435852]},"properties":{"osm_id":"node/9164163247","name":"新街口","named":true,"category":"transit","kind":"station","location_method":"OSM 节点","access":"未标注","source_date":"2026-09-12T02:20:24Z","original_name":"新街口","related_osm_ids":["node/9164163247","node/9164163248"]}},{"type":"Feature","id":"node/9164163249","geometry":{"type":"Point","coordinates":[118.7786956,32.0329227]},"properties":{"osm_id":"node/9164163249","name":"张府园","named":true,"category":"transit","kind":"station","location_method":"OSM 节点","access":"未标注","source_date":"2026-09-12T02:20:24Z","original_name":"张府园","related_osm_ids":["node/9164163249"]}},{"type":"Feature","id":"node/9164163250","geometry":{"type":"Point","coordinates":[118.7763077,32.0250048]},"properties":{"osm_id":"node/9164163250","name":"三山街","named":true,"category":"transit","kind":"station","location_method":"OSM 节点","access":"未标注","source_date":"2026-09-12T02:20:24Z","original_name":"三山街","related_osm_ids":["node/9164163250"]}},{"type":"Feature","id":"node/9164163251","geometry":{"type":"Point","coordinates":[118.7692948,32.0088699]},"properties":{"osm_id":"node/9164163251","name":"中华门","named":true,"category":"transit","kind":"station","location_method":"OSM 节点","access":"未标注","source_date":"2026-09-12T02:20:24Z","original_name":"中华门","related_osm_ids":["node/9164163251","way/810034052"]}},{"type":"Feature","id":"node/9164739492","geometry":{"type":"Point","coordinates":[118.9117845,32.0936278]},"properties":{"osm_id":"node/9164739492","name":"学则路","named":true,"category":"transit","kind":"station","location_method":"OSM 节点","access":"未标注","source_date":"2026-09-12T02:20:24Z","original_name":"学则路","related_osm_ids":["node/9164739492"]}},{"type":"Feature","id":"node/9164739493","geometry":{"type":"Point","coordinates":[118.8999035,32.0872274]},"properties":{"osm_id":"node/9164739493","name":"仙鹤门","named":true,"category":"transit","kind":"station","location_method":"OSM 节点","access":"未标注","source_date":"2026-09-12T02:20:24Z","original_name":"仙鹤门","related_osm_ids":["node/9164739493"]}},{"type":"Feature","id":"node/9164739494","geometry":{"type":"Point","coordinates":[118.901253,32.0740855]},"properties":{"osm_id":"node/9164739494","name":"金马路","named":true,"category":"transit","kind":"station","location_method":"OSM 节点","access":"未标注","source_date":"2026-09-12T02:20:24Z","original_name":"金马路","related_osm_ids":["node/9164739494","node/9164739495"]}},{"type":"Feature","id":"node/9164739500","geometry":{"type":"Point","coordinates":[118.8433757,32.0398762]},"properties":{"osm_id":"node/9164739500","name":"下马坊","named":true,"category":"transit","kind":"station","location_method":"OSM 节点","access":"未标注","source_date":"2026-09-12T02:20:24Z","original_name":"下马坊","related_osm_ids":["node/9164739500"]}},{"type":"Feature","id":"node/9164739501","geometry":{"type":"Point","coordinates":[118.829969,32.0423793]},"properties":{"osm_id":"node/9164739501","name":"苜蓿园","named":true,"category":"transit","kind":"station","location_method":"OSM 节点","access":"未标注","source_date":"2026-09-12T02:20:24Z","original_name":"苜蓿园","related_osm_ids":["node/9164739501"]}},{"type":"Feature","id":"node/9164739502","geometry":{"type":"Point","coordinates":[118.8144822,32.0413753]},"properties":{"osm_id":"node/9164739502","name":"明故宫","named":true,"category":"transit","kind":"station","location_method":"OSM 节点","access":"未标注","source_date":"2026-09-12T02:20:24Z","original_name":"明故宫","related_osm_ids":["node/9164739502"]}},{"type":"Feature","id":"node/9164739506","geometry":{"type":"Point","coordinates":[118.7708082,32.0442907]},"properties":{"osm_id":"node/9164739506","name":"上海路","named":true,"category":"transit","kind":"station","location_method":"OSM 节点","access":"未标注","source_date":"2026-09-12T02:20:24Z","original_name":"上海路","related_osm_ids":["node/9164739506"]}},{"type":"Feature","id":"node/9164878204","geometry":{"type":"Point","coordinates":[118.7646919,32.1175654]},"properties":{"osm_id":"node/9164878204","name":"上元门","named":true,"category":"transit","kind":"station","location_method":"OSM 节点","access":"未标注","source_date":"2026-09-12T02:20:24Z","original_name":"上元门","related_osm_ids":["node/9164878204"]}},{"type":"Feature","id":"node/9164878205","geometry":{"type":"Point","coordinates":[118.7725137,32.1125773]},"properties":{"osm_id":"node/9164878205","name":"五塘广场","named":true,"category":"transit","kind":"station","location_method":"OSM 节点","access":"未标注","source_date":"2026-09-12T02:20:24Z","original_name":"五塘广场","related_osm_ids":["node/9164878205"]}},{"type":"Feature","id":"node/9164878206","geometry":{"type":"Point","coordinates":[118.7804641,32.0970954]},"properties":{"osm_id":"node/9164878206","name":"小市","named":true,"category":"transit","kind":"station","location_method":"OSM 节点","access":"未标注","source_date":"2026-09-12T02:20:24Z","original_name":"小市","related_osm_ids":["node/9164878206"]}},{"type":"Feature","id":"node/9164878207","geometry":{"type":"Point","coordinates":[118.7927528,32.0591776]},"properties":{"osm_id":"node/9164878207","name":"鸡鸣寺","named":true,"category":"transit","kind":"station","location_method":"OSM 节点","access":"未标注","source_date":"2026-09-12T02:20:24Z","original_name":"鸡鸣寺","related_osm_ids":["node/9164878207"]}},{"type":"Feature","id":"node/9164878208","geometry":{"type":"Point","coordinates":[118.7921868,32.0597171]},"properties":{"osm_id":"node/9164878208","name":"鸡鸣寺","named":true,"category":"transit","kind":"station","location_method":"OSM 节点","access":"未标注","source_date":"2026-09-12T02:20:24Z","original_name":"鸡鸣寺","related_osm_ids":["node/9164878208"]}},{"type":"Feature","id":"node/9164878209","geometry":{"type":"Point","coordinates":[118.7910251,32.0514183]},"properties":{"osm_id":"node/9164878209","name":"浮桥","named":true,"category":"transit","kind":"station","location_method":"OSM 节点","access":"未标注","source_date":"2026-09-12T02:20:24Z","original_name":"浮桥","related_osm_ids":["node/9164878209"]}},{"type":"Feature","id":"node/9164878210","geometry":{"type":"Point","coordinates":[118.7870613,32.0356111]},"properties":{"osm_id":"node/9164878210","name":"常府街","named":true,"category":"transit","kind":"station","location_method":"OSM 节点","access":"未标注","source_date":"2026-09-12T02:20:24Z","original_name":"常府街","related_osm_ids":["node/9164878210"]}},{"type":"Feature","id":"node/9164878211","geometry":{"type":"Point","coordinates":[118.7857444,32.0262978]},"properties":{"osm_id":"node/9164878211","name":"夫子庙","named":true,"category":"transit","kind":"station","location_method":"OSM 节点","access":"未标注","source_date":"2026-09-12T02:20:24Z","original_name":"夫子庙","related_osm_ids":["node/9164878211"]}},{"type":"Feature","id":"node/9164878212","geometry":{"type":"Point","coordinates":[118.7892959,32.0156328]},"properties":{"osm_id":"node/9164878212","name":"武定门","named":true,"category":"transit","kind":"station","location_method":"OSM 节点","access":"未标注","source_date":"2026-09-12T02:20:24Z","original_name":"武定门","related_osm_ids":["node/9164878212"]}},{"type":"Feature","id":"node/9164878213","geometry":{"type":"Point","coordinates":[118.7873914,32.0057781]},"properties":{"osm_id":"node/9164878213","name":"雨花门","named":true,"category":"transit","kind":"station","location_method":"OSM 节点","access":"未标注","source_date":"2026-09-12T02:20:24Z","original_name":"雨花门","related_osm_ids":["node/9164878213"]}},{"type":"Feature","id":"node/9164951626","geometry":{"type":"Point","coordinates":[118.7693814,32.0612036]},"properties":{"osm_id":"node/9164951626","name":"云南路","named":true,"category":"transit","kind":"station","location_method":"OSM 节点","access":"未标注","source_date":"2026-09-12T02:20:24Z","original_name":"云南路","related_osm_ids":["node/9164951626"]}},{"type":"Feature","id":"node/9164951627","geometry":{"type":"Point","coordinates":[118.8007151,32.0594559]},"properties":{"osm_id":"node/9164951627","name":"九华山","named":true,"category":"transit","kind":"station","location_method":"OSM 节点","access":"未标注","source_date":"2026-09-12T02:20:24Z","original_name":"九华山","related_osm_ids":["node/9164951627"]}},{"type":"Feature","id":"node/9164951628","geometry":{"type":"Point","coordinates":[118.8107755,32.0674276]},"properties":{"osm_id":"node/9164951628","name":"岗子村","named":true,"category":"transit","kind":"station","location_method":"OSM 节点","access":"未标注","source_date":"2026-09-12T02:20:24Z","original_name":"岗子村","related_osm_ids":["node/9164951628"]}},{"type":"Feature","id":"node/9164951629","geometry":{"type":"Point","coordinates":[118.82605,32.0797006]},"properties":{"osm_id":"node/9164951629","name":"蒋王庙","named":true,"category":"transit","kind":"station","location_method":"OSM 节点","access":"未标注","source_date":"2026-09-12T02:20:24Z","original_name":"蒋王庙","related_osm_ids":["node/9164951629"]}},{"type":"Feature","id":"node/9164951630","geometry":{"type":"Point","coordinates":[118.8331103,32.0875442]},"properties":{"osm_id":"node/9164951630","name":"王家湾","named":true,"category":"transit","kind":"station","location_method":"OSM 节点","access":"未标注","source_date":"2026-09-12T02:20:24Z","original_name":"王家湾","related_osm_ids":["node/9164951630"]}},{"type":"Feature","id":"node/9164951631","geometry":{"type":"Point","coordinates":[118.859754,32.0960929]},"properties":{"osm_id":"node/9164951631","name":"聚宝山","named":true,"category":"transit","kind":"station","location_method":"OSM 节点","access":"未标注","source_date":"2026-09-12T02:20:24Z","original_name":"聚宝山","related_osm_ids":["node/9164951631"]}},{"type":"Feature","id":"node/9164951632","geometry":{"type":"Point","coordinates":[118.8833105,32.0874529]},"properties":{"osm_id":"node/9164951632","name":"徐庄·苏宁总部","named":true,"category":"transit","kind":"station","location_method":"OSM 节点","access":"未标注","source_date":"2026-09-12T02:20:24Z","original_name":"徐庄·苏宁总部","related_osm_ids":["node/9164951632"]}},{"type":"Feature","id":"node/9165103268","geometry":{"type":"Point","coordinates":[118.9096918,32.0554877]},"properties":{"osm_id":"node/9165103268","name":"百水桥","named":true,"category":"transit","kind":"station","location_method":"OSM 节点","access":"未标注","source_date":"2026-09-12T02:20:24Z","original_name":"百水桥","related_osm_ids":["node/9165103268"]}},{"type":"Feature","id":"node/9445124214","geometry":{"type":"Point","coordinates":[118.8041983,32.0041025]},"properties":{"osm_id":"node/9445124214","name":"香菱盖浇饭","named":true,"category":"daily","kind":"restaurant","location_method":"OSM 节点","access":"未标注","source_date":"2026-09-12T02:20:24Z","original_name":"香菱盖浇饭","related_osm_ids":["node/9445124214"]}},{"type":"Feature","id":"node/9489099633","geometry":{"type":"Point","coordinates":[118.7902654,32.0619073]},"properties":{"osm_id":"node/9489099633","name":"科学咖啡厅","named":true,"category":"daily","kind":"cafe","location_method":"OSM 节点","access":"未标注","source_date":"2026-09-12T02:20:24Z","original_name":"科学咖啡厅","related_osm_ids":["node/9489099633"]}},{"type":"Feature","id":"node/9491532308","geometry":{"type":"Point","coordinates":[118.8035231,32.0038724]},"properties":{"osm_id":"node/9491532308","name":"中国邮政","named":true,"category":"daily","kind":"post_office","location_method":"OSM 节点","access":"未标注","source_date":"2026-09-12T02:20:24Z","original_name":"中国邮政","related_osm_ids":["node/9491532308"]}},{"type":"Feature","id":"node/9546502594","geometry":{"type":"Point","coordinates":[118.9012745,32.0485765]},"properties":{"osm_id":"node/9546502594","name":"中国邮政","named":true,"category":"daily","kind":"post_office","location_method":"OSM 节点","access":"未标注","source_date":"2026-09-12T02:20:24Z","original_name":"中国邮政","related_osm_ids":["node/9546502594"]}},{"type":"Feature","id":"node/9546579447","geometry":{"type":"Point","coordinates":[118.8486989,32.0383282]},"properties":{"osm_id":"node/9546579447","name":"中国邮政","named":true,"category":"daily","kind":"post_office","location_method":"OSM 节点","access":"未标注","source_date":"2026-09-12T02:20:24Z","original_name":"中国邮政","related_osm_ids":["node/9546579447"]}},{"type":"Feature","id":"node/9546781148","geometry":{"type":"Point","coordinates":[118.9086929,32.0993507]},"properties":{"osm_id":"node/9546781148","name":"中国邮政","named":true,"category":"daily","kind":"post_office","location_method":"OSM 节点","access":"未标注","source_date":"2026-09-12T02:20:24Z","original_name":"中国邮政","related_osm_ids":["node/9546781148"]}},{"type":"Feature","id":"node/9546781151","geometry":{"type":"Point","coordinates":[118.8793598,32.1231676]},"properties":{"osm_id":"node/9546781151","name":"中国邮政","named":true,"category":"daily","kind":"post_office","location_method":"OSM 节点","access":"未标注","source_date":"2026-09-12T02:20:24Z","original_name":"中国邮政","related_osm_ids":["node/9546781151"]}},{"type":"Feature","id":"node/9622746460","geometry":{"type":"Point","coordinates":[118.7889287,32.014582]},"properties":{"osm_id":"node/9622746460","name":"未命名生活服务","named":false,"category":"daily","kind":"greengrocer","location_method":"OSM 节点","access":"未标注","source_date":"2026-09-12T02:20:24Z","related_osm_ids":["node/9622746460"]}},{"type":"Feature","id":"node/9630638732","geometry":{"type":"Point","coordinates":[118.782096,32.0131739]},"properties":{"osm_id":"node/9630638732","name":"肯德基","named":true,"category":"daily","kind":"fast_food","location_method":"OSM 节点","access":"未标注","source_date":"2026-09-12T02:20:24Z","original_name":"肯德基","related_osm_ids":["node/9630638732"]}},{"type":"Feature","id":"node/9660299944","geometry":{"type":"Point","coordinates":[118.8458099,32.0707265]},"properties":{"osm_id":"node/9660299944","name":"小卖部","named":true,"category":"daily","kind":"fast_food","location_method":"OSM 节点","access":"未标注","source_date":"2026-09-12T02:20:24Z","original_name":"小卖部","related_osm_ids":["node/9660299944"]}},{"type":"Feature","id":"node/9665039325","geometry":{"type":"Point","coordinates":[118.9054864,32.0634281]},"properties":{"osm_id":"node/9665039325","name":"交通技师学院西门","named":true,"category":"transit","kind":"bus_stop","location_method":"OSM 节点","access":"未标注","source_date":"2026-09-12T02:20:24Z","original_name":"交通技师学院西门","related_osm_ids":["node/9665039325"]}},{"type":"Feature","id":"node/9665039326","geometry":{"type":"Point","coordinates":[118.9107815,32.055836]},"properties":{"osm_id":"node/9665039326","name":"百水桥地铁站东","named":true,"category":"transit","kind":"bus_stop","location_method":"OSM 节点","access":"未标注","source_date":"2026-09-12T02:20:24Z","original_name":"百水桥地铁站东","related_osm_ids":["node/9665039326"]}},{"type":"Feature","id":"node/9665039327","geometry":{"type":"Point","coordinates":[118.9191458,32.0647149]},"properties":{"osm_id":"node/9665039327","name":"交通技校","named":true,"category":"transit","kind":"bus_stop","location_method":"OSM 节点","access":"未标注","source_date":"2026-09-12T02:20:24Z","original_name":"交通技校","related_osm_ids":["node/9665039327","node/9665039328"]}},{"type":"Feature","id":"node/9711162065","geometry":{"type":"Point","coordinates":[118.7891402,32.0577336]},"properties":{"osm_id":"node/9711162065","name":"国立中央大学旧址","named":true,"category":"heritage","kind":"memorial","location_method":"OSM 节点","access":"未标注","source_date":"2026-09-12T02:20:24Z","original_name":"国立中央大学旧址","related_osm_ids":["node/9711162065"]}},{"type":"Feature","id":"node/9711573807","geometry":{"type":"Point","coordinates":[118.7931181,32.0588232]},"properties":{"osm_id":"node/9711573807","name":"上海银行","named":true,"category":"daily","kind":"bank","location_method":"OSM 节点","access":"未标注","source_date":"2026-09-12T02:20:24Z","original_name":"上海银行","related_osm_ids":["node/9711573807"]}},{"type":"Feature","id":"node/9717903018","geometry":{"type":"Point","coordinates":[118.844797,32.0357812]},"properties":{"osm_id":"node/9717903018","name":"高淳老街精菜馆","named":true,"category":"daily","kind":"restaurant","location_method":"OSM 节点","access":"未标注","source_date":"2026-09-12T02:20:24Z","original_name":"高淳老街精菜馆","related_osm_ids":["node/9717903018"]}},{"type":"Feature","id":"node/9717903020","geometry":{"type":"Point","coordinates":[118.8447863,32.0355337]},"properties":{"osm_id":"node/9717903020","name":"福岗茶楼","named":true,"category":"daily","kind":"restaurant","location_method":"OSM 节点","access":"未标注","source_date":"2026-09-12T02:20:24Z","original_name":"福岗茶楼","related_osm_ids":["node/9717903020"]}},{"type":"Feature","id":"node/9738902024","geometry":{"type":"Point","coordinates":[118.8051933,32.0721266]},"properties":{"osm_id":"node/9738902024","name":"情侣园","named":true,"category":"park","kind":"park","location_method":"OSM 节点","access":"未标注","source_date":"2026-09-12T02:20:24Z","original_name":"情侣园","related_osm_ids":["node/9738902024"]}},{"type":"Feature","id":"node/9748408207","geometry":{"type":"Point","coordinates":[118.9117412,32.0570689]},"properties":{"osm_id":"node/9748408207","name":"食堂","named":true,"category":"daily","kind":"restaurant","location_method":"OSM 节点","access":"未标注","source_date":"2026-09-12T02:20:24Z","original_name":"食堂","related_osm_ids":["node/9748408207"]}},{"type":"Feature","id":"node/9821923515","geometry":{"type":"Point","coordinates":[118.8894757,32.0524453]},"properties":{"osm_id":"node/9821923515","name":"肯德基","named":true,"category":"daily","kind":"fast_food","location_method":"OSM 节点","access":"未标注","source_date":"2026-09-12T02:20:24Z","original_name":"肯德基","related_osm_ids":["node/9821923515"]}},{"type":"Feature","id":"node/9821926117","geometry":{"type":"Point","coordinates":[118.8896001,32.0530016]},"properties":{"osm_id":"node/9821926117","name":"麦当劳","named":true,"category":"daily","kind":"fast_food","location_method":"OSM 节点","access":"未标注","source_date":"2026-09-12T02:20:24Z","original_name":"麦当劳","related_osm_ids":["node/9821926117"]}},{"type":"Feature","id":"node/9821926118","geometry":{"type":"Point","coordinates":[118.8895697,32.0525925]},"properties":{"osm_id":"node/9821926118","name":"必胜客","named":true,"category":"daily","kind":"restaurant","location_method":"OSM 节点","access":"未标注","source_date":"2026-09-12T02:20:24Z","original_name":"必胜客","related_osm_ids":["node/9821926118"]}},{"type":"Feature","id":"node/9821926119","geometry":{"type":"Point","coordinates":[118.8901698,32.0525114]},"properties":{"osm_id":"node/9821926119","name":"星巴克","named":true,"category":"daily","kind":"cafe","location_method":"OSM 节点","access":"未标注","source_date":"2026-09-12T02:20:24Z","original_name":"星巴克","related_osm_ids":["node/9821926119"]}},{"type":"Feature","id":"node/9821926120","geometry":{"type":"Point","coordinates":[118.8905111,32.0525501]},"properties":{"osm_id":"node/9821926120","name":"中国银行","named":true,"category":"daily","kind":"bank","location_method":"OSM 节点","access":"未标注","source_date":"2026-09-12T02:20:24Z","original_name":"中国银行","related_osm_ids":["node/9821926120"]}},{"type":"Feature","id":"node/9828222341","geometry":{"type":"Point","coordinates":[118.7768148,32.0504588]},"properties":{"osm_id":"node/9828222341","name":"百年树人碑","named":true,"category":"heritage","kind":"memorial","location_method":"OSM 节点","access":"未标注","source_date":"2026-09-12T02:20:24Z","original_name":"百年树人碑","related_osm_ids":["node/9828222341"]}},{"type":"Feature","id":"node/9895217048","geometry":{"type":"Point","coordinates":[118.7856528,32.0496536]},"properties":{"osm_id":"node/9895217048","name":"卓粤拉肠","named":true,"category":"daily","kind":"restaurant","location_method":"OSM 节点","access":"未标注","source_date":"2026-09-12T02:20:24Z","original_name":"卓粤拉肠","related_osm_ids":["node/9895217048"]}},{"type":"Feature","id":"node/9930811513","geometry":{"type":"Point","coordinates":[118.7824884,32.0166311]},"properties":{"osm_id":"node/9930811513","name":"未命名生活服务","named":false,"category":"daily","kind":"restaurant","location_method":"OSM 节点","access":"未标注","source_date":"2026-09-12T02:20:24Z","related_osm_ids":["node/9930811513"]}},{"type":"Feature","id":"node/9955335262","geometry":{"type":"Point","coordinates":[118.8819684,32.0892997]},"properties":{"osm_id":"node/9955335262","name":"瑞幸","named":true,"category":"daily","kind":"cafe","location_method":"OSM 节点","access":"未标注","source_date":"2026-09-12T02:20:24Z","original_name":"瑞幸","related_osm_ids":["node/9955335262"]}},{"type":"Feature","id":"node/9976202531","geometry":{"type":"Point","coordinates":[118.7784891,32.0477267]},"properties":{"osm_id":"node/9976202531","name":"蔚来中心","named":true,"category":"daily","kind":"car","location_method":"OSM 节点","access":"未标注","source_date":"2026-09-12T02:20:24Z","original_name":"蔚来中心","related_osm_ids":["node/9976202531"]}},{"type":"Feature","id":"node/9976202532","geometry":{"type":"Point","coordinates":[118.7617271,32.0114763]},"properties":{"osm_id":"node/9976202532","name":"蔚来中心","named":true,"category":"daily","kind":"car","location_method":"OSM 节点","access":"未标注","source_date":"2026-09-12T02:20:24Z","original_name":"蔚来中心","related_osm_ids":["node/9976202532"]}},{"type":"Feature","id":"node/9981076019","geometry":{"type":"Point","coordinates":[118.901394,32.0244593]},"properties":{"osm_id":"node/9981076019","name":"Costa咖啡","named":true,"category":"daily","kind":"cafe","location_method":"OSM 节点","access":"未标注","source_date":"2026-09-12T02:20:24Z","original_name":"Costa咖啡","related_osm_ids":["node/9981076019"]}},{"type":"Feature","id":"relation/11308636","geometry":{"type":"Point","coordinates":[118.7763911,32.0145171]},"properties":{"osm_id":"relation/11308636","name":"中华门","named":true,"category":"heritage","kind":"city_gate","location_method":"OSM 对象包围盒中心，非入口","access":"未标注","source_date":"2026-09-12T02:20:24Z","original_name":"中华门","related_osm_ids":["relation/11308636"]}},{"type":"Feature","id":"relation/12773199","geometry":{"type":"Point","coordinates":[118.782658,32.0133692]},"properties":{"osm_id":"relation/12773199","name":"未命名历史要素","named":false,"category":"heritage","kind":"building","location_method":"OSM 对象包围盒中心，非入口","access":"未标注","source_date":"2026-09-12T02:20:24Z","related_osm_ids":["relation/12773199"]}},{"type":"Feature","id":"relation/12773286","geometry":{"type":"Point","coordinates":[118.7827187,32.0135212]},"properties":{"osm_id":"relation/12773286","name":"未命名历史要素","named":false,"category":"heritage","kind":"building","location_method":"OSM 对象包围盒中心，非入口","access":"未标注","source_date":"2026-09-12T02:20:24Z","related_osm_ids":["relation/12773286"]}},{"type":"Feature","id":"relation/13200481","geometry":{"type":"Point","coordinates":[118.8898387,32.0528901]},"properties":{"osm_id":"relation/13200481","name":"招商花园城","named":true,"category":"daily","kind":"mall","location_method":"OSM 对象包围盒中心，非入口","access":"未标注","source_date":"2026-09-12T02:20:24Z","original_name":"招商花园城","related_osm_ids":["relation/13200481"]}},{"type":"Feature","id":"relation/13449047","geometry":{"type":"Point","coordinates":[118.8862999,32.0233948]},"properties":{"osm_id":"relation/13449047","name":"麒麟生态中央公园","named":true,"category":"park","kind":"park","location_method":"OSM 对象包围盒中心，非入口","access":"未标注","source_date":"2026-09-12T02:20:24Z","original_name":"麒麟生态中央公园","related_osm_ids":["relation/13449047"]}},{"type":"Feature","id":"relation/13994397","geometry":{"type":"Point","coordinates":[118.7828243,32.0134998]},"properties":{"osm_id":"relation/13994397","name":"未命名历史要素","named":false,"category":"heritage","kind":"building","location_method":"OSM 对象包围盒中心，非入口","access":"未标注","source_date":"2026-09-12T02:20:24Z","related_osm_ids":["relation/13994397"]}},{"type":"Feature","id":"relation/13994398","geometry":{"type":"Point","coordinates":[118.7829305,32.0134782]},"properties":{"osm_id":"relation/13994398","name":"未命名历史要素","named":false,"category":"heritage","kind":"building","location_method":"OSM 对象包围盒中心，非入口","access":"未标注","source_date":"2026-09-12T02:20:24Z","related_osm_ids":["relation/13994398"]}},{"type":"Feature","id":"relation/13994399","geometry":{"type":"Point","coordinates":[118.7829634,32.013357]},"properties":{"osm_id":"relation/13994399","name":"未命名历史要素","named":false,"category":"heritage","kind":"building","location_method":"OSM 对象包围盒中心，非入口","access":"未标注","source_date":"2026-09-12T02:20:24Z","related_osm_ids":["relation/13994399"]}},{"type":"Feature","id":"relation/14030360","geometry":{"type":"Point","coordinates":[118.7833258,32.0131733]},"properties":{"osm_id":"relation/14030360","name":"未命名历史要素","named":false,"category":"heritage","kind":"building","location_method":"OSM 对象包围盒中心，非入口","access":"未标注","source_date":"2026-09-12T02:20:24Z","related_osm_ids":["relation/14030360"]}},{"type":"Feature","id":"relation/14290821","geometry":{"type":"Point","coordinates":[118.7761579,32.0269963]},"properties":{"osm_id":"relation/14290821","name":"熙南里文化街区","named":true,"category":"park","kind":"park","location_method":"OSM 对象包围盒中心，非入口","access":"未标注","source_date":"2026-09-12T02:20:24Z","original_name":"熙南里文化街区","related_osm_ids":["relation/14290821"]}},{"type":"Feature","id":"relation/14416173","geometry":{"type":"Point","coordinates":[118.7894393,32.0463286]},"properties":{"osm_id":"relation/14416173","name":"南京外国语学校（大行宫校区）","named":true,"category":"education","kind":"school","location_method":"OSM 对象包围盒中心，非入口","access":"未标注","source_date":"2026-09-12T02:20:24Z","original_name":"南京外国语学校（大行宫校区）","related_osm_ids":["relation/14416173"]}},{"type":"Feature","id":"relation/16272607","geometry":{"type":"Point","coordinates":[118.7889028,32.0568412]},"properties":{"osm_id":"relation/16272607","name":"东南大学(四牌楼校区)","named":true,"category":"education","kind":"university","location_method":"OSM 对象包围盒中心，非入口","access":"未标注","source_date":"2026-09-12T02:20:24Z","original_name":"东南大学(四牌楼校区)","related_osm_ids":["relation/16272607"]}},{"type":"Feature","id":"relation/18282254","geometry":{"type":"Point","coordinates":[118.8273478,32.118477]},"properties":{"osm_id":"relation/18282254","name":"迈皋桥幼儿园青秀城分园","named":true,"category":"education","kind":"kindergarten","location_method":"OSM 对象包围盒中心，非入口","access":"未标注","source_date":"2026-09-12T02:20:24Z","original_name":"迈皋桥幼儿园青秀城分园","related_osm_ids":["relation/18282254"]}},{"type":"Feature","id":"relation/18303735","geometry":{"type":"Point","coordinates":[118.8484339,32.0614329]},"properties":{"osm_id":"relation/18303735","name":"中山陵","named":true,"category":"heritage","kind":"tomb","location_method":"OSM 对象包围盒中心，非入口","access":"未标注","source_date":"2026-09-12T02:20:24Z","original_name":"中山陵","related_osm_ids":["relation/18303735"]}},{"type":"Feature","id":"relation/1929259","geometry":{"type":"Point","coordinates":[118.8445422,32.030019]},"properties":{"osm_id":"relation/1929259","name":"南京理工大学附属中学","named":true,"category":"education","kind":"school","location_method":"OSM 对象包围盒中心，非入口","access":"未标注","source_date":"2026-09-12T02:20:24Z","original_name":"南京理工大学附属中学","related_osm_ids":["relation/1929259"]}},{"type":"Feature","id":"relation/19693202","geometry":{"type":"Point","coordinates":[118.7835389,32.0133031]},"properties":{"osm_id":"relation/19693202","name":"未命名历史要素","named":false,"category":"heritage","kind":"building","location_method":"OSM 对象包围盒中心，非入口","access":"未标注","source_date":"2026-09-12T02:20:24Z","related_osm_ids":["relation/19693202"]}},{"type":"Feature","id":"relation/19693203","geometry":{"type":"Point","coordinates":[118.7836601,32.0132748]},"properties":{"osm_id":"relation/19693203","name":"未命名历史要素","named":false,"category":"heritage","kind":"building","location_method":"OSM 对象包围盒中心，非入口","access":"未标注","source_date":"2026-09-12T02:20:24Z","related_osm_ids":["relation/19693203"]}},{"type":"Feature","id":"relation/19693204","geometry":{"type":"Point","coordinates":[118.783686,32.0131046]},"properties":{"osm_id":"relation/19693204","name":"未命名历史要素","named":false,"category":"heritage","kind":"building","location_method":"OSM 对象包围盒中心，非入口","access":"未标注","source_date":"2026-09-12T02:20:24Z","related_osm_ids":["relation/19693204"]}},{"type":"Feature","id":"relation/19693207","geometry":{"type":"Point","coordinates":[118.7838162,32.0130703]},"properties":{"osm_id":"relation/19693207","name":"未命名历史要素","named":false,"category":"heritage","kind":"building","location_method":"OSM 对象包围盒中心，非入口","access":"未标注","source_date":"2026-09-12T02:20:24Z","related_osm_ids":["relation/19693207"]}},{"type":"Feature","id":"relation/19693209","geometry":{"type":"Point","coordinates":[118.7841336,32.013058]},"properties":{"osm_id":"relation/19693209","name":"未命名历史要素","named":false,"category":"heritage","kind":"building","location_method":"OSM 对象包围盒中心，非入口","access":"未标注","source_date":"2026-09-12T02:20:24Z","related_osm_ids":["relation/19693209"]}},{"type":"Feature","id":"relation/19693210","geometry":{"type":"Point","coordinates":[118.7842548,32.0130269]},"properties":{"osm_id":"relation/19693210","name":"未命名历史要素","named":false,"category":"heritage","kind":"building","location_method":"OSM 对象包围盒中心，非入口","access":"未标注","source_date":"2026-09-12T02:20:24Z","related_osm_ids":["relation/19693210"]}},{"type":"Feature","id":"relation/19803027","geometry":{"type":"Point","coordinates":[118.7975239,32.0693897]},"properties":{"osm_id":"relation/19803027","name":"侵华日军南京大屠杀死难同胞丛葬地","named":true,"category":"heritage","kind":"memorial","location_method":"OSM 对象包围盒中心，非入口","access":"未标注","source_date":"2026-09-12T02:20:24Z","original_name":"侵华日军南京大屠杀死难同胞丛葬地","related_osm_ids":["relation/19803027"]}},{"type":"Feature","id":"relation/20427375","geometry":{"type":"Point","coordinates":[118.7686992,32.0210794]},"properties":{"osm_id":"relation/20427375","name":"南京城牆","named":true,"category":"heritage","kind":"citywalls","location_method":"OSM 对象包围盒中心，非入口","access":"未标注","source_date":"2026-09-12T02:20:24Z","original_name":"南京城牆","related_osm_ids":["relation/20427375"]}},{"type":"Feature","id":"relation/20682334","geometry":{"type":"Point","coordinates":[118.7780182,32.0430106]},"properties":{"osm_id":"relation/20682334","name":"南京国际金融中心 IFCX","named":true,"category":"daily","kind":"mall","location_method":"OSM 对象包围盒中心，非入口","access":"未标注","source_date":"2026-09-12T02:20:24Z","original_name":"南京国际金融中心 IFCX","related_osm_ids":["relation/20682334"]}},{"type":"Feature","id":"relation/20684036","geometry":{"type":"Point","coordinates":[118.8666769,32.0985208]},"properties":{"osm_id":"relation/20684036","name":"南京警察学院","named":true,"category":"education","kind":"university","location_method":"OSM 对象包围盒中心，非入口","access":"未标注","source_date":"2026-09-12T02:20:24Z","original_name":"南京警察学院","related_osm_ids":["relation/20684036"]}},{"type":"Feature","id":"relation/20769981","geometry":{"type":"Point","coordinates":[118.7784542,32.0425314]},"properties":{"osm_id":"relation/20769981","name":"新街口地下商业中心","named":true,"category":"daily","kind":"mall","location_method":"OSM 对象包围盒中心，非入口","access":"未标注","source_date":"2026-09-12T02:20:24Z","original_name":"新街口地下商业中心","related_osm_ids":["relation/20769981"]}},{"type":"Feature","id":"relation/20771217","geometry":{"type":"Point","coordinates":[118.7759202,32.0424127]},"properties":{"osm_id":"relation/20771217","name":"One Moment","named":true,"category":"daily","kind":"clothes","location_method":"OSM 对象包围盒中心，非入口","access":"未标注","source_date":"2026-09-12T02:20:24Z","original_name":"One Moment","related_osm_ids":["relation/20771217"]}},{"type":"Feature","id":"relation/20774089","geometry":{"type":"Point","coordinates":[118.7769368,32.0422807]},"properties":{"osm_id":"relation/20774089","name":"金陵中环B1","named":true,"category":"daily","kind":"mall","location_method":"OSM 对象包围盒中心，非入口","access":"未标注","source_date":"2026-09-12T02:20:24Z","original_name":"金陵中环B1","related_osm_ids":["relation/20774089"]}},{"type":"Feature","id":"relation/20774090","geometry":{"type":"Point","coordinates":[118.7799077,32.0427726]},"properties":{"osm_id":"relation/20774090","name":"新百B1","named":true,"category":"daily","kind":"department_store","location_method":"OSM 对象包围盒中心，非入口","access":"未标注","source_date":"2026-09-12T02:20:24Z","original_name":"新百B1","related_osm_ids":["relation/20774090"]}},{"type":"Feature","id":"relation/20784169","geometry":{"type":"Point","coordinates":[118.7780021,32.043036]},"properties":{"osm_id":"relation/20784169","name":"IFCX B1","named":true,"category":"daily","kind":"mall","location_method":"OSM 对象包围盒中心，非入口","access":"未标注","source_date":"2026-09-12T02:20:24Z","original_name":"IFCX B1","related_osm_ids":["relation/20784169"]}},{"type":"Feature","id":"relation/2137424","geometry":{"type":"Point","coordinates":[118.8521629,32.0221571]},"properties":{"osm_id":"relation/2137424","name":"南京农业大学 牌楼教学科研基地","named":true,"category":"education","kind":"school","location_method":"OSM 对象包围盒中心，非入口","access":"未标注","source_date":"2026-09-12T02:20:24Z","original_name":"南京农业大学 牌楼教学科研基地","related_osm_ids":["relation/2137424"]}},{"type":"Feature","id":"relation/2137426","geometry":{"type":"Point","coordinates":[118.8496452,32.0213946]},"properties":{"osm_id":"relation/2137426","name":"南京理工大学 继续教育学院","named":true,"category":"education","kind":"school","location_method":"OSM 对象包围盒中心，非入口","access":"未标注","source_date":"2026-09-12T02:20:24Z","original_name":"南京理工大学 继续教育学院","related_osm_ids":["relation/2137426"]}},{"type":"Feature","id":"relation/2137487","geometry":{"type":"Point","coordinates":[118.8574741,32.0240944]},"properties":{"osm_id":"relation/2137487","name":"南京金陵高等职业学校","named":true,"category":"education","kind":"school","location_method":"OSM 对象包围盒中心，非入口","access":"未标注","source_date":"2026-09-12T02:20:24Z","original_name":"南京金陵高等职业学校","related_osm_ids":["relation/2137487"]}},{"type":"Feature","id":"relation/2189396","geometry":{"type":"Point","coordinates":[118.8497389,32.039105]},"properties":{"osm_id":"relation/2189396","name":"未命名教育设施","named":false,"category":"education","kind":"school","location_method":"OSM 对象包围盒中心，非入口","access":"未标注","source_date":"2026-09-12T02:20:24Z","related_osm_ids":["relation/2189396"]}},{"type":"Feature","id":"relation/2196059","geometry":{"type":"Point","coordinates":[118.8519938,32.0300366]},"properties":{"osm_id":"relation/2196059","name":"南京理工大学","named":true,"category":"education","kind":"university","location_method":"OSM 对象包围盒中心，非入口","access":"未标注","source_date":"2026-09-12T02:20:24Z","original_name":"南京理工大学","related_osm_ids":["relation/2196059"]}},{"type":"Feature","id":"relation/2598338","geometry":{"type":"Point","coordinates":[118.7795459,32.0518354]},"properties":{"osm_id":"relation/2598338","name":"五星电器","named":true,"category":"daily","kind":"electronics","location_method":"OSM 对象包围盒中心，非入口","access":"未标注","source_date":"2026-09-12T02:20:24Z","original_name":"五星电器","related_osm_ids":["relation/2598338"]}},{"type":"Feature","id":"relation/3694560","geometry":{"type":"Point","coordinates":[118.9131028,32.1150933]},"properties":{"osm_id":"relation/3694560","name":"未命名教育设施","named":false,"category":"education","kind":"college","location_method":"OSM 对象包围盒中心，非入口","access":"未标注","source_date":"2026-09-12T02:20:24Z","related_osm_ids":["relation/3694560"]}},{"type":"Feature","id":"relation/6989378","geometry":{"type":"Point","coordinates":[118.7882121,32.0565081]},"properties":{"osm_id":"relation/6989378","name":"四牌楼图书馆","named":true,"category":"education","kind":"library","location_method":"OSM 对象包围盒中心，非入口","access":"未标注","source_date":"2026-09-12T02:20:24Z","original_name":"四牌楼图书馆","related_osm_ids":["relation/6989378"]}},{"type":"Feature","id":"relation/8910104","geometry":{"type":"Point","coordinates":[118.9165454,32.1115094]},"properties":{"osm_id":"relation/8910104","name":"南京财经大学仙林校区","named":true,"category":"education","kind":"university","location_method":"OSM 对象包围盒中心，非入口","access":"未标注","source_date":"2026-09-12T02:20:24Z","original_name":"南京财经大学仙林校区","related_osm_ids":["relation/8910104"]}},{"type":"Feature","id":"relation/9356340","geometry":{"type":"Point","coordinates":[118.9023148,32.1101362]},"properties":{"osm_id":"relation/9356340","name":"南京师范大学(仙林校区)","named":true,"category":"education","kind":"university","location_method":"OSM 对象包围盒中心，非入口","access":"未标注","source_date":"2026-09-12T02:20:24Z","original_name":"南京师范大学(仙林校区)","related_osm_ids":["relation/9356340"]}},{"type":"Feature","id":"way/1004626712","geometry":{"type":"Point","coordinates":[118.8313068,32.025983]},"properties":{"osm_id":"way/1004626712","name":"陆军工程大学","named":true,"category":"education","kind":"university","location_method":"OSM 对象包围盒中心，非入口","access":"未标注","source_date":"2026-09-12T02:20:24Z","original_name":"陆军工程大学","related_osm_ids":["way/1004626712"]}},{"type":"Feature","id":"way/100950662","geometry":{"type":"Point","coordinates":[118.775288,32.0553816]},"properties":{"osm_id":"way/100950662","name":"校园报警中心","named":true,"category":"daily","kind":"community_centre","location_method":"OSM 对象包围盒中心，非入口","access":"未标注","source_date":"2026-09-12T02:20:24Z","original_name":"校园报警中心","related_osm_ids":["way/100950662"]}},{"type":"Feature","id":"way/100950789","geometry":{"type":"Point","coordinates":[118.7749709,32.0584331]},"properties":{"osm_id":"way/100950789","name":"革命烈士纪念碑","named":true,"category":"heritage","kind":"memorial","location_method":"OSM 对象包围盒中心，非入口","access":"未标注","source_date":"2026-09-12T02:20:24Z","original_name":"革命烈士纪念碑","related_osm_ids":["way/100950789"]}},{"type":"Feature","id":"way/100954797","geometry":{"type":"Point","coordinates":[118.7751498,32.053391]},"properties":{"osm_id":"way/100954797","name":"教工食堂","named":true,"category":"daily","kind":"restaurant","location_method":"OSM 对象包围盒中心，非入口","access":"未标注","source_date":"2026-09-12T02:20:24Z","original_name":"教工食堂","related_osm_ids":["way/100954797"]}},{"type":"Feature","id":"way/1020499860","geometry":{"type":"Point","coordinates":[118.763233,32.052152]},"properties":{"osm_id":"way/1020499860","name":"南京脑科医院","named":true,"category":"health","kind":"hospital","location_method":"OSM 对象包围盒中心，非入口","access":"未标注","source_date":"2026-09-12T02:20:24Z","original_name":"南京脑科医院","related_osm_ids":["way/1020499860"]}},{"type":"Feature","id":"way/1020499861","geometry":{"type":"Point","coordinates":[118.7614211,32.0515189]},"properties":{"osm_id":"way/1020499861","name":"江苏省人民医院","named":true,"category":"health","kind":"hospital","location_method":"OSM 对象包围盒中心，非入口","access":"未标注","source_date":"2026-09-12T02:20:24Z","original_name":"江苏省人民医院","related_osm_ids":["way/1020499861"]}},{"type":"Feature","id":"way/1021396088","geometry":{"type":"Point","coordinates":[118.8612892,32.0968657]},"properties":{"osm_id":"way/1021396088","name":"北京东路小学阳光分校","named":true,"category":"education","kind":"school","location_method":"OSM 对象包围盒中心，非入口","access":"未标注","source_date":"2026-09-12T02:20:24Z","original_name":"北京东路小学阳光分校","related_osm_ids":["way/1021396088"]}},{"type":"Feature","id":"way/1021844306","geometry":{"type":"Point","coordinates":[118.8233199,32.1051409]},"properties":{"osm_id":"way/1021844306","name":"红山社区卫生服务中心","named":true,"category":"health","kind":"clinic","location_method":"OSM 对象包围盒中心，非入口","access":"未标注","source_date":"2026-09-12T02:20:24Z","original_name":"红山社区卫生服务中心","related_osm_ids":["way/1021844306"]}},{"type":"Feature","id":"way/1021844312","geometry":{"type":"Point","coordinates":[118.8266195,32.1058381]},"properties":{"osm_id":"way/1021844312","name":"未命名生活服务","named":false,"category":"daily","kind":"marketplace","location_method":"OSM 对象包围盒中心，非入口","access":"未标注","source_date":"2026-09-12T02:20:24Z","related_osm_ids":["way/1021844312"]}},{"type":"Feature","id":"way/1021844314","geometry":{"type":"Point","coordinates":[118.8237441,32.1016852]},"properties":{"osm_id":"way/1021844314","name":"南京市月苑第一小学","named":true,"category":"education","kind":"school","location_method":"OSM 对象包围盒中心，非入口","access":"未标注","source_date":"2026-09-12T02:20:24Z","original_name":"南京市月苑第一小学","related_osm_ids":["way/1021844314"]}},{"type":"Feature","id":"way/1021848753","geometry":{"type":"Point","coordinates":[118.8014069,32.0068591]},"properties":{"osm_id":"way/1021848753","name":"南京市红梅幼儿园(宏光路园)","named":true,"category":"education","kind":"kindergarten","location_method":"OSM 对象包围盒中心，非入口","access":"未标注","source_date":"2026-09-12T02:20:24Z","original_name":"南京市红梅幼儿园(宏光路园)","related_osm_ids":["way/1021848753"]}},{"type":"Feature","id":"way/1021848759","geometry":{"type":"Point","coordinates":[118.7969999,32.0066104]},"properties":{"osm_id":"way/1021848759","name":"博爱苑老年公寓","named":true,"category":"daily","kind":"social_facility","location_method":"OSM 对象包围盒中心，非入口","access":"未标注","source_date":"2026-09-12T02:20:24Z","original_name":"博爱苑老年公寓","related_osm_ids":["way/1021848759"]}},{"type":"Feature","id":"way/1021852421","geometry":{"type":"Point","coordinates":[118.8047589,32.0065921]},"properties":{"osm_id":"way/1021852421","name":"未命名生活服务","named":false,"category":"daily","kind":"car","location_method":"OSM 对象包围盒中心，非入口","access":"未标注","source_date":"2026-09-12T02:20:24Z","related_osm_ids":["way/1021852421"]}},{"type":"Feature","id":"way/1022153749","geometry":{"type":"Point","coordinates":[118.7931382,32.1018941]},"properties":{"osm_id":"way/1022153749","name":"紫金集团医院","named":true,"category":"health","kind":"hospital","location_method":"OSM 对象包围盒中心，非入口","access":"未标注","source_date":"2026-09-12T02:20:24Z","original_name":"紫金集团医院","related_osm_ids":["way/1022153749"]}},{"type":"Feature","id":"way/1022153754","geometry":{"type":"Point","coordinates":[118.7968025,32.1012216]},"properties":{"osm_id":"way/1022153754","name":"鼓楼区第二实验小学","named":true,"category":"education","kind":"school","location_method":"OSM 对象包围盒中心，非入口","access":"未标注","source_date":"2026-09-12T02:20:24Z","original_name":"鼓楼区第二实验小学","related_osm_ids":["way/1022153754"]}},{"type":"Feature","id":"way/1022153757","geometry":{"type":"Point","coordinates":[118.793857,32.1007784]},"properties":{"osm_id":"way/1022153757","name":"南京市求真中学","named":true,"category":"education","kind":"school","location_method":"OSM 对象包围盒中心，非入口","access":"未标注","source_date":"2026-09-12T02:20:24Z","original_name":"南京市求真中学","related_osm_ids":["way/1022153757"]}},{"type":"Feature","id":"way/1022153759","geometry":{"type":"Point","coordinates":[118.7921579,32.099372]},"properties":{"osm_id":"way/1022153759","name":"未命名教育设施","named":false,"category":"education","kind":"school","location_method":"OSM 对象包围盒中心，非入口","access":"未标注","source_date":"2026-09-12T02:20:24Z","related_osm_ids":["way/1022153759"]}},{"type":"Feature","id":"way/1022153762","geometry":{"type":"Point","coordinates":[118.7897935,32.1022153]},"properties":{"osm_id":"way/1022153762","name":"南京南侨高级中学","named":true,"category":"education","kind":"school","location_method":"OSM 对象包围盒中心，非入口","access":"未标注","source_date":"2026-09-12T02:20:24Z","original_name":"南京南侨高级中学","related_osm_ids":["way/1022153762"]}},{"type":"Feature","id":"way/1022153775","geometry":{"type":"Point","coordinates":[118.8056307,32.1015237]},"properties":{"osm_id":"way/1022153775","name":"江苏省中西医结合医院","named":true,"category":"health","kind":"hospital","location_method":"OSM 对象包围盒中心，非入口","access":"未标注","source_date":"2026-09-12T02:20:24Z","original_name":"江苏省中西医结合医院","related_osm_ids":["way/1022153775"]}},{"type":"Feature","id":"way/1022153776","geometry":{"type":"Point","coordinates":[118.8030397,32.1042002]},"properties":{"osm_id":"way/1022153776","name":"迈皋桥医院","named":true,"category":"health","kind":"hospital","location_method":"OSM 对象包围盒中心，非入口","access":"未标注","source_date":"2026-09-12T02:20:24Z","original_name":"迈皋桥医院","related_osm_ids":["way/1022153776"]}},{"type":"Feature","id":"way/1022153781","geometry":{"type":"Point","coordinates":[118.7976873,32.103647]},"properties":{"osm_id":"way/1022153781","name":"未命名教育设施","named":false,"category":"education","kind":"kindergarten","location_method":"OSM 对象包围盒中心，非入口","access":"未标注","source_date":"2026-09-12T02:20:24Z","related_osm_ids":["way/1022153781"]}},{"type":"Feature","id":"way/1022153804","geometry":{"type":"Point","coordinates":[118.8235665,32.100875]},"properties":{"osm_id":"way/1022153804","name":"月苑幼儿园","named":true,"category":"education","kind":"kindergarten","location_method":"OSM 对象包围盒中心，非入口","access":"未标注","source_date":"2026-09-12T02:20:24Z","original_name":"月苑幼儿园","related_osm_ids":["way/1022153804"]}},{"type":"Feature","id":"way/1022153837","geometry":{"type":"Point","coordinates":[118.8034366,32.1094065]},"properties":{"osm_id":"way/1022153837","name":"迈皋桥街道中心幼儿园","named":true,"category":"education","kind":"kindergarten","location_method":"OSM 对象包围盒中心，非入口","access":"未标注","source_date":"2026-09-12T02:20:24Z","original_name":"迈皋桥街道中心幼儿园","related_osm_ids":["way/1022153837"]}},{"type":"Feature","id":"way/1022153838","geometry":{"type":"Point","coordinates":[118.8028693,32.1086364]},"properties":{"osm_id":"way/1022153838","name":"南京新港中等专业学校","named":true,"category":"education","kind":"school","location_method":"OSM 对象包围盒中心，非入口","access":"未标注","source_date":"2026-09-12T02:20:24Z","original_name":"南京新港中等专业学校","related_osm_ids":["way/1022153838"]}},{"type":"Feature","id":"way/1033663851","geometry":{"type":"Point","coordinates":[118.9201911,32.121702]},"properties":{"osm_id":"way/1033663851","name":"南京师范大学附属中学仙林学校初中部（文澜路校区）","named":true,"category":"education","kind":"school","location_method":"OSM 对象包围盒中心，非入口","access":"未标注","source_date":"2026-09-12T02:20:24Z","original_name":"南京师范大学附属中学仙林学校初中部（文澜路校区）","related_osm_ids":["way/1033663851"]}},{"type":"Feature","id":"way/1046376641","geometry":{"type":"Point","coordinates":[118.7742428,32.0033237]},"properties":{"osm_id":"way/1046376641","name":"雨花台烈士纪念碑","named":true,"category":"heritage","kind":"memorial","location_method":"OSM 对象包围盒中心，非入口","access":"未标注","source_date":"2026-09-12T02:20:24Z","original_name":"雨花台烈士纪念碑","related_osm_ids":["way/1046376641"]}},{"type":"Feature","id":"way/1046376642","geometry":{"type":"Point","coordinates":[118.7742478,32.0033114]},"properties":{"osm_id":"way/1046376642","name":"未命名历史要素","named":false,"category":"heritage","kind":"monument","location_method":"OSM 对象包围盒中心，非入口","access":"未标注","source_date":"2026-09-12T02:20:24Z","related_osm_ids":["way/1046376642"]}},{"type":"Feature","id":"way/1050175022","geometry":{"type":"Point","coordinates":[118.9165311,32.0607187]},"properties":{"osm_id":"way/1050175022","name":"江苏省南京工程高等职业学校","named":true,"category":"education","kind":"school","location_method":"OSM 对象包围盒中心，非入口","access":"未标注","source_date":"2026-09-12T02:20:24Z","original_name":"江苏省南京工程高等职业学校","related_osm_ids":["way/1050175022"]}},{"type":"Feature","id":"way/1050933584","geometry":{"type":"Point","coordinates":[118.9153092,32.0594392]},"properties":{"osm_id":"way/1050933584","name":"思源楼","named":true,"category":"daily","kind":"restaurant","location_method":"OSM 对象包围盒中心，非入口","access":"未标注","source_date":"2026-09-12T02:20:24Z","original_name":"思源楼","related_osm_ids":["way/1050933584"]}},{"type":"Feature","id":"way/1051182530","geometry":{"type":"Point","coordinates":[118.9161828,32.0613993]},"properties":{"osm_id":"way/1051182530","name":"瀚海楼","named":true,"category":"education","kind":"library","location_method":"OSM 对象包围盒中心，非入口","access":"未标注","source_date":"2026-09-12T02:20:24Z","original_name":"瀚海楼","related_osm_ids":["way/1051182530"]}},{"type":"Feature","id":"way/1051186967","geometry":{"type":"Point","coordinates":[118.7831278,32.0132144]},"properties":{"osm_id":"way/1051186967","name":"未命名历史要素","named":false,"category":"heritage","kind":"building","location_method":"OSM 对象包围盒中心，非入口","access":"未标注","source_date":"2026-09-12T02:20:24Z","related_osm_ids":["way/1051186967"]}},{"type":"Feature","id":"way/1051186968","geometry":{"type":"Point","coordinates":[118.7831774,32.013376]},"properties":{"osm_id":"way/1051186968","name":"未命名历史要素","named":false,"category":"heritage","kind":"building","location_method":"OSM 对象包围盒中心，非入口","access":"未标注","source_date":"2026-09-12T02:20:24Z","related_osm_ids":["way/1051186968"]}},{"type":"Feature","id":"way/1052394345","geometry":{"type":"Point","coordinates":[118.7818647,32.012963]},"properties":{"osm_id":"way/1052394345","name":"米辣","named":true,"category":"daily","kind":"restaurant","location_method":"OSM 对象包围盒中心，非入口","access":"未标注","source_date":"2026-09-12T02:20:24Z","original_name":"米辣","related_osm_ids":["way/1052394345"]}},{"type":"Feature","id":"way/1054331794","geometry":{"type":"Point","coordinates":[118.834068,32.0100933]},"properties":{"osm_id":"way/1054331794","name":"未命名公园","named":false,"category":"park","kind":"park","location_method":"OSM 对象包围盒中心，非入口","access":"未标注","source_date":"2026-09-12T02:20:24Z","related_osm_ids":["way/1054331794"]}},{"type":"Feature","id":"way/105437055","geometry":{"type":"Point","coordinates":[118.7894324,32.0206471]},"properties":{"osm_id":"way/105437055","name":"未命名公园","named":false,"category":"park","kind":"park","location_method":"OSM 对象包围盒中心，非入口","access":"未标注","source_date":"2026-09-12T02:20:24Z","related_osm_ids":["way/105437055"]}},{"type":"Feature","id":"way/1054623407","geometry":{"type":"Point","coordinates":[118.8329623,32.1014897]},"properties":{"osm_id":"way/1054623407","name":"北京东路小学附属幼儿园月香分园","named":true,"category":"education","kind":"kindergarten","location_method":"OSM 对象包围盒中心，非入口","access":"未标注","source_date":"2026-09-12T02:20:24Z","original_name":"北京东路小学附属幼儿园月香分园","related_osm_ids":["way/1054623407"]}},{"type":"Feature","id":"way/1056854748","geometry":{"type":"Point","coordinates":[118.7936857,32.0567035]},"properties":{"osm_id":"way/1056854748","name":"莘园餐厅","named":true,"category":"daily","kind":"restaurant","location_method":"OSM 对象包围盒中心，非入口","access":"未标注","source_date":"2026-09-12T02:20:24Z","original_name":"莘园餐厅","related_osm_ids":["way/1056854748"]}},{"type":"Feature","id":"way/1056854769","geometry":{"type":"Point","coordinates":[118.7997654,32.0495466]},"properties":{"osm_id":"way/1056854769","name":"南京玄武外国语学校","named":true,"category":"education","kind":"school","location_method":"OSM 对象包围盒中心，非入口","access":"未标注","source_date":"2026-09-12T02:20:24Z","original_name":"南京玄武外国语学校","related_osm_ids":["way/1056854769"]}},{"type":"Feature","id":"way/1056854773","geometry":{"type":"Point","coordinates":[118.7863846,32.0594302]},"properties":{"osm_id":"way/1056854773","name":"未命名公园","named":false,"category":"park","kind":"park","location_method":"OSM 对象包围盒中心，非入口","access":"未标注","source_date":"2026-09-12T02:20:24Z","related_osm_ids":["way/1056854773"]}},{"type":"Feature","id":"way/1056854774","geometry":{"type":"Point","coordinates":[118.7915315,32.0579291]},"properties":{"osm_id":"way/1056854774","name":"南京市中心医院(市级机关医院)","named":true,"category":"health","kind":"hospital","location_method":"OSM 对象包围盒中心，非入口","access":"未标注","source_date":"2026-09-12T02:20:24Z","original_name":"南京市中心医院(市级机关医院)","related_osm_ids":["way/1056854774"]}},{"type":"Feature","id":"way/1057055130","geometry":{"type":"Point","coordinates":[118.7655089,32.1067414]},"properties":{"osm_id":"way/1057055130","name":"未命名交通点位","named":false,"category":"transit","kind":"station","location_method":"OSM 对象包围盒中心，非入口","access":"未标注","source_date":"2026-09-12T02:20:24Z","related_osm_ids":["way/1057055130"]}},{"type":"Feature","id":"way/1057785618","geometry":{"type":"Point","coordinates":[118.7668875,32.0706756]},"properties":{"osm_id":"way/1057785618","name":"苏宁易购","named":true,"category":"daily","kind":"electronics","location_method":"OSM 对象包围盒中心，非入口","access":"未标注","source_date":"2026-09-12T02:20:24Z","original_name":"苏宁易购","related_osm_ids":["way/1057785618"]}},{"type":"Feature","id":"way/1057942023","geometry":{"type":"Point","coordinates":[118.769323,32.0725148]},"properties":{"osm_id":"way/1057942023","name":"南京市青少年宫","named":true,"category":"daily","kind":"community_centre","location_method":"OSM 对象包围盒中心，非入口","access":"未标注","source_date":"2026-09-12T02:20:24Z","original_name":"南京市青少年宫","related_osm_ids":["way/1057942023"]}},{"type":"Feature","id":"way/1057942029","geometry":{"type":"Point","coordinates":[118.7684134,32.0733842]},"properties":{"osm_id":"way/1057942029","name":"未命名生活服务","named":false,"category":"daily","kind":"mall","location_method":"OSM 对象包围盒中心，非入口","access":"未标注","source_date":"2026-09-12T02:20:24Z","related_osm_ids":["way/1057942029"]}},{"type":"Feature","id":"way/1058052950","geometry":{"type":"Point","coordinates":[118.9063723,32.0571146]},"properties":{"osm_id":"way/1058052950","name":"美芝嘉幼儿园","named":true,"category":"education","kind":"kindergarten","location_method":"OSM 对象包围盒中心，非入口","access":"未标注","source_date":"2026-09-12T02:20:24Z","original_name":"美芝嘉幼儿园","related_osm_ids":["way/1058052950"]}},{"type":"Feature","id":"way/1061607205","geometry":{"type":"Point","coordinates":[118.791446,32.0644514]},"properties":{"osm_id":"way/1061607205","name":"南京城墙景区售票处","named":true,"category":"daily","kind":"ticket","location_method":"OSM 对象包围盒中心，非入口","access":"未标注","source_date":"2026-09-12T02:20:24Z","original_name":"南京城墙景区售票处","related_osm_ids":["way/1061607205"]}},{"type":"Feature","id":"way/1061607217","geometry":{"type":"Point","coordinates":[118.8046424,32.061786]},"properties":{"osm_id":"way/1061607217","name":"未命名生活服务","named":false,"category":"daily","kind":"ticket","location_method":"OSM 对象包围盒中心，非入口","access":"未标注","source_date":"2026-09-12T02:20:24Z","related_osm_ids":["way/1061607217"]}},{"type":"Feature","id":"way/1061607219","geometry":{"type":"Point","coordinates":[118.7914376,32.0641179]},"properties":{"osm_id":"way/1061607219","name":"解放门","named":true,"category":"heritage","kind":"city_gate","location_method":"OSM 对象包围盒中心，非入口","access":"未标注","source_date":"2026-09-12T02:20:24Z","original_name":"解放门","related_osm_ids":["way/1061607219","way/1061610836"]}},{"type":"Feature","id":"way/1061610841","geometry":{"type":"Point","coordinates":[118.7821904,32.0729135]},"properties":{"osm_id":"way/1061610841","name":"南京城墙景区售票处","named":true,"category":"daily","kind":"ticket","location_method":"OSM 对象包围盒中心，非入口","access":"未标注","source_date":"2026-09-12T02:20:24Z","original_name":"南京城墙景区售票处","related_osm_ids":["way/1061610841"]}},{"type":"Feature","id":"way/1063644032","geometry":{"type":"Point","coordinates":[118.8574056,32.0369442]},"properties":{"osm_id":"way/1063644032","name":"龙湖·紫金mall","named":true,"category":"daily","kind":"mall","location_method":"OSM 对象包围盒中心，非入口","access":"未标注","source_date":"2026-09-12T02:20:24Z","original_name":"龙湖·紫金mall","related_osm_ids":["way/1063644032"]}},{"type":"Feature","id":"way/1063644033","geometry":{"type":"Point","coordinates":[118.8626993,32.0349701]},"properties":{"osm_id":"way/1063644033","name":"南京市孝陵卫初级中学","named":true,"category":"education","kind":"school","location_method":"OSM 对象包围盒中心，非入口","access":"未标注","source_date":"2026-09-12T02:20:24Z","original_name":"南京市孝陵卫初级中学","related_osm_ids":["way/1063644033"]}},{"type":"Feature","id":"way/1063646224","geometry":{"type":"Point","coordinates":[118.8621712,32.0386373]},"properties":{"osm_id":"way/1063646224","name":"南京玄武钟灵农科苑幼儿园","named":true,"category":"education","kind":"kindergarten","location_method":"OSM 对象包围盒中心，非入口","access":"未标注","source_date":"2026-09-12T02:20:24Z","original_name":"南京玄武钟灵农科苑幼儿园","related_osm_ids":["way/1063646224"]}},{"type":"Feature","id":"way/1064284274","geometry":{"type":"Point","coordinates":[118.9079281,32.0557699]},"properties":{"osm_id":"way/1064284274","name":"易捷","named":true,"category":"daily","kind":"convenience","location_method":"OSM 对象包围盒中心，非入口","access":"未标注","source_date":"2026-09-12T02:20:24Z","original_name":"易捷","related_osm_ids":["way/1064284274"]}},{"type":"Feature","id":"way/1069494561","geometry":{"type":"Point","coordinates":[118.9037741,32.0500684]},"properties":{"osm_id":"way/1069494561","name":"未命名教育设施","named":false,"category":"education","kind":"kindergarten","location_method":"OSM 对象包围盒中心，非入口","access":"未标注","source_date":"2026-09-12T02:20:24Z","related_osm_ids":["way/1069494561"]}},{"type":"Feature","id":"way/1070143513","geometry":{"type":"Point","coordinates":[118.8819714,32.0760073]},"properties":{"osm_id":"way/1070143513","name":"黄马生态湿地公园","named":true,"category":"park","kind":"park","location_method":"OSM 对象包围盒中心，非入口","access":"未标注","source_date":"2026-09-12T02:20:24Z","original_name":"黄马生态湿地公园","related_osm_ids":["way/1070143513"]}},{"type":"Feature","id":"way/1070512858","geometry":{"type":"Point","coordinates":[118.8956057,32.0417925]},"properties":{"osm_id":"way/1070512858","name":"马群社区卫生服务中心","named":true,"category":"health","kind":"clinic","location_method":"OSM 对象包围盒中心，非入口","access":"未标注","source_date":"2026-09-12T02:20:24Z","original_name":"马群社区卫生服务中心","related_osm_ids":["way/1070512858"]}},{"type":"Feature","id":"way/1070512860","geometry":{"type":"Point","coordinates":[118.8821033,32.0408753]},"properties":{"osm_id":"way/1070512860","name":"南京银城康复医院","named":true,"category":"health","kind":"hospital","location_method":"OSM 对象包围盒中心，非入口","access":"未标注","source_date":"2026-09-12T02:20:24Z","original_name":"南京银城康复医院","related_osm_ids":["way/1070512860"]}},{"type":"Feature","id":"way/1070512863","geometry":{"type":"Point","coordinates":[118.8868996,32.0313212]},"properties":{"osm_id":"way/1070512863","name":"南京市长江路小学启迪分校","named":true,"category":"education","kind":"school","location_method":"OSM 对象包围盒中心，非入口","access":"未标注","source_date":"2026-09-12T02:20:24Z","original_name":"南京市长江路小学启迪分校","related_osm_ids":["way/1070512863"]}},{"type":"Feature","id":"way/1075828864","geometry":{"type":"Point","coordinates":[118.8143015,32.0322825]},"properties":{"osm_id":"way/1075828864","name":"陆军工程大学御道街校区","named":true,"category":"education","kind":"university","location_method":"OSM 对象包围盒中心，非入口","access":"未标注","source_date":"2026-09-12T02:20:24Z","original_name":"陆军工程大学御道街校区","related_osm_ids":["way/1075828864"]}},{"type":"Feature","id":"way/1075828868","geometry":{"type":"Point","coordinates":[118.895234,32.1099846]},"properties":{"osm_id":"way/1075828868","name":"陆军工程大学玄武大道校区","named":true,"category":"education","kind":"university","location_method":"OSM 对象包围盒中心，非入口","access":"未标注","source_date":"2026-09-12T02:20:24Z","original_name":"陆军工程大学玄武大道校区","related_osm_ids":["way/1075828868"]}},{"type":"Feature","id":"way/1076254964","geometry":{"type":"Point","coordinates":[118.8901035,32.0510294]},"properties":{"osm_id":"way/1076254964","name":"健康·大融城","named":true,"category":"daily","kind":"mall","location_method":"OSM 对象包围盒中心，非入口","access":"未标注","source_date":"2026-09-12T02:20:24Z","original_name":"健康·大融城","related_osm_ids":["way/1076254964"]}},{"type":"Feature","id":"way/1076729458","geometry":{"type":"Point","coordinates":[118.7746585,32.0234505]},"properties":{"osm_id":"way/1076729458","name":"万象天地","named":true,"category":"daily","kind":"mall","location_method":"OSM 对象包围盒中心，非入口","access":"未标注","source_date":"2026-09-12T02:20:24Z","original_name":"万象天地","related_osm_ids":["way/1076729458"]}},{"type":"Feature","id":"way/1078364012","geometry":{"type":"Point","coordinates":[118.9003199,32.030947]},"properties":{"osm_id":"way/1078364012","name":"南京博颂莱爵学校","named":true,"category":"education","kind":"school","location_method":"OSM 对象包围盒中心，非入口","access":"未标注","source_date":"2026-09-12T02:20:24Z","original_name":"南京博颂莱爵学校","related_osm_ids":["way/1078364012"]}},{"type":"Feature","id":"way/1078409211","geometry":{"type":"Point","coordinates":[118.8502856,32.0172151]},"properties":{"osm_id":"way/1078409211","name":"星瀚小学","named":true,"category":"education","kind":"school","location_method":"OSM 对象包围盒中心，非入口","access":"未标注","source_date":"2026-09-12T02:20:24Z","original_name":"星瀚小学","related_osm_ids":["way/1078409211"]}},{"type":"Feature","id":"way/1078409214","geometry":{"type":"Point","coordinates":[118.8519602,32.0159656]},"properties":{"osm_id":"way/1078409214","name":"紫杨佳园幼儿园","named":true,"category":"education","kind":"kindergarten","location_method":"OSM 对象包围盒中心，非入口","access":"未标注","source_date":"2026-09-12T02:20:24Z","original_name":"紫杨佳园幼儿园","related_osm_ids":["way/1078409214"]}},{"type":"Feature","id":"way/1078411582","geometry":{"type":"Point","coordinates":[118.7710651,32.01768]},"properties":{"osm_id":"way/1078411582","name":"荷花塘历史文化街区","named":true,"category":"heritage","kind":"district","location_method":"OSM 对象包围盒中心，非入口","access":"未标注","source_date":"2026-09-12T02:20:24Z","original_name":"荷花塘历史文化街区","related_osm_ids":["way/1078411582"]}},{"type":"Feature","id":"way/1078710456","geometry":{"type":"Point","coordinates":[118.9090686,32.0336822]},"properties":{"osm_id":"way/1078710456","name":"南京市江宁区麒麟天和路幼儿园","named":true,"category":"education","kind":"kindergarten","location_method":"OSM 对象包围盒中心，非入口","access":"未标注","source_date":"2026-09-12T02:20:24Z","original_name":"南京市江宁区麒麟天和路幼儿园","related_osm_ids":["way/1078710456"]}},{"type":"Feature","id":"way/1078710457","geometry":{"type":"Point","coordinates":[118.9084093,32.032444]},"properties":{"osm_id":"way/1078710457","name":"南京市力学小学分校","named":true,"category":"education","kind":"school","location_method":"OSM 对象包围盒中心，非入口","access":"未标注","source_date":"2026-09-12T02:20:24Z","original_name":"南京市力学小学分校","related_osm_ids":["way/1078710457"]}},{"type":"Feature","id":"way/1079959177","geometry":{"type":"Point","coordinates":[118.7675852,32.0422651]},"properties":{"osm_id":"way/1079959177","name":"江苏省中医院","named":true,"category":"health","kind":"hospital","location_method":"OSM 对象包围盒中心，非入口","access":"未标注","source_date":"2026-09-12T02:20:24Z","original_name":"江苏省中医院","related_osm_ids":["way/1079959177"]}},{"type":"Feature","id":"way/1079959178","geometry":{"type":"Point","coordinates":[118.7695795,32.0438226]},"properties":{"osm_id":"way/1079959178","name":"江苏省中医院","named":true,"category":"health","kind":"hospital","location_method":"OSM 对象包围盒中心，非入口","access":"未标注","source_date":"2026-09-12T02:20:24Z","original_name":"江苏省中医院","related_osm_ids":["way/1079959178"]}},{"type":"Feature","id":"way/1083375789","geometry":{"type":"Point","coordinates":[118.7894393,32.0463286]},"properties":{"osm_id":"way/1083375789","name":"南京外国语学校大行宫校区","named":true,"category":"education","kind":"school","location_method":"OSM 对象包围盒中心，非入口","access":"未标注","source_date":"2026-09-12T02:20:24Z","original_name":"南京外国语学校大行宫校区","related_osm_ids":["way/1083375789"]}},{"type":"Feature","id":"way/1088780419","geometry":{"type":"Point","coordinates":[118.8094692,32.0582081]},"properties":{"osm_id":"way/1088780419","name":"南京市玄武高级中学","named":true,"category":"education","kind":"school","location_method":"OSM 对象包围盒中心，非入口","access":"未标注","source_date":"2026-09-12T02:20:24Z","original_name":"南京市玄武高级中学","related_osm_ids":["way/1088780419"]}},{"type":"Feature","id":"way/1088963672","geometry":{"type":"Point","coordinates":[118.8678454,32.0475245]},"properties":{"osm_id":"way/1088963672","name":"钟山体育运动公园","named":true,"category":"park","kind":"park","location_method":"OSM 对象包围盒中心，非入口","access":"未标注","source_date":"2026-09-12T02:20:24Z","original_name":"钟山体育运动公园","related_osm_ids":["way/1088963672"]}},{"type":"Feature","id":"way/1093710268","geometry":{"type":"Point","coordinates":[118.8409089,32.0522087]},"properties":{"osm_id":"way/1093710268","name":"中山康复医院","named":true,"category":"health","kind":"hospital","location_method":"OSM 对象包围盒中心，非入口","access":"未标注","source_date":"2026-09-12T02:20:24Z","original_name":"中山康复医院","related_osm_ids":["way/1093710268"]}},{"type":"Feature","id":"way/1094070262","geometry":{"type":"Point","coordinates":[118.771791,32.0368202]},"properties":{"osm_id":"way/1094070262","name":"安乐园小吃","named":true,"category":"daily","kind":"restaurant","location_method":"OSM 对象包围盒中心，非入口","access":"未标注","source_date":"2026-09-12T02:20:24Z","original_name":"安乐园小吃","related_osm_ids":["way/1094070262"]}},{"type":"Feature","id":"way/1114903687","geometry":{"type":"Point","coordinates":[118.9184929,32.1023422]},"properties":{"osm_id":"way/1114903687","name":"金鹰湖滨天地","named":true,"category":"daily","kind":"mall","location_method":"OSM 对象包围盒中心，非入口","access":"未标注","source_date":"2026-09-12T02:20:24Z","original_name":"金鹰湖滨天地","related_osm_ids":["way/1114903687"]}},{"type":"Feature","id":"way/1147230997","geometry":{"type":"Point","coordinates":[118.7749369,32.0791536]},"properties":{"osm_id":"way/1147230997","name":"中大医院北院","named":true,"category":"health","kind":"hospital","location_method":"OSM 对象包围盒中心，非入口","access":"未标注","source_date":"2026-09-12T02:20:24Z","original_name":"中大医院北院","related_osm_ids":["way/1147230997"]}},{"type":"Feature","id":"way/1155920338","geometry":{"type":"Point","coordinates":[118.7865224,32.0550606]},"properties":{"osm_id":"way/1155920338","name":"未命名公园","named":false,"category":"park","kind":"park","location_method":"OSM 对象包围盒中心，非入口","access":"未标注","source_date":"2026-09-12T02:20:24Z","related_osm_ids":["way/1155920338"]}},{"type":"Feature","id":"way/1161228936","geometry":{"type":"Point","coordinates":[118.8127942,32.0436085]},"properties":{"osm_id":"way/1161228936","name":"南京明故宫遗址公园","named":true,"category":"park","kind":"park","location_method":"OSM 对象包围盒中心，非入口","access":"未标注","source_date":"2026-09-12T02:20:24Z","original_name":"南京明故宫遗址公园","related_osm_ids":["way/1161228936"]}},{"type":"Feature","id":"way/1161228937","geometry":{"type":"Point","coordinates":[118.8124542,32.0401809]},"properties":{"osm_id":"way/1161228937","name":"午朝门公园","named":true,"category":"park","kind":"park","location_method":"OSM 对象包围盒中心，非入口","access":"未标注","source_date":"2026-09-12T02:20:24Z","original_name":"午朝门公园","related_osm_ids":["way/1161228937"]}},{"type":"Feature","id":"way/1169370437","geometry":{"type":"Point","coordinates":[118.7848606,32.0187268]},"properties":{"osm_id":"way/1169370437","name":"南京秦淮外国语学校长乐路校区","named":true,"category":"education","kind":"school","location_method":"OSM 对象包围盒中心，非入口","access":"未标注","source_date":"2026-09-12T02:20:24Z","original_name":"南京秦淮外国语学校长乐路校区","related_osm_ids":["way/1169370437"]}},{"type":"Feature","id":"way/1173064915","geometry":{"type":"Point","coordinates":[118.9197923,32.1226124]},"properties":{"osm_id":"way/1173064915","name":"南邮广场","named":true,"category":"daily","kind":"mall","location_method":"OSM 对象包围盒中心，非入口","access":"未标注","source_date":"2026-09-12T02:20:24Z","original_name":"南邮广场","related_osm_ids":["way/1173064915"]}},{"type":"Feature","id":"way/1175607488","geometry":{"type":"Point","coordinates":[118.7860961,32.040902]},"properties":{"osm_id":"way/1175607488","name":"游府西街小学","named":true,"category":"education","kind":"school","location_method":"OSM 对象包围盒中心，非入口","access":"未标注","source_date":"2026-09-12T02:20:24Z","original_name":"游府西街小学","related_osm_ids":["way/1175607488"]}},{"type":"Feature","id":"way/1202546686","geometry":{"type":"Point","coordinates":[118.7759746,32.0022097]},"properties":{"osm_id":"way/1202546686","name":"江苏国家安全教育馆","named":true,"category":"education","kind":"school","location_method":"OSM 对象包围盒中心，非入口","access":"未标注","source_date":"2026-09-12T02:20:24Z","original_name":"江苏国家安全教育馆","related_osm_ids":["way/1202546686"]}},{"type":"Feature","id":"way/1204580929","geometry":{"type":"Point","coordinates":[118.770863,32.0763421]},"properties":{"osm_id":"way/1204580929","name":"东南大学(丁家桥校区)","named":true,"category":"education","kind":"university","location_method":"OSM 对象包围盒中心，非入口","access":"未标注","source_date":"2026-09-12T02:20:24Z","original_name":"东南大学(丁家桥校区)","related_osm_ids":["way/1204580929"]}},{"type":"Feature","id":"way/1205715835","geometry":{"type":"Point","coordinates":[118.8074906,32.08251]},"properties":{"osm_id":"way/1205715835","name":"NJFU大学生活动中心","named":true,"category":"daily","kind":"community_centre","location_method":"OSM 对象包围盒中心，非入口","access":"未标注","source_date":"2026-09-12T02:20:24Z","original_name":"NJFU大学生活动中心","related_osm_ids":["way/1205715835"]}},{"type":"Feature","id":"way/1206400777","geometry":{"type":"Point","coordinates":[118.8275681,32.0476801]},"properties":{"osm_id":"way/1206400777","name":"钟山风景名胜区环境综合整治纪念碑","named":true,"category":"park","kind":"park","location_method":"OSM 对象包围盒中心，非入口","access":"未标注","source_date":"2026-09-12T02:20:24Z","original_name":"钟山风景名胜区环境综合整治纪念碑","related_osm_ids":["way/1206400777"]}},{"type":"Feature","id":"way/120889885","geometry":{"type":"Point","coordinates":[118.7940825,32.025144]},"properties":{"osm_id":"way/120889885","name":"东水关遗址公园","named":true,"category":"park","kind":"park","location_method":"OSM 对象包围盒中心，非入口","access":"未标注","source_date":"2026-09-12T02:20:24Z","original_name":"东水关遗址公园","related_osm_ids":["way/120889885"]}},{"type":"Feature","id":"way/120893680","geometry":{"type":"Point","coordinates":[118.800058,32.0417025]},"properties":{"osm_id":"way/120893680","name":"西安门遗址公园","named":true,"category":"park","kind":"park","location_method":"OSM 对象包围盒中心，非入口","access":"未标注","source_date":"2026-09-12T02:20:24Z","original_name":"西安门遗址公园","related_osm_ids":["way/120893680"]}},{"type":"Feature","id":"way/120893684","geometry":{"type":"Point","coordinates":[118.795912,32.0295784]},"properties":{"osm_id":"way/120893684","name":"未命名公园","named":false,"category":"park","kind":"park","location_method":"OSM 对象包围盒中心，非入口","access":"未标注","source_date":"2026-09-12T02:20:24Z","related_osm_ids":["way/120893684"]}},{"type":"Feature","id":"way/1231581899","geometry":{"type":"Point","coordinates":[118.7964813,32.045077]},"properties":{"osm_id":"way/1231581899","name":"中国共产党代表团梅园新村纪念馆","named":true,"category":"heritage","kind":"monument","location_method":"OSM 对象包围盒中心，非入口","access":"unknown","source_date":"2026-09-12T02:20:24Z","original_name":"中国共产党代表团梅园新村纪念馆","related_osm_ids":["way/1231581899"]}},{"type":"Feature","id":"way/1240681704","geometry":{"type":"Point","coordinates":[118.8370625,32.0362666]},"properties":{"osm_id":"way/1240681704","name":"教工食堂","named":true,"category":"daily","kind":"restaurant","location_method":"OSM 对象包围盒中心，非入口","access":"未标注","source_date":"2026-09-12T02:20:24Z","original_name":"教工食堂","related_osm_ids":["way/1240681704"]}},{"type":"Feature","id":"way/1248976941","geometry":{"type":"Point","coordinates":[118.7666761,31.9996832]},"properties":{"osm_id":"way/1248976941","name":"南京市共青团路小学","named":true,"category":"education","kind":"school","location_method":"OSM 对象包围盒中心，非入口","access":"未标注","source_date":"2026-09-12T02:20:24Z","original_name":"南京市共青团路小学","related_osm_ids":["way/1248976941"]}},{"type":"Feature","id":"way/1268625898","geometry":{"type":"Point","coordinates":[118.7763732,32.0673613]},"properties":{"osm_id":"way/1268625898","name":"未命名历史要素","named":false,"category":"heritage","kind":"monument","location_method":"OSM 对象包围盒中心，非入口","access":"未标注","source_date":"2026-09-12T02:20:24Z","related_osm_ids":["way/1268625898"]}},{"type":"Feature","id":"way/1269018582","geometry":{"type":"Point","coordinates":[118.7795903,32.000778]},"properties":{"osm_id":"way/1269018582","name":"雨花花卉园花卉批发市场","named":true,"category":"daily","kind":"florist","location_method":"OSM 对象包围盒中心，非入口","access":"未标注","source_date":"2026-09-12T02:20:24Z","original_name":"雨花花卉园花卉批发市场","related_osm_ids":["way/1269018582"]}},{"type":"Feature","id":"way/1269018598","geometry":{"type":"Point","coordinates":[118.7903314,32.0046548]},"properties":{"osm_id":"way/1269018598","name":"南京海熙护理院门诊","named":true,"category":"health","kind":"clinic","location_method":"OSM 对象包围盒中心，非入口","access":"未标注","source_date":"2026-09-12T02:20:24Z","original_name":"南京海熙护理院门诊","related_osm_ids":["way/1269018598"]}},{"type":"Feature","id":"way/1269018599","geometry":{"type":"Point","coordinates":[118.7892394,32.0063901]},"properties":{"osm_id":"way/1269018599","name":"南京金陵高等职业技术学校","named":true,"category":"education","kind":"college","location_method":"OSM 对象包围盒中心，非入口","access":"未标注","source_date":"2026-09-12T02:20:24Z","original_name":"南京金陵高等职业技术学校","related_osm_ids":["way/1269018599"]}},{"type":"Feature","id":"way/1269018618","geometry":{"type":"Point","coordinates":[118.7697505,32.0063215]},"properties":{"osm_id":"way/1269018618","name":"南京市雨花台区实验小学","named":true,"category":"education","kind":"school","location_method":"OSM 对象包围盒中心，非入口","access":"未标注","source_date":"2026-09-12T02:20:24Z","original_name":"南京市雨花台区实验小学","related_osm_ids":["way/1269018618"]}},{"type":"Feature","id":"way/1269255893","geometry":{"type":"Point","coordinates":[118.8424251,31.9992227]},"properties":{"osm_id":"way/1269255893","name":"明外郭高桥门公园","named":true,"category":"park","kind":"park","location_method":"OSM 对象包围盒中心，非入口","access":"未标注","source_date":"2026-09-12T02:20:24Z","original_name":"明外郭高桥门公园","related_osm_ids":["way/1269255893"]}},{"type":"Feature","id":"way/1271093077","geometry":{"type":"Point","coordinates":[118.8278914,32.1226831]},"properties":{"osm_id":"way/1271093077","name":"南京城北万象汇A馆","named":true,"category":"daily","kind":"mall","location_method":"OSM 对象包围盒中心，非入口","access":"未标注","source_date":"2026-09-12T02:20:24Z","original_name":"南京城北万象汇A馆","related_osm_ids":["way/1271093077"]}},{"type":"Feature","id":"way/1277816999","geometry":{"type":"Point","coordinates":[118.7690932,32.004337]},"properties":{"osm_id":"way/1277816999","name":"未命名公园","named":false,"category":"park","kind":"park","location_method":"OSM 对象包围盒中心，非入口","access":"未标注","source_date":"2026-09-12T02:20:24Z","related_osm_ids":["way/1277816999"]}},{"type":"Feature","id":"way/1277826273","geometry":{"type":"Point","coordinates":[118.776214,32.0031358]},"properties":{"osm_id":"way/1277826273","name":"古甘露井","named":true,"category":"heritage","kind":"shelter","location_method":"OSM 对象包围盒中心，非入口","access":"未标注","source_date":"2026-09-12T02:20:24Z","original_name":"古甘露井","related_osm_ids":["way/1277826273"]}},{"type":"Feature","id":"way/1278017647","geometry":{"type":"Point","coordinates":[118.7731238,32.0064278]},"properties":{"osm_id":"way/1278017647","name":"未命名医疗服务","named":false,"category":"health","kind":"dentist","location_method":"OSM 对象包围盒中心，非入口","access":"未标注","source_date":"2026-09-12T02:20:24Z","related_osm_ids":["way/1278017647"]}},{"type":"Feature","id":"way/1280559451","geometry":{"type":"Point","coordinates":[118.8556637,32.0575867]},"properties":{"osm_id":"way/1280559451","name":"滑道探险公园","named":true,"category":"park","kind":"park","location_method":"OSM 对象包围盒中心，非入口","access":"未标注","source_date":"2026-09-12T02:20:24Z","original_name":"滑道探险公园","related_osm_ids":["way/1280559451"]}},{"type":"Feature","id":"way/1280739160","geometry":{"type":"Point","coordinates":[118.7641463,32.0047302]},"properties":{"osm_id":"way/1280739160","name":"南京市雨花台区实验小学","named":true,"category":"education","kind":"school","location_method":"OSM 对象包围盒中心，非入口","access":"未标注","source_date":"2026-09-12T02:20:24Z","original_name":"南京市雨花台区实验小学","related_osm_ids":["way/1280739160"]}},{"type":"Feature","id":"way/1284555810","geometry":{"type":"Point","coordinates":[118.7604949,32.0703421]},"properties":{"osm_id":"way/1284555810","name":"小公园","named":true,"category":"park","kind":"park","location_method":"OSM 对象包围盒中心，非入口","access":"未标注","source_date":"2026-09-12T02:20:24Z","original_name":"小公园","related_osm_ids":["way/1284555810"]}},{"type":"Feature","id":"way/1284585453","geometry":{"type":"Point","coordinates":[118.8373366,32.0899728]},"properties":{"osm_id":"way/1284585453","name":"未命名公园","named":false,"category":"park","kind":"park","location_method":"OSM 对象包围盒中心，非入口","access":"未标注","source_date":"2026-09-12T02:20:24Z","related_osm_ids":["way/1284585453"]}},{"type":"Feature","id":"way/1284585454","geometry":{"type":"Point","coordinates":[118.8369247,32.0891018]},"properties":{"osm_id":"way/1284585454","name":"未命名公园","named":false,"category":"park","kind":"park","location_method":"OSM 对象包围盒中心，非入口","access":"未标注","source_date":"2026-09-12T02:20:24Z","related_osm_ids":["way/1284585454"]}},{"type":"Feature","id":"way/1286180852","geometry":{"type":"Point","coordinates":[118.7705509,32.0499851]},"properties":{"osm_id":"way/1286180852","name":"南京神社旧址","named":true,"category":"heritage","kind":"building","location_method":"OSM 对象包围盒中心，非入口","access":"未标注","source_date":"2026-09-12T02:20:24Z","original_name":"南京神社旧址","related_osm_ids":["way/1286180852"]}},{"type":"Feature","id":"way/1289311274","geometry":{"type":"Point","coordinates":[118.7667686,32.0771139]},"properties":{"osm_id":"way/1289311274","name":"南京五十中","named":true,"category":"education","kind":"school","location_method":"OSM 对象包围盒中心，非入口","access":"未标注","source_date":"2026-09-12T02:20:24Z","original_name":"南京五十中","related_osm_ids":["way/1289311274"]}},{"type":"Feature","id":"way/1289583186","geometry":{"type":"Point","coordinates":[118.806688,32.0047567]},"properties":{"osm_id":"way/1289583186","name":"南部新城学校","named":true,"category":"education","kind":"school","location_method":"OSM 对象包围盒中心，非入口","access":"未标注","source_date":"2026-09-12T02:20:24Z","original_name":"南部新城学校","related_osm_ids":["way/1289583186"]}},{"type":"Feature","id":"way/1300055412","geometry":{"type":"Point","coordinates":[118.8402961,32.0376613]},"properties":{"osm_id":"way/1300055412","name":"文化广场","named":true,"category":"park","kind":"park","location_method":"OSM 对象包围盒中心，非入口","access":"未标注","source_date":"2026-09-12T02:20:24Z","original_name":"文化广场","related_osm_ids":["way/1300055412"]}},{"type":"Feature","id":"way/1300458931","geometry":{"type":"Point","coordinates":[118.8362484,32.0379286]},"properties":{"osm_id":"way/1300458931","name":"南京农业大学幼儿园","named":true,"category":"education","kind":"kindergarten","location_method":"OSM 对象包围盒中心，非入口","access":"未标注","source_date":"2026-09-12T02:20:24Z","original_name":"南京农业大学幼儿园","related_osm_ids":["way/1300458931"]}},{"type":"Feature","id":"way/1305786743","geometry":{"type":"Point","coordinates":[118.8757036,32.1198368]},"properties":{"osm_id":"way/1305786743","name":"南京市栖霞区医院","named":true,"category":"health","kind":"hospital","location_method":"OSM 对象包围盒中心，非入口","access":"未标注","source_date":"2026-09-12T02:20:24Z","original_name":"南京市栖霞区医院","related_osm_ids":["way/1305786743"]}},{"type":"Feature","id":"way/1305990822","geometry":{"type":"Point","coordinates":[118.8669496,32.1188808]},"properties":{"osm_id":"way/1305990822","name":"味香阁精菜馆","named":true,"category":"daily","kind":"restaurant","location_method":"OSM 对象包围盒中心，非入口","access":"未标注","source_date":"2026-09-12T02:20:24Z","original_name":"味香阁精菜馆","related_osm_ids":["way/1305990822"]}},{"type":"Feature","id":"way/1305990870","geometry":{"type":"Point","coordinates":[118.8765601,32.1173676]},"properties":{"osm_id":"way/1305990870","name":"南京市栖霞区实验小学(尧化门校区)","named":true,"category":"education","kind":"school","location_method":"OSM 对象包围盒中心，非入口","access":"未标注","source_date":"2026-09-12T02:20:24Z","original_name":"南京市栖霞区实验小学(尧化门校区)","related_osm_ids":["way/1305990870"]}},{"type":"Feature","id":"way/1306335272","geometry":{"type":"Point","coordinates":[118.869566,32.1161555]},"properties":{"osm_id":"way/1306335272","name":"未命名教育设施","named":false,"category":"education","kind":"kindergarten","location_method":"OSM 对象包围盒中心，非入口","access":"未标注","source_date":"2026-09-12T02:20:24Z","related_osm_ids":["way/1306335272"]}},{"type":"Feature","id":"way/1306416016","geometry":{"type":"Point","coordinates":[118.8752692,32.1058163]},"properties":{"osm_id":"way/1306416016","name":"南京永达奥诚汽车销售服务有限公司","named":true,"category":"daily","kind":"car","location_method":"OSM 对象包围盒中心，非入口","access":"未标注","source_date":"2026-09-12T02:20:24Z","original_name":"南京永达奥诚汽车销售服务有限公司","related_osm_ids":["way/1306416016"]}},{"type":"Feature","id":"way/1306416017","geometry":{"type":"Point","coordinates":[118.8743616,32.1056796]},"properties":{"osm_id":"way/1306416017","name":"捷豹路虎汽车","named":true,"category":"daily","kind":"car","location_method":"OSM 对象包围盒中心，非入口","access":"未标注","source_date":"2026-09-12T02:20:24Z","original_name":"捷豹路虎汽车","related_osm_ids":["way/1306416017"]}},{"type":"Feature","id":"way/1306727860","geometry":{"type":"Point","coordinates":[118.8761612,32.107892]},"properties":{"osm_id":"way/1306727860","name":"未命名公园","named":false,"category":"park","kind":"park","location_method":"OSM 对象包围盒中心，非入口","access":"未标注","source_date":"2026-09-12T02:20:24Z","related_osm_ids":["way/1306727860"]}},{"type":"Feature","id":"way/1306855872","geometry":{"type":"Point","coordinates":[118.8617499,32.1188982]},"properties":{"osm_id":"way/1306855872","name":"未命名公园","named":false,"category":"park","kind":"park","location_method":"OSM 对象包围盒中心，非入口","access":"未标注","source_date":"2026-09-12T02:20:24Z","related_osm_ids":["way/1306855872"]}},{"type":"Feature","id":"way/1306855873","geometry":{"type":"Point","coordinates":[118.863385,32.1180623]},"properties":{"osm_id":"way/1306855873","name":"未命名公园","named":false,"category":"park","kind":"park","location_method":"OSM 对象包围盒中心，非入口","access":"未标注","source_date":"2026-09-12T02:20:24Z","related_osm_ids":["way/1306855873"]}},{"type":"Feature","id":"way/1306855882","geometry":{"type":"Point","coordinates":[118.8641426,32.1187189]},"properties":{"osm_id":"way/1306855882","name":"南京市栖霞区实验小学(尧和路校区)","named":true,"category":"education","kind":"school","location_method":"OSM 对象包围盒中心，非入口","access":"未标注","source_date":"2026-09-12T02:20:24Z","original_name":"南京市栖霞区实验小学(尧和路校区)","related_osm_ids":["way/1306855882"]}},{"type":"Feature","id":"way/1306899548","geometry":{"type":"Point","coordinates":[118.8631813,32.1190664]},"properties":{"osm_id":"way/1306899548","name":"南京市栖霞区第一实验幼儿园","named":true,"category":"education","kind":"kindergarten","location_method":"OSM 对象包围盒中心，非入口","access":"未标注","source_date":"2026-09-12T02:20:24Z","original_name":"南京市栖霞区第一实验幼儿园","related_osm_ids":["way/1306899548"]}},{"type":"Feature","id":"way/1306899549","geometry":{"type":"Point","coordinates":[118.8633507,32.1189909]},"properties":{"osm_id":"way/1306899549","name":"未命名教育设施","named":false,"category":"education","kind":"kindergarten","location_method":"OSM 对象包围盒中心，非入口","access":"未标注","source_date":"2026-09-12T02:20:24Z","related_osm_ids":["way/1306899549"]}},{"type":"Feature","id":"way/1307025907","geometry":{"type":"Point","coordinates":[118.9064164,32.1233746]},"properties":{"osm_id":"way/1307025907","name":"山景路公园","named":true,"category":"park","kind":"park","location_method":"OSM 对象包围盒中心，非入口","access":"未标注","source_date":"2026-09-12T02:20:24Z","original_name":"山景路公园","related_osm_ids":["way/1307025907"]}},{"type":"Feature","id":"way/1307224433","geometry":{"type":"Point","coordinates":[118.8551512,32.1168832]},"properties":{"osm_id":"way/1307224433","name":"丁家庄农贸市场","named":true,"category":"daily","kind":"marketplace","location_method":"OSM 对象包围盒中心，非入口","access":"未标注","source_date":"2026-09-12T02:20:24Z","original_name":"丁家庄农贸市场","related_osm_ids":["way/1307224433"]}},{"type":"Feature","id":"way/1307528543","geometry":{"type":"Point","coordinates":[118.8586593,32.1143321]},"properties":{"osm_id":"way/1307528543","name":"南京博爱艺术幼儿园","named":true,"category":"education","kind":"kindergarten","location_method":"OSM 对象包围盒中心，非入口","access":"未标注","source_date":"2026-09-12T02:20:24Z","original_name":"南京博爱艺术幼儿园","related_osm_ids":["way/1307528543"]}},{"type":"Feature","id":"way/1307889312","geometry":{"type":"Point","coordinates":[118.8613771,32.0976525]},"properties":{"osm_id":"way/1307889312","name":"南京市北京东路小学附属阳光幼儿园","named":true,"category":"education","kind":"kindergarten","location_method":"OSM 对象包围盒中心，非入口","access":"未标注","source_date":"2026-09-12T02:20:24Z","original_name":"南京市北京东路小学附属阳光幼儿园","related_osm_ids":["way/1307889312"]}},{"type":"Feature","id":"way/1308297152","geometry":{"type":"Point","coordinates":[118.8366655,32.1226809]},"properties":{"osm_id":"way/1308297152","name":"南京公交骏宝行汽车销售服务有限公司","named":true,"category":"daily","kind":"car","location_method":"OSM 对象包围盒中心，非入口","access":"未标注","source_date":"2026-09-12T02:20:24Z","original_name":"南京公交骏宝行汽车销售服务有限公司","related_osm_ids":["way/1308297152"]}},{"type":"Feature","id":"way/1308450462","geometry":{"type":"Point","coordinates":[118.8486478,32.1135287]},"properties":{"osm_id":"way/1308450462","name":"南京市妇幼保健院丁家庄院区","named":true,"category":"health","kind":"hospital","location_method":"OSM 对象包围盒中心，非入口","access":"未标注","source_date":"2026-09-12T02:20:24Z","original_name":"南京市妇幼保健院丁家庄院区","related_osm_ids":["way/1308450462"]}},{"type":"Feature","id":"way/1309199507","geometry":{"type":"Point","coordinates":[118.870114,32.1241172]},"properties":{"osm_id":"way/1309199507","name":"未命名公园","named":false,"category":"park","kind":"park","location_method":"OSM 对象包围盒中心，非入口","access":"未标注","source_date":"2026-09-12T02:20:24Z","related_osm_ids":["way/1309199507"]}},{"type":"Feature","id":"way/1309643174","geometry":{"type":"Point","coordinates":[118.8766088,32.1206328]},"properties":{"osm_id":"way/1309643174","name":"栖霞区第一实验幼儿园","named":true,"category":"education","kind":"kindergarten","location_method":"OSM 对象包围盒中心，非入口","access":"未标注","source_date":"2026-09-12T02:20:24Z","original_name":"栖霞区第一实验幼儿园","related_osm_ids":["way/1309643174"]}},{"type":"Feature","id":"way/1309921107","geometry":{"type":"Point","coordinates":[118.8814719,32.1215409]},"properties":{"osm_id":"way/1309921107","name":"南京石化二公司幼儿园","named":true,"category":"education","kind":"kindergarten","location_method":"OSM 对象包围盒中心，非入口","access":"未标注","source_date":"2026-09-12T02:20:24Z","original_name":"南京石化二公司幼儿园","related_osm_ids":["way/1309921107"]}},{"type":"Feature","id":"way/1313679325","geometry":{"type":"Point","coordinates":[118.8277712,32.1169756]},"properties":{"osm_id":"way/1313679325","name":"弘阳家居","named":true,"category":"daily","kind":"mall","location_method":"OSM 对象包围盒中心，非入口","access":"未标注","source_date":"2026-09-12T02:20:24Z","original_name":"弘阳家居","related_osm_ids":["way/1313679325"]}},{"type":"Feature","id":"way/1313899335","geometry":{"type":"Point","coordinates":[118.8740442,32.000251]},"properties":{"osm_id":"way/1313899335","name":"南方时代广场","named":true,"category":"daily","kind":"mall","location_method":"OSM 对象包围盒中心，非入口","access":"未标注","source_date":"2026-09-12T02:20:24Z","original_name":"南方时代广场","related_osm_ids":["way/1313899335"]}},{"type":"Feature","id":"way/1313899340","geometry":{"type":"Point","coordinates":[118.8586427,32.0051447]},"properties":{"osm_id":"way/1313899340","name":"瑞金北村小学分校","named":true,"category":"education","kind":"school","location_method":"OSM 对象包围盒中心，非入口","access":"未标注","source_date":"2026-09-12T02:20:24Z","original_name":"瑞金北村小学分校","related_osm_ids":["way/1313899340"]}},{"type":"Feature","id":"way/1313899345","geometry":{"type":"Point","coordinates":[118.8603389,32.0069005]},"properties":{"osm_id":"way/1313899345","name":"银龙鑫苑幼儿园太平巷幼儿园分园","named":true,"category":"education","kind":"kindergarten","location_method":"OSM 对象包围盒中心，非入口","access":"未标注","source_date":"2026-09-12T02:20:24Z","original_name":"银龙鑫苑幼儿园太平巷幼儿园分园","related_osm_ids":["way/1313899345"]}},{"type":"Feature","id":"way/1313899346","geometry":{"type":"Point","coordinates":[118.8696412,32.0115863]},"properties":{"osm_id":"way/1313899346","name":"白下高新园区公交场站","named":true,"category":"transit","kind":"bus_station","location_method":"OSM 对象包围盒中心，非入口","access":"未标注","source_date":"2026-09-12T02:20:24Z","original_name":"白下高新园区公交场站","related_osm_ids":["way/1313899346"]}},{"type":"Feature","id":"way/1313899351","geometry":{"type":"Point","coordinates":[118.865809,32.0086791]},"properties":{"osm_id":"way/1313899351","name":"南京市七韵幼儿园","named":true,"category":"education","kind":"kindergarten","location_method":"OSM 对象包围盒中心，非入口","access":"未标注","source_date":"2026-09-12T02:20:24Z","original_name":"南京市七韵幼儿园","related_osm_ids":["way/1313899351"]}},{"type":"Feature","id":"way/133117876","geometry":{"type":"Point","coordinates":[118.8519616,32.0327845]},"properties":{"osm_id":"way/133117876","name":"时间广场","named":true,"category":"park","kind":"park","location_method":"OSM 对象包围盒中心，非入口","access":"未标注","source_date":"2026-09-12T02:20:24Z","original_name":"时间广场","related_osm_ids":["way/133117876"]}},{"type":"Feature","id":"way/1332154627","geometry":{"type":"Point","coordinates":[118.776502,32.0114084]},"properties":{"osm_id":"way/1332154627","name":"御道遗址","named":true,"category":"heritage","kind":"archaeological_site","location_method":"OSM 对象包围盒中心，非入口","access":"未标注","source_date":"2026-09-12T02:20:24Z","original_name":"御道遗址","related_osm_ids":["way/1332154627"]}},{"type":"Feature","id":"way/1333185705","geometry":{"type":"Point","coordinates":[118.8288814,32.1186625]},"properties":{"osm_id":"way/1333185705","name":"阳光雅居幼儿园","named":true,"category":"education","kind":"kindergarten","location_method":"OSM 对象包围盒中心，非入口","access":"未标注","source_date":"2026-09-12T02:20:24Z","original_name":"阳光雅居幼儿园","related_osm_ids":["way/1333185705"]}},{"type":"Feature","id":"way/1334432181","geometry":{"type":"Point","coordinates":[118.8484255,32.0622399]},"properties":{"osm_id":"way/1334432181","name":"陵门","named":true,"category":"heritage","kind":"building","location_method":"OSM 对象包围盒中心，非入口","access":"未标注","source_date":"2026-09-12T02:20:24Z","original_name":"陵门","related_osm_ids":["way/1334432181"]}},{"type":"Feature","id":"way/1334432182","geometry":{"type":"Point","coordinates":[118.8484048,32.0626242]},"properties":{"osm_id":"way/1334432182","name":"碑亭","named":true,"category":"heritage","kind":"building","location_method":"OSM 对象包围盒中心，非入口","access":"未标注","source_date":"2026-09-12T02:20:24Z","original_name":"碑亭","related_osm_ids":["way/1334432182"]}},{"type":"Feature","id":"way/1342403173","geometry":{"type":"Point","coordinates":[118.8939236,32.0922235]},"properties":{"osm_id":"way/1342403173","name":"仙鹤门社区卫生服务中心","named":true,"category":"health","kind":"hospital","location_method":"OSM 对象包围盒中心，非入口","access":"未标注","source_date":"2026-09-12T02:20:24Z","original_name":"仙鹤门社区卫生服务中心","related_osm_ids":["way/1342403173"]}},{"type":"Feature","id":"way/1360645018","geometry":{"type":"Point","coordinates":[118.8020825,32.0383938]},"properties":{"osm_id":"way/1360645018","name":"511公园","named":true,"category":"park","kind":"park","location_method":"OSM 对象包围盒中心，非入口","access":"未标注","source_date":"2026-09-12T02:20:24Z","original_name":"511公园","related_osm_ids":["way/1360645018"]}},{"type":"Feature","id":"way/1360645019","geometry":{"type":"Point","coordinates":[118.801929,32.0373155]},"properties":{"osm_id":"way/1360645019","name":"未命名公园","named":false,"category":"park","kind":"park","location_method":"OSM 对象包围盒中心，非入口","access":"未标注","source_date":"2026-09-12T02:20:24Z","related_osm_ids":["way/1360645019"]}},{"type":"Feature","id":"way/1364011522","geometry":{"type":"Point","coordinates":[118.7770732,32.0029916]},"properties":{"osm_id":"way/1364011522","name":"乾隆御碑亭","named":true,"category":"heritage","kind":"shelter","location_method":"OSM 对象包围盒中心，非入口","access":"未标注","source_date":"2026-09-12T02:20:24Z","original_name":"乾隆御碑亭","related_osm_ids":["way/1364011522"]}},{"type":"Feature","id":"way/136692948","geometry":{"type":"Point","coordinates":[118.8393013,32.030638]},"properties":{"osm_id":"way/136692948","name":"苏果 银城东苑社区店","named":true,"category":"daily","kind":"supermarket","location_method":"OSM 对象包围盒中心，非入口","access":"未标注","source_date":"2026-09-12T02:20:24Z","original_name":"苏果 银城东苑社区店","related_osm_ids":["way/136692948"]}},{"type":"Feature","id":"way/1367071972","geometry":{"type":"Point","coordinates":[118.8640538,32.0930138]},"properties":{"osm_id":"way/1367071972","name":"陆军工程大学（岔路口营区）","named":true,"category":"education","kind":"university","location_method":"OSM 对象包围盒中心，非入口","access":"未标注","source_date":"2026-09-12T02:20:24Z","original_name":"陆军工程大学（岔路口营区）","related_osm_ids":["way/1367071972"]}},{"type":"Feature","id":"way/1369409710","geometry":{"type":"Point","coordinates":[118.8212862,32.0473218]},"properties":{"osm_id":"way/1369409710","name":"海军指挥学院","named":true,"category":"education","kind":"college","location_method":"OSM 对象包围盒中心，非入口","access":"未标注","source_date":"2026-09-12T02:20:24Z","original_name":"海军指挥学院","related_osm_ids":["way/1369409710"]}},{"type":"Feature","id":"way/1369706374","geometry":{"type":"Point","coordinates":[118.8985981,32.1155754]},"properties":{"osm_id":"way/1369706374","name":"吉的堡玲珑翠谷幼儿园","named":true,"category":"education","kind":"kindergarten","location_method":"OSM 对象包围盒中心，非入口","access":"未标注","source_date":"2026-09-12T02:20:24Z","original_name":"吉的堡玲珑翠谷幼儿园","related_osm_ids":["way/1369706374"]}},{"type":"Feature","id":"way/1370374203","geometry":{"type":"Point","coordinates":[118.8962847,32.1166186]},"properties":{"osm_id":"way/1370374203","name":"广汽丰田","named":true,"category":"daily","kind":"car","location_method":"OSM 对象包围盒中心，非入口","access":"未标注","source_date":"2026-09-12T02:20:24Z","original_name":"广汽丰田","related_osm_ids":["way/1370374203"]}},{"type":"Feature","id":"way/137078642","geometry":{"type":"Point","coordinates":[118.8445221,32.0319773]},"properties":{"osm_id":"way/137078642","name":"南京理工大学实验小学","named":true,"category":"education","kind":"school","location_method":"OSM 对象包围盒中心，非入口","access":"未标注","source_date":"2026-09-12T02:20:24Z","original_name":"南京理工大学实验小学","related_osm_ids":["way/137078642"]}},{"type":"Feature","id":"way/137373593","geometry":{"type":"Point","coordinates":[118.8513782,32.0082625]},"properties":{"osm_id":"way/137373593","name":"南京银龙幼儿园","named":true,"category":"education","kind":"kindergarten","location_method":"OSM 对象包围盒中心，非入口","access":"未标注","source_date":"2026-09-12T02:20:24Z","original_name":"南京银龙幼儿园","related_osm_ids":["way/137373593"]}},{"type":"Feature","id":"way/137375799","geometry":{"type":"Point","coordinates":[118.8305498,32.0087171]},"properties":{"osm_id":"way/137375799","name":"七桥瓮湿地公园","named":true,"category":"park","kind":"park","location_method":"OSM 对象包围盒中心，非入口","access":"未标注","source_date":"2026-09-12T02:20:24Z","original_name":"七桥瓮湿地公园","related_osm_ids":["way/137375799"]}},{"type":"Feature","id":"way/137388563","geometry":{"type":"Point","coordinates":[118.846399,32.0329953]},"properties":{"osm_id":"way/137388563","name":"南京理工大学医院","named":true,"category":"health","kind":"hospital","location_method":"OSM 对象包围盒中心，非入口","access":"未标注","source_date":"2026-09-12T02:20:24Z","original_name":"南京理工大学医院","related_osm_ids":["way/137388563"]}},{"type":"Feature","id":"way/1375349635","geometry":{"type":"Point","coordinates":[118.7804484,32.090799]},"properties":{"osm_id":"way/1375349635","name":"未命名历史要素","named":false,"category":"heritage","kind":"citywalls","location_method":"OSM 对象包围盒中心，非入口","access":"未标注","source_date":"2026-09-12T02:20:24Z","related_osm_ids":["way/1375349635"]}},{"type":"Feature","id":"way/1375349636","geometry":{"type":"Point","coordinates":[118.7826765,32.090181]},"properties":{"osm_id":"way/1375349636","name":"未命名历史要素","named":false,"category":"heritage","kind":"citywalls","location_method":"OSM 对象包围盒中心，非入口","access":"未标注","source_date":"2026-09-12T02:20:24Z","related_osm_ids":["way/1375349636"]}},{"type":"Feature","id":"way/1375349637","geometry":{"type":"Point","coordinates":[118.7824909,32.0886338]},"properties":{"osm_id":"way/1375349637","name":"未命名历史要素","named":false,"category":"heritage","kind":"citywalls","location_method":"OSM 对象包围盒中心，非入口","access":"未标注","source_date":"2026-09-12T02:20:24Z","related_osm_ids":["way/1375349637"]}},{"type":"Feature","id":"way/1375349638","geometry":{"type":"Point","coordinates":[118.7812837,32.0849135]},"properties":{"osm_id":"way/1375349638","name":"未命名历史要素","named":false,"category":"heritage","kind":"citywalls","location_method":"OSM 对象包围盒中心，非入口","access":"未标注","source_date":"2026-09-12T02:20:24Z","related_osm_ids":["way/1375349638"]}},{"type":"Feature","id":"way/1375349639","geometry":{"type":"Point","coordinates":[118.7813918,32.0790891]},"properties":{"osm_id":"way/1375349639","name":"未命名历史要素","named":false,"category":"heritage","kind":"citywalls","location_method":"OSM 对象包围盒中心，非入口","access":"未标注","source_date":"2026-09-12T02:20:24Z","related_osm_ids":["way/1375349639"]}},{"type":"Feature","id":"way/1375349640","geometry":{"type":"Point","coordinates":[118.7824164,32.0726117]},"properties":{"osm_id":"way/1375349640","name":"未命名历史要素","named":false,"category":"heritage","kind":"citywalls","location_method":"OSM 对象包围盒中心，非入口","access":"未标注","source_date":"2026-09-12T02:20:24Z","related_osm_ids":["way/1375349640"]}},{"type":"Feature","id":"way/1375349641","geometry":{"type":"Point","coordinates":[118.7860483,32.0682324]},"properties":{"osm_id":"way/1375349641","name":"未命名历史要素","named":false,"category":"heritage","kind":"citywalls","location_method":"OSM 对象包围盒中心，非入口","access":"未标注","source_date":"2026-09-12T02:20:24Z","related_osm_ids":["way/1375349641"]}},{"type":"Feature","id":"way/1375349642","geometry":{"type":"Point","coordinates":[118.7952357,32.0651483]},"properties":{"osm_id":"way/1375349642","name":"未命名历史要素","named":false,"category":"heritage","kind":"citywalls","location_method":"OSM 对象包围盒中心，非入口","access":"未标注","source_date":"2026-09-12T02:20:24Z","related_osm_ids":["way/1375349642"]}},{"type":"Feature","id":"way/1375349644","geometry":{"type":"Point","coordinates":[118.8083979,32.0604854]},"properties":{"osm_id":"way/1375349644","name":"未命名历史要素","named":false,"category":"heritage","kind":"citywalls","location_method":"OSM 对象包围盒中心，非入口","access":"未标注","source_date":"2026-09-12T02:20:24Z","related_osm_ids":["way/1375349644"]}},{"type":"Feature","id":"way/1375349646","geometry":{"type":"Point","coordinates":[118.8147643,32.0605423]},"properties":{"osm_id":"way/1375349646","name":"未命名历史要素","named":false,"category":"heritage","kind":"citywalls","location_method":"OSM 对象包围盒中心，非入口","access":"未标注","source_date":"2026-09-12T02:20:24Z","related_osm_ids":["way/1375349646"]}},{"type":"Feature","id":"way/1375349648","geometry":{"type":"Point","coordinates":[118.8178252,32.0588544]},"properties":{"osm_id":"way/1375349648","name":"未命名历史要素","named":false,"category":"heritage","kind":"citywalls","location_method":"OSM 对象包围盒中心，非入口","access":"未标注","source_date":"2026-09-12T02:20:24Z","related_osm_ids":["way/1375349648"]}},{"type":"Feature","id":"way/1375349650","geometry":{"type":"Point","coordinates":[118.8206601,32.0530358]},"properties":{"osm_id":"way/1375349650","name":"未命名历史要素","named":false,"category":"heritage","kind":"citywalls","location_method":"OSM 对象包围盒中心，非入口","access":"未标注","source_date":"2026-09-12T02:20:24Z","related_osm_ids":["way/1375349650"]}},{"type":"Feature","id":"way/1375349652","geometry":{"type":"Point","coordinates":[118.8255194,32.0462325]},"properties":{"osm_id":"way/1375349652","name":"未命名历史要素","named":false,"category":"heritage","kind":"citywalls","location_method":"OSM 对象包围盒中心，非入口","access":"未标注","source_date":"2026-09-12T02:20:24Z","related_osm_ids":["way/1375349652"]}},{"type":"Feature","id":"way/1375349654","geometry":{"type":"Point","coordinates":[118.8218457,32.0385508]},"properties":{"osm_id":"way/1375349654","name":"未命名历史要素","named":false,"category":"heritage","kind":"citywalls","location_method":"OSM 对象包围盒中心，非入口","access":"未标注","source_date":"2026-09-12T02:20:24Z","related_osm_ids":["way/1375349654"]}},{"type":"Feature","id":"way/1375349656","geometry":{"type":"Point","coordinates":[118.8207625,32.0305418]},"properties":{"osm_id":"way/1375349656","name":"未命名历史要素","named":false,"category":"heritage","kind":"citywalls","location_method":"OSM 对象包围盒中心，非入口","access":"未标注","source_date":"2026-09-12T02:20:24Z","related_osm_ids":["way/1375349656"]}},{"type":"Feature","id":"way/1375349657","geometry":{"type":"Point","coordinates":[118.8189015,32.0264385]},"properties":{"osm_id":"way/1375349657","name":"未命名历史要素","named":false,"category":"heritage","kind":"citywalls","location_method":"OSM 对象包围盒中心，非入口","access":"未标注","source_date":"2026-09-12T02:20:24Z","related_osm_ids":["way/1375349657"]}},{"type":"Feature","id":"way/1375349658","geometry":{"type":"Point","coordinates":[118.8151021,32.0242323]},"properties":{"osm_id":"way/1375349658","name":"未命名历史要素","named":false,"category":"heritage","kind":"citywalls","location_method":"OSM 对象包围盒中心，非入口","access":"未标注","source_date":"2026-09-12T02:20:24Z","related_osm_ids":["way/1375349658"]}},{"type":"Feature","id":"way/1375349661","geometry":{"type":"Point","coordinates":[118.7910787,32.0170443]},"properties":{"osm_id":"way/1375349661","name":"未命名历史要素","named":false,"category":"heritage","kind":"citywalls","location_method":"OSM 对象包围盒中心，非入口","access":"未标注","source_date":"2026-09-12T02:20:24Z","related_osm_ids":["way/1375349661"]}},{"type":"Feature","id":"way/1375349662","geometry":{"type":"Point","coordinates":[118.7900186,32.0137843]},"properties":{"osm_id":"way/1375349662","name":"未命名历史要素","named":false,"category":"heritage","kind":"citywalls","location_method":"OSM 对象包围盒中心，非入口","access":"未标注","source_date":"2026-09-12T02:20:24Z","related_osm_ids":["way/1375349662"]}},{"type":"Feature","id":"way/1375349663","geometry":{"type":"Point","coordinates":[118.7856573,32.0111249]},"properties":{"osm_id":"way/1375349663","name":"未命名历史要素","named":false,"category":"heritage","kind":"citywalls","location_method":"OSM 对象包围盒中心，非入口","access":"未标注","source_date":"2026-09-12T02:20:24Z","related_osm_ids":["way/1375349663"]}},{"type":"Feature","id":"way/1375349667","geometry":{"type":"Point","coordinates":[118.7643097,32.0322166]},"properties":{"osm_id":"way/1375349667","name":"未命名历史要素","named":false,"category":"heritage","kind":"citywalls","location_method":"OSM 对象包围盒中心，非入口","access":"未标注","source_date":"2026-09-12T02:20:24Z","related_osm_ids":["way/1375349667"]}},{"type":"Feature","id":"way/1375349668","geometry":{"type":"Point","coordinates":[118.762472,32.0403936]},"properties":{"osm_id":"way/1375349668","name":"未命名历史要素","named":false,"category":"heritage","kind":"citywalls","location_method":"OSM 对象包围盒中心，非入口","access":"未标注","source_date":"2026-09-12T02:20:24Z","related_osm_ids":["way/1375349668"]}},{"type":"Feature","id":"way/1375349669","geometry":{"type":"Point","coordinates":[118.7566543,32.0468385]},"properties":{"osm_id":"way/1375349669","name":"未命名历史要素","named":false,"category":"heritage","kind":"citywalls","location_method":"OSM 对象包围盒中心，非入口","access":"未标注","source_date":"2026-09-12T02:20:24Z","related_osm_ids":["way/1375349669"]}},{"type":"Feature","id":"way/1375349685","geometry":{"type":"Point","coordinates":[118.7621529,32.0916917]},"properties":{"osm_id":"way/1375349685","name":"未命名历史要素","named":false,"category":"heritage","kind":"citywalls","location_method":"OSM 对象包围盒中心，非入口","access":"未标注","source_date":"2026-09-12T02:20:24Z","related_osm_ids":["way/1375349685"]}},{"type":"Feature","id":"way/1375349686","geometry":{"type":"Point","coordinates":[118.7700574,32.0910023]},"properties":{"osm_id":"way/1375349686","name":"未命名历史要素","named":false,"category":"heritage","kind":"citywalls","location_method":"OSM 对象包围盒中心，非入口","access":"未标注","source_date":"2026-09-12T02:20:24Z","related_osm_ids":["way/1375349686"]}},{"type":"Feature","id":"way/1375349687","geometry":{"type":"Point","coordinates":[118.7777216,32.0907154]},"properties":{"osm_id":"way/1375349687","name":"未命名历史要素","named":false,"category":"heritage","kind":"citywalls","location_method":"OSM 对象包围盒中心，非入口","access":"未标注","source_date":"2026-09-12T02:20:24Z","related_osm_ids":["way/1375349687"]}},{"type":"Feature","id":"way/1375349688","geometry":{"type":"Point","coordinates":[118.7824865,32.0892899]},"properties":{"osm_id":"way/1375349688","name":"未命名历史要素","named":false,"category":"heritage","kind":"citywalls","location_method":"OSM 对象包围盒中心，非入口","access":"未标注","source_date":"2026-09-12T02:20:24Z","related_osm_ids":["way/1375349688"]}},{"type":"Feature","id":"way/1375349689","geometry":{"type":"Point","coordinates":[118.7812837,32.0849135]},"properties":{"osm_id":"way/1375349689","name":"未命名历史要素","named":false,"category":"heritage","kind":"citywalls","location_method":"OSM 对象包围盒中心，非入口","access":"未标注","source_date":"2026-09-12T02:20:24Z","related_osm_ids":["way/1375349689"]}},{"type":"Feature","id":"way/1375349690","geometry":{"type":"Point","coordinates":[118.7827917,32.0707934]},"properties":{"osm_id":"way/1375349690","name":"未命名历史要素","named":false,"category":"heritage","kind":"citywalls","location_method":"OSM 对象包围盒中心，非入口","access":"未标注","source_date":"2026-09-12T02:20:24Z","related_osm_ids":["way/1375349690"]}},{"type":"Feature","id":"way/1375349691","geometry":{"type":"Point","coordinates":[118.7818492,32.0758439]},"properties":{"osm_id":"way/1375349691","name":"未命名历史要素","named":false,"category":"heritage","kind":"citywalls","location_method":"OSM 对象包围盒中心，非入口","access":"未标注","source_date":"2026-09-12T02:20:24Z","related_osm_ids":["way/1375349691"]}},{"type":"Feature","id":"way/1375349692","geometry":{"type":"Point","coordinates":[118.7811795,32.0808646]},"properties":{"osm_id":"way/1375349692","name":"未命名历史要素","named":false,"category":"heritage","kind":"citywalls","location_method":"OSM 对象包围盒中心，非入口","access":"未标注","source_date":"2026-09-12T02:20:24Z","related_osm_ids":["way/1375349692"]}},{"type":"Feature","id":"way/137775972","geometry":{"type":"Point","coordinates":[118.847989,32.0344987]},"properties":{"osm_id":"way/137775972","name":"中国工商银行","named":true,"category":"daily","kind":"bank","location_method":"OSM 对象包围盒中心，非入口","access":"未标注","source_date":"2026-09-12T02:20:24Z","original_name":"中国工商银行","related_osm_ids":["way/137775972"]}},{"type":"Feature","id":"way/138883122","geometry":{"type":"Point","coordinates":[118.8501983,32.0300241]},"properties":{"osm_id":"way/138883122","name":"南京理工大学图书馆","named":true,"category":"education","kind":"library","location_method":"OSM 对象包围盒中心，非入口","access":"未标注","source_date":"2026-09-12T02:20:24Z","original_name":"南京理工大学图书馆","related_osm_ids":["way/138883122"]}},{"type":"Feature","id":"way/139426970","geometry":{"type":"Point","coordinates":[118.8004264,32.0009319]},"properties":{"osm_id":"way/139426970","name":"南京市泰淮实验小学","named":true,"category":"education","kind":"school","location_method":"OSM 对象包围盒中心，非入口","access":"未标注","source_date":"2026-09-12T02:20:24Z","original_name":"南京市泰淮实验小学","related_osm_ids":["way/139426970"]}},{"type":"Feature","id":"way/139830895","geometry":{"type":"Point","coordinates":[118.8074761,32.0175008]},"properties":{"osm_id":"way/139830895","name":"未命名公园","named":false,"category":"park","kind":"park","location_method":"OSM 对象包围盒中心，非入口","access":"未标注","source_date":"2026-09-12T02:20:24Z","related_osm_ids":["way/139830895"]}},{"type":"Feature","id":"way/139850963","geometry":{"type":"Point","coordinates":[118.8094672,32.0214264]},"properties":{"osm_id":"way/139850963","name":"石林家居广场","named":true,"category":"daily","kind":"furniture","location_method":"OSM 对象包围盒中心，非入口","access":"未标注","source_date":"2026-09-12T02:20:24Z","original_name":"石林家居广场","related_osm_ids":["way/139850963"]}},{"type":"Feature","id":"way/140809505","geometry":{"type":"Point","coordinates":[118.7805585,32.071969]},"properties":{"osm_id":"way/140809505","name":"未命名公园","named":false,"category":"park","kind":"park","location_method":"OSM 对象包围盒中心，非入口","access":"未标注","source_date":"2026-09-12T02:20:24Z","related_osm_ids":["way/140809505"]}},{"type":"Feature","id":"way/140809506","geometry":{"type":"Point","coordinates":[118.7794837,32.0624998]},"properties":{"osm_id":"way/140809506","name":"大钟亭公园","named":true,"category":"park","kind":"park","location_method":"OSM 对象包围盒中心，非入口","access":"未标注","source_date":"2026-09-12T02:20:24Z","original_name":"大钟亭公园","related_osm_ids":["way/140809506"]}},{"type":"Feature","id":"way/140809789","geometry":{"type":"Point","coordinates":[118.7765932,32.0915624]},"properties":{"osm_id":"way/140809789","name":"中央门长途汽车站(旧)","named":true,"category":"transit","kind":"bus_station","location_method":"OSM 对象包围盒中心，非入口","access":"未标注","source_date":"2026-09-12T02:20:24Z","original_name":"中央门长途汽车站(旧)","related_osm_ids":["way/140809789"]}},{"type":"Feature","id":"way/141166721","geometry":{"type":"Point","coordinates":[118.7932501,32.0866333]},"properties":{"osm_id":"way/141166721","name":"南京站·南广场东","named":true,"category":"transit","kind":"bus_station","location_method":"OSM 对象包围盒中心，非入口","access":"未标注","source_date":"2026-09-12T02:20:24Z","original_name":"南京站·南广场东","related_osm_ids":["way/141166721"]}},{"type":"Feature","id":"way/141166722","geometry":{"type":"Point","coordinates":[118.7891362,32.088794]},"properties":{"osm_id":"way/141166722","name":"南京站·南广场西","named":true,"category":"transit","kind":"bus_station","location_method":"OSM 对象包围盒中心，非入口","access":"未标注","source_date":"2026-09-12T02:20:24Z","original_name":"南京站·南广场西","related_osm_ids":["way/141166722"]}},{"type":"Feature","id":"way/1412731730","geometry":{"type":"Point","coordinates":[118.9116795,32.0895866]},"properties":{"osm_id":"way/1412731730","name":"南京审计大学金审学院","named":true,"category":"education","kind":"college","location_method":"OSM 对象包围盒中心，非入口","access":"未标注","source_date":"2026-09-12T02:20:24Z","original_name":"南京审计大学金审学院","related_osm_ids":["way/1412731730"]}},{"type":"Feature","id":"way/1413160943","geometry":{"type":"Point","coordinates":[118.8410597,32.0914008]},"properties":{"osm_id":"way/1413160943","name":"南京抗日航空烈士纪念馆","named":true,"category":"heritage","kind":"monument","location_method":"OSM 对象包围盒中心，非入口","access":"未标注","source_date":"2026-09-12T02:20:24Z","original_name":"南京抗日航空烈士纪念馆","related_osm_ids":["way/1413160943"]}},{"type":"Feature","id":"way/1413161077","geometry":{"type":"Point","coordinates":[118.8426958,32.0917703]},"properties":{"osm_id":"way/1413161077","name":"未命名历史要素","named":false,"category":"heritage","kind":"tomb","location_method":"OSM 对象包围盒中心，非入口","access":"未标注","source_date":"2026-09-12T02:20:24Z","related_osm_ids":["way/1413161077"]}},{"type":"Feature","id":"way/1414051342","geometry":{"type":"Point","coordinates":[118.9154102,32.0821023]},"properties":{"osm_id":"way/1414051342","name":"南京贝赛思外籍人员子女学校","named":true,"category":"education","kind":"school","location_method":"OSM 对象包围盒中心，非入口","access":"未标注","source_date":"2026-09-12T02:20:24Z","original_name":"南京贝赛思外籍人员子女学校","related_osm_ids":["way/1414051342"]}},{"type":"Feature","id":"way/1416433431","geometry":{"type":"Point","coordinates":[118.7619564,32.0465066]},"properties":{"osm_id":"way/1416433431","name":"南京中医药大学（汉中门校区）","named":true,"category":"education","kind":"university","location_method":"OSM 对象包围盒中心，非入口","access":"未标注","source_date":"2026-09-12T02:20:24Z","original_name":"南京中医药大学（汉中门校区）","related_osm_ids":["way/1416433431"]}},{"type":"Feature","id":"way/1416433970","geometry":{"type":"Point","coordinates":[118.7688461,32.0464477]},"properties":{"osm_id":"way/1416433970","name":"南京医科大学（五台校区）","named":true,"category":"education","kind":"university","location_method":"OSM 对象包围盒中心，非入口","access":"未标注","source_date":"2026-09-12T02:20:24Z","original_name":"南京医科大学（五台校区）","related_osm_ids":["way/1416433970"]}},{"type":"Feature","id":"way/1416434880","geometry":{"type":"Point","coordinates":[118.772892,32.0782757]},"properties":{"osm_id":"way/1416434880","name":"南京工业大学（丁家桥校区）","named":true,"category":"education","kind":"university","location_method":"OSM 对象包围盒中心，非入口","access":"未标注","source_date":"2026-09-12T02:20:24Z","original_name":"南京工业大学（丁家桥校区）","related_osm_ids":["way/1416434880"]}},{"type":"Feature","id":"way/1416434881","geometry":{"type":"Point","coordinates":[118.7630337,32.0768488]},"properties":{"osm_id":"way/1416434881","name":"南京工业大学（虹桥校区）","named":true,"category":"education","kind":"university","location_method":"OSM 对象包围盒中心，非入口","access":"未标注","source_date":"2026-09-12T02:20:24Z","original_name":"南京工业大学（虹桥校区）","related_osm_ids":["way/1416434881"]}},{"type":"Feature","id":"way/1416437322","geometry":{"type":"Point","coordinates":[118.820203,32.0857386]},"properties":{"osm_id":"way/1416437322","name":"南京警察学院(花园路校区)","named":true,"category":"education","kind":"university","location_method":"OSM 对象包围盒中心，非入口","access":"未标注","source_date":"2026-09-12T02:20:24Z","original_name":"南京警察学院(花园路校区)","related_osm_ids":["way/1416437322"]}},{"type":"Feature","id":"way/1416873566","geometry":{"type":"Point","coordinates":[118.902546,32.0728176]},"properties":{"osm_id":"way/1416873566","name":"绿地缤纷天地","named":true,"category":"daily","kind":"mall","location_method":"OSM 对象包围盒中心，非入口","access":"未标注","source_date":"2026-09-12T02:20:24Z","original_name":"绿地缤纷天地","related_osm_ids":["way/1416873566"]}},{"type":"Feature","id":"way/1416873567","geometry":{"type":"Point","coordinates":[118.9024438,32.0741679]},"properties":{"osm_id":"way/1416873567","name":"绿地缤纷天地","named":true,"category":"daily","kind":"mall","location_method":"OSM 对象包围盒中心，非入口","access":"未标注","source_date":"2026-09-12T02:20:24Z","original_name":"绿地缤纷天地","related_osm_ids":["way/1416873567"]}},{"type":"Feature","id":"way/1419152274","geometry":{"type":"Point","coordinates":[118.89094,32.0857674]},"properties":{"osm_id":"way/1419152274","name":"南京紫金东郡幼儿园","named":true,"category":"education","kind":"kindergarten","location_method":"OSM 对象包围盒中心，非入口","access":"未标注","source_date":"2026-09-12T02:20:24Z","original_name":"南京紫金东郡幼儿园","related_osm_ids":["way/1419152274"]}},{"type":"Feature","id":"way/1421291081","geometry":{"type":"Point","coordinates":[118.9073785,32.0681884]},"properties":{"osm_id":"way/1421291081","name":"紫金小学","named":true,"category":"education","kind":"school","location_method":"OSM 对象包围盒中心，非入口","access":"未标注","source_date":"2026-09-12T02:20:24Z","original_name":"紫金小学","related_osm_ids":["way/1421291081"]}},{"type":"Feature","id":"way/1424823696","geometry":{"type":"Point","coordinates":[118.8969786,32.0872222]},"properties":{"osm_id":"way/1424823696","name":"南京师范大学附属小学仙鹤门分校","named":true,"category":"education","kind":"school","location_method":"OSM 对象包围盒中心，非入口","access":"未标注","source_date":"2026-09-12T02:20:24Z","original_name":"南京师范大学附属小学仙鹤门分校","related_osm_ids":["way/1424823696"]}},{"type":"Feature","id":"way/1424928195","geometry":{"type":"Point","coordinates":[118.8986951,32.0299362]},"properties":{"osm_id":"way/1424928195","name":"南京市博颂幼儿园","named":true,"category":"education","kind":"school","location_method":"OSM 对象包围盒中心，非入口","access":"未标注","source_date":"2026-09-12T02:20:24Z","original_name":"南京市博颂幼儿园","related_osm_ids":["way/1424928195"]}},{"type":"Feature","id":"way/1424928196","geometry":{"type":"Point","coordinates":[118.8964308,32.028899]},"properties":{"osm_id":"way/1424928196","name":"南京市博颂学校","named":true,"category":"education","kind":"school","location_method":"OSM 对象包围盒中心，非入口","access":"未标注","source_date":"2026-09-12T02:20:24Z","original_name":"南京市博颂学校","related_osm_ids":["way/1424928196"]}},{"type":"Feature","id":"way/1424928197","geometry":{"type":"Point","coordinates":[118.8902613,32.0258989]},"properties":{"osm_id":"way/1424928197","name":"三河公园","named":true,"category":"park","kind":"park","location_method":"OSM 对象包围盒中心，非入口","access":"未标注","source_date":"2026-09-12T02:20:24Z","original_name":"三河公园","related_osm_ids":["way/1424928197"]}},{"type":"Feature","id":"way/142493807","geometry":{"type":"Point","coordinates":[118.8568792,32.0195899]},"properties":{"osm_id":"way/142493807","name":"紫金明珠","named":true,"category":"transit","kind":"bus_station","location_method":"OSM 对象包围盒中心，非入口","access":"未标注","source_date":"2026-09-12T02:20:24Z","original_name":"紫金明珠","related_osm_ids":["way/142493807"]}},{"type":"Feature","id":"way/1424962970","geometry":{"type":"Point","coordinates":[118.9034079,32.0945757]},"properties":{"osm_id":"way/1424962970","name":"未命名生活服务","named":false,"category":"daily","kind":"mall","location_method":"OSM 对象包围盒中心，非入口","access":"未标注","source_date":"2026-09-12T02:20:24Z","related_osm_ids":["way/1424962970"]}},{"type":"Feature","id":"way/1424962971","geometry":{"type":"Point","coordinates":[118.9027454,32.0951428]},"properties":{"osm_id":"way/1424962971","name":"未命名生活服务","named":false,"category":"daily","kind":"mall","location_method":"OSM 对象包围盒中心，非入口","access":"未标注","source_date":"2026-09-12T02:20:24Z","related_osm_ids":["way/1424962971"]}},{"type":"Feature","id":"way/1424962972","geometry":{"type":"Point","coordinates":[118.9030498,32.0948616]},"properties":{"osm_id":"way/1424962972","name":"未命名生活服务","named":false,"category":"daily","kind":"mall","location_method":"OSM 对象包围盒中心，非入口","access":"未标注","source_date":"2026-09-12T02:20:24Z","related_osm_ids":["way/1424962972"]}},{"type":"Feature","id":"way/1424962973","geometry":{"type":"Point","coordinates":[118.9028869,32.0944393]},"properties":{"osm_id":"way/1424962973","name":"未命名生活服务","named":false,"category":"daily","kind":"mall","location_method":"OSM 对象包围盒中心，非入口","access":"未标注","source_date":"2026-09-12T02:20:24Z","related_osm_ids":["way/1424962973"]}},{"type":"Feature","id":"way/1424962974","geometry":{"type":"Point","coordinates":[118.9023371,32.094426]},"properties":{"osm_id":"way/1424962974","name":"未命名生活服务","named":false,"category":"daily","kind":"mall","location_method":"OSM 对象包围盒中心，非入口","access":"未标注","source_date":"2026-09-12T02:20:24Z","related_osm_ids":["way/1424962974"]}},{"type":"Feature","id":"way/1424962975","geometry":{"type":"Point","coordinates":[118.9024883,32.0949096]},"properties":{"osm_id":"way/1424962975","name":"未命名生活服务","named":false,"category":"daily","kind":"mall","location_method":"OSM 对象包围盒中心，非入口","access":"未标注","source_date":"2026-09-12T02:20:24Z","related_osm_ids":["way/1424962975"]}},{"type":"Feature","id":"way/1425203283","geometry":{"type":"Point","coordinates":[118.8469465,32.0250524]},"properties":{"osm_id":"way/1425203283","name":"久悦广场","named":true,"category":"daily","kind":"mall","location_method":"OSM 对象包围盒中心，非入口","access":"未标注","source_date":"2026-09-12T02:20:24Z","original_name":"久悦广场","related_osm_ids":["way/1425203283"]}},{"type":"Feature","id":"way/1425203286","geometry":{"type":"Point","coordinates":[118.8473584,32.0227933]},"properties":{"osm_id":"way/1425203286","name":"品硕广场","named":true,"category":"daily","kind":"mall","location_method":"OSM 对象包围盒中心，非入口","access":"未标注","source_date":"2026-09-12T02:20:24Z","original_name":"品硕广场","related_osm_ids":["way/1425203286"]}},{"type":"Feature","id":"way/1425203307","geometry":{"type":"Point","coordinates":[118.845325,32.0296648]},"properties":{"osm_id":"way/1425203307","name":"银城东苑集贸市场","named":true,"category":"daily","kind":"marketplace","location_method":"OSM 对象包围盒中心，非入口","access":"未标注","source_date":"2026-09-12T02:20:24Z","original_name":"银城东苑集贸市场","related_osm_ids":["way/1425203307"]}},{"type":"Feature","id":"way/1425203309","geometry":{"type":"Point","coordinates":[118.8873028,32.0307779]},"properties":{"osm_id":"way/1425203309","name":"沧波门公园","named":true,"category":"park","kind":"park","location_method":"OSM 对象包围盒中心，非入口","access":"未标注","source_date":"2026-09-12T02:20:24Z","original_name":"沧波门公园","related_osm_ids":["way/1425203309"]}},{"type":"Feature","id":"way/1425207249","geometry":{"type":"Point","coordinates":[118.8088825,32.0772158]},"properties":{"osm_id":"way/1425207249","name":"一村餐厅","named":true,"category":"daily","kind":"restaurant","location_method":"OSM 对象包围盒中心，非入口","access":"未标注","source_date":"2026-09-12T02:20:24Z","original_name":"一村餐厅","related_osm_ids":["way/1425207249"]}},{"type":"Feature","id":"way/1425474453","geometry":{"type":"Point","coordinates":[118.901769,32.0896997]},"properties":{"osm_id":"way/1425474453","name":"仙鹤门公园","named":true,"category":"park","kind":"park","location_method":"OSM 对象包围盒中心，非入口","access":"未标注","source_date":"2026-09-12T02:20:24Z","original_name":"仙鹤门公园","related_osm_ids":["way/1425474453"]}},{"type":"Feature","id":"way/1425548208","geometry":{"type":"Point","coordinates":[118.9129224,32.0961027]},"properties":{"osm_id":"way/1425548208","name":"南京国际学校","named":true,"category":"education","kind":"school","location_method":"OSM 对象包围盒中心，非入口","access":"未标注","source_date":"2026-09-12T02:20:24Z","original_name":"南京国际学校","related_osm_ids":["way/1425548208"]}},{"type":"Feature","id":"way/1425548209","geometry":{"type":"Point","coordinates":[118.9146985,32.0970005]},"properties":{"osm_id":"way/1425548209","name":"南京师范大学附属中学仙林学校(初中部)","named":true,"category":"education","kind":"school","location_method":"OSM 对象包围盒中心，非入口","access":"未标注","source_date":"2026-09-12T02:20:24Z","original_name":"南京师范大学附属中学仙林学校(初中部)","related_osm_ids":["way/1425548209"]}},{"type":"Feature","id":"way/1426031012","geometry":{"type":"Point","coordinates":[118.893218,32.1035019]},"properties":{"osm_id":"way/1426031012","name":"江苏神学院","named":true,"category":"education","kind":"college","location_method":"OSM 对象包围盒中心，非入口","access":"未标注","source_date":"2026-09-12T02:20:24Z","original_name":"江苏神学院","related_osm_ids":["way/1426031012"]}},{"type":"Feature","id":"way/1426056109","geometry":{"type":"Point","coordinates":[118.9115791,32.0950616]},"properties":{"osm_id":"way/1426056109","name":"麦当劳学衡路餐厅","named":true,"category":"daily","kind":"fast_food","location_method":"OSM 对象包围盒中心，非入口","access":"未标注","source_date":"2026-09-12T02:20:24Z","original_name":"麦当劳学衡路餐厅","related_osm_ids":["way/1426056109"]}},{"type":"Feature","id":"way/142608759","geometry":{"type":"Point","coordinates":[118.80538,32.1059444]},"properties":{"osm_id":"way/142608759","name":"迈皋桥","named":true,"category":"transit","kind":"bus_station","location_method":"OSM 对象包围盒中心，非入口","access":"未标注","source_date":"2026-09-12T02:20:24Z","original_name":"迈皋桥","related_osm_ids":["way/142608759"]}},{"type":"Feature","id":"way/142701522","geometry":{"type":"Point","coordinates":[118.8414927,32.0445408]},"properties":{"osm_id":"way/142701522","name":"下马坊遗址公园","named":true,"category":"park","kind":"park","location_method":"OSM 对象包围盒中心，非入口","access":"未标注","source_date":"2026-09-12T02:20:24Z","original_name":"下马坊遗址公园","related_osm_ids":["way/142701522"]}},{"type":"Feature","id":"way/142701525","geometry":{"type":"Point","coordinates":[118.8532876,32.0380646]},"properties":{"osm_id":"way/142701525","name":"肯德基","named":true,"category":"daily","kind":"fast_food","location_method":"OSM 对象包围盒中心，非入口","access":"未标注","source_date":"2026-09-12T02:20:24Z","original_name":"肯德基","related_osm_ids":["way/142701525"]}},{"type":"Feature","id":"way/142741649","geometry":{"type":"Point","coordinates":[118.7796414,32.0441975]},"properties":{"osm_id":"way/142741649","name":"中国工商银行","named":true,"category":"daily","kind":"bank","location_method":"OSM 对象包围盒中心，非入口","access":"未标注","source_date":"2026-09-12T02:20:24Z","original_name":"中国工商银行","related_osm_ids":["way/142741649"]}},{"type":"Feature","id":"way/142741650","geometry":{"type":"Point","coordinates":[118.7799244,32.0441061]},"properties":{"osm_id":"way/142741650","name":"中国银行","named":true,"category":"daily","kind":"bank","location_method":"OSM 对象包围盒中心，非入口","access":"未标注","source_date":"2026-09-12T02:20:24Z","original_name":"中国银行","related_osm_ids":["way/142741650"]}},{"type":"Feature","id":"way/142741652","geometry":{"type":"Point","coordinates":[118.7780693,32.0409138]},"properties":{"osm_id":"way/142741652","name":"大洋百货","named":true,"category":"daily","kind":"department_store","location_method":"OSM 对象包围盒中心，非入口","access":"未标注","source_date":"2026-09-12T02:20:24Z","original_name":"大洋百货","related_osm_ids":["way/142741652"]}},{"type":"Feature","id":"way/142741653","geometry":{"type":"Point","coordinates":[118.7822234,32.0431582]},"properties":{"osm_id":"way/142741653","name":"新华书店","named":true,"category":"daily","kind":"books","location_method":"OSM 对象包围盒中心，非入口","access":"未标注","source_date":"2026-09-12T02:20:24Z","original_name":"新华书店","related_osm_ids":["way/142741653"]}},{"type":"Feature","id":"way/1427910987","geometry":{"type":"Point","coordinates":[118.7763065,32.0424839]},"properties":{"osm_id":"way/1427910987","name":"金陵中环-西区","named":true,"category":"daily","kind":"mall","location_method":"OSM 对象包围盒中心，非入口","access":"未标注","source_date":"2026-09-12T02:20:24Z","original_name":"金陵中环-西区","related_osm_ids":["way/1427910987"]}},{"type":"Feature","id":"way/1431437534","geometry":{"type":"Point","coordinates":[118.8294346,32.0188949]},"properties":{"osm_id":"way/1431437534","name":"南京工业职业技术学院","named":true,"category":"education","kind":"college","location_method":"OSM 对象包围盒中心，非入口","access":"未标注","source_date":"2026-09-12T02:20:24Z","original_name":"南京工业职业技术学院","related_osm_ids":["way/1431437534"]}},{"type":"Feature","id":"way/1434634313","geometry":{"type":"Point","coordinates":[118.8346122,32.0586435]},"properties":{"osm_id":"way/1434634313","name":"内红门","named":true,"category":"heritage","kind":"building","location_method":"OSM 对象包围盒中心，非入口","access":"未标注","source_date":"2026-09-12T02:20:24Z","original_name":"内红门","related_osm_ids":["way/1434634313"]}},{"type":"Feature","id":"way/1436614958","geometry":{"type":"Point","coordinates":[118.7837804,32.0132837]},"properties":{"osm_id":"way/1436614958","name":"未命名历史要素","named":false,"category":"heritage","kind":"building","location_method":"OSM 对象包围盒中心，非入口","access":"未标注","source_date":"2026-09-12T02:20:24Z","related_osm_ids":["way/1436614958"]}},{"type":"Feature","id":"way/1436614961","geometry":{"type":"Point","coordinates":[118.7838841,32.0132453]},"properties":{"osm_id":"way/1436614961","name":"未命名历史要素","named":false,"category":"heritage","kind":"building","location_method":"OSM 对象包围盒中心，非入口","access":"未标注","source_date":"2026-09-12T02:20:24Z","related_osm_ids":["way/1436614961"]}},{"type":"Feature","id":"way/1436614962","geometry":{"type":"Point","coordinates":[118.7835098,32.0131775]},"properties":{"osm_id":"way/1436614962","name":"未命名历史要素","named":false,"category":"heritage","kind":"building","location_method":"OSM 对象包围盒中心，非入口","access":"未标注","source_date":"2026-09-12T02:20:24Z","related_osm_ids":["way/1436614962"]}},{"type":"Feature","id":"way/1436614963","geometry":{"type":"Point","coordinates":[118.7834824,32.0130965]},"properties":{"osm_id":"way/1436614963","name":"未命名历史要素","named":false,"category":"heritage","kind":"building","location_method":"OSM 对象包围盒中心，非入口","access":"未标注","source_date":"2026-09-12T02:20:24Z","related_osm_ids":["way/1436614963"]}},{"type":"Feature","id":"way/1436614974","geometry":{"type":"Point","coordinates":[118.7839632,32.0130166]},"properties":{"osm_id":"way/1436614974","name":"未命名历史要素","named":false,"category":"heritage","kind":"building","location_method":"OSM 对象包围盒中心，非入口","access":"未标注","source_date":"2026-09-12T02:20:24Z","related_osm_ids":["way/1436614974"]}},{"type":"Feature","id":"way/1436614975","geometry":{"type":"Point","coordinates":[118.7840061,32.0131372]},"properties":{"osm_id":"way/1436614975","name":"未命名历史要素","named":false,"category":"heritage","kind":"building","location_method":"OSM 对象包围盒中心，非入口","access":"未标注","source_date":"2026-09-12T02:20:24Z","related_osm_ids":["way/1436614975"]}},{"type":"Feature","id":"way/1436614976","geometry":{"type":"Point","coordinates":[118.7840344,32.0132127]},"properties":{"osm_id":"way/1436614976","name":"未命名历史要素","named":false,"category":"heritage","kind":"building","location_method":"OSM 对象包围盒中心，非入口","access":"未标注","source_date":"2026-09-12T02:20:24Z","related_osm_ids":["way/1436614976"]}},{"type":"Feature","id":"way/1437052848","geometry":{"type":"Point","coordinates":[118.787711,32.0110563]},"properties":{"osm_id":"way/1437052848","name":"中国邮政服务亭","named":true,"category":"daily","kind":"newsagent","location_method":"OSM 对象包围盒中心，非入口","access":"未标注","source_date":"2026-09-12T02:20:24Z","original_name":"中国邮政服务亭","related_osm_ids":["way/1437052848"]}},{"type":"Feature","id":"way/143937925","geometry":{"type":"Point","coordinates":[118.8275972,32.0392455]},"properties":{"osm_id":"way/143937925","name":"南京市紫金城菜市场","named":true,"category":"daily","kind":"marketplace","location_method":"OSM 对象包围盒中心，非入口","access":"未标注","source_date":"2026-09-12T02:20:24Z","original_name":"南京市紫金城菜市场","related_osm_ids":["way/143937925"]}},{"type":"Feature","id":"way/1442527083","geometry":{"type":"Point","coordinates":[118.7943984,32.0957337]},"properties":{"osm_id":"way/1442527083","name":"未命名生活服务","named":false,"category":"daily","kind":"ticket","location_method":"OSM 对象包围盒中心，非入口","access":"未标注","source_date":"2026-09-12T02:20:24Z","related_osm_ids":["way/1442527083"]}},{"type":"Feature","id":"way/1443057331","geometry":{"type":"Point","coordinates":[118.8252269,32.0885865]},"properties":{"osm_id":"way/1443057331","name":"未命名教育设施","named":false,"category":"education","kind":"school","location_method":"OSM 对象包围盒中心，非入口","access":"未标注","source_date":"2026-09-12T02:20:24Z","related_osm_ids":["way/1443057331"]}},{"type":"Feature","id":"way/1446669216","geometry":{"type":"Point","coordinates":[118.8259353,32.0852959]},"properties":{"osm_id":"way/1446669216","name":"樱之歌广场","named":true,"category":"park","kind":"park","location_method":"OSM 对象包围盒中心，非入口","access":"未标注","source_date":"2026-09-12T02:20:24Z","original_name":"樱之歌广场","related_osm_ids":["way/1446669216"]}},{"type":"Feature","id":"way/1446669227","geometry":{"type":"Point","coordinates":[118.8250907,32.0875482]},"properties":{"osm_id":"way/1446669227","name":"樱驼花园农贸市场","named":true,"category":"daily","kind":"marketplace","location_method":"OSM 对象包围盒中心，非入口","access":"未标注","source_date":"2026-09-12T02:20:24Z","original_name":"樱驼花园农贸市场","related_osm_ids":["way/1446669227"]}},{"type":"Feature","id":"way/1446678872","geometry":{"type":"Point","coordinates":[118.8103326,32.0897852]},"properties":{"osm_id":"way/1446678872","name":"南京市第十三中学（红山新城校区）","named":true,"category":"education","kind":"school","location_method":"OSM 对象包围盒中心，非入口","access":"未标注","source_date":"2026-09-12T02:20:24Z","original_name":"南京市第十三中学（红山新城校区）","related_osm_ids":["way/1446678872"]}},{"type":"Feature","id":"way/1446678876","geometry":{"type":"Point","coordinates":[118.8142432,32.0959489]},"properties":{"osm_id":"way/1446678876","name":"玄武招商花园城","named":true,"category":"daily","kind":"mall","location_method":"OSM 对象包围盒中心，非入口","access":"未标注","source_date":"2026-09-12T02:20:24Z","original_name":"玄武招商花园城","related_osm_ids":["way/1446678876"]}},{"type":"Feature","id":"way/1446942042","geometry":{"type":"Point","coordinates":[118.7803336,32.0090876]},"properties":{"osm_id":"way/1446942042","name":"未命名历史要素","named":false,"category":"heritage","kind":"ruins","location_method":"OSM 对象包围盒中心，非入口","access":"未标注","source_date":"2026-09-12T02:20:24Z","related_osm_ids":["way/1446942042"]}},{"type":"Feature","id":"way/1448236254","geometry":{"type":"Point","coordinates":[118.7663486,32.1186303]},"properties":{"osm_id":"way/1448236254","name":"草鞋峡丛葬地","named":true,"category":"heritage","kind":"grave","location_method":"OSM 对象包围盒中心，非入口","access":"未标注","source_date":"2026-09-12T02:20:24Z","original_name":"草鞋峡丛葬地","related_osm_ids":["way/1448236254"]}},{"type":"Feature","id":"way/1448236258","geometry":{"type":"Point","coordinates":[118.7704946,32.0024209]},"properties":{"osm_id":"way/1448236258","name":"普德寺丛葬地","named":true,"category":"heritage","kind":"grave","location_method":"OSM 对象包围盒中心，非入口","access":"未标注","source_date":"2026-09-12T02:20:24Z","original_name":"普德寺丛葬地","related_osm_ids":["way/1448236258"]}},{"type":"Feature","id":"way/1448236261","geometry":{"type":"Point","coordinates":[118.7856675,32.0604758]},"properties":{"osm_id":"way/1448236261","name":"北极阁丛葬地","named":true,"category":"heritage","kind":"grave","location_method":"OSM 对象包围盒中心，非入口","access":"未标注","source_date":"2026-09-12T02:20:24Z","original_name":"北极阁丛葬地","related_osm_ids":["way/1448236261"]}},{"type":"Feature","id":"way/1448236262","geometry":{"type":"Point","coordinates":[118.7715763,32.0578253]},"properties":{"osm_id":"way/1448236262","name":"南京大学丛葬地","named":true,"category":"heritage","kind":"grave","location_method":"OSM 对象包围盒中心，非入口","access":"未标注","source_date":"2026-09-12T02:20:24Z","original_name":"南京大学丛葬地","related_osm_ids":["way/1448236262"]}},{"type":"Feature","id":"way/1448236264","geometry":{"type":"Point","coordinates":[118.7599857,32.0442081]},"properties":{"osm_id":"way/1448236264","name":"汉中门丛葬地","named":true,"category":"heritage","kind":"grave","location_method":"OSM 对象包围盒中心，非入口","access":"未标注","source_date":"2026-09-12T02:20:24Z","original_name":"汉中门丛葬地","related_osm_ids":["way/1448236264"]}},{"type":"Feature","id":"way/1448241830","geometry":{"type":"Point","coordinates":[118.8621304,32.0493738]},"properties":{"osm_id":"way/1448241830","name":"东郊丛葬地","named":true,"category":"heritage","kind":"grave","location_method":"OSM 对象包围盒中心，非入口","access":"未标注","source_date":"2026-09-12T02:20:24Z","original_name":"东郊丛葬地","related_osm_ids":["way/1448241830"]}},{"type":"Feature","id":"way/1448241831","geometry":{"type":"Point","coordinates":[118.7905255,32.0160123]},"properties":{"osm_id":"way/1448241831","name":"正觉寺丛葬地","named":true,"category":"heritage","kind":"grave","location_method":"OSM 对象包围盒中心，非入口","access":"未标注","source_date":"2026-09-12T02:20:24Z","original_name":"正觉寺丛葬地","related_osm_ids":["way/1448241831"]}},{"type":"Feature","id":"way/1448241832","geometry":{"type":"Point","coordinates":[118.8944679,32.0927025]},"properties":{"osm_id":"way/1448241832","name":"仙鹤门丛葬地","named":true,"category":"heritage","kind":"grave","location_method":"OSM 对象包围盒中心，非入口","access":"未标注","source_date":"2026-09-12T02:20:24Z","original_name":"仙鹤门丛葬地","related_osm_ids":["way/1448241832"]}},{"type":"Feature","id":"way/1448241833","geometry":{"type":"Point","coordinates":[118.7676958,32.0504328]},"properties":{"osm_id":"way/1448241833","name":"五台山丛葬地","named":true,"category":"heritage","kind":"grave","location_method":"OSM 对象包围盒中心，非入口","access":"未标注","source_date":"2026-09-12T02:20:24Z","original_name":"五台山丛葬地","related_osm_ids":["way/1448241833"]}},{"type":"Feature","id":"way/1453818508","geometry":{"type":"Point","coordinates":[118.8124816,32.0483155]},"properties":{"osm_id":"way/1453818508","name":"未命名公园","named":false,"category":"park","kind":"park","location_method":"OSM 对象包围盒中心，非入口","access":"未标注","source_date":"2026-09-12T02:20:24Z","related_osm_ids":["way/1453818508"]}},{"type":"Feature","id":"way/1467948579","geometry":{"type":"Point","coordinates":[118.7829414,32.0671656]},"properties":{"osm_id":"way/1467948579","name":"南京玄武外国语学校附属小学","named":true,"category":"education","kind":"school","location_method":"OSM 对象包围盒中心，非入口","access":"未标注","source_date":"2026-09-12T02:20:24Z","original_name":"南京玄武外国语学校附属小学","related_osm_ids":["way/1467948579"]}},{"type":"Feature","id":"way/147223223","geometry":{"type":"Point","coordinates":[118.7798039,32.0450516]},"properties":{"osm_id":"way/147223223","name":"德基广场","named":true,"category":"daily","kind":"mall","location_method":"OSM 对象包围盒中心，非入口","access":"未标注","source_date":"2026-09-12T02:20:24Z","original_name":"德基广场","related_osm_ids":["way/147223223"]}},{"type":"Feature","id":"way/147399444","geometry":{"type":"Point","coordinates":[118.7707467,32.0403847]},"properties":{"osm_id":"way/147399444","name":"石鼓路小学","named":true,"category":"education","kind":"school","location_method":"OSM 对象包围盒中心，非入口","access":"未标注","source_date":"2026-09-12T02:20:24Z","original_name":"石鼓路小学","related_osm_ids":["way/147399444"]}},{"type":"Feature","id":"way/147399449","geometry":{"type":"Point","coordinates":[118.7686633,32.0401857]},"properties":{"osm_id":"way/147399449","name":"汉中门小学","named":true,"category":"education","kind":"school","location_method":"OSM 对象包围盒中心，非入口","access":"未标注","source_date":"2026-09-12T02:20:24Z","original_name":"汉中门小学","related_osm_ids":["way/147399449"]}},{"type":"Feature","id":"way/1497591591","geometry":{"type":"Point","coordinates":[118.792366,32.0216851]},"properties":{"osm_id":"way/1497591591","name":"未命名历史要素","named":false,"category":"heritage","kind":"citywalls","location_method":"OSM 对象包围盒中心，非入口","access":"未标注","source_date":"2026-09-12T02:20:24Z","related_osm_ids":["way/1497591591"]}},{"type":"Feature","id":"way/1503544366","geometry":{"type":"Point","coordinates":[118.7708252,32.0742328]},"properties":{"osm_id":"way/1503544366","name":"东南大学附属中大医院","named":true,"category":"health","kind":"hospital","location_method":"OSM 对象包围盒中心，非入口","access":"未标注","source_date":"2026-09-12T02:20:24Z","original_name":"东南大学附属中大医院","related_osm_ids":["way/1503544366"]}},{"type":"Feature","id":"way/1511284297","geometry":{"type":"Point","coordinates":[118.7950157,32.0893082]},"properties":{"osm_id":"way/1511284297","name":"未命名交通点位","named":false,"category":"transit","kind":"bus_station","location_method":"OSM 对象包围盒中心，非入口","access":"未标注","source_date":"2026-09-12T02:20:24Z","related_osm_ids":["way/1511284297"]}},{"type":"Feature","id":"way/1513443746","geometry":{"type":"Point","coordinates":[118.7638369,32.0673057]},"properties":{"osm_id":"way/1513443746","name":"南京特别市第六区区公所","named":true,"category":"heritage","kind":"heritage","location_method":"OSM 对象包围盒中心，非入口","access":"未标注","source_date":"2026-09-12T02:20:24Z","original_name":"南京特别市第六区区公所","related_osm_ids":["way/1513443746"]}},{"type":"Feature","id":"way/1518562390","geometry":{"type":"Point","coordinates":[118.7641929,32.0664215]},"properties":{"osm_id":"way/1518562390","name":"马歇尔公馆旧址","named":true,"category":"heritage","kind":"house","location_method":"OSM 对象包围盒中心，非入口","access":"未标注","source_date":"2026-09-12T02:20:24Z","original_name":"马歇尔公馆旧址","related_osm_ids":["way/1518562390"]}},{"type":"Feature","id":"way/1518562413","geometry":{"type":"Point","coordinates":[118.7647997,32.0664401]},"properties":{"osm_id":"way/1518562413","name":"张笃伦旧居","named":true,"category":"heritage","kind":"house","location_method":"OSM 对象包围盒中心，非入口","access":"未标注","source_date":"2026-09-12T02:20:24Z","original_name":"张笃伦旧居","related_osm_ids":["way/1518562413"]}},{"type":"Feature","id":"way/1518562417","geometry":{"type":"Point","coordinates":[118.7647758,32.0661499]},"properties":{"osm_id":"way/1518562417","name":"Le Siècle","named":true,"category":"daily","kind":"restaurant","location_method":"OSM 对象包围盒中心，非入口","access":"未标注","source_date":"2026-09-12T02:20:24Z","original_name":"Le Siècle","related_osm_ids":["way/1518562417"]}},{"type":"Feature","id":"way/1518562419","geometry":{"type":"Point","coordinates":[118.7796364,32.0416798]},"properties":{"osm_id":"way/1518562419","name":"商贸世纪广场","named":true,"category":"daily","kind":"mall","location_method":"OSM 对象包围盒中心，非入口","access":"未标注","source_date":"2026-09-12T02:20:24Z","original_name":"商贸世纪广场","related_osm_ids":["way/1518562419"]}},{"type":"Feature","id":"way/1518562426","geometry":{"type":"Point","coordinates":[118.7794741,32.0410067]},"properties":{"osm_id":"way/1518562426","name":"大华大戏院","named":true,"category":"heritage","kind":"cinema","location_method":"OSM 对象包围盒中心，非入口","access":"未标注","source_date":"2026-09-12T02:20:24Z","original_name":"大华大戏院","related_osm_ids":["way/1518562426"]}},{"type":"Feature","id":"way/1523540506","geometry":{"type":"Point","coordinates":[118.7804909,32.0235867]},"properties":{"osm_id":"way/1523540506","name":"明志楼","named":true,"category":"heritage","kind":"pavilion","location_method":"OSM 对象包围盒中心，非入口","access":"未标注","source_date":"2026-09-12T02:20:24Z","original_name":"明志楼","related_osm_ids":["way/1523540506"]}},{"type":"Feature","id":"way/1524046533","geometry":{"type":"Point","coordinates":[118.7762534,32.0427735]},"properties":{"osm_id":"way/1524046533","name":"小米之家","named":true,"category":"daily","kind":"mobile_phone","location_method":"OSM 对象包围盒中心，非入口","access":"未标注","source_date":"2026-09-12T02:20:24Z","original_name":"小米之家","related_osm_ids":["way/1524046533"]}},{"type":"Feature","id":"way/1524046535","geometry":{"type":"Point","coordinates":[118.7762242,32.0429137]},"properties":{"osm_id":"way/1524046535","name":"Olé","named":true,"category":"daily","kind":"supermarket","location_method":"OSM 对象包围盒中心，非入口","access":"未标注","source_date":"2026-09-12T02:20:24Z","original_name":"Olé","related_osm_ids":["way/1524046535"]}},{"type":"Feature","id":"way/1524823325","geometry":{"type":"Point","coordinates":[118.787391,32.009924]},"properties":{"osm_id":"way/1524823325","name":"雨花门","named":true,"category":"heritage","kind":"city_gate","location_method":"OSM 对象包围盒中心，非入口","access":"未标注","source_date":"2026-09-12T02:20:24Z","original_name":"雨花门","related_osm_ids":["way/1524823325"]}},{"type":"Feature","id":"way/1525466058","geometry":{"type":"Point","coordinates":[118.8640515,32.0416832]},"properties":{"osm_id":"way/1525466058","name":"钟灵街公交场站","named":true,"category":"transit","kind":"bus_station","location_method":"OSM 对象包围盒中心，非入口","access":"未标注","source_date":"2026-09-12T02:20:24Z","original_name":"钟灵街公交场站","related_osm_ids":["way/1525466058"]}},{"type":"Feature","id":"way/1540968605","geometry":{"type":"Point","coordinates":[118.8058171,32.0833666]},"properties":{"osm_id":"way/1540968605","name":"未命名生活服务","named":false,"category":"daily","kind":"mall","location_method":"OSM 对象包围盒中心，非入口","access":"未标注","source_date":"2026-09-12T02:20:24Z","related_osm_ids":["way/1540968605"]}},{"type":"Feature","id":"way/1547954751","geometry":{"type":"Point","coordinates":[118.790031,32.0422235]},"properties":{"osm_id":"way/1547954751","name":"新世纪广场","named":true,"category":"daily","kind":"mall","location_method":"OSM 对象包围盒中心，非入口","access":"未标注","source_date":"2026-09-12T02:20:24Z","original_name":"新世纪广场","related_osm_ids":["way/1547954751"]}},{"type":"Feature","id":"way/154987701","geometry":{"type":"Point","coordinates":[118.8275318,32.0332554]},"properties":{"osm_id":"way/154987701","name":"梅花山庄幼儿园","named":true,"category":"education","kind":"kindergarten","location_method":"OSM 对象包围盒中心，非入口","access":"未标注","source_date":"2026-09-12T02:20:24Z","original_name":"梅花山庄幼儿园","related_osm_ids":["way/154987701"]}},{"type":"Feature","id":"way/154987702","geometry":{"type":"Point","coordinates":[118.8258326,32.0348259]},"properties":{"osm_id":"way/154987702","name":"江苏省社会主义学院","named":true,"category":"education","kind":"school","location_method":"OSM 对象包围盒中心，非入口","access":"未标注","source_date":"2026-09-12T02:20:24Z","original_name":"江苏省社会主义学院","related_osm_ids":["way/154987702"]}},{"type":"Feature","id":"way/154990370","geometry":{"type":"Point","coordinates":[118.8283902,32.0307889]},"properties":{"osm_id":"way/154990370","name":"南京郑和外国语学校","named":true,"category":"education","kind":"college","location_method":"OSM 对象包围盒中心，非入口","access":"未标注","source_date":"2026-09-12T02:20:24Z","original_name":"南京郑和外国语学校","related_osm_ids":["way/154990370"]}},{"type":"Feature","id":"way/154990374","geometry":{"type":"Point","coordinates":[118.8262926,32.0304881]},"properties":{"osm_id":"way/154990374","name":"苜蓿园邮政所","named":true,"category":"daily","kind":"post_office","location_method":"OSM 对象包围盒中心，非入口","access":"未标注","source_date":"2026-09-12T02:20:24Z","original_name":"苜蓿园邮政所","related_osm_ids":["way/154990374"]}},{"type":"Feature","id":"way/154992342","geometry":{"type":"Point","coordinates":[118.8266264,32.0360494]},"properties":{"osm_id":"way/154992342","name":"南京美迪亚医院","named":true,"category":"health","kind":"hospital","location_method":"OSM 对象包围盒中心，非入口","access":"未标注","source_date":"2026-09-12T02:20:24Z","original_name":"南京美迪亚医院","related_osm_ids":["way/154992342"]}},{"type":"Feature","id":"way/154993943","geometry":{"type":"Point","coordinates":[118.8492223,32.0328244]},"properties":{"osm_id":"way/154993943","name":"怡园","named":true,"category":"park","kind":"park","location_method":"OSM 对象包围盒中心，非入口","access":"未标注","source_date":"2026-09-12T02:20:24Z","original_name":"怡园","related_osm_ids":["way/154993943"]}},{"type":"Feature","id":"way/1553798019","geometry":{"type":"Point","coordinates":[118.829982,32.0109888]},"properties":{"osm_id":"way/1553798019","name":"未命名公园","named":false,"category":"park","kind":"park","location_method":"OSM 对象包围盒中心，非入口","access":"未标注","source_date":"2026-09-12T02:20:24Z","related_osm_ids":["way/1553798019"]}},{"type":"Feature","id":"way/1553798028","geometry":{"type":"Point","coordinates":[118.8643651,32.0071383]},"properties":{"osm_id":"way/1553798028","name":"未命名公园","named":false,"category":"park","kind":"park","location_method":"OSM 对象包围盒中心，非入口","access":"未标注","source_date":"2026-09-12T02:20:24Z","related_osm_ids":["way/1553798028"]}},{"type":"Feature","id":"way/155402523","geometry":{"type":"Point","coordinates":[118.9052307,32.0985374]},"properties":{"osm_id":"way/155402523","name":"仙林农贸市场","named":true,"category":"daily","kind":"marketplace","location_method":"OSM 对象包围盒中心，非入口","access":"未标注","source_date":"2026-09-12T02:20:24Z","original_name":"仙林农贸市场","related_osm_ids":["way/155402523"]}},{"type":"Feature","id":"way/155405231","geometry":{"type":"Point","coordinates":[118.9171799,32.1038232]},"properties":{"osm_id":"way/155405231","name":"大成名店","named":true,"category":"daily","kind":"mall","location_method":"OSM 对象包围盒中心，非入口","access":"未标注","source_date":"2026-09-12T02:20:24Z","original_name":"大成名店","related_osm_ids":["way/155405231"]}},{"type":"Feature","id":"way/155415504","geometry":{"type":"Point","coordinates":[118.8961913,32.0421657]},"properties":{"osm_id":"way/155415504","name":"未命名教育设施","named":false,"category":"education","kind":"school","location_method":"OSM 对象包围盒中心，非入口","access":"未标注","source_date":"2026-09-12T02:20:24Z","related_osm_ids":["way/155415504"]}},{"type":"Feature","id":"way/155415548","geometry":{"type":"Point","coordinates":[118.8931175,32.0398816]},"properties":{"osm_id":"way/155415548","name":"华润苏果","named":true,"category":"daily","kind":"supermarket","location_method":"OSM 对象包围盒中心，非入口","access":"未标注","source_date":"2026-09-12T02:20:24Z","original_name":"华润苏果","related_osm_ids":["way/155415548"]}},{"type":"Feature","id":"way/155415581","geometry":{"type":"Point","coordinates":[118.8917329,32.0593116]},"properties":{"osm_id":"way/155415581","name":"太阳城小学","named":true,"category":"education","kind":"school","location_method":"OSM 对象包围盒中心，非入口","access":"未标注","source_date":"2026-09-12T02:20:24Z","original_name":"太阳城小学","related_osm_ids":["way/155415581"]}},{"type":"Feature","id":"way/155419093","geometry":{"type":"Point","coordinates":[118.9050682,32.0957098]},"properties":{"osm_id":"way/155419093","name":"南京师范大学仙林实验小学","named":true,"category":"education","kind":"school","location_method":"OSM 对象包围盒中心，非入口","access":"未标注","source_date":"2026-09-12T02:20:24Z","original_name":"南京师范大学仙林实验小学","related_osm_ids":["way/155419093"]}},{"type":"Feature","id":"way/155435182","geometry":{"type":"Point","coordinates":[118.9130531,32.1103033]},"properties":{"osm_id":"way/155435182","name":"南京警察学院(仙林校区)","named":true,"category":"education","kind":"university","location_method":"OSM 对象包围盒中心，非入口","access":"未标注","source_date":"2026-09-12T02:20:24Z","original_name":"南京警察学院(仙林校区)","related_osm_ids":["way/155435182"]}},{"type":"Feature","id":"way/155586383","geometry":{"type":"Point","coordinates":[118.8619999,32.0455728]},"properties":{"osm_id":"way/155586383","name":"南京体育学院","named":true,"category":"education","kind":"college","location_method":"OSM 对象包围盒中心，非入口","access":"未标注","source_date":"2026-09-12T02:20:24Z","original_name":"南京体育学院","related_osm_ids":["way/155586383"]}},{"type":"Feature","id":"way/155882936","geometry":{"type":"Point","coordinates":[118.7814774,32.0402105]},"properties":{"osm_id":"way/155882936","name":"万达广场","named":true,"category":"daily","kind":"department_store","location_method":"OSM 对象包围盒中心，非入口","access":"未标注","source_date":"2026-09-12T02:20:24Z","original_name":"万达广场","related_osm_ids":["way/155882936"]}},{"type":"Feature","id":"way/155883000","geometry":{"type":"Point","coordinates":[118.7801538,32.0433028]},"properties":{"osm_id":"way/155883000","name":"新百B座","named":true,"category":"daily","kind":"department_store","location_method":"OSM 对象包围盒中心，非入口","access":"未标注","source_date":"2026-09-12T02:20:24Z","original_name":"新百B座","related_osm_ids":["way/155883000"]}},{"type":"Feature","id":"way/155883007","geometry":{"type":"Point","coordinates":[118.7796341,32.0428618]},"properties":{"osm_id":"way/155883007","name":"南京新百","named":true,"category":"daily","kind":"department_store","location_method":"OSM 对象包围盒中心，非入口","access":"未标注","source_date":"2026-09-12T02:20:24Z","original_name":"南京新百","related_osm_ids":["way/155883007"]}},{"type":"Feature","id":"way/155883027","geometry":{"type":"Point","coordinates":[118.7788594,32.0438278]},"properties":{"osm_id":"way/155883027","name":"孙中山先生像","named":true,"category":"heritage","kind":"memorial","location_method":"OSM 对象包围盒中心，非入口","access":"未标注","source_date":"2026-09-12T02:20:24Z","original_name":"孙中山先生像","related_osm_ids":["way/155883027"]}},{"type":"Feature","id":"way/155883032","geometry":{"type":"Point","coordinates":[118.7797094,32.0465322]},"properties":{"osm_id":"way/155883032","name":"德基广场二期","named":true,"category":"daily","kind":"department_store","location_method":"OSM 对象包围盒中心，非入口","access":"未标注","source_date":"2026-09-12T02:20:24Z","original_name":"德基广场二期","related_osm_ids":["way/155883032"]}},{"type":"Feature","id":"way/155900482","geometry":{"type":"Point","coordinates":[118.7794646,32.0598345]},"properties":{"osm_id":"way/155900482","name":"鼓楼邮政支局","named":true,"category":"daily","kind":"post_office","location_method":"OSM 对象包围盒中心，非入口","access":"未标注","source_date":"2026-09-12T02:20:24Z","original_name":"鼓楼邮政支局","related_osm_ids":["way/155900482"]}},{"type":"Feature","id":"way/155905068","geometry":{"type":"Point","coordinates":[118.780803,32.0257239]},"properties":{"osm_id":"way/155905068","name":"鹏欣·水游城","named":true,"category":"daily","kind":"mall","location_method":"OSM 对象包围盒中心，非入口","access":"未标注","source_date":"2026-09-12T02:20:24Z","original_name":"鹏欣·水游城","related_osm_ids":["way/155905068"]}},{"type":"Feature","id":"way/156050903","geometry":{"type":"Point","coordinates":[118.7770484,32.0556811]},"properties":{"osm_id":"way/156050903","name":"南京大学医院","named":true,"category":"health","kind":"hospital","location_method":"OSM 对象包围盒中心，非入口","access":"未标注","source_date":"2026-09-12T02:20:24Z","original_name":"南京大学医院","related_osm_ids":["way/156050903"]}},{"type":"Feature","id":"way/156066605","geometry":{"type":"Point","coordinates":[118.7722591,32.0569787]},"properties":{"osm_id":"way/156066605","name":"南京大学幼儿园","named":true,"category":"education","kind":"kindergarten","location_method":"OSM 对象包围盒中心，非入口","access":"未标注","source_date":"2026-09-12T02:20:24Z","original_name":"南京大学幼儿园","related_osm_ids":["way/156066605"]}},{"type":"Feature","id":"way/156137083","geometry":{"type":"Point","coordinates":[118.9041018,32.1173563]},"properties":{"osm_id":"way/156137083","name":"南京师范大学新北区","named":true,"category":"education","kind":"university","location_method":"OSM 对象包围盒中心，非入口","access":"未标注","source_date":"2026-09-12T02:20:24Z","original_name":"南京师范大学新北区","related_osm_ids":["way/156137083"]}},{"type":"Feature","id":"way/156209624","geometry":{"type":"Point","coordinates":[118.7780197,32.0582082]},"properties":{"osm_id":"way/156209624","name":"鼓楼医院","named":true,"category":"health","kind":"hospital","location_method":"OSM 对象包围盒中心，非入口","access":"未标注","source_date":"2026-09-12T02:20:24Z","original_name":"鼓楼医院","related_osm_ids":["way/156209624"]}},{"type":"Feature","id":"way/157279830","geometry":{"type":"Point","coordinates":[118.8553872,32.0082645]},"properties":{"osm_id":"way/157279830","name":"杨庄公交场站","named":true,"category":"transit","kind":"bus_station","location_method":"OSM 对象包围盒中心，非入口","access":"未标注","source_date":"2026-09-12T02:20:24Z","original_name":"杨庄公交场站","related_osm_ids":["way/157279830"]}},{"type":"Feature","id":"way/158325440","geometry":{"type":"Point","coordinates":[118.8498906,32.037472]},"properties":{"osm_id":"way/158325440","name":"南京理工大","named":true,"category":"transit","kind":"bus_station","location_method":"OSM 对象包围盒中心，非入口","access":"未标注","source_date":"2026-09-12T02:20:24Z","original_name":"南京理工大","related_osm_ids":["way/158325440"]}},{"type":"Feature","id":"way/158582256","geometry":{"type":"Point","coordinates":[118.8268042,32.0382002]},"properties":{"osm_id":"way/158582256","name":"南京东南眼科医院","named":true,"category":"health","kind":"hospital","location_method":"OSM 对象包围盒中心，非入口","access":"未标注","source_date":"2026-09-12T02:20:24Z","original_name":"南京东南眼科医院","related_osm_ids":["way/158582256"]}},{"type":"Feature","id":"way/158668494","geometry":{"type":"Point","coordinates":[118.8360153,32.1048814]},"properties":{"osm_id":"way/158668494","name":"苏果超市","named":true,"category":"daily","kind":"supermarket","location_method":"OSM 对象包围盒中心，非入口","access":"未标注","source_date":"2026-09-12T02:20:24Z","original_name":"苏果超市","related_osm_ids":["way/158668494"]}},{"type":"Feature","id":"way/159607074","geometry":{"type":"Point","coordinates":[118.8362554,32.0401051]},"properties":{"osm_id":"way/159607074","name":"长城证券","named":true,"category":"daily","kind":"bank","location_method":"OSM 对象包围盒中心，非入口","access":"未标注","source_date":"2026-09-12T02:20:24Z","original_name":"长城证券","related_osm_ids":["way/159607074"]}},{"type":"Feature","id":"way/159607075","geometry":{"type":"Point","coordinates":[118.8348775,32.042208]},"properties":{"osm_id":"way/159607075","name":"龙宫酒店","named":true,"category":"daily","kind":"restaurant","location_method":"OSM 对象包围盒中心，非入口","access":"未标注","source_date":"2026-09-12T02:20:24Z","original_name":"龙宫酒店","related_osm_ids":["way/159607075"]}},{"type":"Feature","id":"way/159607313","geometry":{"type":"Point","coordinates":[118.8422153,32.0356355]},"properties":{"osm_id":"way/159607313","name":"南京农业大学校医院","named":true,"category":"health","kind":"hospital","location_method":"OSM 对象包围盒中心，非入口","access":"未标注","source_date":"2026-09-12T02:20:24Z","original_name":"南京农业大学校医院","related_osm_ids":["way/159607313"]}},{"type":"Feature","id":"way/160095555","geometry":{"type":"Point","coordinates":[118.7844252,32.0317306]},"properties":{"osm_id":"way/160095555","name":"南京市第三高级中学（白下校区）","named":true,"category":"education","kind":"school","location_method":"OSM 对象包围盒中心，非入口","access":"未标注","source_date":"2026-09-12T02:20:24Z","original_name":"南京市第三高级中学（白下校区）","related_osm_ids":["way/160095555"]}},{"type":"Feature","id":"way/161841312","geometry":{"type":"Point","coordinates":[118.8174729,32.0849295]},"properties":{"osm_id":"way/161841312","name":"长途东站","named":true,"category":"transit","kind":"bus_station","location_method":"OSM 对象包围盒中心，非入口","access":"未标注","source_date":"2026-09-12T02:20:24Z","original_name":"长途东站","related_osm_ids":["way/161841312"]}},{"type":"Feature","id":"way/161841313","geometry":{"type":"Point","coordinates":[118.8166552,32.0864964]},"properties":{"osm_id":"way/161841313","name":"南京长途汽车东站","named":true,"category":"transit","kind":"bus_station","location_method":"OSM 对象包围盒中心，非入口","access":"未标注","source_date":"2026-09-12T02:20:24Z","original_name":"南京长途汽车东站","related_osm_ids":["way/161841313"]}},{"type":"Feature","id":"way/161844779","geometry":{"type":"Point","coordinates":[118.8481565,32.0354667]},"properties":{"osm_id":"way/161844779","name":"教工研究生食堂","named":true,"category":"daily","kind":"restaurant","location_method":"OSM 对象包围盒中心，非入口","access":"未标注","source_date":"2026-09-12T02:20:24Z","original_name":"教工研究生食堂","related_osm_ids":["way/161844779","way/161844780"]}},{"type":"Feature","id":"way/162316075","geometry":{"type":"Point","coordinates":[118.7934995,32.0282881]},"properties":{"osm_id":"way/162316075","name":"环北市场","named":true,"category":"daily","kind":"marketplace","location_method":"OSM 对象包围盒中心，非入口","access":"未标注","source_date":"2026-09-12T02:20:24Z","original_name":"环北市场","related_osm_ids":["way/162316075"]}},{"type":"Feature","id":"way/164083827","geometry":{"type":"Point","coordinates":[118.848276,32.0286147]},"properties":{"osm_id":"way/164083827","name":"二三食堂","named":true,"category":"daily","kind":"restaurant","location_method":"OSM 对象包围盒中心，非入口","access":"未标注","source_date":"2026-09-12T02:20:24Z","original_name":"二三食堂","related_osm_ids":["way/164083827"]}},{"type":"Feature","id":"way/166094335","geometry":{"type":"Point","coordinates":[118.9199364,32.0529342]},"properties":{"osm_id":"way/166094335","name":"悦民路","named":true,"category":"transit","kind":"bus_station","location_method":"OSM 对象包围盒中心，非入口","access":"未标注","source_date":"2026-09-12T02:20:24Z","original_name":"悦民路","related_osm_ids":["way/166094335"]}},{"type":"Feature","id":"way/166219333","geometry":{"type":"Point","coordinates":[118.7759305,32.0929948]},"properties":{"osm_id":"way/166219333","name":"玉桥市场","named":true,"category":"daily","kind":"marketplace","location_method":"OSM 对象包围盒中心，非入口","access":"未标注","source_date":"2026-09-12T02:20:24Z","original_name":"玉桥市场","related_osm_ids":["way/166219333"]}},{"type":"Feature","id":"way/166717323","geometry":{"type":"Point","coordinates":[118.7915234,32.0392377]},"properties":{"osm_id":"way/166717323","name":"南京市第三高级中学文昌初中","named":true,"category":"education","kind":"school","location_method":"OSM 对象包围盒中心，非入口","access":"未标注","source_date":"2026-09-12T02:20:24Z","original_name":"南京市第三高级中学文昌初中","related_osm_ids":["way/166717323"]}},{"type":"Feature","id":"way/167080732","geometry":{"type":"Point","coordinates":[118.7662712,32.056436]},"properties":{"osm_id":"way/167080732","name":"麦当劳宁海路餐厅","named":true,"category":"daily","kind":"fast_food","location_method":"OSM 对象包围盒中心，非入口","access":"未标注","source_date":"2026-09-12T02:20:24Z","original_name":"麦当劳宁海路餐厅","related_osm_ids":["way/167080732"]}},{"type":"Feature","id":"way/167080739","geometry":{"type":"Point","coordinates":[118.7609628,32.0559223]},"properties":{"osm_id":"way/167080739","name":"医院","named":true,"category":"health","kind":"hospital","location_method":"OSM 对象包围盒中心，非入口","access":"未标注","source_date":"2026-09-12T02:20:24Z","original_name":"医院","related_osm_ids":["way/167080739"]}},{"type":"Feature","id":"way/167080745","geometry":{"type":"Point","coordinates":[118.7611785,32.0553679]},"properties":{"osm_id":"way/167080745","name":"图书馆","named":true,"category":"education","kind":"library","location_method":"OSM 对象包围盒中心，非入口","access":"未标注","source_date":"2026-09-12T02:20:24Z","original_name":"图书馆","related_osm_ids":["way/167080745"]}},{"type":"Feature","id":"way/167080763","geometry":{"type":"Point","coordinates":[118.7635672,32.0538598]},"properties":{"osm_id":"way/167080763","name":"餐厅","named":true,"category":"daily","kind":"restaurant","location_method":"OSM 对象包围盒中心，非入口","access":"未标注","source_date":"2026-09-12T02:20:24Z","original_name":"餐厅","related_osm_ids":["way/167080763"]}},{"type":"Feature","id":"way/185428937","geometry":{"type":"Point","coordinates":[118.7820966,32.0257032]},"properties":{"osm_id":"way/185428937","name":"水平方","named":true,"category":"daily","kind":"mall","location_method":"OSM 对象包围盒中心，非入口","access":"未标注","source_date":"2026-09-12T02:20:24Z","original_name":"水平方","related_osm_ids":["way/185428937"]}},{"type":"Feature","id":"way/187695627","geometry":{"type":"Point","coordinates":[118.773118,32.0558317]},"properties":{"osm_id":"way/187695627","name":"骐记茶餐厅","named":true,"category":"daily","kind":"restaurant","location_method":"OSM 对象包围盒中心，非入口","access":"未标注","source_date":"2026-09-12T02:20:24Z","original_name":"骐记茶餐厅","related_osm_ids":["way/187695627"]}},{"type":"Feature","id":"way/187714513","geometry":{"type":"Point","coordinates":[118.7793688,32.0454909]},"properties":{"osm_id":"way/187714513","name":"未命名生活服务","named":false,"category":"daily","kind":"mall","location_method":"OSM 对象包围盒中心，非入口","access":"未标注","source_date":"2026-09-12T02:20:24Z","related_osm_ids":["way/187714513"]}},{"type":"Feature","id":"way/191934380","geometry":{"type":"Point","coordinates":[118.7741812,32.0543377]},"properties":{"osm_id":"way/191934380","name":"汉口路小学","named":true,"category":"education","kind":"school","location_method":"OSM 对象包围盒中心，非入口","access":"未标注","source_date":"2026-09-12T02:20:24Z","original_name":"汉口路小学","related_osm_ids":["way/191934380"]}},{"type":"Feature","id":"way/192105389","geometry":{"type":"Point","coordinates":[118.7798315,32.0529584]},"properties":{"osm_id":"way/192105389","name":"金鹰国际购物中心","named":true,"category":"daily","kind":"mall","location_method":"OSM 对象包围盒中心，非入口","access":"未标注","source_date":"2026-09-12T02:20:24Z","original_name":"金鹰国际购物中心","related_osm_ids":["way/192105389"]}},{"type":"Feature","id":"way/192107516","geometry":{"type":"Point","coordinates":[118.7814599,32.0526282]},"properties":{"osm_id":"way/192107516","name":"赛格数码广场","named":true,"category":"daily","kind":"electronics","location_method":"OSM 对象包围盒中心，非入口","access":"未标注","source_date":"2026-09-12T02:20:24Z","original_name":"赛格数码广场","related_osm_ids":["way/192107516"]}},{"type":"Feature","id":"way/192487637","geometry":{"type":"Point","coordinates":[118.7606541,32.0112062]},"properties":{"osm_id":"way/192487637","name":"虹悦城","named":true,"category":"daily","kind":"mall","location_method":"OSM 对象包围盒中心，非入口","access":"未标注","source_date":"2026-09-12T02:20:24Z","original_name":"虹悦城","related_osm_ids":["way/192487637"]}},{"type":"Feature","id":"way/223861273","geometry":{"type":"Point","coordinates":[118.7989103,32.0420382]},"properties":{"osm_id":"way/223861273","name":"Yixian Bridge Park","named":true,"category":"park","kind":"park","location_method":"OSM 对象包围盒中心，非入口","access":"未标注","source_date":"2026-09-12T02:20:24Z","original_name":"Yixian Bridge Park","related_osm_ids":["way/223861273"]}},{"type":"Feature","id":"way/223942597","geometry":{"type":"Point","coordinates":[118.7910356,32.0382961]},"properties":{"osm_id":"way/223942597","name":"南京市五老村小学","named":true,"category":"education","kind":"school","location_method":"OSM 对象包围盒中心，非入口","access":"未标注","source_date":"2026-09-12T02:20:24Z","original_name":"南京市五老村小学","related_osm_ids":["way/223942597"]}},{"type":"Feature","id":"way/223942718","geometry":{"type":"Point","coordinates":[118.7959877,32.0582649]},"properties":{"osm_id":"way/223942718","name":"南京外国语学校","named":true,"category":"education","kind":"school","location_method":"OSM 对象包围盒中心，非入口","access":"未标注","source_date":"2026-09-12T02:20:24Z","original_name":"南京外国语学校","related_osm_ids":["way/223942718"]}},{"type":"Feature","id":"way/223953633","geometry":{"type":"Point","coordinates":[118.8169501,32.0521454]},"properties":{"osm_id":"way/223953633","name":"未命名历史要素","named":false,"category":"heritage","kind":"citywalls","location_method":"OSM 对象包围盒中心，非入口","access":"未标注","source_date":"2026-09-12T02:20:24Z","related_osm_ids":["way/223953633"]}},{"type":"Feature","id":"way/236945298","geometry":{"type":"Point","coordinates":[118.7888365,32.0554665]},"properties":{"osm_id":"way/236945298","name":"南门","named":true,"category":"heritage","kind":"city_gate","location_method":"OSM 对象包围盒中心，非入口","access":"未标注","source_date":"2026-09-12T02:20:24Z","original_name":"南门","related_osm_ids":["way/236945298"]}},{"type":"Feature","id":"way/236950762","geometry":{"type":"Point","coordinates":[118.7863076,32.0565188]},"properties":{"osm_id":"way/236950762","name":"南京师范大学附属小学","named":true,"category":"education","kind":"school","location_method":"OSM 对象包围盒中心，非入口","access":"未标注","source_date":"2026-09-12T02:20:24Z","original_name":"南京师范大学附属小学","related_osm_ids":["way/236950762"]}},{"type":"Feature","id":"way/237316233","geometry":{"type":"Point","coordinates":[118.7836832,32.0574611]},"properties":{"osm_id":"way/237316233","name":"香园餐厅","named":true,"category":"daily","kind":"restaurant","location_method":"OSM 对象包围盒中心，非入口","access":"未标注","source_date":"2026-09-12T02:20:24Z","original_name":"香园餐厅","related_osm_ids":["way/237316233"]}},{"type":"Feature","id":"way/237318480","geometry":{"type":"Point","coordinates":[118.7908296,32.053958]},"properties":{"osm_id":"way/237318480","name":"东南大学校医院","named":true,"category":"health","kind":"hospital","location_method":"OSM 对象包围盒中心，非入口","access":"未标注","source_date":"2026-09-12T02:20:24Z","original_name":"东南大学校医院","related_osm_ids":["way/237318480"]}},{"type":"Feature","id":"way/272579917","geometry":{"type":"Point","coordinates":[118.8770027,32.0553553]},"properties":{"osm_id":"way/272579917","name":"范鸿仙墓","named":true,"category":"park","kind":"park","location_method":"OSM 对象包围盒中心，非入口","access":"未标注","source_date":"2026-09-12T02:20:24Z","original_name":"范鸿仙墓","related_osm_ids":["way/272579917"]}},{"type":"Feature","id":"way/275620728","geometry":{"type":"Point","coordinates":[118.9151367,32.107771]},"properties":{"osm_id":"way/275620728","name":"洗理中心","named":true,"category":"daily","kind":"laundry","location_method":"OSM 对象包围盒中心，非入口","access":"未标注","source_date":"2026-09-12T02:20:24Z","original_name":"洗理中心","related_osm_ids":["way/275620728"]}},{"type":"Feature","id":"way/275620729","geometry":{"type":"Point","coordinates":[118.9157193,32.10794]},"properties":{"osm_id":"way/275620729","name":"校区医院","named":true,"category":"health","kind":"hospital","location_method":"OSM 对象包围盒中心，非入口","access":"未标注","source_date":"2026-09-12T02:20:24Z","original_name":"校区医院","related_osm_ids":["way/275620729"]}},{"type":"Feature","id":"way/275865269","geometry":{"type":"Point","coordinates":[118.7978105,32.0511084]},"properties":{"osm_id":"way/275865269","name":"大院操场","named":true,"category":"park","kind":"park","location_method":"OSM 对象包围盒中心，非入口","access":"未标注","source_date":"2026-09-12T02:20:24Z","original_name":"大院操场","related_osm_ids":["way/275865269"]}},{"type":"Feature","id":"way/278003319","geometry":{"type":"Point","coordinates":[118.9192345,32.1106696]},"properties":{"osm_id":"way/278003319","name":"南京财经大学图书馆","named":true,"category":"education","kind":"library","location_method":"OSM 对象包围盒中心，非入口","access":"未标注","source_date":"2026-09-12T02:20:24Z","original_name":"南京财经大学图书馆","related_osm_ids":["way/278003319"]}},{"type":"Feature","id":"way/308848178","geometry":{"type":"Point","coordinates":[118.8083192,32.0665942]},"properties":{"osm_id":"way/308848178","name":"太阳宫","named":true,"category":"daily","kind":"community_centre","location_method":"OSM 对象包围盒中心，非入口","access":"未标注","source_date":"2026-09-12T02:20:24Z","original_name":"太阳宫","related_osm_ids":["way/308848178"]}},{"type":"Feature","id":"way/316474426","geometry":{"type":"Point","coordinates":[118.7750938,32.0539918]},"properties":{"osm_id":"way/316474426","name":"教育超市","named":true,"category":"daily","kind":"convenience","location_method":"OSM 对象包围盒中心，非入口","access":"未标注","source_date":"2026-09-12T02:20:24Z","original_name":"教育超市","related_osm_ids":["way/316474426"]}},{"type":"Feature","id":"way/318052307","geometry":{"type":"Point","coordinates":[118.7765435,32.0146589]},"properties":{"osm_id":"way/318052307","name":"中华门城堡","named":true,"category":"park","kind":"park","location_method":"OSM 对象包围盒中心，非入口","access":"未标注","source_date":"2026-09-12T02:20:24Z","original_name":"中华门城堡","related_osm_ids":["way/318052307"]}},{"type":"Feature","id":"way/318162428","geometry":{"type":"Point","coordinates":[118.7751042,32.0155236]},"properties":{"osm_id":"way/318162428","name":"文枢中学","named":true,"category":"education","kind":"school","location_method":"OSM 对象包围盒中心，非入口","access":"未标注","source_date":"2026-09-12T02:20:24Z","original_name":"文枢中学","related_osm_ids":["way/318162428"]}},{"type":"Feature","id":"way/318173203","geometry":{"type":"Point","coordinates":[118.7932125,32.0388133]},"properties":{"osm_id":"way/318173203","name":"李鸿章祠堂","named":true,"category":"park","kind":"park","location_method":"OSM 对象包围盒中心，非入口","access":"未标注","source_date":"2026-09-12T02:20:24Z","original_name":"李鸿章祠堂","related_osm_ids":["way/318173203"]}},{"type":"Feature","id":"way/318173790","geometry":{"type":"Point","coordinates":[118.795452,32.0366417]},"properties":{"osm_id":"way/318173790","name":"南京市三条巷小学","named":true,"category":"education","kind":"school","location_method":"OSM 对象包围盒中心，非入口","access":"未标注","source_date":"2026-09-12T02:20:24Z","original_name":"南京市三条巷小学","related_osm_ids":["way/318173790"]}},{"type":"Feature","id":"way/318197098","geometry":{"type":"Point","coordinates":[118.7919506,32.0398763]},"properties":{"osm_id":"way/318197098","name":"五老村幼儿园","named":true,"category":"education","kind":"school","location_method":"OSM 对象包围盒中心，非入口","access":"未标注","source_date":"2026-09-12T02:20:24Z","original_name":"五老村幼儿园","related_osm_ids":["way/318197098"]}},{"type":"Feature","id":"way/318198197","geometry":{"type":"Point","coordinates":[118.7955569,32.0399463]},"properties":{"osm_id":"way/318198197","name":"七天连锁酒店","named":true,"category":"daily","kind":"wine","location_method":"OSM 对象包围盒中心，非入口","access":"未标注","source_date":"2026-09-12T02:20:24Z","original_name":"七天连锁酒店","related_osm_ids":["way/318198197"]}},{"type":"Feature","id":"way/319997028","geometry":{"type":"Point","coordinates":[118.8001464,32.0416038]},"properties":{"osm_id":"way/319997028","name":"西安门","named":true,"category":"heritage","kind":"city_gate","location_method":"OSM 对象包围盒中心，非入口","access":"未标注","source_date":"2026-09-12T02:20:24Z","original_name":"西安门","related_osm_ids":["way/319997028"]}},{"type":"Feature","id":"way/321103179","geometry":{"type":"Point","coordinates":[118.7952566,32.0894921]},"properties":{"osm_id":"way/321103179","name":"南京汽车站","named":true,"category":"transit","kind":"bus_station","location_method":"OSM 对象包围盒中心，非入口","access":"未标注","source_date":"2026-09-12T02:20:24Z","original_name":"南京汽车站","related_osm_ids":["way/321103179"]}},{"type":"Feature","id":"way/321791623","geometry":{"type":"Point","coordinates":[118.780388,32.0378314]},"properties":{"osm_id":"way/321791623","name":"南京三中金銮校区","named":true,"category":"education","kind":"school","location_method":"OSM 对象包围盒中心，非入口","access":"未标注","source_date":"2026-09-12T02:20:24Z","original_name":"南京三中金銮校区","related_osm_ids":["way/321791623"]}},{"type":"Feature","id":"way/322654943","geometry":{"type":"Point","coordinates":[118.785354,32.0480763]},"properties":{"osm_id":"way/322654943","name":"香铺营集贸市场","named":true,"category":"daily","kind":"marketplace","location_method":"OSM 对象包围盒中心，非入口","access":"未标注","source_date":"2026-09-12T02:20:24Z","original_name":"香铺营集贸市场","related_osm_ids":["way/322654943"]}},{"type":"Feature","id":"way/322655628","geometry":{"type":"Point","coordinates":[118.7854123,32.047387]},"properties":{"osm_id":"way/322655628","name":"金盛百货","named":true,"category":"daily","kind":"department_store","location_method":"OSM 对象包围盒中心，非入口","access":"未标注","source_date":"2026-09-12T02:20:24Z","original_name":"金盛百货","related_osm_ids":["way/322655628"]}},{"type":"Feature","id":"way/322658279","geometry":{"type":"Point","coordinates":[118.7932038,32.0356216]},"properties":{"osm_id":"way/322658279","name":"中国农业银行","named":true,"category":"daily","kind":"bank","location_method":"OSM 对象包围盒中心，非入口","access":"未标注","source_date":"2026-09-12T02:20:24Z","original_name":"中国农业银行","related_osm_ids":["way/322658279"]}},{"type":"Feature","id":"way/323223915","geometry":{"type":"Point","coordinates":[118.7870981,32.0364748]},"properties":{"osm_id":"way/323223915","name":"绿柳居","named":true,"category":"daily","kind":"restaurant","location_method":"OSM 对象包围盒中心，非入口","access":"未标注","source_date":"2026-09-12T02:20:24Z","original_name":"绿柳居","related_osm_ids":["way/323223915"]}},{"type":"Feature","id":"way/323614588","geometry":{"type":"Point","coordinates":[118.7796434,32.0330386]},"properties":{"osm_id":"way/323614588","name":"钟英中学（中部校区）","named":true,"category":"education","kind":"school","location_method":"OSM 对象包围盒中心，非入口","access":"未标注","source_date":"2026-09-12T02:20:24Z","original_name":"钟英中学（中部校区）","related_osm_ids":["way/323614588"]}},{"type":"Feature","id":"way/323615317","geometry":{"type":"Point","coordinates":[118.779555,32.0323821]},"properties":{"osm_id":"way/323615317","name":"钟英中学（南部校区）","named":true,"category":"education","kind":"school","location_method":"OSM 对象包围盒中心，非入口","access":"未标注","source_date":"2026-09-12T02:20:24Z","original_name":"钟英中学（南部校区）","related_osm_ids":["way/323615317"]}},{"type":"Feature","id":"way/323615838","geometry":{"type":"Point","coordinates":[118.7800928,32.0340025]},"properties":{"osm_id":"way/323615838","name":"钟英中学（北部校区）","named":true,"category":"education","kind":"school","location_method":"OSM 对象包围盒中心，非入口","access":"未标注","source_date":"2026-09-12T02:20:24Z","original_name":"钟英中学（北部校区）","related_osm_ids":["way/323615838"]}},{"type":"Feature","id":"way/325172914","geometry":{"type":"Point","coordinates":[118.7874432,32.0349008]},"properties":{"osm_id":"way/325172914","name":"太平商场","named":true,"category":"daily","kind":"mall","location_method":"OSM 对象包围盒中心，非入口","access":"未标注","source_date":"2026-09-12T02:20:24Z","original_name":"太平商场","related_osm_ids":["way/325172914"]}},{"type":"Feature","id":"way/325610634","geometry":{"type":"Point","coordinates":[118.7955198,32.0316457]},"properties":{"osm_id":"way/325610634","name":"未命名公园","named":false,"category":"park","kind":"park","location_method":"OSM 对象包围盒中心，非入口","access":"未标注","source_date":"2026-09-12T02:20:24Z","related_osm_ids":["way/325610634"]}},{"type":"Feature","id":"way/325610635","geometry":{"type":"Point","coordinates":[118.7959521,32.0325724]},"properties":{"osm_id":"way/325610635","name":"未命名公园","named":false,"category":"park","kind":"park","location_method":"OSM 对象包围盒中心，非入口","access":"未标注","source_date":"2026-09-12T02:20:24Z","related_osm_ids":["way/325610635"]}},{"type":"Feature","id":"way/331622813","geometry":{"type":"Point","coordinates":[118.7750372,32.0630565]},"properties":{"osm_id":"way/331622813","name":"南京大学附属中学","named":true,"category":"education","kind":"school","location_method":"OSM 对象包围盒中心，非入口","access":"未标注","source_date":"2026-09-12T02:20:24Z","original_name":"南京大学附属中学","related_osm_ids":["way/331622813"]}},{"type":"Feature","id":"way/333793961","geometry":{"type":"Point","coordinates":[118.7884624,32.0461994]},"properties":{"osm_id":"way/333793961","name":"国立美术陈列馆旧址","named":true,"category":"heritage","kind":"building","location_method":"OSM 对象包围盒中心，非入口","access":"未标注","source_date":"2026-09-12T02:20:24Z","original_name":"国立美术陈列馆旧址","related_osm_ids":["way/333793961"]}},{"type":"Feature","id":"way/333793962","geometry":{"type":"Point","coordinates":[118.7878916,32.0462307]},"properties":{"osm_id":"way/333793962","name":"人民大会堂","named":true,"category":"heritage","kind":"building","location_method":"OSM 对象包围盒中心，非入口","access":"未标注","source_date":"2026-09-12T02:20:24Z","original_name":"人民大会堂","related_osm_ids":["way/333793962"]}},{"type":"Feature","id":"way/339296897","geometry":{"type":"Point","coordinates":[118.8081908,32.08216]},"properties":{"osm_id":"way/339296897","name":"一食堂","named":true,"category":"daily","kind":"restaurant","location_method":"OSM 对象包围盒中心，非入口","access":"未标注","source_date":"2026-09-12T02:20:24Z","original_name":"一食堂","related_osm_ids":["way/339296897"]}},{"type":"Feature","id":"way/339297724","geometry":{"type":"Point","coordinates":[118.809969,32.0801794]},"properties":{"osm_id":"way/339297724","name":"材料与工程学院院楼","named":true,"category":"education","kind":"college","location_method":"OSM 对象包围盒中心，非入口","access":"未标注","source_date":"2026-09-12T02:20:24Z","original_name":"材料与工程学院院楼","related_osm_ids":["way/339297724"]}},{"type":"Feature","id":"way/339297725","geometry":{"type":"Point","coordinates":[118.80886,32.0787495]},"properties":{"osm_id":"way/339297725","name":"林学院","named":true,"category":"education","kind":"college","location_method":"OSM 对象包围盒中心，非入口","access":"未标注","source_date":"2026-09-12T02:20:24Z","original_name":"林学院","related_osm_ids":["way/339297725"]}},{"type":"Feature","id":"way/339297726","geometry":{"type":"Point","coordinates":[118.8103004,32.0790641]},"properties":{"osm_id":"way/339297726","name":"林机楼","named":true,"category":"education","kind":"college","location_method":"OSM 对象包围盒中心，非入口","access":"未标注","source_date":"2026-09-12T02:20:24Z","original_name":"林机楼","related_osm_ids":["way/339297726"]}},{"type":"Feature","id":"way/339297727","geometry":{"type":"Point","coordinates":[118.8096846,32.0784846]},"properties":{"osm_id":"way/339297727","name":"生物科技大楼","named":true,"category":"education","kind":"college","location_method":"OSM 对象包围盒中心，非入口","access":"未标注","source_date":"2026-09-12T02:20:24Z","original_name":"生物科技大楼","related_osm_ids":["way/339297727"]}},{"type":"Feature","id":"way/339298071","geometry":{"type":"Point","coordinates":[118.8084477,32.0830727]},"properties":{"osm_id":"way/339298071","name":"第二食堂","named":true,"category":"daily","kind":"restaurant","location_method":"OSM 对象包围盒中心，非入口","access":"未标注","source_date":"2026-09-12T02:20:24Z","original_name":"第二食堂","related_osm_ids":["way/339298071"]}},{"type":"Feature","id":"way/371535516","geometry":{"type":"Point","coordinates":[118.7835901,32.0219262]},"properties":{"osm_id":"way/371535516","name":"未命名生活服务","named":false,"category":"daily","kind":"restaurant","location_method":"OSM 对象包围盒中心，非入口","access":"未标注","source_date":"2026-09-12T02:20:24Z","related_osm_ids":["way/371535516"]}},{"type":"Feature","id":"way/371535517","geometry":{"type":"Point","coordinates":[118.7831117,32.0217593]},"properties":{"osm_id":"way/371535517","name":"未命名生活服务","named":false,"category":"daily","kind":"restaurant","location_method":"OSM 对象包围盒中心，非入口","access":"未标注","source_date":"2026-09-12T02:20:24Z","related_osm_ids":["way/371535517"]}},{"type":"Feature","id":"way/371542022","geometry":{"type":"Point","coordinates":[118.7837665,32.0214941]},"properties":{"osm_id":"way/371542022","name":"未命名生活服务","named":false,"category":"daily","kind":"restaurant","location_method":"OSM 对象包围盒中心，非入口","access":"未标注","source_date":"2026-09-12T02:20:24Z","related_osm_ids":["way/371542022"]}},{"type":"Feature","id":"way/380371966","geometry":{"type":"Point","coordinates":[118.8075239,32.0794294]},"properties":{"osm_id":"way/380371966","name":"设计场地","named":true,"category":"park","kind":"park","location_method":"OSM 对象包围盒中心，非入口","access":"未标注","source_date":"2026-09-12T02:20:24Z","original_name":"设计场地","related_osm_ids":["way/380371966"]}},{"type":"Feature","id":"way/380371969","geometry":{"type":"Point","coordinates":[118.8085166,32.0798659]},"properties":{"osm_id":"way/380371969","name":"化工楼","named":true,"category":"education","kind":"college","location_method":"OSM 对象包围盒中心，非入口","access":"未标注","source_date":"2026-09-12T02:20:24Z","original_name":"化工楼","related_osm_ids":["way/380371969"]}},{"type":"Feature","id":"way/380923041","geometry":{"type":"Point","coordinates":[118.8346749,32.0620825]},"properties":{"osm_id":"way/380923041","name":"明孝陵","named":true,"category":"heritage","kind":"tomb","location_method":"OSM 对象包围盒中心，非入口","access":"未标注","source_date":"2026-09-12T02:20:24Z","original_name":"明孝陵","related_osm_ids":["way/380923041"]}},{"type":"Feature","id":"way/380923042","geometry":{"type":"Point","coordinates":[118.834625,32.0606073]},"properties":{"osm_id":"way/380923042","name":"明楼","named":true,"category":"heritage","kind":"building","location_method":"OSM 对象包围盒中心，非入口","access":"未标注","source_date":"2026-09-12T02:20:24Z","original_name":"明楼","related_osm_ids":["way/380923042"]}},{"type":"Feature","id":"way/384126619","geometry":{"type":"Point","coordinates":[118.8135142,32.0805666]},"properties":{"osm_id":"way/384126619","name":"二村餐厅","named":true,"category":"daily","kind":"restaurant","location_method":"OSM 对象包围盒中心，非入口","access":"未标注","source_date":"2026-09-12T02:20:24Z","original_name":"二村餐厅","related_osm_ids":["way/384126619"]}},{"type":"Feature","id":"way/384126646","geometry":{"type":"Point","coordinates":[118.8090002,32.08082]},"properties":{"osm_id":"way/384126646","name":"老图书馆","named":true,"category":"education","kind":"library","location_method":"OSM 对象包围盒中心，非入口","access":"未标注","source_date":"2026-09-12T02:20:24Z","original_name":"老图书馆","related_osm_ids":["way/384126646"]}},{"type":"Feature","id":"way/385355525","geometry":{"type":"Point","coordinates":[118.7783468,32.0384902]},"properties":{"osm_id":"way/385355525","name":"中国银行","named":true,"category":"daily","kind":"bank","location_method":"OSM 对象包围盒中心，非入口","access":"未标注","source_date":"2026-09-12T02:20:24Z","original_name":"中国银行","related_osm_ids":["way/385355525"]}},{"type":"Feature","id":"way/398446024","geometry":{"type":"Point","coordinates":[118.8415719,32.0338471]},"properties":{"osm_id":"way/398446024","name":"未命名生活服务","named":false,"category":"daily","kind":"restaurant","location_method":"OSM 对象包围盒中心，非入口","access":"未标注","source_date":"2026-09-12T02:20:24Z","related_osm_ids":["way/398446024"]}},{"type":"Feature","id":"way/404071178","geometry":{"type":"Point","coordinates":[118.7892853,32.0549311]},"properties":{"osm_id":"way/404071178","name":"沙塘园餐厅","named":true,"category":"daily","kind":"restaurant","location_method":"OSM 对象包围盒中心，非入口","access":"未标注","source_date":"2026-09-12T02:20:24Z","original_name":"沙塘园餐厅","related_osm_ids":["way/404071178"]}},{"type":"Feature","id":"way/404071182","geometry":{"type":"Point","coordinates":[118.7907306,32.0532665]},"properties":{"osm_id":"way/404071182","name":"南京图书馆成贤街分馆","named":true,"category":"education","kind":"library","location_method":"OSM 对象包围盒中心，非入口","access":"未标注","source_date":"2026-09-12T02:20:24Z","original_name":"南京图书馆成贤街分馆","related_osm_ids":["way/404071182"]}},{"type":"Feature","id":"way/411548046","geometry":{"type":"Point","coordinates":[118.7605799,32.0604834]},"properties":{"osm_id":"way/411548046","name":"南京市琅琊路小学","named":true,"category":"education","kind":"school","location_method":"OSM 对象包围盒中心，非入口","access":"未标注","source_date":"2026-09-12T02:20:24Z","original_name":"南京市琅琊路小学","related_osm_ids":["way/411548046"]}},{"type":"Feature","id":"way/439252994","geometry":{"type":"Point","coordinates":[118.7919676,32.0595826]},"properties":{"osm_id":"way/439252994","name":"和平公园","named":true,"category":"park","kind":"park","location_method":"OSM 对象包围盒中心，非入口","access":"未标注","source_date":"2026-09-12T02:20:24Z","original_name":"和平公园","related_osm_ids":["way/439252994"]}},{"type":"Feature","id":"way/442891970","geometry":{"type":"Point","coordinates":[118.7924719,32.0411524]},"properties":{"osm_id":"way/442891970","name":"南京利济巷慰安所旧址","named":true,"category":"heritage","kind":"archaeological_site","location_method":"OSM 对象包围盒中心，非入口","access":"未标注","source_date":"2026-09-12T02:20:24Z","original_name":"南京利济巷慰安所旧址","related_osm_ids":["way/442891970"]}},{"type":"Feature","id":"way/442891977","geometry":{"type":"Point","coordinates":[118.7965636,32.0402307]},"properties":{"osm_id":"way/442891977","name":"秦淮区教师进修学校","named":true,"category":"education","kind":"school","location_method":"OSM 对象包围盒中心，非入口","access":"未标注","source_date":"2026-09-12T02:20:24Z","original_name":"秦淮区教师进修学校","related_osm_ids":["way/442891977"]}},{"type":"Feature","id":"way/442891978","geometry":{"type":"Point","coordinates":[118.7947779,32.0381811]},"properties":{"osm_id":"way/442891978","name":"秦淮区委党校","named":true,"category":"education","kind":"school","location_method":"OSM 对象包围盒中心，非入口","access":"未标注","source_date":"2026-09-12T02:20:24Z","original_name":"秦淮区委党校","related_osm_ids":["way/442891978"]}},{"type":"Feature","id":"way/443760357","geometry":{"type":"Point","coordinates":[118.759785,32.0852449]},"properties":{"osm_id":"way/443760357","name":"育英外国语学校","named":true,"category":"education","kind":"school","location_method":"OSM 对象包围盒中心，非入口","access":"未标注","source_date":"2026-09-12T02:20:24Z","original_name":"育英外国语学校","related_osm_ids":["way/443760357"]}},{"type":"Feature","id":"way/444226161","geometry":{"type":"Point","coordinates":[118.7891202,32.0957506]},"properties":{"osm_id":"way/444226161","name":"南京市第六十六中学","named":true,"category":"education","kind":"school","location_method":"OSM 对象包围盒中心，非入口","access":"未标注","source_date":"2026-09-12T02:20:24Z","original_name":"南京市第六十六中学","related_osm_ids":["way/444226161"]}},{"type":"Feature","id":"way/444227092","geometry":{"type":"Point","coordinates":[118.7872809,32.0450595]},"properties":{"osm_id":"way/444227092","name":"南京市第九中学","named":true,"category":"education","kind":"school","location_method":"OSM 对象包围盒中心，非入口","access":"未标注","source_date":"2026-09-12T02:20:24Z","original_name":"南京市第九中学","related_osm_ids":["way/444227092"]}},{"type":"Feature","id":"way/444545557","geometry":{"type":"Point","coordinates":[118.7869617,32.0192213]},"properties":{"osm_id":"way/444545557","name":"南京市第二十七中学","named":true,"category":"education","kind":"school","location_method":"OSM 对象包围盒中心，非入口","access":"未标注","source_date":"2026-09-12T02:20:24Z","original_name":"南京市第二十七中学","related_osm_ids":["way/444545557"]}},{"type":"Feature","id":"way/444549366","geometry":{"type":"Point","coordinates":[118.7983155,32.0117533]},"properties":{"osm_id":"way/444549366","name":"南京市第二十七高级中学","named":true,"category":"education","kind":"school","location_method":"OSM 对象包围盒中心，非入口","access":"未标注","source_date":"2026-09-12T02:20:24Z","original_name":"南京市第二十七高级中学","related_osm_ids":["way/444549366"]}},{"type":"Feature","id":"way/444549367","geometry":{"type":"Point","coordinates":[118.7988551,32.0128493]},"properties":{"osm_id":"way/444549367","name":"武定新村小学","named":true,"category":"education","kind":"school","location_method":"OSM 对象包围盒中心，非入口","access":"未标注","source_date":"2026-09-12T02:20:24Z","original_name":"武定新村小学","related_osm_ids":["way/444549367"]}},{"type":"Feature","id":"way/444551216","geometry":{"type":"Point","coordinates":[118.8027782,32.0104781]},"properties":{"osm_id":"way/444551216","name":"南京市第二十七中学","named":true,"category":"education","kind":"school","location_method":"OSM 对象包围盒中心，非入口","access":"未标注","source_date":"2026-09-12T02:20:24Z","original_name":"南京市第二十七中学","related_osm_ids":["way/444551216"]}},{"type":"Feature","id":"way/444551222","geometry":{"type":"Point","coordinates":[118.8047069,32.01139]},"properties":{"osm_id":"way/444551222","name":"南京怡馨花园小学","named":true,"category":"education","kind":"school","location_method":"OSM 对象包围盒中心，非入口","access":"未标注","source_date":"2026-09-12T02:20:24Z","original_name":"南京怡馨花园小学","related_osm_ids":["way/444551222"]}},{"type":"Feature","id":"way/444876302","geometry":{"type":"Point","coordinates":[118.7946739,32.0034194]},"properties":{"osm_id":"way/444876302","name":"南京市第十八中学","named":true,"category":"education","kind":"school","location_method":"OSM 对象包围盒中心，非入口","access":"未标注","source_date":"2026-09-12T02:20:24Z","original_name":"南京市第十八中学","related_osm_ids":["way/444876302"]}},{"type":"Feature","id":"way/445000100","geometry":{"type":"Point","coordinates":[118.7718737,32.0410847]},"properties":{"osm_id":"way/445000100","name":"南京市第五中学","named":true,"category":"education","kind":"school","location_method":"OSM 对象包围盒中心，非入口","access":"未标注","source_date":"2026-09-12T02:20:24Z","original_name":"南京市第五中学","related_osm_ids":["way/445000100"]}},{"type":"Feature","id":"way/445000811","geometry":{"type":"Point","coordinates":[118.7691522,32.0421119]},"properties":{"osm_id":"way/445000811","name":"南京幼儿高等师范学校","named":true,"category":"education","kind":"school","location_method":"OSM 对象包围盒中心，非入口","access":"未标注","source_date":"2026-09-12T02:20:24Z","original_name":"南京幼儿高等师范学校","related_osm_ids":["way/445000811"]}},{"type":"Feature","id":"way/445001812","geometry":{"type":"Point","coordinates":[118.7887607,32.0309024]},"properties":{"osm_id":"way/445001812","name":"南京市第三高级中学","named":true,"category":"education","kind":"school","location_method":"OSM 对象包围盒中心，非入口","access":"未标注","source_date":"2026-09-12T02:20:24Z","original_name":"南京市第三高级中学","related_osm_ids":["way/445001812"]}},{"type":"Feature","id":"way/446638070","geometry":{"type":"Point","coordinates":[118.7701421,32.0365671]},"properties":{"osm_id":"way/446638070","name":"朝天宫","named":true,"category":"park","kind":"park","location_method":"OSM 对象包围盒中心，非入口","access":"未标注","source_date":"2026-09-12T02:20:24Z","original_name":"朝天宫","related_osm_ids":["way/446638070"]}},{"type":"Feature","id":"way/446638898","geometry":{"type":"Point","coordinates":[118.8123897,32.0395443]},"properties":{"osm_id":"way/446638898","name":"午门","named":true,"category":"heritage","kind":"city_gate","location_method":"OSM 对象包围盒中心，非入口","access":"未标注","source_date":"2026-09-12T02:20:24Z","original_name":"午门","related_osm_ids":["way/446638898"]}},{"type":"Feature","id":"way/447173180","geometry":{"type":"Point","coordinates":[118.8227044,32.0297328]},"properties":{"osm_id":"way/447173180","name":"月牙湖公园","named":true,"category":"park","kind":"park","location_method":"OSM 对象包围盒中心，非入口","access":"未标注","source_date":"2026-09-12T02:20:24Z","original_name":"月牙湖公园","related_osm_ids":["way/447173180"]}},{"type":"Feature","id":"way/447173185","geometry":{"type":"Point","coordinates":[118.8234277,32.0365024]},"properties":{"osm_id":"way/447173185","name":"月牙湖公园","named":true,"category":"park","kind":"park","location_method":"OSM 对象包围盒中心，非入口","access":"未标注","source_date":"2026-09-12T02:20:24Z","original_name":"月牙湖公园","related_osm_ids":["way/447173185"]}},{"type":"Feature","id":"way/447382344","geometry":{"type":"Point","coordinates":[118.9136334,32.0640425]},"properties":{"osm_id":"way/447382344","name":"南京交通技师学院","named":true,"category":"education","kind":"college","location_method":"OSM 对象包围盒中心，非入口","access":"未标注","source_date":"2026-09-12T02:20:24Z","original_name":"南京交通技师学院","related_osm_ids":["way/447382344"]}},{"type":"Feature","id":"way/447382359","geometry":{"type":"Point","coordinates":[118.9164358,32.0529402]},"properties":{"osm_id":"way/447382359","name":"南京外国语学校仙林分校麒麟中学","named":true,"category":"education","kind":"school","location_method":"OSM 对象包围盒中心，非入口","access":"未标注","source_date":"2026-09-12T02:20:24Z","original_name":"南京外国语学校仙林分校麒麟中学","related_osm_ids":["way/447382359"]}},{"type":"Feature","id":"way/447382360","geometry":{"type":"Point","coordinates":[118.9155332,32.051799]},"properties":{"osm_id":"way/447382360","name":"麒麟中心小学","named":true,"category":"education","kind":"school","location_method":"OSM 对象包围盒中心，非入口","access":"未标注","source_date":"2026-09-12T02:20:24Z","original_name":"麒麟中心小学","related_osm_ids":["way/447382360"]}},{"type":"Feature","id":"way/447816548","geometry":{"type":"Point","coordinates":[118.8154506,32.037525]},"properties":{"osm_id":"way/447816548","name":"南京航空航天大学(明故宫校区)","named":true,"category":"education","kind":"university","location_method":"OSM 对象包围盒中心，非入口","access":"未标注","source_date":"2026-09-12T02:20:24Z","original_name":"南京航空航天大学(明故宫校区)","related_osm_ids":["way/447816548"]}},{"type":"Feature","id":"way/468699903","geometry":{"type":"Point","coordinates":[118.7624027,32.0437317]},"properties":{"osm_id":"way/468699903","name":"未命名公园","named":false,"category":"park","kind":"park","location_method":"OSM 对象包围盒中心，非入口","access":"未标注","source_date":"2026-09-12T02:20:24Z","related_osm_ids":["way/468699903"]}},{"type":"Feature","id":"way/474202731","geometry":{"type":"Point","coordinates":[118.8514434,32.027724]},"properties":{"osm_id":"way/474202731","name":"南京理工大学图书馆","named":true,"category":"education","kind":"library","location_method":"OSM 对象包围盒中心，非入口","access":"未标注","source_date":"2026-09-12T02:20:24Z","original_name":"南京理工大学图书馆","related_osm_ids":["way/474202731"]}},{"type":"Feature","id":"way/475601577","geometry":{"type":"Point","coordinates":[118.9108767,32.1161769]},"properties":{"osm_id":"way/475601577","name":"未命名公园","named":false,"category":"park","kind":"park","location_method":"OSM 对象包围盒中心，非入口","access":"未标注","source_date":"2026-09-12T02:20:24Z","related_osm_ids":["way/475601577"]}},{"type":"Feature","id":"way/477100408","geometry":{"type":"Point","coordinates":[118.9069096,32.1094388]},"properties":{"osm_id":"way/477100408","name":"音乐台","named":true,"category":"park","kind":"park","location_method":"OSM 对象包围盒中心，非入口","access":"未标注","source_date":"2026-09-12T02:20:24Z","original_name":"音乐台","related_osm_ids":["way/477100408"]}},{"type":"Feature","id":"way/477109489","geometry":{"type":"Point","coordinates":[118.9057202,32.1081424]},"properties":{"osm_id":"way/477109489","name":"植物园","named":true,"category":"park","kind":"park","location_method":"OSM 对象包围盒中心，非入口","access":"未标注","source_date":"2026-09-12T02:20:24Z","original_name":"植物园","related_osm_ids":["way/477109489"]}},{"type":"Feature","id":"way/483693967","geometry":{"type":"Point","coordinates":[118.8482884,32.0643828]},"properties":{"osm_id":"way/483693967","name":"祭堂","named":true,"category":"heritage","kind":"building","location_method":"OSM 对象包围盒中心，非入口","access":"未标注","source_date":"2026-09-12T02:20:24Z","original_name":"祭堂","related_osm_ids":["way/483693967"]}},{"type":"Feature","id":"way/501311124","geometry":{"type":"Point","coordinates":[118.8779653,32.1226354]},"properties":{"osm_id":"way/501311124","name":"天盾菜市场","named":true,"category":"daily","kind":"marketplace","location_method":"OSM 对象包围盒中心，非入口","access":"未标注","source_date":"2026-09-12T02:20:24Z","original_name":"天盾菜市场","related_osm_ids":["way/501311124"]}},{"type":"Feature","id":"way/503320534","geometry":{"type":"Point","coordinates":[118.9132341,32.0999089]},"properties":{"osm_id":"way/503320534","name":"东方天郡幼儿园","named":true,"category":"education","kind":"kindergarten","location_method":"OSM 对象包围盒中心，非入口","access":"未标注","source_date":"2026-09-12T02:20:24Z","original_name":"东方天郡幼儿园","related_osm_ids":["way/503320534"]}},{"type":"Feature","id":"way/506652729","geometry":{"type":"Point","coordinates":[118.7653962,32.0545101]},"properties":{"osm_id":"way/506652729","name":"陈洪音乐厅","named":true,"category":"education","kind":"university","location_method":"OSM 对象包围盒中心，非入口","access":"未标注","source_date":"2026-09-12T02:20:24Z","original_name":"陈洪音乐厅","related_osm_ids":["way/506652729"]}},{"type":"Feature","id":"way/522322723","geometry":{"type":"Point","coordinates":[118.8820004,32.123925]},"properties":{"osm_id":"way/522322723","name":"栖霞区尧石托老中心","named":true,"category":"daily","kind":"social_facility","location_method":"OSM 对象包围盒中心，非入口","access":"未标注","source_date":"2026-09-12T02:20:24Z","original_name":"栖霞区尧石托老中心","related_osm_ids":["way/522322723"]}},{"type":"Feature","id":"way/525509000","geometry":{"type":"Point","coordinates":[118.8252456,32.0867549]},"properties":{"osm_id":"way/525509000","name":"南京市樱花小学","named":true,"category":"education","kind":"school","location_method":"OSM 对象包围盒中心，非入口","access":"未标注","source_date":"2026-09-12T02:20:24Z","original_name":"南京市樱花小学","related_osm_ids":["way/525509000"]}},{"type":"Feature","id":"way/525509007","geometry":{"type":"Point","coordinates":[118.8226496,32.083341]},"properties":{"osm_id":"way/525509007","name":"中国医学科学院皮肤病医院","named":true,"category":"health","kind":"hospital","location_method":"OSM 对象包围盒中心，非入口","access":"未标注","source_date":"2026-09-12T02:20:24Z","original_name":"中国医学科学院皮肤病医院","related_osm_ids":["way/525509007"]}},{"type":"Feature","id":"way/525951213","geometry":{"type":"Point","coordinates":[118.9009771,32.0727851]},"properties":{"osm_id":"way/525951213","name":"紫金山东站","named":true,"category":"transit","kind":"station","location_method":"OSM 对象包围盒中心，非入口","access":"未标注","source_date":"2026-09-12T02:20:24Z","original_name":"紫金山东站","related_osm_ids":["way/525951213"]}},{"type":"Feature","id":"way/546947420","geometry":{"type":"Point","coordinates":[118.7795766,32.0635373]},"properties":{"osm_id":"way/546947420","name":"南京市口腔医院","named":true,"category":"health","kind":"hospital","location_method":"OSM 对象包围盒中心，非入口","access":"未标注","source_date":"2026-09-12T02:20:24Z","original_name":"南京市口腔医院","related_osm_ids":["way/546947420"]}},{"type":"Feature","id":"way/553679509","geometry":{"type":"Point","coordinates":[118.7747682,32.0751156]},"properties":{"osm_id":"way/553679509","name":"中国药科大学(玄武门校区)","named":true,"category":"education","kind":"university","location_method":"OSM 对象包围盒中心，非入口","access":"未标注","source_date":"2026-09-12T02:20:24Z","original_name":"中国药科大学(玄武门校区)","related_osm_ids":["way/553679509"]}},{"type":"Feature","id":"way/553679512","geometry":{"type":"Point","coordinates":[118.77341,32.0739905]},"properties":{"osm_id":"way/553679512","name":"未命名教育设施","named":false,"category":"education","kind":"library","location_method":"OSM 对象包围盒中心，非入口","access":"未标注","source_date":"2026-09-12T02:20:24Z","related_osm_ids":["way/553679512"]}},{"type":"Feature","id":"way/554758873","geometry":{"type":"Point","coordinates":[118.7745442,32.0759837]},"properties":{"osm_id":"way/554758873","name":"中国药科大学幼儿园","named":true,"category":"education","kind":"kindergarten","location_method":"OSM 对象包围盒中心，非入口","access":"未标注","source_date":"2026-09-12T02:20:24Z","original_name":"中国药科大学幼儿园","related_osm_ids":["way/554758873"]}},{"type":"Feature","id":"way/556224545","geometry":{"type":"Point","coordinates":[118.8531559,32.1200575]},"properties":{"osm_id":"way/556224545","name":"丁家庄小学","named":true,"category":"education","kind":"school","location_method":"OSM 对象包围盒中心，非入口","access":"未标注","source_date":"2026-09-12T02:20:24Z","original_name":"丁家庄小学","related_osm_ids":["way/556224545"]}},{"type":"Feature","id":"way/556224952","geometry":{"type":"Point","coordinates":[118.8546873,32.1184006]},"properties":{"osm_id":"way/556224952","name":"南京师范大学附属丁家庄初级中学","named":true,"category":"education","kind":"school","location_method":"OSM 对象包围盒中心，非入口","access":"未标注","source_date":"2026-09-12T02:20:24Z","original_name":"南京师范大学附属丁家庄初级中学","related_osm_ids":["way/556224952"]}},{"type":"Feature","id":"way/556228120","geometry":{"type":"Point","coordinates":[118.8267703,32.115037]},"properties":{"osm_id":"way/556228120","name":"南京市青秀城小学","named":true,"category":"education","kind":"school","location_method":"OSM 对象包围盒中心，非入口","access":"未标注","source_date":"2026-09-12T02:20:24Z","original_name":"南京市青秀城小学","related_osm_ids":["way/556228120"]}},{"type":"Feature","id":"way/556228352","geometry":{"type":"Point","coordinates":[118.8098313,32.0990421]},"properties":{"osm_id":"way/556228352","name":"南京市中电颐和家园小学","named":true,"category":"education","kind":"school","location_method":"OSM 对象包围盒中心，非入口","access":"未标注","source_date":"2026-09-12T02:20:24Z","original_name":"南京市中电颐和家园小学","related_osm_ids":["way/556228352"]}},{"type":"Feature","id":"way/557663286","geometry":{"type":"Point","coordinates":[118.7756308,32.0751109]},"properties":{"osm_id":"way/557663286","name":"食堂","named":true,"category":"daily","kind":"restaurant","location_method":"OSM 对象包围盒中心，非入口","access":"未标注","source_date":"2026-09-12T02:20:24Z","original_name":"食堂","related_osm_ids":["way/557663286"]}},{"type":"Feature","id":"way/571512121","geometry":{"type":"Point","coordinates":[118.8041946,32.1055017]},"properties":{"osm_id":"way/571512121","name":"未命名公园","named":false,"category":"park","kind":"park","location_method":"OSM 对象包围盒中心，非入口","access":"未标注","source_date":"2026-09-12T02:20:24Z","related_osm_ids":["way/571512121"]}},{"type":"Feature","id":"way/571512122","geometry":{"type":"Point","coordinates":[118.8040357,32.1046768]},"properties":{"osm_id":"way/571512122","name":"未命名公园","named":false,"category":"park","kind":"park","location_method":"OSM 对象包围盒中心，非入口","access":"未标注","source_date":"2026-09-12T02:20:24Z","related_osm_ids":["way/571512122"]}},{"type":"Feature","id":"way/571512123","geometry":{"type":"Point","coordinates":[118.8055558,32.1091764]},"properties":{"osm_id":"way/571512123","name":"未命名公园","named":false,"category":"park","kind":"park","location_method":"OSM 对象包围盒中心，非入口","access":"未标注","source_date":"2026-09-12T02:20:24Z","related_osm_ids":["way/571512123"]}},{"type":"Feature","id":"way/572951930","geometry":{"type":"Point","coordinates":[118.8889606,32.0271334]},"properties":{"osm_id":"way/572951930","name":"沧波门公园","named":true,"category":"park","kind":"park","location_method":"OSM 对象包围盒中心，非入口","access":"未标注","source_date":"2026-09-12T02:20:24Z","original_name":"沧波门公园","related_osm_ids":["way/572951930"]}},{"type":"Feature","id":"way/575440662","geometry":{"type":"Point","coordinates":[118.7662492,32.0818193]},"properties":{"osm_id":"way/575440662","name":"未命名教育设施","named":false,"category":"education","kind":"library","location_method":"OSM 对象包围盒中心，非入口","access":"未标注","source_date":"2026-09-12T02:20:24Z","related_osm_ids":["way/575440662"]}},{"type":"Feature","id":"way/575440672","geometry":{"type":"Point","coordinates":[118.7669998,32.0825212]},"properties":{"osm_id":"way/575440672","name":"食堂","named":true,"category":"daily","kind":"restaurant","location_method":"OSM 对象包围盒中心，非入口","access":"未标注","source_date":"2026-09-12T02:20:24Z","original_name":"食堂","related_osm_ids":["way/575440672"]}},{"type":"Feature","id":"way/575440675","geometry":{"type":"Point","coordinates":[118.7656175,32.0831553]},"properties":{"osm_id":"way/575440675","name":"南京邮电大学三牌楼校区","named":true,"category":"education","kind":"university","location_method":"OSM 对象包围盒中心，非入口","access":"未标注","source_date":"2026-09-12T02:20:24Z","original_name":"南京邮电大学三牌楼校区","related_osm_ids":["way/575440675"]}},{"type":"Feature","id":"way/575440689","geometry":{"type":"Point","coordinates":[118.7646797,32.0805127]},"properties":{"osm_id":"way/575440689","name":"驿站","named":true,"category":"daily","kind":"post_office","location_method":"OSM 对象包围盒中心，非入口","access":"未标注","source_date":"2026-09-12T02:20:24Z","original_name":"驿站","related_osm_ids":["way/575440689"]}},{"type":"Feature","id":"way/583395374","geometry":{"type":"Point","coordinates":[118.9100043,32.0233754]},"properties":{"osm_id":"way/583395374","name":"南京市城建中等专业学校（麒麟校区）","named":true,"category":"education","kind":"school","location_method":"OSM 对象包围盒中心，非入口","access":"未标注","source_date":"2026-09-12T02:20:24Z","original_name":"南京市城建中等专业学校（麒麟校区）","related_osm_ids":["way/583395374"]}},{"type":"Feature","id":"way/583438490","geometry":{"type":"Point","coordinates":[118.8770787,32.0416241]},"properties":{"osm_id":"way/583438490","name":"紫金公园游园","named":true,"category":"park","kind":"park","location_method":"OSM 对象包围盒中心，非入口","access":"未标注","source_date":"2026-09-12T02:20:24Z","original_name":"紫金公园游园","related_osm_ids":["way/583438490"]}},{"type":"Feature","id":"way/583440111","geometry":{"type":"Point","coordinates":[118.8846182,32.0460928]},"properties":{"osm_id":"way/583440111","name":"钟山职业技术学院","named":true,"category":"education","kind":"college","location_method":"OSM 对象包围盒中心，非入口","access":"未标注","source_date":"2026-09-12T02:20:24Z","original_name":"钟山职业技术学院","related_osm_ids":["way/583440111"]}},{"type":"Feature","id":"way/583443727","geometry":{"type":"Point","coordinates":[118.8764005,32.0267559]},"properties":{"osm_id":"way/583443727","name":"麒麟郭台","named":true,"category":"park","kind":"park","location_method":"OSM 对象包围盒中心，非入口","access":"未标注","source_date":"2026-09-12T02:20:24Z","original_name":"麒麟郭台","related_osm_ids":["way/583443727"]}},{"type":"Feature","id":"way/585539096","geometry":{"type":"Point","coordinates":[118.7791747,32.0191247]},"properties":{"osm_id":"way/585539096","name":"南京市第一医院","named":true,"category":"health","kind":"hospital","location_method":"OSM 对象包围盒中心，非入口","access":"未标注","source_date":"2026-09-12T02:20:24Z","original_name":"南京市第一医院","related_osm_ids":["way/585539096"]}},{"type":"Feature","id":"way/585798309","geometry":{"type":"Point","coordinates":[118.8225541,32.1249996]},"properties":{"osm_id":"way/585798309","name":"南京市伯乐中学","named":true,"category":"education","kind":"school","location_method":"OSM 对象包围盒中心，非入口","access":"未标注","source_date":"2026-09-12T02:20:24Z","original_name":"南京市伯乐中学","related_osm_ids":["way/585798309"]}},{"type":"Feature","id":"way/587964569","geometry":{"type":"Point","coordinates":[118.7788863,32.0089879]},"properties":{"osm_id":"way/587964569","name":"金陵制造局遗址","named":true,"category":"park","kind":"park","location_method":"OSM 对象包围盒中心，非入口","access":"未标注","source_date":"2026-09-12T02:20:24Z","original_name":"金陵制造局遗址","related_osm_ids":["way/587964569"]}},{"type":"Feature","id":"way/590891898","geometry":{"type":"Point","coordinates":[118.8377699,32.0356929]},"properties":{"osm_id":"way/590891898","name":"南京农业大学(卫岗校区)","named":true,"category":"education","kind":"university","location_method":"OSM 对象包围盒中心，非入口","access":"未标注","source_date":"2026-09-12T02:20:24Z","original_name":"南京农业大学(卫岗校区)","related_osm_ids":["way/590891898"]}},{"type":"Feature","id":"way/590937998","geometry":{"type":"Point","coordinates":[118.7835814,32.0203681]},"properties":{"osm_id":"way/590937998","name":"夫子庙","named":true,"category":"park","kind":"park","location_method":"OSM 对象包围盒中心，非入口","access":"未标注","source_date":"2026-09-12T02:20:24Z","original_name":"夫子庙","related_osm_ids":["way/590937998"]}},{"type":"Feature","id":"way/595428853","geometry":{"type":"Point","coordinates":[118.8428526,32.0019128]},"properties":{"osm_id":"way/595428853","name":"超市","named":true,"category":"daily","kind":"mall","location_method":"OSM 对象包围盒中心，非入口","access":"未标注","source_date":"2026-09-12T02:20:24Z","original_name":"超市","related_osm_ids":["way/595428853"]}},{"type":"Feature","id":"way/606577018","geometry":{"type":"Point","coordinates":[118.7766097,32.0278684]},"properties":{"osm_id":"way/606577018","name":"甘熙故居","named":true,"category":"heritage","kind":"castle","location_method":"OSM 对象包围盒中心，非入口","access":"未标注","source_date":"2026-09-12T02:20:24Z","original_name":"甘熙故居","related_osm_ids":["way/606577018"]}},{"type":"Feature","id":"way/606582302","geometry":{"type":"Point","coordinates":[118.7928423,32.0312151]},"properties":{"osm_id":"way/606582302","name":"四五四医院","named":true,"category":"health","kind":"hospital","location_method":"OSM 对象包围盒中心，非入口","access":"未标注","source_date":"2026-09-12T02:20:24Z","original_name":"四五四医院","related_osm_ids":["way/606582302"]}},{"type":"Feature","id":"way/606763952","geometry":{"type":"Point","coordinates":[118.8944269,32.0391668]},"properties":{"osm_id":"way/606763952","name":"南京市第一中学马群分校","named":true,"category":"education","kind":"school","location_method":"OSM 对象包围盒中心，非入口","access":"未标注","source_date":"2026-09-12T02:20:24Z","original_name":"南京市第一中学马群分校","related_osm_ids":["way/606763952"]}},{"type":"Feature","id":"way/606763954","geometry":{"type":"Point","coordinates":[118.9011749,32.0339501]},"properties":{"osm_id":"way/606763954","name":"幸福城中学","named":true,"category":"education","kind":"school","location_method":"OSM 对象包围盒中心，非入口","access":"未标注","source_date":"2026-09-12T02:20:24Z","original_name":"幸福城中学","related_osm_ids":["way/606763954"]}},{"type":"Feature","id":"way/606763955","geometry":{"type":"Point","coordinates":[118.8999836,32.0348352]},"properties":{"osm_id":"way/606763955","name":"南京市花港第一小学","named":true,"category":"education","kind":"school","location_method":"OSM 对象包围盒中心，非入口","access":"未标注","source_date":"2026-09-12T02:20:24Z","original_name":"南京市花港第一小学","related_osm_ids":["way/606763955"]}},{"type":"Feature","id":"way/606763956","geometry":{"type":"Point","coordinates":[118.8929693,32.0336429]},"properties":{"osm_id":"way/606763956","name":"幸福城第一小学","named":true,"category":"education","kind":"school","location_method":"OSM 对象包围盒中心，非入口","access":"未标注","source_date":"2026-09-12T02:20:24Z","original_name":"幸福城第一小学","related_osm_ids":["way/606763956"]}},{"type":"Feature","id":"way/606763957","geometry":{"type":"Point","coordinates":[118.8960795,32.0352629]},"properties":{"osm_id":"way/606763957","name":"南京市栖霞区马群幼儿园","named":true,"category":"education","kind":"kindergarten","location_method":"OSM 对象包围盒中心，非入口","access":"未标注","source_date":"2026-09-12T02:20:24Z","original_name":"南京市栖霞区马群幼儿园","related_osm_ids":["way/606763957"]}},{"type":"Feature","id":"way/606763958","geometry":{"type":"Point","coordinates":[118.8952777,32.032034]},"properties":{"osm_id":"way/606763958","name":"幸福城第二幼儿园","named":true,"category":"education","kind":"kindergarten","location_method":"OSM 对象包围盒中心，非入口","access":"未标注","source_date":"2026-09-12T02:20:24Z","original_name":"幸福城第二幼儿园","related_osm_ids":["way/606763958"]}},{"type":"Feature","id":"way/606870222","geometry":{"type":"Point","coordinates":[118.8616014,32.0571346]},"properties":{"osm_id":"way/606870222","name":"无梁殿（辛亥革命烈士蜡像馆）","named":true,"category":"heritage","kind":"monument","location_method":"OSM 对象包围盒中心，非入口","access":"未标注","source_date":"2026-09-12T02:20:24Z","original_name":"无梁殿（辛亥革命烈士蜡像馆）","related_osm_ids":["way/606870222"]}},{"type":"Feature","id":"way/606875005","geometry":{"type":"Point","coordinates":[118.9091484,32.0413212]},"properties":{"osm_id":"way/606875005","name":"南京市花港第二小学","named":true,"category":"education","kind":"school","location_method":"OSM 对象包围盒中心，非入口","access":"未标注","source_date":"2026-09-12T02:20:24Z","original_name":"南京市花港第二小学","related_osm_ids":["way/606875005"]}},{"type":"Feature","id":"way/606875007","geometry":{"type":"Point","coordinates":[118.9077949,32.0396407]},"properties":{"osm_id":"way/606875007","name":"贝瑞爱德美幼儿园","named":true,"category":"education","kind":"kindergarten","location_method":"OSM 对象包围盒中心，非入口","access":"未标注","source_date":"2026-09-12T02:20:24Z","original_name":"贝瑞爱德美幼儿园","related_osm_ids":["way/606875007"]}},{"type":"Feature","id":"way/606875008","geometry":{"type":"Point","coordinates":[118.908307,32.0431764]},"properties":{"osm_id":"way/606875008","name":"花港·幸福城茉莉园幼儿园","named":true,"category":"education","kind":"kindergarten","location_method":"OSM 对象包围盒中心，非入口","access":"未标注","source_date":"2026-09-12T02:20:24Z","original_name":"花港·幸福城茉莉园幼儿园","related_osm_ids":["way/606875008"]}},{"type":"Feature","id":"way/606879822","geometry":{"type":"Point","coordinates":[118.9149106,32.0505821]},"properties":{"osm_id":"way/606879822","name":"麒麟中心幼儿园","named":true,"category":"education","kind":"kindergarten","location_method":"OSM 对象包围盒中心，非入口","access":"未标注","source_date":"2026-09-12T02:20:24Z","original_name":"麒麟中心幼儿园","related_osm_ids":["way/606879822"]}},{"type":"Feature","id":"way/606885625","geometry":{"type":"Point","coordinates":[118.918639,32.0442316]},"properties":{"osm_id":"way/606885625","name":"麒麟中心小学","named":true,"category":"education","kind":"school","location_method":"OSM 对象包围盒中心，非入口","access":"未标注","source_date":"2026-09-12T02:20:24Z","original_name":"麒麟中心小学","related_osm_ids":["way/606885625"]}},{"type":"Feature","id":"way/606901724","geometry":{"type":"Point","coordinates":[118.7694142,32.0255773]},"properties":{"osm_id":"way/606901724","name":"南京市文枢中学","named":true,"category":"education","kind":"school","location_method":"OSM 对象包围盒中心，非入口","access":"未标注","source_date":"2026-09-12T02:20:24Z","original_name":"南京市文枢中学","related_osm_ids":["way/606901724"]}},{"type":"Feature","id":"way/606901727","geometry":{"type":"Point","coordinates":[118.7684327,32.0248492]},"properties":{"osm_id":"way/606901727","name":"南京市双塘小学","named":true,"category":"education","kind":"school","location_method":"OSM 对象包围盒中心，非入口","access":"未标注","source_date":"2026-09-12T02:20:24Z","original_name":"南京市双塘小学","related_osm_ids":["way/606901727"]}},{"type":"Feature","id":"way/606901729","geometry":{"type":"Point","coordinates":[118.7793004,32.0213703]},"properties":{"osm_id":"way/606901729","name":"中华中学","named":true,"category":"education","kind":"school","location_method":"OSM 对象包围盒中心，非入口","access":"未标注","source_date":"2026-09-12T02:20:24Z","original_name":"中华中学","related_osm_ids":["way/606901729"]}},{"type":"Feature","id":"way/606901731","geometry":{"type":"Point","coordinates":[118.7815121,32.0176423]},"properties":{"osm_id":"way/606901731","name":"南京市小西湖小学","named":true,"category":"education","kind":"school","location_method":"OSM 对象包围盒中心，非入口","access":"未标注","source_date":"2026-09-12T02:20:24Z","original_name":"南京市小西湖小学","related_osm_ids":["way/606901731"]}},{"type":"Feature","id":"way/606901733","geometry":{"type":"Point","coordinates":[118.7857699,32.0138959]},"properties":{"osm_id":"way/606901733","name":"南京秦淮外国语学校","named":true,"category":"education","kind":"school","location_method":"OSM 对象包围盒中心，非入口","access":"未标注","source_date":"2026-09-12T02:20:24Z","original_name":"南京秦淮外国语学校","related_osm_ids":["way/606901733"]}},{"type":"Feature","id":"way/606901738","geometry":{"type":"Point","coordinates":[118.8023438,32.0295962]},"properties":{"osm_id":"way/606901738","name":"南航附属初级中学","named":true,"category":"education","kind":"school","location_method":"OSM 对象包围盒中心，非入口","access":"未标注","source_date":"2026-09-12T02:20:24Z","original_name":"南航附属初级中学","related_osm_ids":["way/606901738"]}},{"type":"Feature","id":"way/606920649","geometry":{"type":"Point","coordinates":[118.7973493,32.0194727]},"properties":{"osm_id":"way/606920649","name":"南京市小西湖小学","named":true,"category":"education","kind":"school","location_method":"OSM 对象包围盒中心，非入口","access":"未标注","source_date":"2026-09-12T02:20:24Z","original_name":"南京市小西湖小学","related_osm_ids":["way/606920649"]}},{"type":"Feature","id":"way/606920651","geometry":{"type":"Point","coordinates":[118.7965918,32.0225372]},"properties":{"osm_id":"way/606920651","name":"南京秦淮社区大学","named":true,"category":"education","kind":"university","location_method":"OSM 对象包围盒中心，非入口","access":"未标注","source_date":"2026-09-12T02:20:24Z","original_name":"南京秦淮社区大学","related_osm_ids":["way/606920651"]}},{"type":"Feature","id":"way/606920662","geometry":{"type":"Point","coordinates":[118.7936487,32.0201889]},"properties":{"osm_id":"way/606920662","name":"南京马应龙中医医院","named":true,"category":"health","kind":"hospital","location_method":"OSM 对象包围盒中心，非入口","access":"未标注","source_date":"2026-09-12T02:20:24Z","original_name":"南京马应龙中医医院","related_osm_ids":["way/606920662"]}},{"type":"Feature","id":"way/606920663","geometry":{"type":"Point","coordinates":[118.7935165,32.0196362]},"properties":{"osm_id":"way/606920663","name":"南京龙蟠结石医院","named":true,"category":"health","kind":"hospital","location_method":"OSM 对象包围盒中心，非入口","access":"未标注","source_date":"2026-09-12T02:20:24Z","original_name":"南京龙蟠结石医院","related_osm_ids":["way/606920663"]}},{"type":"Feature","id":"way/607013332","geometry":{"type":"Point","coordinates":[118.9001771,32.0508995]},"properties":{"osm_id":"way/607013332","name":"南京新起点幼儿园","named":true,"category":"education","kind":"kindergarten","location_method":"OSM 对象包围盒中心，非入口","access":"未标注","source_date":"2026-09-12T02:20:24Z","original_name":"南京新起点幼儿园","related_osm_ids":["way/607013332"]}},{"type":"Feature","id":"way/607013333","geometry":{"type":"Point","coordinates":[118.8974538,32.0430617]},"properties":{"osm_id":"way/607013333","name":"南京市南湾营小学","named":true,"category":"education","kind":"school","location_method":"OSM 对象包围盒中心，非入口","access":"未标注","source_date":"2026-09-12T02:20:24Z","original_name":"南京市南湾营小学","related_osm_ids":["way/607013333"]}},{"type":"Feature","id":"way/607013337","geometry":{"type":"Point","coordinates":[118.8927158,32.0408337]},"properties":{"osm_id":"way/607013337","name":"南京市栖霞区马群幼儿园","named":true,"category":"education","kind":"kindergarten","location_method":"OSM 对象包围盒中心，非入口","access":"未标注","source_date":"2026-09-12T02:20:24Z","original_name":"南京市栖霞区马群幼儿园","related_osm_ids":["way/607013337"]}},{"type":"Feature","id":"way/607087427","geometry":{"type":"Point","coordinates":[118.9011031,32.0525758]},"properties":{"osm_id":"way/607087427","name":"江苏省戏剧学校百水桥校区","named":true,"category":"education","kind":"school","location_method":"OSM 对象包围盒中心，非入口","access":"未标注","source_date":"2026-09-12T02:20:24Z","original_name":"江苏省戏剧学校百水桥校区","related_osm_ids":["way/607087427"]}},{"type":"Feature","id":"way/607087431","geometry":{"type":"Point","coordinates":[118.8987932,32.0516517]},"properties":{"osm_id":"way/607087431","name":"未命名公园","named":false,"category":"park","kind":"park","location_method":"OSM 对象包围盒中心，非入口","access":"未标注","source_date":"2026-09-12T02:20:24Z","related_osm_ids":["way/607087431"]}},{"type":"Feature","id":"way/607087432","geometry":{"type":"Point","coordinates":[118.8995348,32.0508415]},"properties":{"osm_id":"way/607087432","name":"未命名公园","named":false,"category":"park","kind":"park","location_method":"OSM 对象包围盒中心，非入口","access":"未标注","source_date":"2026-09-12T02:20:24Z","related_osm_ids":["way/607087432"]}},{"type":"Feature","id":"way/607087433","geometry":{"type":"Point","coordinates":[118.8939501,32.036896]},"properties":{"osm_id":"way/607087433","name":"南湾营公园","named":true,"category":"park","kind":"park","location_method":"OSM 对象包围盒中心，非入口","access":"未标注","source_date":"2026-09-12T02:20:24Z","original_name":"南湾营公园","related_osm_ids":["way/607087433"]}},{"type":"Feature","id":"way/607087434","geometry":{"type":"Point","coordinates":[118.8940206,32.0359679]},"properties":{"osm_id":"way/607087434","name":"马群幸福城公园","named":true,"category":"park","kind":"park","location_method":"OSM 对象包围盒中心，非入口","access":"未标注","source_date":"2026-09-12T02:20:24Z","original_name":"马群幸福城公园","related_osm_ids":["way/607087434"]}},{"type":"Feature","id":"way/607188738","geometry":{"type":"Point","coordinates":[118.9010363,32.0484433]},"properties":{"osm_id":"way/607188738","name":"百水芊城菜市场","named":true,"category":"daily","kind":"marketplace","location_method":"OSM 对象包围盒中心，非入口","access":"未标注","source_date":"2026-09-12T02:20:24Z","original_name":"百水芊城菜市场","related_osm_ids":["way/607188738"]}},{"type":"Feature","id":"way/607188739","geometry":{"type":"Point","coordinates":[118.9011298,32.0475956]},"properties":{"osm_id":"way/607188739","name":"马群街道市民中心","named":true,"category":"daily","kind":"community_centre","location_method":"OSM 对象包围盒中心，非入口","access":"未标注","source_date":"2026-09-12T02:20:24Z","original_name":"马群街道市民中心","related_osm_ids":["way/607188739"]}},{"type":"Feature","id":"way/607193550","geometry":{"type":"Point","coordinates":[118.8870069,32.0368568]},"properties":{"osm_id":"way/607193550","name":"南湾营幼儿园","named":true,"category":"education","kind":"kindergarten","location_method":"OSM 对象包围盒中心，非入口","access":"未标注","source_date":"2026-09-12T02:20:24Z","original_name":"南湾营幼儿园","related_osm_ids":["way/607193550"]}},{"type":"Feature","id":"way/607559945","geometry":{"type":"Point","coordinates":[118.7945448,32.0363085]},"properties":{"osm_id":"way/607559945","name":"未命名公园","named":false,"category":"park","kind":"park","location_method":"OSM 对象包围盒中心，非入口","access":"未标注","source_date":"2026-09-12T02:20:24Z","related_osm_ids":["way/607559945"]}},{"type":"Feature","id":"way/617097823","geometry":{"type":"Point","coordinates":[118.7869342,32.0182469]},"properties":{"osm_id":"way/617097823","name":"夫子庙大市场","named":true,"category":"daily","kind":"supermarket","location_method":"OSM 对象包围盒中心，非入口","access":"未标注","source_date":"2026-09-12T02:20:24Z","original_name":"夫子庙大市场","related_osm_ids":["way/617097823"]}},{"type":"Feature","id":"way/618189693","geometry":{"type":"Point","coordinates":[118.8860065,32.0876665]},"properties":{"osm_id":"way/618189693","name":"苏宁易购","named":true,"category":"daily","kind":"supermarket","location_method":"OSM 对象包围盒中心，非入口","access":"未标注","source_date":"2026-09-12T02:20:24Z","original_name":"苏宁易购","related_osm_ids":["way/618189693"]}},{"type":"Feature","id":"way/62353727","geometry":{"type":"Point","coordinates":[118.7922569,32.0462202]},"properties":{"osm_id":"way/62353727","name":"总统府","named":true,"category":"heritage","kind":"heritage","location_method":"OSM 对象包围盒中心，非入口","access":"未标注","source_date":"2026-09-12T02:20:24Z","original_name":"总统府","related_osm_ids":["way/62353727"]}},{"type":"Feature","id":"way/62354287","geometry":{"type":"Point","coordinates":[118.7950605,32.0749157]},"properties":{"osm_id":"way/62354287","name":"玄武湖公园","named":true,"category":"park","kind":"park","location_method":"OSM 对象包围盒中心，非入口","access":"未标注","source_date":"2026-09-12T02:20:24Z","original_name":"玄武湖公园","related_osm_ids":["way/62354287"]}},{"type":"Feature","id":"way/62381499","geometry":{"type":"Point","coordinates":[118.7780548,32.0006529]},"properties":{"osm_id":"way/62381499","name":"雨花台风景名胜区","named":true,"category":"park","kind":"park","location_method":"OSM 对象包围盒中心，非入口","access":"未标注","source_date":"2026-09-12T02:20:24Z","original_name":"雨花台风景名胜区","related_osm_ids":["way/62381499"]}},{"type":"Feature","id":"way/624598673","geometry":{"type":"Point","coordinates":[118.8126968,32.0794078]},"properties":{"osm_id":"way/624598673","name":"南林教八楼（图书馆A馆）","named":true,"category":"education","kind":"library","location_method":"OSM 对象包围盒中心，非入口","access":"未标注","source_date":"2026-09-12T02:20:24Z","original_name":"南林教八楼（图书馆A馆）","related_osm_ids":["way/624598673"]}},{"type":"Feature","id":"way/624598675","geometry":{"type":"Point","coordinates":[118.8129613,32.0797392]},"properties":{"osm_id":"way/624598675","name":"南林教八楼（图书馆B馆）","named":true,"category":"education","kind":"library","location_method":"OSM 对象包围盒中心，非入口","access":"未标注","source_date":"2026-09-12T02:20:24Z","original_name":"南林教八楼（图书馆B馆）","related_osm_ids":["way/624598675"]}},{"type":"Feature","id":"way/625734600","geometry":{"type":"Point","coordinates":[118.761655,32.0437648]},"properties":{"osm_id":"way/625734600","name":"汉西门城楼","named":true,"category":"heritage","kind":"castle","location_method":"OSM 对象包围盒中心，非入口","access":"未标注","source_date":"2026-09-12T02:20:24Z","original_name":"汉西门城楼","related_osm_ids":["way/625734600"]}},{"type":"Feature","id":"way/62688789","geometry":{"type":"Point","coordinates":[118.7567347,32.0376478]},"properties":{"osm_id":"way/62688789","name":"莫愁湖公园","named":true,"category":"park","kind":"park","location_method":"OSM 对象包围盒中心，非入口","access":"未标注","source_date":"2026-09-12T02:20:24Z","original_name":"莫愁湖公园","related_osm_ids":["way/62688789"]}},{"type":"Feature","id":"way/656141740","geometry":{"type":"Point","coordinates":[118.8533406,32.0246977]},"properties":{"osm_id":"way/656141740","name":"星苑美食广场","named":true,"category":"daily","kind":"restaurant","location_method":"OSM 对象包围盒中心，非入口","access":"未标注","source_date":"2026-09-12T02:20:24Z","original_name":"星苑美食广场","related_osm_ids":["way/656141740"]}},{"type":"Feature","id":"way/656141770","geometry":{"type":"Point","coordinates":[118.8532863,32.0307603]},"properties":{"osm_id":"way/656141770","name":"设计艺术与传媒学院","named":true,"category":"education","kind":"college","location_method":"OSM 对象包围盒中心，非入口","access":"未标注","source_date":"2026-09-12T02:20:24Z","original_name":"设计艺术与传媒学院","related_osm_ids":["way/656141770"]}},{"type":"Feature","id":"way/656192328","geometry":{"type":"Point","coordinates":[118.8496794,32.0307178]},"properties":{"osm_id":"way/656192328","name":"钱学森学院与中法工程师学院","named":true,"category":"education","kind":"college","location_method":"OSM 对象包围盒中心，非入口","access":"未标注","source_date":"2026-09-12T02:20:24Z","original_name":"钱学森学院与中法工程师学院","related_osm_ids":["way/656192328"]}},{"type":"Feature","id":"way/656192332","geometry":{"type":"Point","coordinates":[118.8484444,32.0306856]},"properties":{"osm_id":"way/656192332","name":"南理工教育超市","named":true,"category":"daily","kind":"supermarket","location_method":"OSM 对象包围盒中心，非入口","access":"未标注","source_date":"2026-09-12T02:20:24Z","original_name":"南理工教育超市","related_osm_ids":["way/656192332"]}},{"type":"Feature","id":"way/656464088","geometry":{"type":"Point","coordinates":[118.780016,32.0831271]},"properties":{"osm_id":"way/656464088","name":"亚朵酒店","named":true,"category":"daily","kind":"restaurant","location_method":"OSM 对象包围盒中心，非入口","access":"未标注","source_date":"2026-09-12T02:20:24Z","original_name":"亚朵酒店","related_osm_ids":["way/656464088"]}},{"type":"Feature","id":"way/660421682","geometry":{"type":"Point","coordinates":[118.7804328,32.0808191]},"properties":{"osm_id":"way/660421682","name":"南京第十三中科利华学校","named":true,"category":"education","kind":"college","location_method":"OSM 对象包围盒中心，非入口","access":"未标注","source_date":"2026-09-12T02:20:24Z","original_name":"南京第十三中科利华学校","related_osm_ids":["way/660421682"]}},{"type":"Feature","id":"way/668611036","geometry":{"type":"Point","coordinates":[118.8071816,32.0981224]},"properties":{"osm_id":"way/668611036","name":"未命名公园","named":false,"category":"park","kind":"park","location_method":"OSM 对象包围盒中心，非入口","access":"未标注","source_date":"2026-09-12T02:20:24Z","related_osm_ids":["way/668611036"]}},{"type":"Feature","id":"way/676072784","geometry":{"type":"Point","coordinates":[118.7911859,32.032827]},"properties":{"osm_id":"way/676072784","name":"江苏省戏曲学校","named":true,"category":"education","kind":"college","location_method":"OSM 对象包围盒中心，非入口","access":"未标注","source_date":"2026-09-12T02:20:24Z","original_name":"江苏省戏曲学校","related_osm_ids":["way/676072784"]}},{"type":"Feature","id":"way/696404760","geometry":{"type":"Point","coordinates":[118.829491,32.0902324]},"properties":{"osm_id":"way/696404760","name":"樱花小学东方城分校","named":true,"category":"education","kind":"school","location_method":"OSM 对象包围盒中心，非入口","access":"未标注","source_date":"2026-09-12T02:20:24Z","original_name":"樱花小学东方城分校","related_osm_ids":["way/696404760"]}},{"type":"Feature","id":"way/697540146","geometry":{"type":"Point","coordinates":[118.8302487,32.088789]},"properties":{"osm_id":"way/697540146","name":"东方城幼儿园","named":true,"category":"education","kind":"school","location_method":"OSM 对象包围盒中心，非入口","access":"未标注","source_date":"2026-09-12T02:20:24Z","original_name":"东方城幼儿园","related_osm_ids":["way/697540146"]}},{"type":"Feature","id":"way/743687350","geometry":{"type":"Point","coordinates":[118.8346059,32.0574441]},"properties":{"osm_id":"way/743687350","name":"未命名历史要素","named":false,"category":"heritage","kind":"building","location_method":"OSM 对象包围盒中心，非入口","access":"未标注","source_date":"2026-09-12T02:20:24Z","related_osm_ids":["way/743687350"]}},{"type":"Feature","id":"way/743687351","geometry":{"type":"Point","coordinates":[118.8345991,32.0570474]},"properties":{"osm_id":"way/743687351","name":"文武方门","named":true,"category":"heritage","kind":"building","location_method":"OSM 对象包围盒中心，非入口","access":"未标注","source_date":"2026-09-12T02:20:24Z","original_name":"文武方门","related_osm_ids":["way/743687351"]}},{"type":"Feature","id":"way/756473639","geometry":{"type":"Point","coordinates":[118.8242495,32.0229573]},"properties":{"osm_id":"way/756473639","name":"北京华联","named":true,"category":"daily","kind":"mall","location_method":"OSM 对象包围盒中心，非入口","access":"未标注","source_date":"2026-09-12T02:20:24Z","original_name":"北京华联","related_osm_ids":["way/756473639"]}},{"type":"Feature","id":"way/758671168","geometry":{"type":"Point","coordinates":[118.8528525,32.0363994]},"properties":{"osm_id":"way/758671168","name":"南京市中西医结合医院","named":true,"category":"health","kind":"hospital","location_method":"OSM 对象包围盒中心，非入口","access":"未标注","source_date":"2026-09-12T02:20:24Z","original_name":"南京市中西医结合医院","related_osm_ids":["way/758671168"]}},{"type":"Feature","id":"way/775711267","geometry":{"type":"Point","coordinates":[118.8097187,32.0310474]},"properties":{"osm_id":"way/775711267","name":"明御河公园","named":true,"category":"park","kind":"park","location_method":"OSM 对象包围盒中心，非入口","access":"未标注","source_date":"2026-09-12T02:20:24Z","original_name":"明御河公园","related_osm_ids":["way/775711267"]}},{"type":"Feature","id":"way/775711272","geometry":{"type":"Point","coordinates":[118.8104727,32.0325724]},"properties":{"osm_id":"way/775711272","name":"南京市聋人学校","named":true,"category":"education","kind":"school","location_method":"OSM 对象包围盒中心，非入口","access":"未标注","source_date":"2026-09-12T02:20:24Z","original_name":"南京市聋人学校","related_osm_ids":["way/775711272"]}},{"type":"Feature","id":"way/776197997","geometry":{"type":"Point","coordinates":[118.7935973,32.0070185]},"properties":{"osm_id":"way/776197997","name":"双桥门","named":true,"category":"transit","kind":"bus_station","location_method":"OSM 对象包围盒中心，非入口","access":"未标注","source_date":"2026-09-12T02:20:24Z","original_name":"双桥门","related_osm_ids":["way/776197997"]}},{"type":"Feature","id":"way/777476155","geometry":{"type":"Point","coordinates":[118.7791586,32.0295557]},"properties":{"osm_id":"way/777476155","name":"南京一中","named":true,"category":"education","kind":"school","location_method":"OSM 对象包围盒中心，非入口","access":"未标注","source_date":"2026-09-12T02:20:24Z","original_name":"南京一中","related_osm_ids":["way/777476155"]}},{"type":"Feature","id":"way/778565954","geometry":{"type":"Point","coordinates":[118.7842414,32.0178101]},"properties":{"osm_id":"way/778565954","name":"金陵长乐坊","named":true,"category":"daily","kind":"mall","location_method":"OSM 对象包围盒中心，非入口","access":"未标注","source_date":"2026-09-12T02:20:24Z","original_name":"金陵长乐坊","related_osm_ids":["way/778565954"]}},{"type":"Feature","id":"way/779263296","geometry":{"type":"Point","coordinates":[118.8233355,32.081144]},"properties":{"osm_id":"way/779263296","name":"李文忠墓","named":true,"category":"park","kind":"park","location_method":"OSM 对象包围盒中心，非入口","access":"未标注","source_date":"2026-09-12T02:20:24Z","original_name":"李文忠墓","related_osm_ids":["way/779263296"]}},{"type":"Feature","id":"way/779909207","geometry":{"type":"Point","coordinates":[118.7692569,32.0038384]},"properties":{"osm_id":"way/779909207","name":"南京市第一医院南院","named":true,"category":"health","kind":"hospital","location_method":"OSM 对象包围盒中心，非入口","access":"未标注","source_date":"2026-09-12T02:20:24Z","original_name":"南京市第一医院南院","related_osm_ids":["way/779909207"]}},{"type":"Feature","id":"way/780853780","geometry":{"type":"Point","coordinates":[118.7729901,32.0200461]},"properties":{"osm_id":"way/780853780","name":"钓鱼台小学","named":true,"category":"education","kind":"school","location_method":"OSM 对象包围盒中心，非入口","access":"未标注","source_date":"2026-09-12T02:20:24Z","original_name":"钓鱼台小学","related_osm_ids":["way/780853780"]}},{"type":"Feature","id":"way/780855986","geometry":{"type":"Point","coordinates":[118.8023998,32.0335532]},"properties":{"osm_id":"way/780855986","name":"南京一中初中部","named":true,"category":"education","kind":"school","location_method":"OSM 对象包围盒中心，非入口","access":"未标注","source_date":"2026-09-12T02:20:24Z","original_name":"南京一中初中部","related_osm_ids":["way/780855986"]}},{"type":"Feature","id":"way/782612164","geometry":{"type":"Point","coordinates":[118.7611467,32.047844]},"properties":{"osm_id":"way/782612164","name":"乌龙潭公园","named":true,"category":"park","kind":"park","location_method":"OSM 对象包围盒中心，非入口","access":"未标注","source_date":"2026-09-12T02:20:24Z","original_name":"乌龙潭公园","related_osm_ids":["way/782612164"]}},{"type":"Feature","id":"way/791233540","geometry":{"type":"Point","coordinates":[118.8165713,32.0402644]},"properties":{"osm_id":"way/791233540","name":"东华门","named":true,"category":"heritage","kind":"city_gate","location_method":"OSM 对象包围盒中心，非入口","access":"未标注","source_date":"2026-09-12T02:20:24Z","original_name":"东华门","related_osm_ids":["way/791233540"]}},{"type":"Feature","id":"way/791240497","geometry":{"type":"Point","coordinates":[118.8116975,32.0386531]},"properties":{"osm_id":"way/791240497","name":"御道街小学","named":true,"category":"education","kind":"school","location_method":"OSM 对象包围盒中心，非入口","access":"未标注","source_date":"2026-09-12T02:20:24Z","original_name":"御道街小学","related_osm_ids":["way/791240497"]}},{"type":"Feature","id":"way/791253997","geometry":{"type":"Point","coordinates":[118.815408,32.0501215]},"properties":{"osm_id":"way/791253997","name":"南京市第五十四中学","named":true,"category":"education","kind":"school","location_method":"OSM 对象包围盒中心，非入口","access":"未标注","source_date":"2026-09-12T02:20:24Z","original_name":"南京市第五十四中学","related_osm_ids":["way/791253997"]}},{"type":"Feature","id":"way/791253998","geometry":{"type":"Point","coordinates":[118.8175069,32.0514584]},"properties":{"osm_id":"way/791253998","name":"南京市海英小学","named":true,"category":"education","kind":"school","location_method":"OSM 对象包围盒中心，非入口","access":"未标注","source_date":"2026-09-12T02:20:24Z","original_name":"南京市海英小学","related_osm_ids":["way/791253998"]}},{"type":"Feature","id":"way/791253999","geometry":{"type":"Point","coordinates":[118.8111588,32.0550437]},"properties":{"osm_id":"way/791253999","name":"南京市雨花小学","named":true,"category":"education","kind":"school","location_method":"OSM 对象包围盒中心，非入口","access":"未标注","source_date":"2026-09-12T02:20:24Z","original_name":"南京市雨花小学","related_osm_ids":["way/791253999"]}},{"type":"Feature","id":"way/791254000","geometry":{"type":"Point","coordinates":[118.8197354,32.0763923]},"properties":{"osm_id":"way/791254000","name":"明中山王徐达墓","named":true,"category":"park","kind":"park","location_method":"OSM 对象包围盒中心，非入口","access":"未标注","source_date":"2026-09-12T02:20:24Z","original_name":"明中山王徐达墓","related_osm_ids":["way/791254000"]}},{"type":"Feature","id":"way/791617218","geometry":{"type":"Point","coordinates":[118.8345973,32.0581984]},"properties":{"osm_id":"way/791617218","name":"享殿遗址","named":true,"category":"heritage","kind":"ruins","location_method":"OSM 对象包围盒中心，非入口","access":"未标注","source_date":"2026-09-12T02:20:24Z","original_name":"享殿遗址","related_osm_ids":["way/791617218"]}},{"type":"Feature","id":"way/803406623","geometry":{"type":"Point","coordinates":[118.8345812,32.0548141]},"properties":{"osm_id":"way/803406623","name":"未命名历史要素","named":false,"category":"heritage","kind":"monument","location_method":"OSM 对象包围盒中心，非入口","access":"未标注","source_date":"2026-09-12T02:20:24Z","related_osm_ids":["way/803406623"]}},{"type":"Feature","id":"way/803406635","geometry":{"type":"Point","coordinates":[118.8362857,32.0583245]},"properties":{"osm_id":"way/803406635","name":"太子享殿","named":true,"category":"heritage","kind":"ruins","location_method":"OSM 对象包围盒中心，非入口","access":"未标注","source_date":"2026-09-12T02:20:24Z","original_name":"太子享殿","related_osm_ids":["way/803406635"]}},{"type":"Feature","id":"way/803420974","geometry":{"type":"Point","coordinates":[118.8467413,32.0569601]},"properties":{"osm_id":"way/803420974","name":"邮局咖啡","named":true,"category":"daily","kind":"cafe","location_method":"OSM 对象包围盒中心，非入口","access":"未标注","source_date":"2026-09-12T02:20:24Z","original_name":"邮局咖啡","related_osm_ids":["way/803420974"]}},{"type":"Feature","id":"way/803420985","geometry":{"type":"Point","coordinates":[118.847762,32.0568298]},"properties":{"osm_id":"way/803420985","name":"罗森","named":true,"category":"daily","kind":"convenience","location_method":"OSM 对象包围盒中心，非入口","access":"未标注","source_date":"2026-09-12T02:20:24Z","original_name":"罗森","related_osm_ids":["way/803420985"]}},{"type":"Feature","id":"way/809879610","geometry":{"type":"Point","coordinates":[118.7927157,32.0431538]},"properties":{"osm_id":"way/809879610","name":"中央饭店会展中心","named":true,"category":"daily","kind":"yes","location_method":"OSM 对象包围盒中心，非入口","access":"未标注","source_date":"2026-09-12T02:20:24Z","original_name":"中央饭店会展中心","related_osm_ids":["way/809879610"]}},{"type":"Feature","id":"way/854791223","geometry":{"type":"Point","coordinates":[118.7754225,32.0873435]},"properties":{"osm_id":"way/854791223","name":"南京市天正小学","named":true,"category":"education","kind":"school","location_method":"OSM 对象包围盒中心，非入口","access":"未标注","source_date":"2026-09-12T02:20:24Z","original_name":"南京市天正小学","related_osm_ids":["way/854791223"]}},{"type":"Feature","id":"way/857245092","geometry":{"type":"Point","coordinates":[118.791007,32.0408653]},"properties":{"osm_id":"way/857245092","name":"科巷菜市场","named":true,"category":"daily","kind":"marketplace","location_method":"OSM 对象包围盒中心，非入口","access":"未标注","source_date":"2026-09-12T02:20:24Z","original_name":"科巷菜市场","related_osm_ids":["way/857245092"]}},{"type":"Feature","id":"way/857245094","geometry":{"type":"Point","coordinates":[118.7974689,32.0582305]},"properties":{"osm_id":"way/857245094","name":"兰园集贸市场","named":true,"category":"daily","kind":"marketplace","location_method":"OSM 对象包围盒中心，非入口","access":"未标注","source_date":"2026-09-12T02:20:24Z","original_name":"兰园集贸市场","related_osm_ids":["way/857245094"]}},{"type":"Feature","id":"way/857245096","geometry":{"type":"Point","coordinates":[118.7803798,32.0596772]},"properties":{"osm_id":"way/857245096","name":"荔枝广场","named":true,"category":"daily","kind":"mall","location_method":"OSM 对象包围盒中心，非入口","access":"未标注","source_date":"2026-09-12T02:20:24Z","original_name":"荔枝广场","related_osm_ids":["way/857245096"]}},{"type":"Feature","id":"way/857726116","geometry":{"type":"Point","coordinates":[118.7626956,32.0680342]},"properties":{"osm_id":"way/857726116","name":"江苏省省级机关医院","named":true,"category":"health","kind":"hospital","location_method":"OSM 对象包围盒中心，非入口","access":"未标注","source_date":"2026-09-12T02:20:24Z","original_name":"江苏省省级机关医院","related_osm_ids":["way/857726116"]}},{"type":"Feature","id":"way/858156412","geometry":{"type":"Point","coordinates":[118.8172059,32.097475]},"properties":{"osm_id":"way/858156412","name":"南京市科利华中学铁北分校","named":true,"category":"education","kind":"school","location_method":"OSM 对象包围盒中心，非入口","access":"未标注","source_date":"2026-09-12T02:20:24Z","original_name":"南京市科利华中学铁北分校","related_osm_ids":["way/858156412"]}},{"type":"Feature","id":"way/858156413","geometry":{"type":"Point","coordinates":[118.8186337,32.104744]},"properties":{"osm_id":"way/858156413","name":"未命名教育设施","named":false,"category":"education","kind":"school","location_method":"OSM 对象包围盒中心，非入口","access":"未标注","source_date":"2026-09-12T02:20:24Z","related_osm_ids":["way/858156413"]}},{"type":"Feature","id":"way/858156414","geometry":{"type":"Point","coordinates":[118.8127803,32.0896725]},"properties":{"osm_id":"way/858156414","name":"北京东路小学（红山分校）","named":true,"category":"education","kind":"school","location_method":"OSM 对象包围盒中心，非入口","access":"未标注","source_date":"2026-09-12T02:20:24Z","original_name":"北京东路小学（红山分校）","related_osm_ids":["way/858156414"]}},{"type":"Feature","id":"way/858156418","geometry":{"type":"Point","coordinates":[118.8123252,32.1143782]},"properties":{"osm_id":"way/858156418","name":"南京迈皋桥初级中学","named":true,"category":"education","kind":"school","location_method":"OSM 对象包围盒中心，非入口","access":"未标注","source_date":"2026-09-12T02:20:24Z","original_name":"南京迈皋桥初级中学","related_osm_ids":["way/858156418"]}},{"type":"Feature","id":"way/859565692","geometry":{"type":"Point","coordinates":[118.7780361,32.0111707]},"properties":{"osm_id":"way/859565692","name":"大报恩寺","named":true,"category":"heritage","kind":"archaeological_site","location_method":"OSM 对象包围盒中心，非入口","access":"未标注","source_date":"2026-09-12T02:20:24Z","original_name":"大报恩寺","related_osm_ids":["way/859565692"]}},{"type":"Feature","id":"way/859591128","geometry":{"type":"Point","coordinates":[118.8221146,32.0408463]},"properties":{"osm_id":"way/859591128","name":"中山门","named":true,"category":"heritage","kind":"city_gate","location_method":"OSM 对象包围盒中心，非入口","access":"未标注","source_date":"2026-09-12T02:20:24Z","original_name":"中山门","related_osm_ids":["way/859591128"]}},{"type":"Feature","id":"way/859643765","geometry":{"type":"Point","coordinates":[118.8345985,32.0582432]},"properties":{"osm_id":"way/859643765","name":"享殿","named":true,"category":"heritage","kind":"building","location_method":"OSM 对象包围盒中心，非入口","access":"未标注","source_date":"2026-09-12T02:20:24Z","original_name":"享殿","related_osm_ids":["way/859643765"]}},{"type":"Feature","id":"way/863056908","geometry":{"type":"Point","coordinates":[118.7866406,32.0490479]},"properties":{"osm_id":"way/863056908","name":"南京市第九初级中学","named":true,"category":"education","kind":"school","location_method":"OSM 对象包围盒中心，非入口","access":"未标注","source_date":"2026-09-12T02:20:24Z","original_name":"南京市第九初级中学","related_osm_ids":["way/863056908"]}},{"type":"Feature","id":"way/863056909","geometry":{"type":"Point","coordinates":[118.7897387,32.0516947]},"properties":{"osm_id":"way/863056909","name":"苏果社区店","named":true,"category":"daily","kind":"supermarket","location_method":"OSM 对象包围盒中心，非入口","access":"未标注","source_date":"2026-09-12T02:20:24Z","original_name":"苏果社区店","related_osm_ids":["way/863056909"]}},{"type":"Feature","id":"way/878490872","geometry":{"type":"Point","coordinates":[118.8259191,32.1037318]},"properties":{"osm_id":"way/878490872","name":"南京市第十三中学红山校区","named":true,"category":"education","kind":"school","location_method":"OSM 对象包围盒中心，非入口","access":"未标注","source_date":"2026-09-12T02:20:24Z","original_name":"南京市第十三中学红山校区","related_osm_ids":["way/878490872"]}},{"type":"Feature","id":"way/878490873","geometry":{"type":"Point","coordinates":[118.8334353,32.1059926]},"properties":{"osm_id":"way/878490873","name":"南京市第十三中学红山校区","named":true,"category":"education","kind":"school","location_method":"OSM 对象包围盒中心，非入口","access":"未标注","source_date":"2026-09-12T02:20:24Z","original_name":"南京市第十三中学红山校区","related_osm_ids":["way/878490873"]}},{"type":"Feature","id":"way/878490877","geometry":{"type":"Point","coordinates":[118.8923603,32.1142095]},"properties":{"osm_id":"way/878490877","name":"仙林汽配城","named":true,"category":"daily","kind":"car_parts","location_method":"OSM 对象包围盒中心，非入口","access":"未标注","source_date":"2026-09-12T02:20:24Z","original_name":"仙林汽配城","related_osm_ids":["way/878490877"]}},{"type":"Feature","id":"way/883826601","geometry":{"type":"Point","coordinates":[118.8438423,32.1258003]},"properties":{"osm_id":"way/883826601","name":"未命名公园","named":false,"category":"park","kind":"park","location_method":"OSM 对象包围盒中心，非入口","access":"未标注","source_date":"2026-09-12T02:20:24Z","related_osm_ids":["way/883826601"]}},{"type":"Feature","id":"way/883826602","geometry":{"type":"Point","coordinates":[118.841901,32.1241986]},"properties":{"osm_id":"way/883826602","name":"寅春路海绵湿地公园","named":true,"category":"park","kind":"park","location_method":"OSM 对象包围盒中心，非入口","access":"未标注","source_date":"2026-09-12T02:20:24Z","original_name":"寅春路海绵湿地公园","related_osm_ids":["way/883826602"]}},{"type":"Feature","id":"way/883982965","geometry":{"type":"Point","coordinates":[118.8960217,32.0486177]},"properties":{"osm_id":"way/883982965","name":"未命名公园","named":false,"category":"park","kind":"park","location_method":"OSM 对象包围盒中心，非入口","access":"未标注","source_date":"2026-09-12T02:20:24Z","related_osm_ids":["way/883982965"]}},{"type":"Feature","id":"way/883982966","geometry":{"type":"Point","coordinates":[118.8925397,32.0428224]},"properties":{"osm_id":"way/883982966","name":"未命名公园","named":false,"category":"park","kind":"park","location_method":"OSM 对象包围盒中心，非入口","access":"未标注","source_date":"2026-09-12T02:20:24Z","related_osm_ids":["way/883982966"]}},{"type":"Feature","id":"way/883982967","geometry":{"type":"Point","coordinates":[118.8932916,32.0412023]},"properties":{"osm_id":"way/883982967","name":"未命名公园","named":false,"category":"park","kind":"park","location_method":"OSM 对象包围盒中心，非入口","access":"未标注","source_date":"2026-09-12T02:20:24Z","related_osm_ids":["way/883982967"]}},{"type":"Feature","id":"way/883982972","geometry":{"type":"Point","coordinates":[118.9117601,32.0426807]},"properties":{"osm_id":"way/883982972","name":"未命名公园","named":false,"category":"park","kind":"park","location_method":"OSM 对象包围盒中心，非入口","access":"未标注","source_date":"2026-09-12T02:20:24Z","related_osm_ids":["way/883982972"]}},{"type":"Feature","id":"way/883982973","geometry":{"type":"Point","coordinates":[118.9097938,32.0398647]},"properties":{"osm_id":"way/883982973","name":"未命名公园","named":false,"category":"park","kind":"park","location_method":"OSM 对象包围盒中心，非入口","access":"未标注","source_date":"2026-09-12T02:20:24Z","related_osm_ids":["way/883982973"]}},{"type":"Feature","id":"way/883982974","geometry":{"type":"Point","coordinates":[118.9049945,32.0349486]},"properties":{"osm_id":"way/883982974","name":"未命名公园","named":false,"category":"park","kind":"park","location_method":"OSM 对象包围盒中心，非入口","access":"未标注","source_date":"2026-09-12T02:20:24Z","related_osm_ids":["way/883982974"]}},{"type":"Feature","id":"way/883982975","geometry":{"type":"Point","coordinates":[118.9075416,32.0373849]},"properties":{"osm_id":"way/883982975","name":"未命名公园","named":false,"category":"park","kind":"park","location_method":"OSM 对象包围盒中心，非入口","access":"未标注","source_date":"2026-09-12T02:20:24Z","related_osm_ids":["way/883982975"]}},{"type":"Feature","id":"way/883982976","geometry":{"type":"Point","coordinates":[118.897264,32.0301544]},"properties":{"osm_id":"way/883982976","name":"未命名公园","named":false,"category":"park","kind":"park","location_method":"OSM 对象包围盒中心，非入口","access":"未标注","source_date":"2026-09-12T02:20:24Z","related_osm_ids":["way/883982976"]}},{"type":"Feature","id":"way/883982979","geometry":{"type":"Point","coordinates":[118.8813988,32.0218113]},"properties":{"osm_id":"way/883982979","name":"未命名公园","named":false,"category":"park","kind":"park","location_method":"OSM 对象包围盒中心，非入口","access":"未标注","source_date":"2026-09-12T02:20:24Z","related_osm_ids":["way/883982979"]}},{"type":"Feature","id":"way/883982980","geometry":{"type":"Point","coordinates":[118.8749224,32.0164932]},"properties":{"osm_id":"way/883982980","name":"未命名公园","named":false,"category":"park","kind":"park","location_method":"OSM 对象包围盒中心，非入口","access":"未标注","source_date":"2026-09-12T02:20:24Z","related_osm_ids":["way/883982980"]}},{"type":"Feature","id":"way/883982981","geometry":{"type":"Point","coordinates":[118.8686686,32.0093399]},"properties":{"osm_id":"way/883982981","name":"未命名公园","named":false,"category":"park","kind":"park","location_method":"OSM 对象包围盒中心，非入口","access":"未标注","source_date":"2026-09-12T02:20:24Z","related_osm_ids":["way/883982981"]}},{"type":"Feature","id":"way/883982982","geometry":{"type":"Point","coordinates":[118.9044903,32.0219486]},"properties":{"osm_id":"way/883982982","name":"未命名公园","named":false,"category":"park","kind":"park","location_method":"OSM 对象包围盒中心，非入口","access":"未标注","source_date":"2026-09-12T02:20:24Z","related_osm_ids":["way/883982982"]}},{"type":"Feature","id":"way/883982983","geometry":{"type":"Point","coordinates":[118.9156223,32.0310894]},"properties":{"osm_id":"way/883982983","name":"未命名公园","named":false,"category":"park","kind":"park","location_method":"OSM 对象包围盒中心，非入口","access":"未标注","source_date":"2026-09-12T02:20:24Z","related_osm_ids":["way/883982983"]}},{"type":"Feature","id":"way/883982984","geometry":{"type":"Point","coordinates":[118.8917655,32.0139951]},"properties":{"osm_id":"way/883982984","name":"未命名公园","named":false,"category":"park","kind":"park","location_method":"OSM 对象包围盒中心，非入口","access":"未标注","source_date":"2026-09-12T02:20:24Z","related_osm_ids":["way/883982984"]}},{"type":"Feature","id":"way/883982985","geometry":{"type":"Point","coordinates":[118.8847975,32.011032]},"properties":{"osm_id":"way/883982985","name":"未命名公园","named":false,"category":"park","kind":"park","location_method":"OSM 对象包围盒中心，非入口","access":"未标注","source_date":"2026-09-12T02:20:24Z","related_osm_ids":["way/883982985"]}},{"type":"Feature","id":"way/884301627","geometry":{"type":"Point","coordinates":[118.8648899,32.0394935]},"properties":{"osm_id":"way/884301627","name":"未命名公园","named":false,"category":"park","kind":"park","location_method":"OSM 对象包围盒中心，非入口","access":"未标注","source_date":"2026-09-12T02:20:24Z","related_osm_ids":["way/884301627"]}},{"type":"Feature","id":"way/884301629","geometry":{"type":"Point","coordinates":[118.9004369,32.0766557]},"properties":{"osm_id":"way/884301629","name":"未命名公园","named":false,"category":"park","kind":"park","location_method":"OSM 对象包围盒中心，非入口","access":"未标注","source_date":"2026-09-12T02:20:24Z","related_osm_ids":["way/884301629"]}},{"type":"Feature","id":"way/884301630","geometry":{"type":"Point","coordinates":[118.8972728,32.0937055]},"properties":{"osm_id":"way/884301630","name":"龟山公园","named":true,"category":"park","kind":"park","location_method":"OSM 对象包围盒中心，非入口","access":"未标注","source_date":"2026-09-12T02:20:24Z","original_name":"龟山公园","related_osm_ids":["way/884301630"]}},{"type":"Feature","id":"way/884301631","geometry":{"type":"Point","coordinates":[118.905947,32.0866791]},"properties":{"osm_id":"way/884301631","name":"未命名公园","named":false,"category":"park","kind":"park","location_method":"OSM 对象包围盒中心，非入口","access":"未标注","source_date":"2026-09-12T02:20:24Z","related_osm_ids":["way/884301631"]}},{"type":"Feature","id":"way/884301632","geometry":{"type":"Point","coordinates":[118.9092875,32.0819283]},"properties":{"osm_id":"way/884301632","name":"未命名公园","named":false,"category":"park","kind":"park","location_method":"OSM 对象包围盒中心，非入口","access":"未标注","source_date":"2026-09-12T02:20:24Z","related_osm_ids":["way/884301632"]}},{"type":"Feature","id":"way/884301633","geometry":{"type":"Point","coordinates":[118.9119202,32.0927042]},"properties":{"osm_id":"way/884301633","name":"未命名公园","named":false,"category":"park","kind":"park","location_method":"OSM 对象包围盒中心，非入口","access":"未标注","source_date":"2026-09-12T02:20:24Z","related_osm_ids":["way/884301633"]}},{"type":"Feature","id":"way/884430714","geometry":{"type":"Point","coordinates":[118.7855432,32.0921703]},"properties":{"osm_id":"way/884430714","name":"未命名公园","named":false,"category":"park","kind":"park","location_method":"OSM 对象包围盒中心，非入口","access":"未标注","source_date":"2026-09-12T02:20:24Z","related_osm_ids":["way/884430714"]}},{"type":"Feature","id":"way/884659990","geometry":{"type":"Point","coordinates":[118.9069573,32.0690811]},"properties":{"osm_id":"way/884659990","name":"未命名公园","named":false,"category":"park","kind":"park","location_method":"OSM 对象包围盒中心，非入口","access":"未标注","source_date":"2026-09-12T02:20:24Z","related_osm_ids":["way/884659990"]}},{"type":"Feature","id":"way/884659991","geometry":{"type":"Point","coordinates":[118.905078,32.0690976]},"properties":{"osm_id":"way/884659991","name":"未命名公园","named":false,"category":"park","kind":"park","location_method":"OSM 对象包围盒中心，非入口","access":"未标注","source_date":"2026-09-12T02:20:24Z","related_osm_ids":["way/884659991"]}},{"type":"Feature","id":"way/884668174","geometry":{"type":"Point","coordinates":[118.770746,32.0489976]},"properties":{"osm_id":"way/884668174","name":"未命名公园","named":false,"category":"park","kind":"park","location_method":"OSM 对象包围盒中心，非入口","access":"未标注","source_date":"2026-09-12T02:20:24Z","related_osm_ids":["way/884668174"]}},{"type":"Feature","id":"way/884688643","geometry":{"type":"Point","coordinates":[118.7640701,32.1031901]},"properties":{"osm_id":"way/884688643","name":"未命名公园","named":false,"category":"park","kind":"park","location_method":"OSM 对象包围盒中心，非入口","access":"未标注","source_date":"2026-09-12T02:20:24Z","related_osm_ids":["way/884688643"]}},{"type":"Feature","id":"way/884688644","geometry":{"type":"Point","coordinates":[118.7613815,32.1044356]},"properties":{"osm_id":"way/884688644","name":"未命名公园","named":false,"category":"park","kind":"park","location_method":"OSM 对象包围盒中心，非入口","access":"未标注","source_date":"2026-09-12T02:20:24Z","related_osm_ids":["way/884688644"]}},{"type":"Feature","id":"way/884688653","geometry":{"type":"Point","coordinates":[118.8249941,32.1200026]},"properties":{"osm_id":"way/884688653","name":"未命名公园","named":false,"category":"park","kind":"park","location_method":"OSM 对象包围盒中心，非入口","access":"未标注","source_date":"2026-09-12T02:20:24Z","related_osm_ids":["way/884688653"]}},{"type":"Feature","id":"way/884923657","geometry":{"type":"Point","coordinates":[118.7819044,32.090196]},"properties":{"osm_id":"way/884923657","name":"神策门公园","named":true,"category":"park","kind":"park","location_method":"OSM 对象包围盒中心，非入口","access":"未标注","source_date":"2026-09-12T02:20:24Z","original_name":"神策门公园","related_osm_ids":["way/884923657"]}},{"type":"Feature","id":"way/885070395","geometry":{"type":"Point","coordinates":[118.7637393,32.0317009]},"properties":{"osm_id":"way/885070395","name":"未命名公园","named":false,"category":"park","kind":"park","location_method":"OSM 对象包围盒中心，非入口","access":"未标注","source_date":"2026-09-12T02:20:24Z","related_osm_ids":["way/885070395"]}},{"type":"Feature","id":"way/885071900","geometry":{"type":"Point","coordinates":[118.7685149,32.015295]},"properties":{"osm_id":"way/885071900","name":"未命名公园","named":false,"category":"park","kind":"park","location_method":"OSM 对象包围盒中心，非入口","access":"未标注","source_date":"2026-09-12T02:20:24Z","related_osm_ids":["way/885071900"]}},{"type":"Feature","id":"way/885071901","geometry":{"type":"Point","coordinates":[118.7819553,32.0116342]},"properties":{"osm_id":"way/885071901","name":"未命名公园","named":false,"category":"park","kind":"park","location_method":"OSM 对象包围盒中心，非入口","access":"未标注","source_date":"2026-09-12T02:20:24Z","related_osm_ids":["way/885071901"]}},{"type":"Feature","id":"way/885078546","geometry":{"type":"Point","coordinates":[118.7953328,32.0169546]},"properties":{"osm_id":"way/885078546","name":"未命名公园","named":false,"category":"park","kind":"park","location_method":"OSM 对象包围盒中心，非入口","access":"未标注","source_date":"2026-09-12T02:20:24Z","related_osm_ids":["way/885078546"]}},{"type":"Feature","id":"way/885078547","geometry":{"type":"Point","coordinates":[118.7986427,32.0181121]},"properties":{"osm_id":"way/885078547","name":"未命名公园","named":false,"category":"park","kind":"park","location_method":"OSM 对象包围盒中心，非入口","access":"未标注","source_date":"2026-09-12T02:20:24Z","related_osm_ids":["way/885078547"]}},{"type":"Feature","id":"way/885078548","geometry":{"type":"Point","coordinates":[118.8042949,32.0177095]},"properties":{"osm_id":"way/885078548","name":"未命名公园","named":false,"category":"park","kind":"park","location_method":"OSM 对象包围盒中心，非入口","access":"未标注","source_date":"2026-09-12T02:20:24Z","related_osm_ids":["way/885078548"]}},{"type":"Feature","id":"way/88778617","geometry":{"type":"Point","coordinates":[118.7760263,32.0565113]},"properties":{"osm_id":"way/88778617","name":"南京大学图书馆（鼓楼）","named":true,"category":"education","kind":"library","location_method":"OSM 对象包围盒中心，非入口","access":"未标注","source_date":"2026-09-12T02:20:24Z","original_name":"南京大学图书馆（鼓楼）","related_osm_ids":["way/88778617"]}},{"type":"Feature","id":"way/88779169","geometry":{"type":"Point","coordinates":[118.7748485,32.056913]},"properties":{"osm_id":"way/88779169","name":"何应钦公馆旧址","named":true,"category":"heritage","kind":"ruins","location_method":"OSM 对象包围盒中心，非入口","access":"未标注","source_date":"2026-09-12T02:20:24Z","original_name":"何应钦公馆旧址","related_osm_ids":["way/88779169"]}},{"type":"Feature","id":"way/88779201","geometry":{"type":"Point","coordinates":[118.776832,32.0607529]},"properties":{"osm_id":"way/88779201","name":"鼓楼公园","named":true,"category":"park","kind":"park","location_method":"OSM 对象包围盒中心，非入口","access":"未标注","source_date":"2026-09-12T02:20:24Z","original_name":"鼓楼公园","related_osm_ids":["way/88779201"]}},{"type":"Feature","id":"way/88779953","geometry":{"type":"Point","coordinates":[118.7736127,32.0566403]},"properties":{"osm_id":"way/88779953","name":"南京大学(鼓楼校区)","named":true,"category":"education","kind":"university","location_method":"OSM 对象包围盒中心，非入口","access":"未标注","source_date":"2026-09-12T02:20:24Z","original_name":"南京大学(鼓楼校区)","related_osm_ids":["way/88779953"]}},{"type":"Feature","id":"way/88780395","geometry":{"type":"Point","coordinates":[118.7767533,32.0503766]},"properties":{"osm_id":"way/88780395","name":"南京市金陵中学","named":true,"category":"education","kind":"school","location_method":"OSM 对象包围盒中心，非入口","access":"未标注","source_date":"2026-09-12T02:20:24Z","original_name":"南京市金陵中学","related_osm_ids":["way/88780395"]}},{"type":"Feature","id":"way/88804371","geometry":{"type":"Point","coordinates":[118.8127014,32.0288305]},"properties":{"osm_id":"way/88804371","name":"南京航空航天大学附属中学","named":true,"category":"education","kind":"school","location_method":"OSM 对象包围盒中心，非入口","access":"未标注","source_date":"2026-09-12T02:20:24Z","original_name":"南京航空航天大学附属中学","related_osm_ids":["way/88804371"]}},{"type":"Feature","id":"way/88804946","geometry":{"type":"Point","coordinates":[118.807212,32.0372]},"properties":{"osm_id":"way/88804946","name":"瑞金北村小学","named":true,"category":"education","kind":"school","location_method":"OSM 对象包围盒中心，非入口","access":"未标注","source_date":"2026-09-12T02:20:24Z","original_name":"瑞金北村小学","related_osm_ids":["way/88804946"]}},{"type":"Feature","id":"way/88806048","geometry":{"type":"Point","coordinates":[118.8036159,32.0250903]},"properties":{"osm_id":"way/88806048","name":"大光路小学","named":true,"category":"education","kind":"school","location_method":"OSM 对象包围盒中心，非入口","access":"未标注","source_date":"2026-09-12T02:20:24Z","original_name":"大光路小学","related_osm_ids":["way/88806048"]}},{"type":"Feature","id":"way/88806804","geometry":{"type":"Point","coordinates":[118.8127373,32.0248366]},"properties":{"osm_id":"way/88806804","name":"行知中学","named":true,"category":"education","kind":"school","location_method":"OSM 对象包围盒中心，非入口","access":"未标注","source_date":"2026-09-12T02:20:24Z","original_name":"行知中学","related_osm_ids":["way/88806804"]}},{"type":"Feature","id":"way/88807020","geometry":{"type":"Point","coordinates":[118.7899959,32.0194773]},"properties":{"osm_id":"way/88807020","name":"白鹭洲公园","named":true,"category":"park","kind":"park","location_method":"OSM 对象包围盒中心，非入口","access":"未标注","source_date":"2026-09-12T02:20:24Z","original_name":"白鹭洲公园","related_osm_ids":["way/88807020"]}},{"type":"Feature","id":"way/893640218","geometry":{"type":"Point","coordinates":[118.8000821,32.0077635]},"properties":{"osm_id":"way/893640218","name":"康业里游园","named":true,"category":"park","kind":"park","location_method":"OSM 对象包围盒中心，非入口","access":"未标注","source_date":"2026-09-12T02:20:24Z","original_name":"康业里游园","related_osm_ids":["way/893640218"]}},{"type":"Feature","id":"way/893640220","geometry":{"type":"Point","coordinates":[118.8004541,32.0068261]},"properties":{"osm_id":"way/893640220","name":"未命名生活服务","named":false,"category":"daily","kind":"yes","location_method":"OSM 对象包围盒中心，非入口","access":"未标注","source_date":"2026-09-12T02:20:24Z","related_osm_ids":["way/893640220"]}},{"type":"Feature","id":"way/894146221","geometry":{"type":"Point","coordinates":[118.909442,32.0705881]},"properties":{"osm_id":"way/894146221","name":"南京紫金驾校","named":true,"category":"education","kind":"school","location_method":"OSM 对象包围盒中心，非入口","access":"未标注","source_date":"2026-09-12T02:20:24Z","original_name":"南京紫金驾校","related_osm_ids":["way/894146221"]}},{"type":"Feature","id":"way/894146232","geometry":{"type":"Point","coordinates":[118.8953106,32.0900499]},"properties":{"osm_id":"way/894146232","name":"南京市行知实验幼儿园","named":true,"category":"education","kind":"kindergarten","location_method":"OSM 对象包围盒中心，非入口","access":"未标注","source_date":"2026-09-12T02:20:24Z","original_name":"南京市行知实验幼儿园","related_osm_ids":["way/894146232"]}},{"type":"Feature","id":"way/89567584","geometry":{"type":"Point","coordinates":[118.7613006,32.0633965]},"properties":{"osm_id":"way/89567584","name":"琅琊路小学","named":true,"category":"education","kind":"school","location_method":"OSM 对象包围盒中心，非入口","access":"未标注","source_date":"2026-09-12T02:20:24Z","original_name":"琅琊路小学","related_osm_ids":["way/89567584"]}},{"type":"Feature","id":"way/89567680","geometry":{"type":"Point","coordinates":[118.7657584,32.0630418]},"properties":{"osm_id":"way/89567680","name":"宁海中学","named":true,"category":"education","kind":"school","location_method":"OSM 对象包围盒中心，非入口","access":"未标注","source_date":"2026-09-12T02:20:24Z","original_name":"宁海中学","related_osm_ids":["way/89567680"]}},{"type":"Feature","id":"way/89637137","geometry":{"type":"Point","coordinates":[118.7982448,32.0314627]},"properties":{"osm_id":"way/89637137","name":"公园路体校","named":true,"category":"education","kind":"school","location_method":"OSM 对象包围盒中心，非入口","access":"未标注","source_date":"2026-09-12T02:20:24Z","original_name":"公园路体校","related_osm_ids":["way/89637137"]}},{"type":"Feature","id":"way/89637542","geometry":{"type":"Point","coordinates":[118.8215291,32.0345589]},"properties":{"osm_id":"way/89637542","name":"未命名历史要素","named":false,"category":"heritage","kind":"citywalls","location_method":"OSM 对象包围盒中心，非入口","access":"未标注","source_date":"2026-09-12T02:20:24Z","related_osm_ids":["way/89637542"]}},{"type":"Feature","id":"way/89638729","geometry":{"type":"Point","coordinates":[118.7621853,32.0550805]},"properties":{"osm_id":"way/89638729","name":"南京师范大学(随园校区)","named":true,"category":"education","kind":"university","location_method":"OSM 对象包围盒中心，非入口","access":"未标注","source_date":"2026-09-12T02:20:24Z","original_name":"南京师范大学(随园校区)","related_osm_ids":["way/89638729"]}},{"type":"Feature","id":"way/89910254","geometry":{"type":"Point","coordinates":[118.9250075,32.1153425]},"properties":{"osm_id":"way/89910254","name":"南京邮电大学（仙林校区）","named":true,"category":"education","kind":"university","location_method":"OSM 对象包围盒中心，非入口","access":"未标注","source_date":"2026-09-12T02:20:24Z","original_name":"南京邮电大学（仙林校区）","related_osm_ids":["way/89910254"]}},{"type":"Feature","id":"way/89911616","geometry":{"type":"Point","coordinates":[118.9100219,32.1161271]},"properties":{"osm_id":"way/89911616","name":"南京师范大学北区","named":true,"category":"education","kind":"college","location_method":"OSM 对象包围盒中心，非入口","access":"未标注","source_date":"2026-09-12T02:20:24Z","original_name":"南京师范大学北区","related_osm_ids":["way/89911616"]}},{"type":"Feature","id":"way/89911895","geometry":{"type":"Point","coordinates":[118.9138031,32.1230476]},"properties":{"osm_id":"way/89911895","name":"南京技师学院","named":true,"category":"education","kind":"college","location_method":"OSM 对象包围盒中心，非入口","access":"未标注","source_date":"2026-09-12T02:20:24Z","original_name":"南京技师学院","related_osm_ids":["way/89911895"]}},{"type":"Feature","id":"way/91198730","geometry":{"type":"Point","coordinates":[118.811721,32.0810655]},"properties":{"osm_id":"way/91198730","name":"南京林业大学","named":true,"category":"education","kind":"university","location_method":"OSM 对象包围盒中心，非入口","access":"未标注","source_date":"2026-09-12T02:20:24Z","original_name":"南京林业大学","related_osm_ids":["way/91198730"]}},{"type":"Feature","id":"way/914592867","geometry":{"type":"Point","coordinates":[118.8713501,32.1063587]},"properties":{"osm_id":"way/914592867","name":"栖霞区委党校","named":true,"category":"education","kind":"school","location_method":"OSM 对象包围盒中心，非入口","access":"未标注","source_date":"2026-09-12T02:20:24Z","original_name":"栖霞区委党校","related_osm_ids":["way/914592867"]}},{"type":"Feature","id":"way/916831940","geometry":{"type":"Point","coordinates":[118.8161607,32.0354482]},"properties":{"osm_id":"way/916831940","name":"明故宫食堂","named":true,"category":"daily","kind":"restaurant","location_method":"OSM 对象包围盒中心，非入口","access":"未标注","source_date":"2026-09-12T02:20:24Z","original_name":"明故宫食堂","related_osm_ids":["way/916831940"]}},{"type":"Feature","id":"way/91828656","geometry":{"type":"Point","coordinates":[118.8023757,32.0616275]},"properties":{"osm_id":"way/91828656","name":"九华山公园","named":true,"category":"park","kind":"park","location_method":"OSM 对象包围盒中心，非入口","access":"未标注","source_date":"2026-09-12T02:20:24Z","original_name":"九华山公园","related_osm_ids":["way/91828656"]}},{"type":"Feature","id":"way/91997119","geometry":{"type":"Point","coordinates":[118.7685858,32.0180904]},"properties":{"osm_id":"way/91997119","name":"愚园","named":true,"category":"park","kind":"park","location_method":"OSM 对象包围盒中心，非入口","access":"未标注","source_date":"2026-09-12T02:20:24Z","original_name":"愚园","related_osm_ids":["way/91997119"]}},{"type":"Feature","id":"way/91997298","geometry":{"type":"Point","coordinates":[118.7800219,32.0230244]},"properties":{"osm_id":"way/91997298","name":"瞻园","named":true,"category":"park","kind":"park","location_method":"OSM 对象包围盒中心，非入口","access":"未标注","source_date":"2026-09-12T02:20:24Z","original_name":"瞻园","related_osm_ids":["way/91997298"]}},{"type":"Feature","id":"way/921314641","geometry":{"type":"Point","coordinates":[118.9161323,32.0882603]},"properties":{"osm_id":"way/921314641","name":"萧宏石刻公园","named":true,"category":"park","kind":"park","location_method":"OSM 对象包围盒中心，非入口","access":"未标注","source_date":"2026-09-12T02:20:24Z","original_name":"萧宏石刻公园","related_osm_ids":["way/921314641"]}},{"type":"Feature","id":"way/92361437","geometry":{"type":"Point","coordinates":[118.8114824,32.0634365]},"properties":{"osm_id":"way/92361437","name":"白马公园","named":true,"category":"park","kind":"park","location_method":"OSM 对象包围盒中心，非入口","access":"未标注","source_date":"2026-09-12T02:20:24Z","original_name":"白马公园","related_osm_ids":["way/92361437"]}},{"type":"Feature","id":"way/923996656","geometry":{"type":"Point","coordinates":[118.8915245,32.0510193]},"properties":{"osm_id":"way/923996656","name":"未命名交通点位","named":false,"category":"transit","kind":"station","location_method":"OSM 对象包围盒中心，非入口","access":"未标注","source_date":"2026-09-12T02:20:24Z","related_osm_ids":["way/923996656"]}},{"type":"Feature","id":"way/924830066","geometry":{"type":"Point","coordinates":[118.9055442,32.0260105]},"properties":{"osm_id":"way/924830066","name":"南京外国语学校仙林分校麒麟科创园学校","named":true,"category":"education","kind":"school","location_method":"OSM 对象包围盒中心，非入口","access":"未标注","source_date":"2026-09-12T02:20:24Z","original_name":"南京外国语学校仙林分校麒麟科创园学校","related_osm_ids":["way/924830066"]}},{"type":"Feature","id":"way/931647262","geometry":{"type":"Point","coordinates":[118.8347103,32.0115232]},"properties":{"osm_id":"way/931647262","name":"南京师范大学附属中学秦淮科技高中","named":true,"category":"education","kind":"school","location_method":"OSM 对象包围盒中心，非入口","access":"未标注","source_date":"2026-09-12T02:20:24Z","original_name":"南京师范大学附属中学秦淮科技高中","related_osm_ids":["way/931647262"]}},{"type":"Feature","id":"way/940335843","geometry":{"type":"Point","coordinates":[118.7823851,32.0726186]},"properties":{"osm_id":"way/940335843","name":"玄武门","named":true,"category":"heritage","kind":"city_gate","location_method":"OSM 对象包围盒中心，非入口","access":"未标注","source_date":"2026-09-12T02:20:24Z","original_name":"玄武门","related_osm_ids":["way/940335843"]}},{"type":"Feature","id":"way/94327925","geometry":{"type":"Point","coordinates":[118.789334,32.0335346]},"properties":{"osm_id":"way/94327925","name":"郑和公园","named":true,"category":"park","kind":"park","location_method":"OSM 对象包围盒中心，非入口","access":"未标注","source_date":"2026-09-12T02:20:24Z","original_name":"郑和公园","related_osm_ids":["way/94327925"]}},{"type":"Feature","id":"way/94327966","geometry":{"type":"Point","coordinates":[118.7904824,32.0441093]},"properties":{"osm_id":"way/94327966","name":"南京图书馆","named":true,"category":"education","kind":"library","location_method":"OSM 对象包围盒中心，非入口","access":"未标注","source_date":"2026-09-12T02:20:24Z","original_name":"南京图书馆","related_osm_ids":["way/94327966"]}},{"type":"Feature","id":"way/943496490","geometry":{"type":"Point","coordinates":[118.7823137,32.0138161]},"properties":{"osm_id":"way/943496490","name":"桃源村糕点文化博物馆","named":true,"category":"daily","kind":"restaurant","location_method":"OSM 对象包围盒中心，非入口","access":"未标注","source_date":"2026-09-12T02:20:24Z","original_name":"桃源村糕点文化博物馆","related_osm_ids":["way/943496490"]}},{"type":"Feature","id":"way/947771050","geometry":{"type":"Point","coordinates":[118.7832103,32.0125652]},"properties":{"osm_id":"way/947771050","name":"金陵戏坊","named":true,"category":"daily","kind":"restaurant","location_method":"OSM 对象包围盒中心，非入口","access":"未标注","source_date":"2026-09-12T02:20:24Z","original_name":"金陵戏坊","related_osm_ids":["way/947771050"]}},{"type":"Feature","id":"way/948332291","geometry":{"type":"Point","coordinates":[118.7823005,32.0135433]},"properties":{"osm_id":"way/948332291","name":"老门东历史文化街区","named":true,"category":"heritage","kind":"district","location_method":"OSM 对象包围盒中心，非入口","access":"未标注","source_date":"2026-09-12T02:20:24Z","original_name":"老门东历史文化街区","related_osm_ids":["way/948332291"]}},{"type":"Feature","id":"way/95045341","geometry":{"type":"Point","coordinates":[118.7863067,32.0658853]},"properties":{"osm_id":"way/95045341","name":"南京市第十三中学","named":true,"category":"education","kind":"school","location_method":"OSM 对象包围盒中心，非入口","access":"未标注","source_date":"2026-09-12T02:20:24Z","original_name":"南京市第十三中学","related_osm_ids":["way/95045341"]}},{"type":"Feature","id":"way/958446248","geometry":{"type":"Point","coordinates":[118.7833467,32.0195419]},"properties":{"osm_id":"way/958446248","name":"曙光天地","named":true,"category":"daily","kind":"mall","location_method":"OSM 对象包围盒中心，非入口","access":"未标注","source_date":"2026-09-12T02:20:24Z","original_name":"曙光天地","related_osm_ids":["way/958446248"]}},{"type":"Feature","id":"way/959780566","geometry":{"type":"Point","coordinates":[118.791511,32.0615049]},"properties":{"osm_id":"way/959780566","name":"未命名公园","named":false,"category":"park","kind":"park","location_method":"OSM 对象包围盒中心，非入口","access":"未标注","source_date":"2026-09-12T02:20:24Z","related_osm_ids":["way/959780566"]}},{"type":"Feature","id":"way/965539234","geometry":{"type":"Point","coordinates":[118.8747038,32.1075115]},"properties":{"osm_id":"way/965539234","name":"姚坊门遗址公园","named":true,"category":"park","kind":"park","location_method":"OSM 对象包围盒中心，非入口","access":"未标注","source_date":"2026-09-12T02:20:24Z","original_name":"姚坊门遗址公园","related_osm_ids":["way/965539234"]}},{"type":"Feature","id":"way/975143265","geometry":{"type":"Point","coordinates":[118.7891584,32.0192528]},"properties":{"osm_id":"way/975143265","name":"心远楼","named":true,"category":"heritage","kind":"ruins","location_method":"OSM 对象包围盒中心，非入口","access":"未标注","source_date":"2026-09-12T02:20:24Z","original_name":"心远楼","related_osm_ids":["way/975143265"]}},{"type":"Feature","id":"way/981895476","geometry":{"type":"Point","coordinates":[118.7850311,32.0581677]},"properties":{"osm_id":"way/981895476","name":"东南大学幼儿园","named":true,"category":"education","kind":"kindergarten","location_method":"OSM 对象包围盒中心，非入口","access":"未标注","source_date":"2026-09-12T02:20:24Z","original_name":"东南大学幼儿园","related_osm_ids":["way/981895476"]}},{"type":"Feature","id":"way/982035129","geometry":{"type":"Point","coordinates":[118.7893746,32.0577398]},"properties":{"osm_id":"way/982035129","name":"未命名公园","named":false,"category":"park","kind":"park","location_method":"OSM 对象包围盒中心，非入口","access":"未标注","source_date":"2026-09-12T02:20:24Z","related_osm_ids":["way/982035129"]}},{"type":"Feature","id":"way/982266618","geometry":{"type":"Point","coordinates":[118.7898192,32.0583832]},"properties":{"osm_id":"way/982266618","name":"桃李园","named":true,"category":"park","kind":"park","location_method":"OSM 对象包围盒中心，非入口","access":"未标注","source_date":"2026-09-12T02:20:24Z","original_name":"桃李园","related_osm_ids":["way/982266618"]}},{"type":"Feature","id":"way/985782034","geometry":{"type":"Point","coordinates":[118.8820707,32.0893372]},"properties":{"osm_id":"way/985782034","name":"蜂巢","named":true,"category":"daily","kind":"supermarket","location_method":"OSM 对象包围盒中心，非入口","access":"未标注","source_date":"2026-09-12T02:20:24Z","original_name":"蜂巢","related_osm_ids":["way/985782034"]}},{"type":"Feature","id":"way/990878541","geometry":{"type":"Point","coordinates":[118.8408415,32.1257349]},"properties":{"osm_id":"way/990878541","name":"南京市华电中学","named":true,"category":"education","kind":"school","location_method":"OSM 对象包围盒中心，非入口","access":"未标注","source_date":"2026-09-12T02:20:24Z","original_name":"南京市华电中学","related_osm_ids":["way/990878541"]}},{"type":"Feature","id":"way/990878557","geometry":{"type":"Point","coordinates":[118.826025,32.1253096]},"properties":{"osm_id":"way/990878557","name":"燕子矶幼儿园","named":true,"category":"education","kind":"kindergarten","location_method":"OSM 对象包围盒中心，非入口","access":"未标注","source_date":"2026-09-12T02:20:24Z","original_name":"燕子矶幼儿园","related_osm_ids":["way/990878557"]}},{"type":"Feature","id":"way/990878558","geometry":{"type":"Point","coordinates":[118.8245172,32.1251282]},"properties":{"osm_id":"way/990878558","name":"晓庄小学","named":true,"category":"education","kind":"school","location_method":"OSM 对象包围盒中心，非入口","access":"未标注","source_date":"2026-09-12T02:20:24Z","original_name":"晓庄小学","related_osm_ids":["way/990878558"]}},{"type":"Feature","id":"way/991480524","geometry":{"type":"Point","coordinates":[118.858041,32.1090776]},"properties":{"osm_id":"way/991480524","name":"河长制主题公园","named":true,"category":"park","kind":"park","location_method":"OSM 对象包围盒中心，非入口","access":"未标注","source_date":"2026-09-12T02:20:24Z","original_name":"河长制主题公园","related_osm_ids":["way/991480524"]}},{"type":"Feature","id":"way/991480529","geometry":{"type":"Point","coordinates":[118.8565564,32.1117253]},"properties":{"osm_id":"way/991480529","name":"迈皋桥幼儿园丁家庄第二分园","named":true,"category":"education","kind":"kindergarten","location_method":"OSM 对象包围盒中心，非入口","access":"未标注","source_date":"2026-09-12T02:20:24Z","original_name":"迈皋桥幼儿园丁家庄第二分园","related_osm_ids":["way/991480529"]}},{"type":"Feature","id":"way/991480531","geometry":{"type":"Point","coordinates":[118.8653072,32.1159789]},"properties":{"osm_id":"way/991480531","name":"南京明州康复医院","named":true,"category":"health","kind":"hospital","location_method":"OSM 对象包围盒中心，非入口","access":"未标注","source_date":"2026-09-12T02:20:24Z","original_name":"南京明州康复医院","related_osm_ids":["way/991480531"]}},{"type":"Feature","id":"way/991480533","geometry":{"type":"Point","coordinates":[118.8667514,32.1138332]},"properties":{"osm_id":"way/991480533","name":"南京新港中等专业学校","named":true,"category":"education","kind":"school","location_method":"OSM 对象包围盒中心，非入口","access":"未标注","source_date":"2026-09-12T02:20:24Z","original_name":"南京新港中等专业学校","related_osm_ids":["way/991480533"]}},{"type":"Feature","id":"way/991480534","geometry":{"type":"Point","coordinates":[118.8671022,32.1119642]},"properties":{"osm_id":"way/991480534","name":"尧化门市民广场","named":true,"category":"park","kind":"park","location_method":"OSM 对象包围盒中心，非入口","access":"未标注","source_date":"2026-09-12T02:20:24Z","original_name":"尧化门市民广场","related_osm_ids":["way/991480534"]}},{"type":"Feature","id":"way/991480570","geometry":{"type":"Point","coordinates":[118.8424515,32.1180793]},"properties":{"osm_id":"way/991480570","name":"丁家庄第三小学","named":true,"category":"education","kind":"school","location_method":"OSM 对象包围盒中心，非入口","access":"未标注","source_date":"2026-09-12T02:20:24Z","original_name":"丁家庄第三小学","related_osm_ids":["way/991480570"]}},{"type":"Feature","id":"way/991480571","geometry":{"type":"Point","coordinates":[118.8453562,32.1168559]},"properties":{"osm_id":"way/991480571","name":"未命名教育设施","named":false,"category":"education","kind":"kindergarten","location_method":"OSM 对象包围盒中心，非入口","access":"未标注","source_date":"2026-09-12T02:20:24Z","related_osm_ids":["way/991480571"]}},{"type":"Feature","id":"way/991480576","geometry":{"type":"Point","coordinates":[118.8504294,32.1181034]},"properties":{"osm_id":"way/991480576","name":"迈皋桥幼儿园丁家庄第一分园","named":true,"category":"education","kind":"kindergarten","location_method":"OSM 对象包围盒中心，非入口","access":"未标注","source_date":"2026-09-12T02:20:24Z","original_name":"迈皋桥幼儿园丁家庄第一分园","related_osm_ids":["way/991480576"]}},{"type":"Feature","id":"way/991480579","geometry":{"type":"Point","coordinates":[118.8466064,32.1204343]},"properties":{"osm_id":"way/991480579","name":"丁家庄第二小学","named":true,"category":"education","kind":"school","location_method":"OSM 对象包围盒中心，非入口","access":"未标注","source_date":"2026-09-12T02:20:24Z","original_name":"丁家庄第二小学","related_osm_ids":["way/991480579"]}},{"type":"Feature","id":"way/991480580","geometry":{"type":"Point","coordinates":[118.8483576,32.1213744]},"properties":{"osm_id":"way/991480580","name":"南京新港中等专业学校学校","named":true,"category":"education","kind":"school","location_method":"OSM 对象包围盒中心，非入口","access":"未标注","source_date":"2026-09-12T02:20:24Z","original_name":"南京新港中等专业学校学校","related_osm_ids":["way/991480580"]}},{"type":"Feature","id":"way/991480590","geometry":{"type":"Point","coordinates":[118.8314671,32.1231132]},"properties":{"osm_id":"way/991480590","name":"南京城北万象汇B馆","named":true,"category":"daily","kind":"mall","location_method":"OSM 对象包围盒中心，非入口","access":"未标注","source_date":"2026-09-12T02:20:24Z","original_name":"南京城北万象汇B馆","related_osm_ids":["way/991480590"]}},{"type":"Feature","id":"way/991480602","geometry":{"type":"Point","coordinates":[118.8332748,32.1103914]},"properties":{"osm_id":"way/991480602","name":"未命名教育设施","named":false,"category":"education","kind":"kindergarten","location_method":"OSM 对象包围盒中心，非入口","access":"未标注","source_date":"2026-09-12T02:20:24Z","related_osm_ids":["way/991480602"]}},{"type":"Feature","id":"way/991480618","geometry":{"type":"Point","coordinates":[118.8512463,32.115397]},"properties":{"osm_id":"way/991480618","name":"爱德美幼儿园","named":true,"category":"education","kind":"kindergarten","location_method":"OSM 对象包围盒中心，非入口","access":"未标注","source_date":"2026-09-12T02:20:24Z","original_name":"爱德美幼儿园","related_osm_ids":["way/991480618"]}},{"type":"Feature","id":"way/991819844","geometry":{"type":"Point","coordinates":[118.8171111,32.1078843]},"properties":{"osm_id":"way/991819844","name":"未命名教育设施","named":false,"category":"education","kind":"kindergarten","location_method":"OSM 对象包围盒中心，非入口","access":"未标注","source_date":"2026-09-12T02:20:24Z","related_osm_ids":["way/991819844"]}},{"type":"Feature","id":"way/991819851","geometry":{"type":"Point","coordinates":[118.8126044,32.0992891]},"properties":{"osm_id":"way/991819851","name":"未命名教育设施","named":false,"category":"education","kind":"kindergarten","location_method":"OSM 对象包围盒中心，非入口","access":"未标注","source_date":"2026-09-12T02:20:24Z","related_osm_ids":["way/991819851"]}},{"type":"Feature","id":"way/991819865","geometry":{"type":"Point","coordinates":[118.8246797,32.1002178]},"properties":{"osm_id":"way/991819865","name":"红山幼儿园","named":true,"category":"education","kind":"kindergarten","location_method":"OSM 对象包围盒中心，非入口","access":"未标注","source_date":"2026-09-12T02:20:24Z","original_name":"红山幼儿园","related_osm_ids":["way/991819865"]}},{"type":"Feature","id":"way/991819882","geometry":{"type":"Point","coordinates":[118.8131368,32.1049978]},"properties":{"osm_id":"way/991819882","name":"未命名教育设施","named":false,"category":"education","kind":"school","location_method":"OSM 对象包围盒中心，非入口","access":"未标注","source_date":"2026-09-12T02:20:24Z","related_osm_ids":["way/991819882"]}},{"type":"Feature","id":"way/991819883","geometry":{"type":"Point","coordinates":[118.8085932,32.1057841]},"properties":{"osm_id":"way/991819883","name":"未命名医疗服务","named":false,"category":"health","kind":"hospital","location_method":"OSM 对象包围盒中心，非入口","access":"未标注","source_date":"2026-09-12T02:20:24Z","related_osm_ids":["way/991819883"]}},{"type":"Feature","id":"way/991819890","geometry":{"type":"Point","coordinates":[118.8109173,32.1097246]},"properties":{"osm_id":"way/991819890","name":"江苏省人民医院职业病分院","named":true,"category":"health","kind":"hospital","location_method":"OSM 对象包围盒中心，非入口","access":"未标注","source_date":"2026-09-12T02:20:24Z","original_name":"江苏省人民医院职业病分院","related_osm_ids":["way/991819890"]}},{"type":"Feature","id":"way/991819918","geometry":{"type":"Point","coordinates":[118.8074479,32.120774]},"properties":{"osm_id":"way/991819918","name":"南京卫生高等职业技术学校","named":true,"category":"education","kind":"college","location_method":"OSM 对象包围盒中心，非入口","access":"未标注","source_date":"2026-09-12T02:20:24Z","original_name":"南京卫生高等职业技术学校","related_osm_ids":["way/991819918"]}},{"type":"Feature","id":"way/991819919","geometry":{"type":"Point","coordinates":[118.8066204,32.124727]},"properties":{"osm_id":"way/991819919","name":"金陵科技学院幕府校区","named":true,"category":"education","kind":"college","location_method":"OSM 对象包围盒中心，非入口","access":"未标注","source_date":"2026-09-12T02:20:24Z","original_name":"金陵科技学院幕府校区","related_osm_ids":["way/991819919"]}},{"type":"Feature","id":"way/992358630","geometry":{"type":"Point","coordinates":[118.8039319,32.0445428]},"properties":{"osm_id":"way/992358630","name":"中国人民解放军东部战区总医院","named":true,"category":"health","kind":"hospital","location_method":"OSM 对象包围盒中心，非入口","access":"未标注","source_date":"2026-09-12T02:20:24Z","original_name":"中国人民解放军东部战区总医院","related_osm_ids":["way/992358630"]}},{"type":"Feature","id":"way/995771963","geometry":{"type":"Point","coordinates":[118.7672402,32.1032028]},"properties":{"osm_id":"way/995771963","name":"南京市建宁中学","named":true,"category":"education","kind":"school","location_method":"OSM 对象包围盒中心，非入口","access":"未标注","source_date":"2026-09-12T02:20:24Z","original_name":"南京市建宁中学","related_osm_ids":["way/995771963"]}},{"type":"Feature","id":"way/995771984","geometry":{"type":"Point","coordinates":[118.7803482,32.1183615]},"properties":{"osm_id":"way/995771984","name":"南京市旭日景城小学","named":true,"category":"education","kind":"school","location_method":"OSM 对象包围盒中心，非入口","access":"未标注","source_date":"2026-09-12T02:20:24Z","original_name":"南京市旭日景城小学","related_osm_ids":["way/995771984"]}},{"type":"Feature","id":"way/995771987","geometry":{"type":"Point","coordinates":[118.775791,32.1157472]},"properties":{"osm_id":"way/995771987","name":"南京市第二十九中学幕府山初级中学","named":true,"category":"education","kind":"school","location_method":"OSM 对象包围盒中心，非入口","access":"未标注","source_date":"2026-09-12T02:20:24Z","original_name":"南京市第二十九中学幕府山初级中学","related_osm_ids":["way/995771987"]}},{"type":"Feature","id":"way/995812144","geometry":{"type":"Point","coordinates":[118.7606191,32.1019372]},"properties":{"osm_id":"way/995812144","name":"未命名教育设施","named":false,"category":"education","kind":"school","location_method":"OSM 对象包围盒中心，非入口","access":"未标注","source_date":"2026-09-12T02:20:24Z","related_osm_ids":["way/995812144"]}},{"type":"Feature","id":"way/995812151","geometry":{"type":"Point","coordinates":[118.7790251,32.0981467]},"properties":{"osm_id":"way/995812151","name":"未命名教育设施","named":false,"category":"education","kind":"school","location_method":"OSM 对象包围盒中心，非入口","access":"未标注","source_date":"2026-09-12T02:20:24Z","related_osm_ids":["way/995812151"]}},{"type":"Feature","id":"way/99978645","geometry":{"type":"Point","coordinates":[118.775746,32.0536005]},"properties":{"osm_id":"way/99978645","name":"食堂","named":true,"category":"daily","kind":"restaurant","location_method":"OSM 对象包围盒中心，非入口","access":"未标注","source_date":"2026-09-12T02:20:24Z","original_name":"食堂","related_osm_ids":["way/99978645"]}}]}