{"type":"FeatureCollection","features":[{"type":"Feature","id":"XW-P500-1335-7093","geometry":{"type":"Polygon","coordinates":[[[118.77939545,32.04673113],[118.77933856,32.04379128],[118.7788622,32.0438279],[118.7788711,32.04673849],[118.77939545,32.04673113]]]},"properties":{"id":"XW-P500-1335-7093","night":304.05,"day":820.78,"area_m2":15334.84,"night_density":19827.4,"day_density":53523.9,"source_kind":"simulated","reference_year":2023,"model":"XW-POP-SIM-1"}},{"type":"Feature","id":"XW-P500-1335-7094","geometry":{"type":"Polygon","coordinates":[[[118.77948273,32.05123982],[118.77939545,32.04673113],[118.7788711,32.04673849],[118.7788849,32.05124822],[118.77948273,32.05123982]]]},"properties":{"id":"XW-P500-1335-7094","night":222.85,"day":1973.3,"area_m2":26497.8,"night_density":8410.1,"day_density":74470.3,"source_kind":"simulated","reference_year":2023,"model":"XW-POP-SIM-1"}},{"type":"Feature","id":"XW-P500-1335-7095","geometry":{"type":"Polygon","coordinates":[[[118.77957002,32.05574851],[118.77948273,32.05123982],[118.7788849,32.05124822],[118.7788883,32.0523604],[118.7789008,32.0537603],[118.77887195,32.05575831],[118.77957002,32.05574851]]]},"properties":{"id":"XW-P500-1335-7095","night":924.93,"day":5499.91,"area_m2":30100.02,"night_density":30728.6,"day_density":182721.1,"source_kind":"simulated","reference_year":2023,"model":"XW-POP-SIM-1"}},{"type":"Feature","id":"XW-P500-1335-7096","geometry":{"type":"Polygon","coordinates":[[[118.77965733,32.06025719],[118.77957002,32.05574851],[118.77887195,32.05575831],[118.7788476,32.0574448],[118.7788477,32.0582293],[118.7788757,32.0593661],[118.77885734,32.06026842],[118.77965733,32.06025719]]]},"properties":{"id":"XW-P500-1335-7096","night":3505.47,"day":12255.57,"area_m2":35612.42,"night_density":98433.9,"day_density":344137.5,"source_kind":"simulated","reference_year":2023,"model":"XW-POP-SIM-1"}},{"type":"Feature","id":"XW-P500-1335-7097","geometry":{"type":"Polygon","coordinates":[[[118.77974466,32.06476587],[118.77965733,32.06025719],[118.77885734,32.06026842],[118.7788522,32.0605208],[118.77885954,32.0647783],[118.77974466,32.06476587]]]},"properties":{"id":"XW-P500-1335-7097","night":2845.19,"day":4566.46,"area_m2":39908.05,"night_density":71293.6,"day_density":114424.5,"source_kind":"simulated","reference_year":2023,"model":"XW-POP-SIM-1"}},{"type":"Feature","id":"XW-P500-1335-7098","geometry":{"type":"Polygon","coordinates":[[[118.779832,32.06927454],[118.77974466,32.06476587],[118.77885954,32.0647783],[118.77886733,32.06928809],[118.779832,32.06927454]]]},"properties":{"id":"XW-P500-1335-7098","night":0.0,"day":0.0,"area_m2":43669.72,"night_density":0.0,"day_density":0.0,"source_kind":"simulated","reference_year":2023,"model":"XW-POP-SIM-1"}},{"type":"Feature","id":"XW-P500-1335-7099","geometry":{"type":"Polygon","coordinates":[[[118.77991937,32.07378322],[118.779832,32.06927454],[118.77886733,32.06928809],[118.7788749,32.0736616],[118.77887422,32.0737979],[118.77991937,32.07378322]]]},"properties":{"id":"XW-P500-1335-7099","night":56.38,"day":218.63,"area_m2":47424.69,"night_density":1188.8,"day_density":4610.0,"source_kind":"simulated","reference_year":2023,"model":"XW-POP-SIM-1"}},{"type":"Feature","id":"XW-P500-1335-7100","geometry":{"type":"Polygon","coordinates":[[[118.78000676,32.07829189],[118.77991937,32.07378322],[118.77887422,32.0737979],[118.77885159,32.07830811],[118.78000676,32.07829189]]]},"properties":{"id":"XW-P500-1335-7100","night":0.0,"day":31.27,"area_m2":51940.34,"night_density":0.0,"day_density":602.0,"source_kind":"simulated","reference_year":2023,"model":"XW-POP-SIM-1"}},{"type":"Feature","id":"XW-P500-1335-7101","geometry":{"type":"Polygon","coordinates":[[[118.78009417,32.08280055],[118.78000676,32.07829189],[118.77885159,32.07830811],[118.77882897,32.08281833],[118.78009417,32.08280055]]]},"properties":{"id":"XW-P500-1335-7101","night":2784.21,"day":3838.21,"area_m2":57131.78,"night_density":48733.1,"day_density":67181.7,"source_kind":"simulated","reference_year":2023,"model":"XW-POP-SIM-1"}},{"type":"Feature","id":"XW-P500-1335-7102","geometry":{"type":"Polygon","coordinates":[[[118.7801816,32.08730921],[118.78009417,32.08280055],[118.77882897,32.08281833],[118.77880636,32.08732854],[118.7801816,32.08730921]]]},"properties":{"id":"XW-P500-1335-7102","night":191.89,"day":343.32,"area_m2":62323.22,"night_density":3078.9,"day_density":5508.7,"source_kind":"simulated","reference_year":2023,"model":"XW-POP-SIM-1"}},{"type":"Feature","id":"XW-P500-1335-7103","geometry":{"type":"Polygon","coordinates":[[[118.78026904,32.09181787],[118.7801816,32.08730921],[118.77880636,32.08732854],[118.7787934,32.0899147],[118.7788568,32.0909528],[118.7788568,32.0911145],[118.7788698,32.0916978],[118.77885464,32.09183775],[118.78026904,32.09181787]]]},"properties":{"id":"XW-P500-1335-7103","night":0.0,"day":101.64,"area_m2":66438.02,"night_density":0.0,"day_density":1529.8,"source_kind":"simulated","reference_year":2023,"model":"XW-POP-SIM-1"}},{"type":"Feature","id":"XW-P500-1335-7104","geometry":{"type":"Polygon","coordinates":[[[118.78026904,32.09181787],[118.77885464,32.09183775],[118.7786581,32.0936518],[118.7788114,32.0942223],[118.7800886,32.0937884],[118.78030572,32.09370871],[118.78026904,32.09181787]]]},"properties":{"id":"XW-P500-1335-7104","night":1397.11,"day":1930.42,"area_m2":34612.84,"night_density":40363.9,"day_density":55771.8,"source_kind":"simulated","reference_year":2023,"model":"XW-POP-SIM-1"}},{"type":"Feature","id":"XW-P500-1336-7093","geometry":{"type":"Polygon","coordinates":[[[118.77939545,32.04673113],[118.78468908,32.0466567],[118.78462638,32.04342656],[118.7813675,32.0436541],[118.7803983,32.0437098],[118.77933856,32.04379128],[118.77939545,32.04673113]]]},"properties":{"id":"XW-P500-1336-7093","night":14215.7,"day":23135.13,"area_m2":171087.31,"night_density":83090.3,"day_density":135224.1,"source_kind":"simulated","reference_year":2023,"model":"XW-POP-SIM-1"}},{"type":"Feature","id":"XW-P500-1336-7094","geometry":{"type":"Polygon","coordinates":[[[118.77939545,32.04673113],[118.77948273,32.05123982],[118.78477661,32.05116538],[118.78468908,32.0466567],[118.77939545,32.04673113]]]},"properties":{"id":"XW-P500-1336-7094","night":14882.25,"day":30809.81,"area_m2":250000.0,"night_density":59529.0,"day_density":123239.2,"source_kind":"simulated","reference_year":2023,"model":"XW-POP-SIM-1"}},{"type":"Feature","id":"XW-P500-1336-7095","geometry":{"type":"Polygon","coordinates":[[[118.77948273,32.05123982],[118.77957002,32.05574851],[118.78486416,32.05567405],[118.78477661,32.05116538],[118.77948273,32.05123982]]]},"properties":{"id":"XW-P500-1336-7095","night":10252.11,"day":22709.98,"area_m2":250000.0,"night_density":41008.4,"day_density":90839.9,"source_kind":"simulated","reference_year":2023,"model":"XW-POP-SIM-1"}},{"type":"Feature","id":"XW-P500-1336-7096","geometry":{"type":"Polygon","coordinates":[[[118.77957002,32.05574851],[118.77965733,32.06025719],[118.78495173,32.06018272],[118.78486416,32.05567405],[118.77957002,32.05574851]]]},"properties":{"id":"XW-P500-1336-7096","night":10125.09,"day":18221.27,"area_m2":250000.0,"night_density":40500.4,"day_density":72885.1,"source_kind":"simulated","reference_year":2023,"model":"XW-POP-SIM-1"}},{"type":"Feature","id":"XW-P500-1336-7097","geometry":{"type":"Polygon","coordinates":[[[118.77965733,32.06025719],[118.77974466,32.06476587],[118.78503931,32.06469139],[118.78495173,32.06018272],[118.77965733,32.06025719]]]},"properties":{"id":"XW-P500-1336-7097","night":3220.78,"day":6739.36,"area_m2":250000.0,"night_density":12883.1,"day_density":26957.4,"source_kind":"simulated","reference_year":2023,"model":"XW-POP-SIM-1"}},{"type":"Feature","id":"XW-P500-1336-7098","geometry":{"type":"Polygon","coordinates":[[[118.77974466,32.06476587],[118.779832,32.06927454],[118.78512692,32.06920005],[118.78503931,32.06469139],[118.77974466,32.06476587]]]},"properties":{"id":"XW-P500-1336-7098","night":0.0,"day":132.91,"area_m2":250000.0,"night_density":0.0,"day_density":531.6,"source_kind":"simulated","reference_year":2023,"model":"XW-POP-SIM-1"}},{"type":"Feature","id":"XW-P500-1336-7099","geometry":{"type":"Polygon","coordinates":[[[118.779832,32.06927454],[118.77991937,32.07378322],[118.78521455,32.07370871],[118.78512692,32.06920005],[118.779832,32.06927454]]]},"properties":{"id":"XW-P500-1336-7099","night":659.46,"day":1135.97,"area_m2":250000.0,"night_density":2637.8,"day_density":4543.9,"source_kind":"simulated","reference_year":2023,"model":"XW-POP-SIM-1"}},{"type":"Feature","id":"XW-P500-1336-7100","geometry":{"type":"Polygon","coordinates":[[[118.77991937,32.07378322],[118.78000676,32.07829189],[118.7853022,32.07821736],[118.78521455,32.07370871],[118.77991937,32.07378322]]]},"properties":{"id":"XW-P500-1336-7100","night":0.0,"day":19.55,"area_m2":250000.0,"night_density":0.0,"day_density":78.2,"source_kind":"simulated","reference_year":2023,"model":"XW-POP-SIM-1"}},{"type":"Feature","id":"XW-P500-1336-7101","geometry":{"type":"Polygon","coordinates":[[[118.78000676,32.07829189],[118.78009417,32.08280055],[118.78538987,32.08272601],[118.7853022,32.07821736],[118.78000676,32.07829189]]]},"properties":{"id":"XW-P500-1336-7101","night":30.68,"day":168.41,"area_m2":250000.0,"night_density":122.7,"day_density":673.6,"source_kind":"simulated","reference_year":2023,"model":"XW-POP-SIM-1"}},{"type":"Feature","id":"XW-P500-1336-7102","geometry":{"type":"Polygon","coordinates":[[[118.78009417,32.08280055],[118.7801816,32.08730921],[118.78547755,32.08723466],[118.78538987,32.08272601],[118.78009417,32.08280055]]]},"properties":{"id":"XW-P500-1336-7102","night":232.91,"day":360.91,"area_m2":250000.0,"night_density":931.6,"day_density":1443.6,"source_kind":"simulated","reference_year":2023,"model":"XW-POP-SIM-1"}},{"type":"Feature","id":"XW-P500-1336-7103","geometry":{"type":"Polygon","coordinates":[[[118.78547755,32.08723466],[118.7801816,32.08730921],[118.78026904,32.09181787],[118.78543521,32.09174514],[118.78556431,32.09169457],[118.78547755,32.08723466]]]},"properties":{"id":"XW-P500-1336-7103","night":230.38,"day":261.11,"area_m2":249966.82,"night_density":921.6,"day_density":1044.6,"source_kind":"simulated","reference_year":2023,"model":"XW-POP-SIM-1"}},{"type":"Feature","id":"XW-P500-1336-7104","geometry":{"type":"Polygon","coordinates":[[[118.78026904,32.09181787],[118.78030572,32.09370871],[118.7831045,32.0926814],[118.785165,32.091851],[118.78543521,32.09174514],[118.78026904,32.09181787]]]},"properties":{"id":"XW-P500-1336-7104","night":203.56,"day":279.91,"area_m2":52284.21,"night_density":3893.3,"day_density":5353.6,"source_kind":"simulated","reference_year":2023,"model":"XW-POP-SIM-1"}},{"type":"Feature","id":"XW-P500-1337-7093","geometry":{"type":"Polygon","coordinates":[[[118.78468908,32.0466567],[118.78998268,32.04658205],[118.78991406,32.04305745],[118.7894801,32.0430875],[118.78462638,32.04342656],[118.78468908,32.0466567]]]},"properties":{"id":"XW-P500-1337-7093","night":9611.29,"day":17177.09,"area_m2":187277.75,"night_density":51321.0,"day_density":91719.9,"source_kind":"simulated","reference_year":2023,"model":"XW-POP-SIM-1"}},{"type":"Feature","id":"XW-P500-1337-7094","geometry":{"type":"Polygon","coordinates":[[[118.78468908,32.0466567],[118.78477661,32.05116538],[118.79007047,32.05109071],[118.78998268,32.04658205],[118.78468908,32.0466567]]]},"properties":{"id":"XW-P500-1337-7094","night":21610.69,"day":20875.52,"area_m2":250000.0,"night_density":86442.8,"day_density":83502.1,"source_kind":"simulated","reference_year":2023,"model":"XW-POP-SIM-1"}},{"type":"Feature","id":"XW-P500-1337-7095","geometry":{"type":"Polygon","coordinates":[[[118.78477661,32.05116538],[118.78486416,32.05567405],[118.79015828,32.05559937],[118.79007047,32.05109071],[118.78477661,32.05116538]]]},"properties":{"id":"XW-P500-1337-7095","night":6433.96,"day":5525.62,"area_m2":250000.0,"night_density":25735.8,"day_density":22102.5,"source_kind":"simulated","reference_year":2023,"model":"XW-POP-SIM-1"}},{"type":"Feature","id":"XW-P500-1337-7096","geometry":{"type":"Polygon","coordinates":[[[118.78486416,32.05567405],[118.78495173,32.06018272],[118.79024611,32.06010803],[118.79015828,32.05559937],[118.78486416,32.05567405]]]},"properties":{"id":"XW-P500-1337-7096","night":4408.49,"day":7779.94,"area_m2":250000.0,"night_density":17634.0,"day_density":31119.8,"source_kind":"simulated","reference_year":2023,"model":"XW-POP-SIM-1"}},{"type":"Feature","id":"XW-P500-1337-7097","geometry":{"type":"Polygon","coordinates":[[[118.78495173,32.06018272],[118.78503931,32.06469139],[118.79033395,32.06461668],[118.79024611,32.06010803],[118.78495173,32.06018272]]]},"properties":{"id":"XW-P500-1337-7097","night":900.51,"day":1013.05,"area_m2":250000.0,"night_density":3602.0,"day_density":4052.2,"source_kind":"simulated","reference_year":2023,"model":"XW-POP-SIM-1"}},{"type":"Feature","id":"XW-P500-1337-7098","geometry":{"type":"Polygon","coordinates":[[[118.78503931,32.06469139],[118.78512692,32.06920005],[118.79042182,32.06912533],[118.79033395,32.06461668],[118.78503931,32.06469139]]]},"properties":{"id":"XW-P500-1337-7098","night":328.54,"day":295.77,"area_m2":250000.0,"night_density":1314.2,"day_density":1183.1,"source_kind":"simulated","reference_year":2023,"model":"XW-POP-SIM-1"}},{"type":"Feature","id":"XW-P500-1337-7099","geometry":{"type":"Polygon","coordinates":[[[118.78512692,32.06920005],[118.78521455,32.07370871],[118.79050971,32.07363398],[118.79042182,32.06912533],[118.78512692,32.06920005]]]},"properties":{"id":"XW-P500-1337-7099","night":231.19,"day":319.44,"area_m2":250000.0,"night_density":924.8,"day_density":1277.8,"source_kind":"simulated","reference_year":2023,"model":"XW-POP-SIM-1"}},{"type":"Feature","id":"XW-P500-1337-7100","geometry":{"type":"Polygon","coordinates":[[[118.78521455,32.07370871],[118.7853022,32.07821736],[118.79059762,32.07814262],[118.79050971,32.07363398],[118.78521455,32.07370871]]]},"properties":{"id":"XW-P500-1337-7100","night":200.91,"day":482.83,"area_m2":250000.0,"night_density":803.6,"day_density":1931.3,"source_kind":"simulated","reference_year":2023,"model":"XW-POP-SIM-1"}},{"type":"Feature","id":"XW-P500-1337-7101","geometry":{"type":"Polygon","coordinates":[[[118.7853022,32.07821736],[118.78538987,32.08272601],[118.79068555,32.08265126],[118.79059762,32.07814262],[118.7853022,32.07821736]]]},"properties":{"id":"XW-P500-1337-7101","night":321.49,"day":483.3,"area_m2":250000.0,"night_density":1286.0,"day_density":1933.2,"source_kind":"simulated","reference_year":2023,"model":"XW-POP-SIM-1"}},{"type":"Feature","id":"XW-P500-1337-7102","geometry":{"type":"Polygon","coordinates":[[[118.78538987,32.08272601],[118.78547755,32.08723466],[118.79077349,32.08715989],[118.79068555,32.08265126],[118.78538987,32.08272601]]]},"properties":{"id":"XW-P500-1337-7102","night":0.0,"day":0.0,"area_m2":250000.0,"night_density":0.0,"day_density":0.0,"source_kind":"simulated","reference_year":2023,"model":"XW-POP-SIM-1"}},{"type":"Feature","id":"XW-P500-1337-7103","geometry":{"type":"Polygon","coordinates":[[[118.79077349,32.08715989],[118.78547755,32.08723466],[118.78556431,32.09169457],[118.7875695,32.090909],[118.7888155,32.0904456],[118.7889033,32.0906162],[118.7901521,32.0902801],[118.7905948,32.0908572],[118.79084326,32.09073586],[118.79077349,32.08715989]]]},"properties":{"id":"XW-P500-1337-7103","night":711.88,"day":1753.55,"area_m2":202851.62,"night_density":3509.4,"day_density":8644.5,"source_kind":"simulated","reference_year":2023,"model":"XW-POP-SIM-1"}},{"type":"Feature","id":"XW-P500-1338-7093","geometry":{"type":"Polygon","coordinates":[[[118.78998268,32.04658205],[118.79527626,32.04650717],[118.79520182,32.04269436],[118.7939991,32.0427745],[118.78991406,32.04305745],[118.78998268,32.04658205]]]},"properties":{"id":"XW-P500-1338-7093","night":6286.38,"day":8940.14,"area_m2":203493.76,"night_density":30892.2,"day_density":43933.2,"source_kind":"simulated","reference_year":2023,"model":"XW-POP-SIM-1"}},{"type":"Feature","id":"XW-P500-1338-7094","geometry":{"type":"Polygon","coordinates":[[[118.78998268,32.04658205],[118.79007047,32.05109071],[118.79536431,32.05101582],[118.79527626,32.04650717],[118.78998268,32.04658205]]]},"properties":{"id":"XW-P500-1338-7094","night":7732.62,"day":9529.23,"area_m2":250000.0,"night_density":30930.5,"day_density":38116.9,"source_kind":"simulated","reference_year":2023,"model":"XW-POP-SIM-1"}},{"type":"Feature","id":"XW-P500-1338-7095","geometry":{"type":"Polygon","coordinates":[[[118.79007047,32.05109071],[118.79015828,32.05559937],[118.79545238,32.05552447],[118.79536431,32.05101582],[118.79007047,32.05109071]]]},"properties":{"id":"XW-P500-1338-7095","night":9355.63,"day":8236.47,"area_m2":250000.0,"night_density":37422.5,"day_density":32945.9,"source_kind":"simulated","reference_year":2023,"model":"XW-POP-SIM-1"}},{"type":"Feature","id":"XW-P500-1338-7096","geometry":{"type":"Polygon","coordinates":[[[118.79015828,32.05559937],[118.79024611,32.06010803],[118.79554047,32.06003311],[118.79545238,32.05552447],[118.79015828,32.05559937]]]},"properties":{"id":"XW-P500-1338-7096","night":6421.8,"day":9166.71,"area_m2":250000.0,"night_density":25687.2,"day_density":36666.8,"source_kind":"simulated","reference_year":2023,"model":"XW-POP-SIM-1"}},{"type":"Feature","id":"XW-P500-1338-7097","geometry":{"type":"Polygon","coordinates":[[[118.79024611,32.06010803],[118.79033395,32.06461668],[118.79562858,32.06454175],[118.79554047,32.06003311],[118.79024611,32.06010803]]]},"properties":{"id":"XW-P500-1338-7097","night":1776.47,"day":2293.95,"area_m2":250000.0,"night_density":7105.9,"day_density":9175.8,"source_kind":"simulated","reference_year":2023,"model":"XW-POP-SIM-1"}},{"type":"Feature","id":"XW-P500-1338-7098","geometry":{"type":"Polygon","coordinates":[[[118.79033395,32.06461668],[118.79042182,32.06912533],[118.7957167,32.06905039],[118.79562858,32.06454175],[118.79033395,32.06461668]]]},"properties":{"id":"XW-P500-1338-7098","night":16.42,"day":66.19,"area_m2":250000.0,"night_density":65.7,"day_density":264.8,"source_kind":"simulated","reference_year":2023,"model":"XW-POP-SIM-1"}},{"type":"Feature","id":"XW-P500-1338-7099","geometry":{"type":"Polygon","coordinates":[[[118.79042182,32.06912533],[118.79050971,32.07363398],[118.79580485,32.07355902],[118.7957167,32.06905039],[118.79042182,32.06912533]]]},"properties":{"id":"XW-P500-1338-7099","night":373.38,"day":515.9,"area_m2":250000.0,"night_density":1493.5,"day_density":2063.6,"source_kind":"simulated","reference_year":2023,"model":"XW-POP-SIM-1"}},{"type":"Feature","id":"XW-P500-1338-7100","geometry":{"type":"Polygon","coordinates":[[[118.79050971,32.07363398],[118.79059762,32.07814262],[118.79589302,32.07806765],[118.79580485,32.07355902],[118.79050971,32.07363398]]]},"properties":{"id":"XW-P500-1338-7100","night":91.49,"day":136.19,"area_m2":250000.0,"night_density":366.0,"day_density":544.8,"source_kind":"simulated","reference_year":2023,"model":"XW-POP-SIM-1"}},{"type":"Feature","id":"XW-P500-1338-7101","geometry":{"type":"Polygon","coordinates":[[[118.79059762,32.07814262],[118.79068555,32.08265126],[118.7959812,32.08257628],[118.79589302,32.07806765],[118.79059762,32.07814262]]]},"properties":{"id":"XW-P500-1338-7101","night":20.5,"day":67.41,"area_m2":250000.0,"night_density":82.0,"day_density":269.6,"source_kind":"simulated","reference_year":2023,"model":"XW-POP-SIM-1"}},{"type":"Feature","id":"XW-P500-1338-7102","geometry":{"type":"Polygon","coordinates":[[[118.79068555,32.08265126],[118.79077349,32.08715989],[118.79606941,32.0870849],[118.7959812,32.08257628],[118.79068555,32.08265126]]]},"properties":{"id":"XW-P500-1338-7102","night":392.64,"day":636.33,"area_m2":250000.0,"night_density":1570.6,"day_density":2545.3,"source_kind":"simulated","reference_year":2023,"model":"XW-POP-SIM-1"}},{"type":"Feature","id":"XW-P500-1338-7103","geometry":{"type":"Polygon","coordinates":[[[118.79615764,32.09159352],[118.79606941,32.0870849],[118.79077349,32.08715989],[118.79084326,32.09073586],[118.7923569,32.0899966],[118.7927431,32.0902445],[118.7930993,32.0913245],[118.79265813,32.09164311],[118.79615764,32.09159352]]]},"properties":{"id":"XW-P500-1338-7103","night":1674.91,"day":5115.06,"area_m2":220995.21,"night_density":7578.9,"day_density":23145.6,"source_kind":"simulated","reference_year":2023,"model":"XW-POP-SIM-1"}},{"type":"Feature","id":"XW-P500-1338-7104","geometry":{"type":"Polygon","coordinates":[[[118.79624588,32.09610214],[118.79615764,32.09159352],[118.79265813,32.09164311],[118.7917006,32.0923346],[118.7922322,32.0927805],[118.7918141,32.0931609],[118.7911329,32.0932965],[118.7913496,32.0940748],[118.7925161,32.094066],[118.7929599,32.0948531],[118.7941418,32.0950935],[118.79380645,32.09613672],[118.79624588,32.09610214]]]},"properties":{"id":"XW-P500-1338-7104","night":236.82,"day":366.27,"area_m2":172276.33,"night_density":1374.7,"day_density":2126.1,"source_kind":"simulated","reference_year":2023,"model":"XW-POP-SIM-1"}},{"type":"Feature","id":"XW-P500-1338-7105","geometry":{"type":"Polygon","coordinates":[[[118.79624588,32.09610214],[118.79380645,32.09613672],[118.7934812,32.0971485],[118.7942966,32.0973103],[118.7946364,32.0973207],[118.7952163,32.0970306],[118.7957685,32.0971705],[118.7961969,32.0975858],[118.79627746,32.09771511],[118.79624588,32.09610214]]]},"properties":{"id":"XW-P500-1338-7105","night":0.43,"day":0.2,"area_m2":30700.13,"night_density":14.0,"day_density":6.5,"source_kind":"simulated","reference_year":2023,"model":"XW-POP-SIM-1"}},{"type":"Feature","id":"XW-P500-1339-7093","geometry":{"type":"Polygon","coordinates":[[[118.79527626,32.04650717],[118.80056983,32.04643208],[118.80048942,32.0423262],[118.7986785,32.0424609],[118.7975375,32.0425387],[118.79520182,32.04269436],[118.79527626,32.04650717]]]},"properties":{"id":"XW-P500-1339-7093","night":2644.49,"day":3743.86,"area_m2":219282.71,"night_density":12059.7,"day_density":17073.2,"source_kind":"simulated","reference_year":2023,"model":"XW-POP-SIM-1"}},{"type":"Feature","id":"XW-P500-1339-7094","geometry":{"type":"Polygon","coordinates":[[[118.79527626,32.04650717],[118.79536431,32.05101582],[118.80065813,32.05094072],[118.80056983,32.04643208],[118.79527626,32.04650717]]]},"properties":{"id":"XW-P500-1339-7094","night":2694.0,"day":3450.68,"area_m2":250000.0,"night_density":10776.0,"day_density":13802.7,"source_kind":"simulated","reference_year":2023,"model":"XW-POP-SIM-1"}},{"type":"Feature","id":"XW-P500-1339-7095","geometry":{"type":"Polygon","coordinates":[[[118.79536431,32.05101582],[118.79545238,32.05552447],[118.80074646,32.05544935],[118.80065813,32.05094072],[118.79536431,32.05101582]]]},"properties":{"id":"XW-P500-1339-7095","night":3542.77,"day":4444.34,"area_m2":250000.0,"night_density":14171.1,"day_density":17777.4,"source_kind":"simulated","reference_year":2023,"model":"XW-POP-SIM-1"}},{"type":"Feature","id":"XW-P500-1339-7096","geometry":{"type":"Polygon","coordinates":[[[118.79545238,32.05552447],[118.79554047,32.06003311],[118.80083481,32.05995798],[118.80074646,32.05544935],[118.79545238,32.05552447]]]},"properties":{"id":"XW-P500-1339-7096","night":2402.31,"day":3609.58,"area_m2":250000.0,"night_density":9609.2,"day_density":14438.3,"source_kind":"simulated","reference_year":2023,"model":"XW-POP-SIM-1"}},{"type":"Feature","id":"XW-P500-1339-7097","geometry":{"type":"Polygon","coordinates":[[[118.79554047,32.06003311],[118.79562858,32.06454175],[118.80092318,32.06446661],[118.80083481,32.05995798],[118.79554047,32.06003311]]]},"properties":{"id":"XW-P500-1339-7097","night":5555.0,"day":5655.5,"area_m2":250000.0,"night_density":22220.0,"day_density":22622.0,"source_kind":"simulated","reference_year":2023,"model":"XW-POP-SIM-1"}},{"type":"Feature","id":"XW-P500-1339-7098","geometry":{"type":"Polygon","coordinates":[[[118.79562858,32.06454175],[118.7957167,32.06905039],[118.80101156,32.06897523],[118.80092318,32.06446661],[118.79562858,32.06454175]]]},"properties":{"id":"XW-P500-1339-7098","night":0.0,"day":0.0,"area_m2":250000.0,"night_density":0.0,"day_density":0.0,"source_kind":"simulated","reference_year":2023,"model":"XW-POP-SIM-1"}},{"type":"Feature","id":"XW-P500-1339-7099","geometry":{"type":"Polygon","coordinates":[[[118.7957167,32.06905039],[118.79580485,32.07355902],[118.80109997,32.07348385],[118.80101156,32.06897523],[118.7957167,32.06905039]]]},"properties":{"id":"XW-P500-1339-7099","night":0.1,"day":19.68,"area_m2":250000.0,"night_density":0.4,"day_density":78.7,"source_kind":"simulated","reference_year":2023,"model":"XW-POP-SIM-1"}},{"type":"Feature","id":"XW-P500-1339-7100","geometry":{"type":"Polygon","coordinates":[[[118.79580485,32.07355902],[118.79589302,32.07806765],[118.8011884,32.07799247],[118.80109997,32.07348385],[118.79580485,32.07355902]]]},"properties":{"id":"XW-P500-1339-7100","night":0.0,"day":0.0,"area_m2":250000.0,"night_density":0.0,"day_density":0.0,"source_kind":"simulated","reference_year":2023,"model":"XW-POP-SIM-1"}},{"type":"Feature","id":"XW-P500-1339-7101","geometry":{"type":"Polygon","coordinates":[[[118.79589302,32.07806765],[118.7959812,32.08257628],[118.80127684,32.08250108],[118.8011884,32.07799247],[118.79589302,32.07806765]]]},"properties":{"id":"XW-P500-1339-7101","night":73.66,"day":101.77,"area_m2":250000.0,"night_density":294.6,"day_density":407.1,"source_kind":"simulated","reference_year":2023,"model":"XW-POP-SIM-1"}},{"type":"Feature","id":"XW-P500-1339-7102","geometry":{"type":"Polygon","coordinates":[[[118.7959812,32.08257628],[118.79606941,32.0870849],[118.80136531,32.08700969],[118.80127684,32.08250108],[118.7959812,32.08257628]]]},"properties":{"id":"XW-P500-1339-7102","night":0.2,"day":94.09,"area_m2":250000.0,"night_density":0.8,"day_density":376.4,"source_kind":"simulated","reference_year":2023,"model":"XW-POP-SIM-1"}},{"type":"Feature","id":"XW-P500-1339-7103","geometry":{"type":"Polygon","coordinates":[[[118.79606941,32.0870849],[118.79615764,32.09159352],[118.8014538,32.0915183],[118.80136531,32.08700969],[118.79606941,32.0870849]]]},"properties":{"id":"XW-P500-1339-7103","night":375.46,"day":518.79,"area_m2":250000.0,"night_density":1501.8,"day_density":2075.2,"source_kind":"simulated","reference_year":2023,"model":"XW-POP-SIM-1"}},{"type":"Feature","id":"XW-P500-1339-7104","geometry":{"type":"Polygon","coordinates":[[[118.79615764,32.09159352],[118.79624588,32.09610214],[118.8015423,32.0960269],[118.8014538,32.0915183],[118.79615764,32.09159352]]]},"properties":{"id":"XW-P500-1339-7104","night":421.36,"day":582.2,"area_m2":250000.0,"night_density":1685.4,"day_density":2328.8,"source_kind":"simulated","reference_year":2023,"model":"XW-POP-SIM-1"}},{"type":"Feature","id":"XW-P500-1339-7105","geometry":{"type":"Polygon","coordinates":[[[118.8015423,32.0960269],[118.79624588,32.09610214],[118.79627746,32.09771511],[118.7970794,32.0990024],[118.7975026,32.0992735],[118.8006251,32.1001086],[118.8011117,32.1003478],[118.80160616,32.09927955],[118.8015423,32.0960269]]]},"properties":{"id":"XW-P500-1339-7105","night":461.98,"day":466.44,"area_m2":191209.56,"night_density":2416.1,"day_density":2439.4,"source_kind":"simulated","reference_year":2023,"model":"XW-POP-SIM-1"}},{"type":"Feature","id":"XW-P500-1340-7093","geometry":{"type":"Polygon","coordinates":[[[118.80056983,32.04643208],[118.80586337,32.04635676],[118.80577678,32.04194809],[118.8055223,32.0419648],[118.8006454,32.0423146],[118.80048942,32.0423262],[118.80056983,32.04643208]]]},"properties":{"id":"XW-P500-1340-7093","night":5275.01,"day":12146.19,"area_m2":236114.33,"night_density":22340.9,"day_density":51442.0,"source_kind":"simulated","reference_year":2023,"model":"XW-POP-SIM-1"}},{"type":"Feature","id":"XW-P500-1340-7094","geometry":{"type":"Polygon","coordinates":[[[118.80056983,32.04643208],[118.80065813,32.05094072],[118.80595194,32.05086539],[118.80586337,32.04635676],[118.80056983,32.04643208]]]},"properties":{"id":"XW-P500-1340-7094","night":691.43,"day":1392.68,"area_m2":250000.0,"night_density":2765.7,"day_density":5570.7,"source_kind":"simulated","reference_year":2023,"model":"XW-POP-SIM-1"}},{"type":"Feature","id":"XW-P500-1340-7095","geometry":{"type":"Polygon","coordinates":[[[118.80065813,32.05094072],[118.80074646,32.05544935],[118.80604052,32.05537401],[118.80595194,32.05086539],[118.80065813,32.05094072]]]},"properties":{"id":"XW-P500-1340-7095","night":195.91,"day":270.7,"area_m2":250000.0,"night_density":783.6,"day_density":1082.8,"source_kind":"simulated","reference_year":2023,"model":"XW-POP-SIM-1"}},{"type":"Feature","id":"XW-P500-1340-7096","geometry":{"type":"Polygon","coordinates":[[[118.80074646,32.05544935],[118.80083481,32.05995798],[118.80612913,32.05988262],[118.80604052,32.05537401],[118.80074646,32.05544935]]]},"properties":{"id":"XW-P500-1340-7096","night":608.08,"day":1056.91,"area_m2":250000.0,"night_density":2432.3,"day_density":4227.6,"source_kind":"simulated","reference_year":2023,"model":"XW-POP-SIM-1"}},{"type":"Feature","id":"XW-P500-1340-7097","geometry":{"type":"Polygon","coordinates":[[[118.80083481,32.05995798],[118.80092318,32.06446661],[118.80621776,32.06439124],[118.80612913,32.05988262],[118.80083481,32.05995798]]]},"properties":{"id":"XW-P500-1340-7097","night":19.17,"day":155.34,"area_m2":250000.0,"night_density":76.7,"day_density":621.4,"source_kind":"simulated","reference_year":2023,"model":"XW-POP-SIM-1"}},{"type":"Feature","id":"XW-P500-1340-7098","geometry":{"type":"Polygon","coordinates":[[[118.80092318,32.06446661],[118.80101156,32.06897523],[118.8063064,32.06889985],[118.80621776,32.06439124],[118.80092318,32.06446661]]]},"properties":{"id":"XW-P500-1340-7098","night":13.24,"day":18.3,"area_m2":250000.0,"night_density":53.0,"day_density":73.2,"source_kind":"simulated","reference_year":2023,"model":"XW-POP-SIM-1"}},{"type":"Feature","id":"XW-P500-1340-7099","geometry":{"type":"Polygon","coordinates":[[[118.80101156,32.06897523],[118.80109997,32.07348385],[118.80639507,32.07340845],[118.8063064,32.06889985],[118.80101156,32.06897523]]]},"properties":{"id":"XW-P500-1340-7099","night":56.46,"day":35.74,"area_m2":250000.0,"night_density":225.8,"day_density":143.0,"source_kind":"simulated","reference_year":2023,"model":"XW-POP-SIM-1"}},{"type":"Feature","id":"XW-P500-1340-7100","geometry":{"type":"Polygon","coordinates":[[[118.80109997,32.07348385],[118.8011884,32.07799247],[118.80648376,32.07791706],[118.80639507,32.07340845],[118.80109997,32.07348385]]]},"properties":{"id":"XW-P500-1340-7100","night":2506.77,"day":3854.46,"area_m2":250000.0,"night_density":10027.1,"day_density":15417.8,"source_kind":"simulated","reference_year":2023,"model":"XW-POP-SIM-1"}},{"type":"Feature","id":"XW-P500-1340-7101","geometry":{"type":"Polygon","coordinates":[[[118.8011884,32.07799247],[118.80127684,32.08250108],[118.80657246,32.08242566],[118.80648376,32.07791706],[118.8011884,32.07799247]]]},"properties":{"id":"XW-P500-1340-7101","night":1162.08,"day":2383.78,"area_m2":250000.0,"night_density":4648.3,"day_density":9535.1,"source_kind":"simulated","reference_year":2023,"model":"XW-POP-SIM-1"}},{"type":"Feature","id":"XW-P500-1340-7102","geometry":{"type":"Polygon","coordinates":[[[118.80127684,32.08250108],[118.80136531,32.08700969],[118.80666119,32.08693426],[118.80657246,32.08242566],[118.80127684,32.08250108]]]},"properties":{"id":"XW-P500-1340-7102","night":506.06,"day":2927.78,"area_m2":250000.0,"night_density":2024.2,"day_density":11711.1,"source_kind":"simulated","reference_year":2023,"model":"XW-POP-SIM-1"}},{"type":"Feature","id":"XW-P500-1340-7103","geometry":{"type":"Polygon","coordinates":[[[118.80136531,32.08700969],[118.8014538,32.0915183],[118.80674993,32.09144285],[118.80666119,32.08693426],[118.80136531,32.08700969]]]},"properties":{"id":"XW-P500-1340-7103","night":0.0,"day":101.64,"area_m2":250000.0,"night_density":0.0,"day_density":406.6,"source_kind":"simulated","reference_year":2023,"model":"XW-POP-SIM-1"}},{"type":"Feature","id":"XW-P500-1340-7104","geometry":{"type":"Polygon","coordinates":[[[118.8014538,32.0915183],[118.8015423,32.0960269],[118.8068387,32.09595144],[118.80674993,32.09144285],[118.8014538,32.0915183]]]},"properties":{"id":"XW-P500-1340-7104","night":151.64,"day":101.03,"area_m2":250000.0,"night_density":606.6,"day_density":404.1,"source_kind":"simulated","reference_year":2023,"model":"XW-POP-SIM-1"}},{"type":"Feature","id":"XW-P500-1340-7105","geometry":{"type":"Polygon","coordinates":[[[118.8068387,32.09595144],[118.8015423,32.0960269],[118.80160616,32.09927955],[118.8018865,32.0986739],[118.8029703,32.0985646],[118.8032594,32.0989887],[118.8037032,32.0986171],[118.8048469,32.0987138],[118.8054094,32.0987838],[118.8062012,32.0987788],[118.8064696,32.0965359],[118.80684904,32.09647657],[118.8068387,32.09595144]]]},"properties":{"id":"XW-P500-1340-7105","night":295.54,"day":167.22,"area_m2":139351.1,"night_density":2120.8,"day_density":1200.0,"source_kind":"simulated","reference_year":2023,"model":"XW-POP-SIM-1"}},{"type":"Feature","id":"XW-P500-1341-7092","geometry":{"type":"Polygon","coordinates":[[[118.81106809,32.04177261],[118.81106473,32.04160202],[118.8102201,32.0416563],[118.80772184,32.04182038],[118.81106809,32.04177261]]]},"properties":{"id":"XW-P500-1341-7092","night":0.0,"day":0.0,"area_m2":3005.68,"night_density":0.0,"day_density":0.0,"source_kind":"simulated","reference_year":2023,"model":"XW-POP-SIM-1"}},{"type":"Feature","id":"XW-P500-1341-7093","geometry":{"type":"Polygon","coordinates":[[[118.80586337,32.04635676],[118.81115689,32.04628123],[118.81106809,32.04177261],[118.80772184,32.04182038],[118.80577678,32.04194809],[118.80586337,32.04635676]]]},"properties":{"id":"XW-P500-1341-7093","night":7229.74,"day":4960.28,"area_m2":248980.63,"night_density":29037.4,"day_density":19922.4,"source_kind":"simulated","reference_year":2023,"model":"XW-POP-SIM-1"}},{"type":"Feature","id":"XW-P500-1341-7094","geometry":{"type":"Polygon","coordinates":[[[118.80586337,32.04635676],[118.80595194,32.05086539],[118.81124572,32.05078984],[118.81115689,32.04628123],[118.80586337,32.04635676]]]},"properties":{"id":"XW-P500-1341-7094","night":0.0,"day":0.0,"area_m2":250000.0,"night_density":0.0,"day_density":0.0,"source_kind":"simulated","reference_year":2023,"model":"XW-POP-SIM-1"}},{"type":"Feature","id":"XW-P500-1341-7095","geometry":{"type":"Polygon","coordinates":[[[118.80595194,32.05086539],[118.80604052,32.05537401],[118.81133457,32.05529844],[118.81124572,32.05078984],[118.80595194,32.05086539]]]},"properties":{"id":"XW-P500-1341-7095","night":1591.38,"day":2292.67,"area_m2":250000.0,"night_density":6365.5,"day_density":9170.7,"source_kind":"simulated","reference_year":2023,"model":"XW-POP-SIM-1"}},{"type":"Feature","id":"XW-P500-1341-7096","geometry":{"type":"Polygon","coordinates":[[[118.80604052,32.05537401],[118.80612913,32.05988262],[118.81142343,32.05980705],[118.81133457,32.05529844],[118.80604052,32.05537401]]]},"properties":{"id":"XW-P500-1341-7096","night":1420.15,"day":2132.73,"area_m2":250000.0,"night_density":5680.6,"day_density":8530.9,"source_kind":"simulated","reference_year":2023,"model":"XW-POP-SIM-1"}},{"type":"Feature","id":"XW-P500-1341-7097","geometry":{"type":"Polygon","coordinates":[[[118.80612913,32.05988262],[118.80621776,32.06439124],[118.81151232,32.06431565],[118.81142343,32.05980705],[118.80612913,32.05988262]]]},"properties":{"id":"XW-P500-1341-7097","night":49.42,"day":83.32,"area_m2":250000.0,"night_density":197.7,"day_density":333.3,"source_kind":"simulated","reference_year":2023,"model":"XW-POP-SIM-1"}},{"type":"Feature","id":"XW-P500-1341-7098","geometry":{"type":"Polygon","coordinates":[[[118.80621776,32.06439124],[118.8063064,32.06889985],[118.81160122,32.06882425],[118.81151232,32.06431565],[118.80621776,32.06439124]]]},"properties":{"id":"XW-P500-1341-7098","night":690.58,"day":2617.54,"area_m2":250000.0,"night_density":2762.3,"day_density":10470.2,"source_kind":"simulated","reference_year":2023,"model":"XW-POP-SIM-1"}},{"type":"Feature","id":"XW-P500-1341-7099","geometry":{"type":"Polygon","coordinates":[[[118.8063064,32.06889985],[118.80639507,32.07340845],[118.81169015,32.07333284],[118.81160122,32.06882425],[118.8063064,32.06889985]]]},"properties":{"id":"XW-P500-1341-7099","night":8995.46,"day":4920.79,"area_m2":250000.0,"night_density":35981.8,"day_density":19683.2,"source_kind":"simulated","reference_year":2023,"model":"XW-POP-SIM-1"}},{"type":"Feature","id":"XW-P500-1341-7100","geometry":{"type":"Polygon","coordinates":[[[118.80639507,32.07340845],[118.80648376,32.07791706],[118.8117791,32.07784143],[118.81169015,32.07333284],[118.80639507,32.07340845]]]},"properties":{"id":"XW-P500-1341-7100","night":25154.58,"day":15930.87,"area_m2":250000.0,"night_density":100618.3,"day_density":63723.5,"source_kind":"simulated","reference_year":2023,"model":"XW-POP-SIM-1"}},{"type":"Feature","id":"XW-P500-1341-7101","geometry":{"type":"Polygon","coordinates":[[[118.80648376,32.07791706],[118.80657246,32.08242566],[118.81186806,32.08235002],[118.8117791,32.07784143],[118.80648376,32.07791706]]]},"properties":{"id":"XW-P500-1341-7101","night":6404.83,"day":8038.01,"area_m2":250000.0,"night_density":25619.3,"day_density":32152.0,"source_kind":"simulated","reference_year":2023,"model":"XW-POP-SIM-1"}},{"type":"Feature","id":"XW-P500-1341-7102","geometry":{"type":"Polygon","coordinates":[[[118.80657246,32.08242566],[118.80666119,32.08693426],[118.81195705,32.0868586],[118.81186806,32.08235002],[118.80657246,32.08242566]]]},"properties":{"id":"XW-P500-1341-7102","night":4769.83,"day":3722.92,"area_m2":250000.0,"night_density":19079.3,"day_density":14891.7,"source_kind":"simulated","reference_year":2023,"model":"XW-POP-SIM-1"}},{"type":"Feature","id":"XW-P500-1341-7103","geometry":{"type":"Polygon","coordinates":[[[118.80666119,32.08693426],[118.80674993,32.09144285],[118.81204605,32.09136718],[118.81195705,32.0868586],[118.80666119,32.08693426]]]},"properties":{"id":"XW-P500-1341-7103","night":1019.61,"day":1502.64,"area_m2":250000.0,"night_density":4078.4,"day_density":6010.6,"source_kind":"simulated","reference_year":2023,"model":"XW-POP-SIM-1"}},{"type":"Feature","id":"XW-P500-1341-7104","geometry":{"type":"Polygon","coordinates":[[[118.81213508,32.09587576],[118.81204605,32.09136718],[118.80674993,32.09144285],[118.8068387,32.09595144],[118.80822256,32.09593169],[118.8082708,32.0958801],[118.8088798,32.0957795],[118.8096746,32.0957576],[118.80978003,32.09590944],[118.81213508,32.09587576]]]},"properties":{"id":"XW-P500-1341-7104","night":569.72,"day":744.56,"area_m2":248053.48,"night_density":2296.8,"day_density":3001.6,"source_kind":"simulated","reference_year":2023,"model":"XW-POP-SIM-1"}},{"type":"Feature","id":"XW-P500-1341-7105","geometry":{"type":"MultiPolygon","coordinates":[[[[118.81213508,32.09587576],[118.80978003,32.09590944],[118.8099843,32.0962036],[118.8100668,32.097406],[118.8118526,32.0973491],[118.8118165,32.0977208],[118.81217178,32.09773397],[118.81213508,32.09587576]]],[[[118.8068387,32.09595144],[118.80684904,32.09647657],[118.8071405,32.096431],[118.8073986,32.0962954],[118.8080695,32.0964485],[118.8081727,32.095985],[118.80822256,32.09593169],[118.8068387,32.09595144]]]]},"properties":{"id":"XW-P500-1341-7105","night":231.56,"day":106.52,"area_m2":40803.89,"night_density":5674.9,"day_density":2610.5,"source_kind":"simulated","reference_year":2023,"model":"XW-POP-SIM-1"}},{"type":"Feature","id":"XW-P500-1342-7092","geometry":{"type":"Polygon","coordinates":[[[118.81106809,32.04177261],[118.81636133,32.04169687],[118.81635246,32.04124768],[118.8152349,32.0413202],[118.8126051,32.041503],[118.81106473,32.04160202],[118.81106809,32.04177261]]]},"properties":{"id":"XW-P500-1342-7092","night":9.54,"day":44.45,"area_m2":17138.78,"night_density":556.6,"day_density":2593.5,"source_kind":"simulated","reference_year":2023,"model":"XW-POP-SIM-1"}},{"type":"Feature","id":"XW-P500-1342-7093","geometry":{"type":"Polygon","coordinates":[[[118.81106809,32.04177261],[118.81115689,32.04628123],[118.8164504,32.04620547],[118.81636133,32.04169687],[118.81106809,32.04177261]]]},"properties":{"id":"XW-P500-1342-7093","night":434.99,"day":622.75,"area_m2":250000.0,"night_density":1740.0,"day_density":2491.0,"source_kind":"simulated","reference_year":2023,"model":"XW-POP-SIM-1"}},{"type":"Feature","id":"XW-P500-1342-7094","geometry":{"type":"Polygon","coordinates":[[[118.81115689,32.04628123],[118.81124572,32.05078984],[118.81653948,32.05071407],[118.8164504,32.04620547],[118.81115689,32.04628123]]]},"properties":{"id":"XW-P500-1342-7094","night":0.0,"day":205.23,"area_m2":250000.0,"night_density":0.0,"day_density":820.9,"source_kind":"simulated","reference_year":2023,"model":"XW-POP-SIM-1"}},{"type":"Feature","id":"XW-P500-1342-7095","geometry":{"type":"Polygon","coordinates":[[[118.81124572,32.05078984],[118.81133457,32.05529844],[118.81662859,32.05522266],[118.81653948,32.05071407],[118.81124572,32.05078984]]]},"properties":{"id":"XW-P500-1342-7095","night":0.0,"day":109.45,"area_m2":250000.0,"night_density":0.0,"day_density":437.8,"source_kind":"simulated","reference_year":2023,"model":"XW-POP-SIM-1"}},{"type":"Feature","id":"XW-P500-1342-7096","geometry":{"type":"Polygon","coordinates":[[[118.81133457,32.05529844],[118.81142343,32.05980705],[118.81671771,32.05973125],[118.81662859,32.05522266],[118.81133457,32.05529844]]]},"properties":{"id":"XW-P500-1342-7096","night":0.0,"day":0.0,"area_m2":250000.0,"night_density":0.0,"day_density":0.0,"source_kind":"simulated","reference_year":2023,"model":"XW-POP-SIM-1"}},{"type":"Feature","id":"XW-P500-1342-7097","geometry":{"type":"Polygon","coordinates":[[[118.81142343,32.05980705],[118.81151232,32.06431565],[118.81680686,32.06423984],[118.81671771,32.05973125],[118.81142343,32.05980705]]]},"properties":{"id":"XW-P500-1342-7097","night":0.0,"day":19.55,"area_m2":250000.0,"night_density":0.0,"day_density":78.2,"source_kind":"simulated","reference_year":2023,"model":"XW-POP-SIM-1"}},{"type":"Feature","id":"XW-P500-1342-7098","geometry":{"type":"Polygon","coordinates":[[[118.81151232,32.06431565],[118.81160122,32.06882425],[118.81689602,32.06874842],[118.81680686,32.06423984],[118.81151232,32.06431565]]]},"properties":{"id":"XW-P500-1342-7098","night":268.44,"day":123.48,"area_m2":250000.0,"night_density":1073.8,"day_density":493.9,"source_kind":"simulated","reference_year":2023,"model":"XW-POP-SIM-1"}},{"type":"Feature","id":"XW-P500-1342-7099","geometry":{"type":"Polygon","coordinates":[[[118.81160122,32.06882425],[118.81169015,32.07333284],[118.81698521,32.073257],[118.81689602,32.06874842],[118.81160122,32.06882425]]]},"properties":{"id":"XW-P500-1342-7099","night":8702.66,"day":4780.72,"area_m2":250000.0,"night_density":34810.6,"day_density":19122.9,"source_kind":"simulated","reference_year":2023,"model":"XW-POP-SIM-1"}},{"type":"Feature","id":"XW-P500-1342-7100","geometry":{"type":"Polygon","coordinates":[[[118.81169015,32.07333284],[118.8117791,32.07784143],[118.81707442,32.07776558],[118.81698521,32.073257],[118.81169015,32.07333284]]]},"properties":{"id":"XW-P500-1342-7100","night":15459.56,"day":8525.78,"area_m2":250000.0,"night_density":61838.2,"day_density":34103.1,"source_kind":"simulated","reference_year":2023,"model":"XW-POP-SIM-1"}},{"type":"Feature","id":"XW-P500-1342-7101","geometry":{"type":"Polygon","coordinates":[[[118.8117791,32.07784143],[118.81186806,32.08235002],[118.81716364,32.08227415],[118.81707442,32.07776558],[118.8117791,32.07784143]]]},"properties":{"id":"XW-P500-1342-7101","night":11025.75,"day":8927.99,"area_m2":250000.0,"night_density":44103.0,"day_density":35712.0,"source_kind":"simulated","reference_year":2023,"model":"XW-POP-SIM-1"}},{"type":"Feature","id":"XW-P500-1342-7102","geometry":{"type":"Polygon","coordinates":[[[118.81186806,32.08235002],[118.81195705,32.0868586],[118.81725289,32.08678272],[118.81716364,32.08227415],[118.81186806,32.08235002]]]},"properties":{"id":"XW-P500-1342-7102","night":9655.46,"day":5987.44,"area_m2":250000.0,"night_density":38621.8,"day_density":23949.8,"source_kind":"simulated","reference_year":2023,"model":"XW-POP-SIM-1"}},{"type":"Feature","id":"XW-P500-1342-7103","geometry":{"type":"Polygon","coordinates":[[[118.81195705,32.0868586],[118.81204605,32.09136718],[118.81734215,32.09129129],[118.81725289,32.08678272],[118.81195705,32.0868586]]]},"properties":{"id":"XW-P500-1342-7103","night":185.58,"day":241.73,"area_m2":250000.0,"night_density":742.3,"day_density":966.9,"source_kind":"simulated","reference_year":2023,"model":"XW-POP-SIM-1"}},{"type":"Feature","id":"XW-P500-1342-7104","geometry":{"type":"Polygon","coordinates":[[[118.81204605,32.09136718],[118.81213508,32.09587576],[118.81743144,32.09579985],[118.81734215,32.09129129],[118.81204605,32.09136718]]]},"properties":{"id":"XW-P500-1342-7104","night":749.5,"day":1974.44,"area_m2":250000.0,"night_density":2998.0,"day_density":7897.8,"source_kind":"simulated","reference_year":2023,"model":"XW-POP-SIM-1"}},{"type":"Feature","id":"XW-P500-1342-7105","geometry":{"type":"Polygon","coordinates":[[[118.81752074,32.10030841],[118.81743144,32.09579985],[118.81213508,32.09587576],[118.81217178,32.09773397],[118.8126422,32.0977514],[118.8127506,32.0979569],[118.8130396,32.0979481],[118.8133441,32.0995002],[118.813373,32.0997307],[118.8134528,32.10036674],[118.81752074,32.10030841]]]},"properties":{"id":"XW-P500-1342-7105","night":1166.7,"day":2761.23,"area_m2":221803.15,"night_density":5260.1,"day_density":12449.0,"source_kind":"simulated","reference_year":2023,"model":"XW-POP-SIM-1"}},{"type":"Feature","id":"XW-P500-1342-7106","geometry":{"type":"Polygon","coordinates":[[[118.81761007,32.10481697],[118.81752074,32.10030841],[118.8134528,32.10036674],[118.8135816,32.1013933],[118.813685,32.1019779],[118.8141235,32.1044581],[118.81407357,32.10486769],[118.81761007,32.10481697]]]},"properties":{"id":"XW-P500-1342-7106","night":811.49,"day":373.29,"area_m2":177798.6,"night_density":4564.1,"day_density":2099.5,"source_kind":"simulated","reference_year":2023,"model":"XW-POP-SIM-1"}},{"type":"Feature","id":"XW-P500-1342-7107","geometry":{"type":"Polygon","coordinates":[[[118.81761007,32.10481697],[118.81407357,32.10486769],[118.8139583,32.1058133],[118.8151381,32.1058227],[118.81762517,32.10557893],[118.81761007,32.10481697]]]},"properties":{"id":"XW-P500-1342-7107","night":138.34,"day":63.63,"area_m2":33734.14,"night_density":4100.9,"day_density":1886.2,"source_kind":"simulated","reference_year":2023,"model":"XW-POP-SIM-1"}},{"type":"Feature","id":"XW-P500-1343-7092","geometry":{"type":"Polygon","coordinates":[[[118.81636133,32.04169687],[118.82165455,32.0416209],[118.82163976,32.04087396],[118.8208838,32.0409274],[118.818552,32.041082],[118.8169639,32.041208],[118.81635246,32.04124768],[118.81636133,32.04169687]]]},"properties":{"id":"XW-P500-1343-7092","night":7.33,"day":10.13,"area_m2":33332.05,"night_density":219.9,"day_density":303.9,"source_kind":"simulated","reference_year":2023,"model":"XW-POP-SIM-1"}},{"type":"Feature","id":"XW-P500-1343-7093","geometry":{"type":"Polygon","coordinates":[[[118.81636133,32.04169687],[118.8164504,32.04620547],[118.82174388,32.04612949],[118.82165455,32.0416209],[118.81636133,32.04169687]]]},"properties":{"id":"XW-P500-1343-7093","night":7765.34,"day":10038.4,"area_m2":250000.0,"night_density":31061.4,"day_density":40153.6,"source_kind":"simulated","reference_year":2023,"model":"XW-POP-SIM-1"}},{"type":"Feature","id":"XW-P500-1343-7094","geometry":{"type":"Polygon","coordinates":[[[118.8164504,32.04620547],[118.81653948,32.05071407],[118.82183323,32.05063807],[118.82174388,32.04612949],[118.8164504,32.04620547]]]},"properties":{"id":"XW-P500-1343-7094","night":190.49,"day":220.53,"area_m2":250000.0,"night_density":762.0,"day_density":882.1,"source_kind":"simulated","reference_year":2023,"model":"XW-POP-SIM-1"}},{"type":"Feature","id":"XW-P500-1343-7095","geometry":{"type":"Polygon","coordinates":[[[118.81653948,32.05071407],[118.81662859,32.05522266],[118.82192259,32.05514665],[118.82183323,32.05063807],[118.81653948,32.05071407]]]},"properties":{"id":"XW-P500-1343-7095","night":0.0,"day":132.91,"area_m2":250000.0,"night_density":0.0,"day_density":531.6,"source_kind":"simulated","reference_year":2023,"model":"XW-POP-SIM-1"}},{"type":"Feature","id":"XW-P500-1343-7096","geometry":{"type":"Polygon","coordinates":[[[118.81662859,32.05522266],[118.81671771,32.05973125],[118.82201198,32.05965523],[118.82192259,32.05514665],[118.81662859,32.05522266]]]},"properties":{"id":"XW-P500-1343-7096","night":0.0,"day":58.64,"area_m2":250000.0,"night_density":0.0,"day_density":234.6,"source_kind":"simulated","reference_year":2023,"model":"XW-POP-SIM-1"}},{"type":"Feature","id":"XW-P500-1343-7097","geometry":{"type":"Polygon","coordinates":[[[118.81671771,32.05973125],[118.81680686,32.06423984],[118.82210138,32.06416381],[118.82201198,32.05965523],[118.81671771,32.05973125]]]},"properties":{"id":"XW-P500-1343-7097","night":3.83,"day":67.84,"area_m2":250000.0,"night_density":15.3,"day_density":271.4,"source_kind":"simulated","reference_year":2023,"model":"XW-POP-SIM-1"}},{"type":"Feature","id":"XW-P500-1343-7098","geometry":{"type":"Polygon","coordinates":[[[118.81680686,32.06423984],[118.81689602,32.06874842],[118.82219081,32.06867238],[118.82210138,32.06416381],[118.81680686,32.06423984]]]},"properties":{"id":"XW-P500-1343-7098","night":0.0,"day":0.0,"area_m2":250000.0,"night_density":0.0,"day_density":0.0,"source_kind":"simulated","reference_year":2023,"model":"XW-POP-SIM-1"}},{"type":"Feature","id":"XW-P500-1343-7099","geometry":{"type":"Polygon","coordinates":[[[118.81689602,32.06874842],[118.81698521,32.073257],[118.82228025,32.07318094],[118.82219081,32.06867238],[118.81689602,32.06874842]]]},"properties":{"id":"XW-P500-1343-7099","night":55.38,"day":25.48,"area_m2":250000.0,"night_density":221.5,"day_density":101.9,"source_kind":"simulated","reference_year":2023,"model":"XW-POP-SIM-1"}},{"type":"Feature","id":"XW-P500-1343-7100","geometry":{"type":"Polygon","coordinates":[[[118.81698521,32.073257],[118.81707442,32.07776558],[118.82236972,32.07768951],[118.82228025,32.07318094],[118.81698521,32.073257]]]},"properties":{"id":"XW-P500-1343-7100","night":6543.78,"day":3559.42,"area_m2":250000.0,"night_density":26175.1,"day_density":14237.7,"source_kind":"simulated","reference_year":2023,"model":"XW-POP-SIM-1"}},{"type":"Feature","id":"XW-P500-1343-7101","geometry":{"type":"Polygon","coordinates":[[[118.81707442,32.07776558],[118.81716364,32.08227415],[118.8224592,32.08219807],[118.82236972,32.07768951],[118.81707442,32.07776558]]]},"properties":{"id":"XW-P500-1343-7101","night":5912.85,"day":5709.63,"area_m2":250000.0,"night_density":23651.4,"day_density":22838.5,"source_kind":"simulated","reference_year":2023,"model":"XW-POP-SIM-1"}},{"type":"Feature","id":"XW-P500-1343-7102","geometry":{"type":"Polygon","coordinates":[[[118.81716364,32.08227415],[118.81725289,32.08678272],[118.82254871,32.08670663],[118.8224592,32.08219807],[118.81716364,32.08227415]]]},"properties":{"id":"XW-P500-1343-7102","night":2189.47,"day":1883.05,"area_m2":250000.0,"night_density":8757.9,"day_density":7532.2,"source_kind":"simulated","reference_year":2023,"model":"XW-POP-SIM-1"}},{"type":"Feature","id":"XW-P500-1343-7103","geometry":{"type":"Polygon","coordinates":[[[118.81725289,32.08678272],[118.81734215,32.09129129],[118.82263823,32.09121518],[118.82254871,32.08670663],[118.81725289,32.08678272]]]},"properties":{"id":"XW-P500-1343-7103","night":541.06,"day":530.38,"area_m2":250000.0,"night_density":2164.2,"day_density":2121.5,"source_kind":"simulated","reference_year":2023,"model":"XW-POP-SIM-1"}},{"type":"Feature","id":"XW-P500-1343-7104","geometry":{"type":"Polygon","coordinates":[[[118.81734215,32.09129129],[118.81743144,32.09579985],[118.82272778,32.09572373],[118.82263823,32.09121518],[118.81734215,32.09129129]]]},"properties":{"id":"XW-P500-1343-7104","night":19.34,"day":8.9,"area_m2":250000.0,"night_density":77.4,"day_density":35.6,"source_kind":"simulated","reference_year":2023,"model":"XW-POP-SIM-1"}},{"type":"Feature","id":"XW-P500-1343-7105","geometry":{"type":"Polygon","coordinates":[[[118.81743144,32.09579985],[118.81752074,32.10030841],[118.82281734,32.10023228],[118.82272778,32.09572373],[118.81743144,32.09579985]]]},"properties":{"id":"XW-P500-1343-7105","night":241.59,"day":111.13,"area_m2":250000.0,"night_density":966.4,"day_density":444.5,"source_kind":"simulated","reference_year":2023,"model":"XW-POP-SIM-1"}},{"type":"Feature","id":"XW-P500-1343-7106","geometry":{"type":"Polygon","coordinates":[[[118.81752074,32.10030841],[118.81761007,32.10481697],[118.82290693,32.10474082],[118.82281734,32.10023228],[118.81752074,32.10030841]]]},"properties":{"id":"XW-P500-1343-7106","night":1004.48,"day":555.88,"area_m2":250000.0,"night_density":4017.9,"day_density":2223.5,"source_kind":"simulated","reference_year":2023,"model":"XW-POP-SIM-1"}},{"type":"Feature","id":"XW-P500-1343-7107","geometry":{"type":"Polygon","coordinates":[[[118.82290693,32.10474082],[118.81761007,32.10481697],[118.81762517,32.10557893],[118.8192412,32.1054205],[118.8212746,32.1056609],[118.8213727,32.1069899],[118.82295536,32.10717763],[118.82290693,32.10474082]]]},"properties":{"id":"XW-P500-1343-7107","night":247.87,"day":114.02,"area_m2":67633.2,"night_density":3664.9,"day_density":1685.9,"source_kind":"simulated","reference_year":2023,"model":"XW-POP-SIM-1"}},{"type":"Feature","id":"XW-P500-1344-7092","geometry":{"type":"Polygon","coordinates":[[[118.82165455,32.0416209],[118.82511095,32.04157118],[118.8244733,32.0411825],[118.8243829,32.0411358],[118.8242709,32.0410859],[118.8241212,32.0410258],[118.8238855,32.0409477],[118.823638,32.0408852],[118.8234748,32.0408495],[118.8233115,32.0408139],[118.8226846,32.0408095],[118.8221144,32.0408404],[118.82163976,32.04087396],[118.82165455,32.0416209]]]},"properties":{"id":"XW-P500-1344-7092","night":28.17,"day":58.46,"area_m2":22484.48,"night_density":1252.9,"day_density":2600.0,"source_kind":"simulated","reference_year":2023,"model":"XW-POP-SIM-1"}},{"type":"Feature","id":"XW-P500-1344-7093","geometry":{"type":"Polygon","coordinates":[[[118.82165455,32.0416209],[118.82174388,32.04612949],[118.82703734,32.04605329],[118.82695565,32.04194168],[118.8262315,32.0419594],[118.8257966,32.0419891],[118.82511095,32.04157118],[118.82165455,32.0416209]]]},"properties":{"id":"XW-P500-1344-7093","night":0.0,"day":0.0,"area_m2":243546.48,"night_density":0.0,"day_density":0.0,"source_kind":"simulated","reference_year":2023,"model":"XW-POP-SIM-1"}},{"type":"Feature","id":"XW-P500-1344-7094","geometry":{"type":"Polygon","coordinates":[[[118.82174388,32.04612949],[118.82183323,32.05063807],[118.82712695,32.05056186],[118.82703734,32.04605329],[118.82174388,32.04612949]]]},"properties":{"id":"XW-P500-1344-7094","night":0.0,"day":39.09,"area_m2":250000.0,"night_density":0.0,"day_density":156.4,"source_kind":"simulated","reference_year":2023,"model":"XW-POP-SIM-1"}},{"type":"Feature","id":"XW-P500-1344-7095","geometry":{"type":"Polygon","coordinates":[[[118.82183323,32.05063807],[118.82192259,32.05514665],[118.82721657,32.05507043],[118.82712695,32.05056186],[118.82183323,32.05063807]]]},"properties":{"id":"XW-P500-1344-7095","night":804.99,"day":1112.28,"area_m2":250000.0,"night_density":3220.0,"day_density":4449.1,"source_kind":"simulated","reference_year":2023,"model":"XW-POP-SIM-1"}},{"type":"Feature","id":"XW-P500-1344-7096","geometry":{"type":"Polygon","coordinates":[[[118.82192259,32.05514665],[118.82201198,32.05965523],[118.82730622,32.05957899],[118.82721657,32.05507043],[118.82192259,32.05514665]]]},"properties":{"id":"XW-P500-1344-7096","night":0.0,"day":50.82,"area_m2":250000.0,"night_density":0.0,"day_density":203.3,"source_kind":"simulated","reference_year":2023,"model":"XW-POP-SIM-1"}},{"type":"Feature","id":"XW-P500-1344-7097","geometry":{"type":"Polygon","coordinates":[[[118.82201198,32.05965523],[118.82210138,32.06416381],[118.82739588,32.06408755],[118.82730622,32.05957899],[118.82201198,32.05965523]]]},"properties":{"id":"XW-P500-1344-7097","night":0.0,"day":0.0,"area_m2":250000.0,"night_density":0.0,"day_density":0.0,"source_kind":"simulated","reference_year":2023,"model":"XW-POP-SIM-1"}},{"type":"Feature","id":"XW-P500-1344-7098","geometry":{"type":"Polygon","coordinates":[[[118.82210138,32.06416381],[118.82219081,32.06867238],[118.82748557,32.06859611],[118.82739588,32.06408755],[118.82210138,32.06416381]]]},"properties":{"id":"XW-P500-1344-7098","night":356.52,"day":492.62,"area_m2":250000.0,"night_density":1426.1,"day_density":1970.5,"source_kind":"simulated","reference_year":2023,"model":"XW-POP-SIM-1"}},{"type":"Feature","id":"XW-P500-1344-7099","geometry":{"type":"Polygon","coordinates":[[[118.82219081,32.06867238],[118.82228025,32.07318094],[118.82757527,32.07310467],[118.82748557,32.06859611],[118.82219081,32.06867238]]]},"properties":{"id":"XW-P500-1344-7099","night":0.0,"day":0.0,"area_m2":250000.0,"night_density":0.0,"day_density":0.0,"source_kind":"simulated","reference_year":2023,"model":"XW-POP-SIM-1"}},{"type":"Feature","id":"XW-P500-1344-7100","geometry":{"type":"Polygon","coordinates":[[[118.82228025,32.07318094],[118.82236972,32.07768951],[118.827665,32.07761322],[118.82757527,32.07310467],[118.82228025,32.07318094]]]},"properties":{"id":"XW-P500-1344-7100","night":0.0,"day":0.0,"area_m2":250000.0,"night_density":0.0,"day_density":0.0,"source_kind":"simulated","reference_year":2023,"model":"XW-POP-SIM-1"}},{"type":"Feature","id":"XW-P500-1344-7101","geometry":{"type":"Polygon","coordinates":[[[118.82236972,32.07768951],[118.8224592,32.08219807],[118.82775474,32.08212176],[118.827665,32.07761322],[118.82236972,32.07768951]]]},"properties":{"id":"XW-P500-1344-7101","night":195.25,"day":179.29,"area_m2":250000.0,"night_density":781.0,"day_density":717.2,"source_kind":"simulated","reference_year":2023,"model":"XW-POP-SIM-1"}},{"type":"Feature","id":"XW-P500-1344-7102","geometry":{"type":"Polygon","coordinates":[[[118.8224592,32.08219807],[118.82254871,32.08670663],[118.82784451,32.08663031],[118.82775474,32.08212176],[118.8224592,32.08219807]]]},"properties":{"id":"XW-P500-1344-7102","night":4676.18,"day":2950.44,"area_m2":250000.0,"night_density":18704.7,"day_density":11801.8,"source_kind":"simulated","reference_year":2023,"model":"XW-POP-SIM-1"}},{"type":"Feature","id":"XW-P500-1344-7103","geometry":{"type":"Polygon","coordinates":[[[118.82254871,32.08670663],[118.82263823,32.09121518],[118.82793429,32.09113885],[118.82784451,32.08663031],[118.82254871,32.08670663]]]},"properties":{"id":"XW-P500-1344-7103","night":1280.12,"day":3107.07,"area_m2":250000.0,"night_density":5120.5,"day_density":12428.3,"source_kind":"simulated","reference_year":2023,"model":"XW-POP-SIM-1"}},{"type":"Feature","id":"XW-P500-1344-7104","geometry":{"type":"Polygon","coordinates":[[[118.82263823,32.09121518],[118.82272778,32.09572373],[118.8280241,32.09564738],[118.82793429,32.09113885],[118.82263823,32.09121518]]]},"properties":{"id":"XW-P500-1344-7104","night":0.0,"day":31.27,"area_m2":250000.0,"night_density":0.0,"day_density":125.1,"source_kind":"simulated","reference_year":2023,"model":"XW-POP-SIM-1"}},{"type":"Feature","id":"XW-P500-1344-7105","geometry":{"type":"Polygon","coordinates":[[[118.82272778,32.09572373],[118.82281734,32.10023228],[118.82811392,32.10015592],[118.8280241,32.09564738],[118.82272778,32.09572373]]]},"properties":{"id":"XW-P500-1344-7105","night":513.33,"day":267.4,"area_m2":250000.0,"night_density":2053.3,"day_density":1069.6,"source_kind":"simulated","reference_year":2023,"model":"XW-POP-SIM-1"}},{"type":"Feature","id":"XW-P500-1344-7106","geometry":{"type":"Polygon","coordinates":[[[118.82281734,32.10023228],[118.82290693,32.10474082],[118.82820377,32.10466445],[118.82811392,32.10015592],[118.82281734,32.10023228]]]},"properties":{"id":"XW-P500-1344-7106","night":583.05,"day":643.48,"area_m2":250000.0,"night_density":2332.2,"day_density":2573.9,"source_kind":"simulated","reference_year":2023,"model":"XW-POP-SIM-1"}},{"type":"Feature","id":"XW-P500-1344-7107","geometry":{"type":"Polygon","coordinates":[[[118.82820377,32.10466445],[118.82290693,32.10474082],[118.82295536,32.10717763],[118.8242113,32.1073266],[118.8263119,32.1074315],[118.8264615,32.1075102],[118.826539,32.1072872],[118.8264151,32.1070599],[118.8277931,32.1064435],[118.8281131,32.1066096],[118.82824268,32.10661713],[118.82820377,32.10466445]]]},"properties":{"id":"XW-P500-1344-7107","night":802.96,"day":649.86,"area_m2":134168.37,"night_density":5984.7,"day_density":4843.6,"source_kind":"simulated","reference_year":2023,"model":"XW-POP-SIM-1"}},{"type":"Feature","id":"XW-P500-1345-7092","geometry":{"type":"Polygon","coordinates":[[[118.83216701,32.03775717],[118.8319893,32.0377949],[118.83218381,32.03860052],[118.83216701,32.03775717]]]},"properties":{"id":"XW-P500-1345-7092","night":0.27,"day":0.12,"area_m2":788.12,"night_density":342.6,"day_density":152.3,"source_kind":"simulated","reference_year":2023,"model":"XW-POP-SIM-1"}},{"type":"Feature","id":"XW-P500-1345-7093","geometry":{"type":"Polygon","coordinates":[[[118.82703734,32.04605329],[118.83233079,32.04597687],[118.83225651,32.04224969],[118.8269914,32.0419408],[118.82695565,32.04194168],[118.82703734,32.04605329]]]},"properties":{"id":"XW-P500-1345-7093","night":430.87,"day":876.8,"area_m2":217412.54,"night_density":1981.8,"day_density":4032.9,"source_kind":"simulated","reference_year":2023,"model":"XW-POP-SIM-1"}},{"type":"Feature","id":"XW-P500-1345-7094","geometry":{"type":"Polygon","coordinates":[[[118.82703734,32.04605329],[118.82712695,32.05056186],[118.83242065,32.05048543],[118.83233079,32.04597687],[118.82703734,32.04605329]]]},"properties":{"id":"XW-P500-1345-7094","night":0.0,"day":72.32,"area_m2":250000.0,"night_density":0.0,"day_density":289.3,"source_kind":"simulated","reference_year":2023,"model":"XW-POP-SIM-1"}},{"type":"Feature","id":"XW-P500-1345-7095","geometry":{"type":"Polygon","coordinates":[[[118.82712695,32.05056186],[118.82721657,32.05507043],[118.83251053,32.05499398],[118.83242065,32.05048543],[118.82712695,32.05056186]]]},"properties":{"id":"XW-P500-1345-7095","night":3.26,"day":145.23,"area_m2":250000.0,"night_density":13.0,"day_density":580.9,"source_kind":"simulated","reference_year":2023,"model":"XW-POP-SIM-1"}},{"type":"Feature","id":"XW-P500-1345-7096","geometry":{"type":"Polygon","coordinates":[[[118.82721657,32.05507043],[118.82730622,32.05957899],[118.83260044,32.05950253],[118.83251053,32.05499398],[118.82721657,32.05507043]]]},"properties":{"id":"XW-P500-1345-7096","night":0.0,"day":0.0,"area_m2":250000.0,"night_density":0.0,"day_density":0.0,"source_kind":"simulated","reference_year":2023,"model":"XW-POP-SIM-1"}},{"type":"Feature","id":"XW-P500-1345-7097","geometry":{"type":"Polygon","coordinates":[[[118.82730622,32.05957899],[118.82739588,32.06408755],[118.83269036,32.06401108],[118.83260044,32.05950253],[118.82730622,32.05957899]]]},"properties":{"id":"XW-P500-1345-7097","night":0.0,"day":0.0,"area_m2":250000.0,"night_density":0.0,"day_density":0.0,"source_kind":"simulated","reference_year":2023,"model":"XW-POP-SIM-1"}},{"type":"Feature","id":"XW-P500-1345-7098","geometry":{"type":"Polygon","coordinates":[[[118.82739588,32.06408755],[118.82748557,32.06859611],[118.83278031,32.06851962],[118.83269036,32.06401108],[118.82739588,32.06408755]]]},"properties":{"id":"XW-P500-1345-7098","night":119.32,"day":164.87,"area_m2":250000.0,"night_density":477.3,"day_density":659.5,"source_kind":"simulated","reference_year":2023,"model":"XW-POP-SIM-1"}},{"type":"Feature","id":"XW-P500-1345-7099","geometry":{"type":"Polygon","coordinates":[[[118.82748557,32.06859611],[118.82757527,32.07310467],[118.83287027,32.07302817],[118.83278031,32.06851962],[118.82748557,32.06859611]]]},"properties":{"id":"XW-P500-1345-7099","night":0.0,"day":0.0,"area_m2":250000.0,"night_density":0.0,"day_density":0.0,"source_kind":"simulated","reference_year":2023,"model":"XW-POP-SIM-1"}},{"type":"Feature","id":"XW-P500-1345-7100","geometry":{"type":"Polygon","coordinates":[[[118.82757527,32.07310467],[118.827665,32.07761322],[118.83296026,32.0775367],[118.83287027,32.07302817],[118.82757527,32.07310467]]]},"properties":{"id":"XW-P500-1345-7100","night":0.0,"day":0.0,"area_m2":250000.0,"night_density":0.0,"day_density":0.0,"source_kind":"simulated","reference_year":2023,"model":"XW-POP-SIM-1"}},{"type":"Feature","id":"XW-P500-1345-7101","geometry":{"type":"Polygon","coordinates":[[[118.827665,32.07761322],[118.82775474,32.08212176],[118.83305026,32.08204524],[118.83296026,32.0775367],[118.827665,32.07761322]]]},"properties":{"id":"XW-P500-1345-7101","night":0.0,"day":0.0,"area_m2":250000.0,"night_density":0.0,"day_density":0.0,"source_kind":"simulated","reference_year":2023,"model":"XW-POP-SIM-1"}},{"type":"Feature","id":"XW-P500-1345-7102","geometry":{"type":"Polygon","coordinates":[[[118.82775474,32.08212176],[118.82784451,32.08663031],[118.83314028,32.08655377],[118.83305026,32.08204524],[118.82775474,32.08212176]]]},"properties":{"id":"XW-P500-1345-7102","night":86.71,"day":98.23,"area_m2":250000.0,"night_density":346.8,"day_density":392.9,"source_kind":"simulated","reference_year":2023,"model":"XW-POP-SIM-1"}},{"type":"Feature","id":"XW-P500-1345-7103","geometry":{"type":"Polygon","coordinates":[[[118.82784451,32.08663031],[118.82793429,32.09113885],[118.83323033,32.09106229],[118.83314028,32.08655377],[118.82784451,32.08663031]]]},"properties":{"id":"XW-P500-1345-7103","night":13081.11,"day":10012.96,"area_m2":250000.0,"night_density":52324.4,"day_density":40051.8,"source_kind":"simulated","reference_year":2023,"model":"XW-POP-SIM-1"}},{"type":"Feature","id":"XW-P500-1345-7104","geometry":{"type":"Polygon","coordinates":[[[118.82793429,32.09113885],[118.8280241,32.09564738],[118.83332039,32.09557082],[118.83323033,32.09106229],[118.82793429,32.09113885]]]},"properties":{"id":"XW-P500-1345-7104","night":275.8,"day":412.36,"area_m2":250000.0,"night_density":1103.2,"day_density":1649.4,"source_kind":"simulated","reference_year":2023,"model":"XW-POP-SIM-1"}},{"type":"Feature","id":"XW-P500-1345-7105","geometry":{"type":"Polygon","coordinates":[[[118.83332039,32.09557082],[118.8280241,32.09564738],[118.82811392,32.10015592],[118.83216836,32.10009732],[118.8321586,32.1000791],[118.8313383,32.099889],[118.8312025,32.0995486],[118.8309259,32.099221],[118.8300846,32.0987051],[118.8295995,32.0976645],[118.8286137,32.0978394],[118.8284537,32.0972317],[118.8287169,32.0969912],[118.8288821,32.0967507],[118.8288873,32.0962348],[118.8294756,32.0959419],[118.83340281,32.09969534],[118.83332039,32.09557082]]]},"properties":{"id":"XW-P500-1345-7105","night":391.57,"day":180.12,"area_m2":169515.23,"night_density":2309.9,"day_density":1062.6,"source_kind":"simulated","reference_year":2023,"model":"XW-POP-SIM-1"}},{"type":"Feature","id":"XW-P500-1345-7106","geometry":{"type":"Polygon","coordinates":[[[118.82811392,32.10015592],[118.82820377,32.10466445],[118.83350058,32.10458785],[118.83343897,32.10150521],[118.8325597,32.1008278],[118.83216836,32.10009732],[118.82811392,32.10015592]]]},"properties":{"id":"XW-P500-1345-7106","night":1097.04,"day":629.73,"area_m2":238755.16,"night_density":4594.8,"day_density":2637.6,"source_kind":"simulated","reference_year":2023,"model":"XW-POP-SIM-1"}},{"type":"Feature","id":"XW-P500-1345-7107","geometry":{"type":"Polygon","coordinates":[[[118.83350058,32.10458785],[118.82820377,32.10466445],[118.82824268,32.10661713],[118.8287892,32.1066489],[118.8290008,32.1062817],[118.8293776,32.1064522],[118.8293105,32.1067364],[118.829118,32.1070254],[118.829104,32.1071429],[118.8291969,32.1082971],[118.8305233,32.1082796],[118.8305233,32.1073572],[118.8306317,32.1071036],[118.8316123,32.1067888],[118.8324587,32.1068369],[118.83355272,32.107196],[118.83350058,32.10458785]]]},"properties":{"id":"XW-P500-1345-7107","night":439.14,"day":374.0,"area_m2":143198.27,"night_density":3066.7,"day_density":2611.8,"source_kind":"simulated","reference_year":2023,"model":"XW-POP-SIM-1"}},{"type":"Feature","id":"XW-P500-1346-7090","geometry":{"type":"Polygon","coordinates":[[[118.83735396,32.03237457],[118.83733184,32.03126703],[118.8355866,32.0312364],[118.8337079,32.0310789],[118.8327428,32.030917],[118.83320585,32.03243463],[118.83735396,32.03237457]]]},"properties":{"id":"XW-P500-1346-7090","night":513.31,"day":2078.88,"area_m2":56430.66,"night_density":9096.3,"day_density":36839.6,"source_kind":"simulated","reference_year":2023,"model":"XW-POP-SIM-1"}},{"type":"Feature","id":"XW-P500-1346-7091","geometry":{"type":"Polygon","coordinates":[[[118.83744403,32.03688313],[118.83735396,32.03237457],[118.83320585,32.03243463],[118.83457592,32.03692467],[118.83744403,32.03688313]]]},"properties":{"id":"XW-P500-1346-7091","night":2664.92,"day":7020.11,"area_m2":165703.68,"night_density":16082.4,"day_density":42365.4,"source_kind":"simulated","reference_year":2023,"model":"XW-POP-SIM-1"}},{"type":"Feature","id":"XW-P500-1346-7092","geometry":{"type":"Polygon","coordinates":[[[118.83753411,32.04139168],[118.83744403,32.03688313],[118.83457592,32.03692467],[118.8346679,32.0372261],[118.83216701,32.03775717],[118.83218381,32.03860052],[118.8324435,32.0396761],[118.8326705,32.0404461],[118.833806,32.0404155],[118.83412946,32.04144099],[118.83753411,32.04139168]]]},"properties":{"id":"XW-P500-1346-7092","night":3628.69,"day":5063.8,"area_m2":212946.53,"night_density":17040.4,"day_density":23779.7,"source_kind":"simulated","reference_year":2023,"model":"XW-POP-SIM-1"}},{"type":"Feature","id":"XW-P500-1346-7093","geometry":{"type":"Polygon","coordinates":[[[118.83233079,32.04597687],[118.83762421,32.04590023],[118.83753411,32.04139168],[118.83412946,32.04144099],[118.8343221,32.0420517],[118.8325364,32.0422661],[118.83225651,32.04224969],[118.83233079,32.04597687]]]},"properties":{"id":"XW-P500-1346-7093","night":14.89,"day":220.74,"area_m2":234997.85,"night_density":63.4,"day_density":939.3,"source_kind":"simulated","reference_year":2023,"model":"XW-POP-SIM-1"}},{"type":"Feature","id":"XW-P500-1346-7094","geometry":{"type":"Polygon","coordinates":[[[118.83233079,32.04597687],[118.83242065,32.05048543],[118.83771433,32.05040877],[118.83762421,32.04590023],[118.83233079,32.04597687]]]},"properties":{"id":"XW-P500-1346-7094","night":0.0,"day":70.36,"area_m2":250000.0,"night_density":0.0,"day_density":281.4,"source_kind":"simulated","reference_year":2023,"model":"XW-POP-SIM-1"}},{"type":"Feature","id":"XW-P500-1346-7095","geometry":{"type":"Polygon","coordinates":[[[118.83242065,32.05048543],[118.83251053,32.05499398],[118.83780448,32.05491731],[118.83771433,32.05040877],[118.83242065,32.05048543]]]},"properties":{"id":"XW-P500-1346-7095","night":247.64,"day":420.36,"area_m2":250000.0,"night_density":990.6,"day_density":1681.4,"source_kind":"simulated","reference_year":2023,"model":"XW-POP-SIM-1"}},{"type":"Feature","id":"XW-P500-1346-7096","geometry":{"type":"Polygon","coordinates":[[[118.83251053,32.05499398],[118.83260044,32.05950253],[118.83789464,32.05942585],[118.83780448,32.05491731],[118.83251053,32.05499398]]]},"properties":{"id":"XW-P500-1346-7096","night":99.07,"day":422.26,"area_m2":250000.0,"night_density":396.3,"day_density":1689.0,"source_kind":"simulated","reference_year":2023,"model":"XW-POP-SIM-1"}},{"type":"Feature","id":"XW-P500-1346-7097","geometry":{"type":"Polygon","coordinates":[[[118.83260044,32.05950253],[118.83269036,32.06401108],[118.83798482,32.06393439],[118.83789464,32.05942585],[118.83260044,32.05950253]]]},"properties":{"id":"XW-P500-1346-7097","night":89.79,"day":163.16,"area_m2":250000.0,"night_density":359.2,"day_density":652.6,"source_kind":"simulated","reference_year":2023,"model":"XW-POP-SIM-1"}},{"type":"Feature","id":"XW-P500-1346-7098","geometry":{"type":"Polygon","coordinates":[[[118.83269036,32.06401108],[118.83278031,32.06851962],[118.83807503,32.06844292],[118.83798482,32.06393439],[118.83269036,32.06401108]]]},"properties":{"id":"XW-P500-1346-7098","night":38.64,"day":53.38,"area_m2":250000.0,"night_density":154.6,"day_density":213.5,"source_kind":"simulated","reference_year":2023,"model":"XW-POP-SIM-1"}},{"type":"Feature","id":"XW-P500-1346-7099","geometry":{"type":"Polygon","coordinates":[[[118.83278031,32.06851962],[118.83287027,32.07302817],[118.83816525,32.07295144],[118.83807503,32.06844292],[118.83278031,32.06851962]]]},"properties":{"id":"XW-P500-1346-7099","night":51.59,"day":188.56,"area_m2":250000.0,"night_density":206.4,"day_density":754.2,"source_kind":"simulated","reference_year":2023,"model":"XW-POP-SIM-1"}},{"type":"Feature","id":"XW-P500-1346-7100","geometry":{"type":"Polygon","coordinates":[[[118.83287027,32.07302817],[118.83296026,32.0775367],[118.8382555,32.07745997],[118.83816525,32.07295144],[118.83287027,32.07302817]]]},"properties":{"id":"XW-P500-1346-7100","night":0.0,"day":0.0,"area_m2":250000.0,"night_density":0.0,"day_density":0.0,"source_kind":"simulated","reference_year":2023,"model":"XW-POP-SIM-1"}},{"type":"Feature","id":"XW-P500-1346-7101","geometry":{"type":"Polygon","coordinates":[[[118.83296026,32.0775367],[118.83305026,32.08204524],[118.83834576,32.08196849],[118.8382555,32.07745997],[118.83296026,32.0775367]]]},"properties":{"id":"XW-P500-1346-7101","night":0.0,"day":0.0,"area_m2":250000.0,"night_density":0.0,"day_density":0.0,"source_kind":"simulated","reference_year":2023,"model":"XW-POP-SIM-1"}},{"type":"Feature","id":"XW-P500-1346-7102","geometry":{"type":"Polygon","coordinates":[[[118.83305026,32.08204524],[118.83314028,32.08655377],[118.83843604,32.08647701],[118.83834576,32.08196849],[118.83305026,32.08204524]]]},"properties":{"id":"XW-P500-1346-7102","night":0.0,"day":0.0,"area_m2":250000.0,"night_density":0.0,"day_density":0.0,"source_kind":"simulated","reference_year":2023,"model":"XW-POP-SIM-1"}},{"type":"Feature","id":"XW-P500-1346-7103","geometry":{"type":"Polygon","coordinates":[[[118.83314028,32.08655377],[118.83323033,32.09106229],[118.83852635,32.09098552],[118.83843604,32.08647701],[118.83314028,32.08655377]]]},"properties":{"id":"XW-P500-1346-7103","night":610.91,"day":465.52,"area_m2":250000.0,"night_density":2443.6,"day_density":1862.1,"source_kind":"simulated","reference_year":2023,"model":"XW-POP-SIM-1"}},{"type":"Feature","id":"XW-P500-1346-7104","geometry":{"type":"Polygon","coordinates":[[[118.83323033,32.09106229],[118.83332039,32.09557082],[118.83861667,32.09549403],[118.83852635,32.09098552],[118.83323033,32.09106229]]]},"properties":{"id":"XW-P500-1346-7104","night":113.47,"day":181.82,"area_m2":250000.0,"night_density":453.9,"day_density":727.3,"source_kind":"simulated","reference_year":2023,"model":"XW-POP-SIM-1"}},{"type":"Feature","id":"XW-P500-1346-7105","geometry":{"type":"Polygon","coordinates":[[[118.83861667,32.09549403],[118.83332039,32.09557082],[118.83340281,32.09969534],[118.83346,32.09975],[118.83379965,32.1000737],[118.83729843,32.10002298],[118.8372408,32.0996324],[118.8376692,32.0991121],[118.83869339,32.09932261],[118.83861667,32.09549403]]]},"properties":{"id":"XW-P500-1346-7105","night":0.0,"day":0.0,"area_m2":237881.52,"night_density":0.0,"day_density":0.0,"source_kind":"simulated","reference_year":2023,"model":"XW-POP-SIM-1"}},{"type":"Feature","id":"XW-P500-1346-7106","geometry":{"type":"MultiPolygon","coordinates":[[[[118.83871556,32.10042888],[118.8385724,32.1003582],[118.8380872,32.10045],[118.8371737,32.1012063],[118.8368795,32.1012675],[118.8366886,32.101132],[118.8367763,32.1008872],[118.8374163,32.100262],[118.8373182,32.100157],[118.83729843,32.10002298],[118.83379965,32.1000737],[118.8360612,32.102229],[118.8381101,32.1039821],[118.838683,32.1035406],[118.8383817,32.1028658],[118.83876137,32.1027142],[118.83871556,32.10042888]]],[[[118.83350058,32.10458785],[118.83497782,32.10456645],[118.8349928,32.1042007],[118.8347554,32.1039428],[118.8351683,32.1031383],[118.8339503,32.1024213],[118.8340019,32.102264],[118.83378,32.1020366],[118.8336974,32.1017043],[118.83343897,32.10150521],[118.83350058,32.10458785]]]]},"properties":{"id":"XW-P500-1346-7106","night":189.86,"day":87.34,"area_m2":136117.28,"night_density":1394.8,"day_density":641.7,"source_kind":"simulated","reference_year":2023,"model":"XW-POP-SIM-1"}},{"type":"Feature","id":"XW-P500-1346-7107","geometry":{"type":"Polygon","coordinates":[[[118.83350058,32.10458785],[118.83355272,32.107196],[118.8364947,32.1081616],[118.8371605,32.1074227],[118.8356483,32.1064784],[118.8358135,32.1060544],[118.8344509,32.1054817],[118.8349774,32.1045767],[118.83497782,32.10456645],[118.83350058,32.10458785]]]},"properties":{"id":"XW-P500-1346-7107","night":560.32,"day":586.56,"area_m2":69484.16,"night_density":8064.0,"day_density":8441.6,"source_kind":"simulated","reference_year":2023,"model":"XW-POP-SIM-1"}},{"type":"Feature","id":"XW-P500-1347-7088","geometry":{"type":"Polygon","coordinates":[[[118.84246601,32.02328066],[118.84243706,32.02183466],[118.8413928,32.0222052],[118.8408973,32.0212557],[118.8406702,32.0213432],[118.84086353,32.02330394],[118.84246601,32.02328066]]]},"properties":{"id":"XW-P500-1347-7088","night":0.14,"day":0.06,"area_m2":25026.09,"night_density":5.6,"day_density":2.4,"source_kind":"simulated","reference_year":2023,"model":"XW-POP-SIM-1"}},{"type":"Feature","id":"XW-P500-1347-7089","geometry":{"type":"Polygon","coordinates":[[[118.84255629,32.02778921],[118.84246601,32.02328066],[118.84086353,32.02330394],[118.8409541,32.0242225],[118.8405515,32.0246294],[118.8392355,32.0246075],[118.8391787,32.0249751],[118.8390342,32.0256971],[118.8388174,32.0260252],[118.8386781,32.0276661],[118.83871297,32.02784501],[118.84255629,32.02778921]]]},"properties":{"id":"XW-P500-1347-7089","night":695.68,"day":404.39,"area_m2":144047.52,"night_density":4829.5,"day_density":2807.3,"source_kind":"simulated","reference_year":2023,"model":"XW-POP-SIM-1"}},{"type":"Feature","id":"XW-P500-1347-7090","geometry":{"type":"Polygon","coordinates":[[[118.83735396,32.03237457],[118.84264659,32.03229775],[118.84255629,32.02778921],[118.83871297,32.02784501],[118.8388451,32.028523],[118.8390376,32.0289197],[118.8390956,32.0290999],[118.839093,32.0295339],[118.8389395,32.0300672],[118.8388715,32.0304225],[118.838868,32.0306314],[118.8390446,32.0306433],[118.8390862,32.0312978],[118.83733184,32.03126703],[118.83735396,32.03237457]]]},"properties":{"id":"XW-P500-1347-7090","night":3067.42,"day":2815.85,"area_m2":190249.94,"night_density":16123.1,"day_density":14800.8,"source_kind":"simulated","reference_year":2023,"model":"XW-POP-SIM-1"}},{"type":"Feature","id":"XW-P500-1347-7091","geometry":{"type":"Polygon","coordinates":[[[118.83735396,32.03237457],[118.83744403,32.03688313],[118.84273691,32.03680629],[118.84264659,32.03229775],[118.83735396,32.03237457]]]},"properties":{"id":"XW-P500-1347-7091","night":8065.49,"day":8931.68,"area_m2":250000.0,"night_density":32262.0,"day_density":35726.7,"source_kind":"simulated","reference_year":2023,"model":"XW-POP-SIM-1"}},{"type":"Feature","id":"XW-P500-1347-7092","geometry":{"type":"Polygon","coordinates":[[[118.83744403,32.03688313],[118.83753411,32.04139168],[118.84282725,32.04131483],[118.84273691,32.03680629],[118.83744403,32.03688313]]]},"properties":{"id":"XW-P500-1347-7092","night":3590.65,"day":3078.63,"area_m2":250000.0,"night_density":14362.6,"day_density":12314.5,"source_kind":"simulated","reference_year":2023,"model":"XW-POP-SIM-1"}},{"type":"Feature","id":"XW-P500-1347-7093","geometry":{"type":"Polygon","coordinates":[[[118.83753411,32.04139168],[118.83762421,32.04590023],[118.84291761,32.04582337],[118.84282725,32.04131483],[118.83753411,32.04139168]]]},"properties":{"id":"XW-P500-1347-7093","night":0.0,"day":9.77,"area_m2":250000.0,"night_density":0.0,"day_density":39.1,"source_kind":"simulated","reference_year":2023,"model":"XW-POP-SIM-1"}},{"type":"Feature","id":"XW-P500-1347-7094","geometry":{"type":"Polygon","coordinates":[[[118.83762421,32.04590023],[118.83771433,32.05040877],[118.843008,32.0503319],[118.84291761,32.04582337],[118.83762421,32.04590023]]]},"properties":{"id":"XW-P500-1347-7094","night":466.4,"day":768.6,"area_m2":250000.0,"night_density":1865.6,"day_density":3074.4,"source_kind":"simulated","reference_year":2023,"model":"XW-POP-SIM-1"}},{"type":"Feature","id":"XW-P500-1347-7095","geometry":{"type":"Polygon","coordinates":[[[118.83771433,32.05040877],[118.83780448,32.05491731],[118.8430984,32.05484043],[118.843008,32.0503319],[118.83771433,32.05040877]]]},"properties":{"id":"XW-P500-1347-7095","night":670.77,"day":1333.36,"area_m2":250000.0,"night_density":2683.1,"day_density":5333.4,"source_kind":"simulated","reference_year":2023,"model":"XW-POP-SIM-1"}},{"type":"Feature","id":"XW-P500-1347-7096","geometry":{"type":"Polygon","coordinates":[[[118.83780448,32.05491731],[118.83789464,32.05942585],[118.84318882,32.05934895],[118.8430984,32.05484043],[118.83780448,32.05491731]]]},"properties":{"id":"XW-P500-1347-7096","night":857.86,"day":1224.42,"area_m2":250000.0,"night_density":3431.4,"day_density":4897.7,"source_kind":"simulated","reference_year":2023,"model":"XW-POP-SIM-1"}},{"type":"Feature","id":"XW-P500-1347-7097","geometry":{"type":"Polygon","coordinates":[[[118.83789464,32.05942585],[118.83798482,32.06393439],[118.84327926,32.06385747],[118.84318882,32.05934895],[118.83789464,32.05942585]]]},"properties":{"id":"XW-P500-1347-7097","night":854.42,"day":1168.54,"area_m2":250000.0,"night_density":3417.7,"day_density":4674.2,"source_kind":"simulated","reference_year":2023,"model":"XW-POP-SIM-1"}},{"type":"Feature","id":"XW-P500-1347-7098","geometry":{"type":"Polygon","coordinates":[[[118.83798482,32.06393439],[118.83807503,32.06844292],[118.84336973,32.06836599],[118.84327926,32.06385747],[118.83798482,32.06393439]]]},"properties":{"id":"XW-P500-1347-7098","night":99.5,"day":137.49,"area_m2":250000.0,"night_density":398.0,"day_density":550.0,"source_kind":"simulated","reference_year":2023,"model":"XW-POP-SIM-1"}},{"type":"Feature","id":"XW-P500-1347-7099","geometry":{"type":"Polygon","coordinates":[[[118.83807503,32.06844292],[118.83816525,32.07295144],[118.84346021,32.0728745],[118.84336973,32.06836599],[118.83807503,32.06844292]]]},"properties":{"id":"XW-P500-1347-7099","night":26.24,"day":114.44,"area_m2":250000.0,"night_density":105.0,"day_density":457.8,"source_kind":"simulated","reference_year":2023,"model":"XW-POP-SIM-1"}},{"type":"Feature","id":"XW-P500-1347-7100","geometry":{"type":"Polygon","coordinates":[[[118.83816525,32.07295144],[118.8382555,32.07745997],[118.84355071,32.07738301],[118.84346021,32.0728745],[118.83816525,32.07295144]]]},"properties":{"id":"XW-P500-1347-7100","night":4.57,"day":6.32,"area_m2":250000.0,"night_density":18.3,"day_density":25.3,"source_kind":"simulated","reference_year":2023,"model":"XW-POP-SIM-1"}},{"type":"Feature","id":"XW-P500-1347-7101","geometry":{"type":"Polygon","coordinates":[[[118.8382555,32.07745997],[118.83834576,32.08196849],[118.84364124,32.08189152],[118.84355071,32.07738301],[118.8382555,32.07745997]]]},"properties":{"id":"XW-P500-1347-7101","night":0.0,"day":0.0,"area_m2":250000.0,"night_density":0.0,"day_density":0.0,"source_kind":"simulated","reference_year":2023,"model":"XW-POP-SIM-1"}},{"type":"Feature","id":"XW-P500-1347-7102","geometry":{"type":"Polygon","coordinates":[[[118.83834576,32.08196849],[118.83843604,32.08647701],[118.84373178,32.08640002],[118.84364124,32.08189152],[118.83834576,32.08196849]]]},"properties":{"id":"XW-P500-1347-7102","night":0.0,"day":0.0,"area_m2":250000.0,"night_density":0.0,"day_density":0.0,"source_kind":"simulated","reference_year":2023,"model":"XW-POP-SIM-1"}},{"type":"Feature","id":"XW-P500-1347-7103","geometry":{"type":"Polygon","coordinates":[[[118.83843604,32.08647701],[118.83852635,32.09098552],[118.84382235,32.09090852],[118.84373178,32.08640002],[118.83843604,32.08647701]]]},"properties":{"id":"XW-P500-1347-7103","night":0.0,"day":0.0,"area_m2":250000.0,"night_density":0.0,"day_density":0.0,"source_kind":"simulated","reference_year":2023,"model":"XW-POP-SIM-1"}},{"type":"Feature","id":"XW-P500-1347-7104","geometry":{"type":"Polygon","coordinates":[[[118.83852635,32.09098552],[118.83861667,32.09549403],[118.84391293,32.09541702],[118.84382235,32.09090852],[118.83852635,32.09098552]]]},"properties":{"id":"XW-P500-1347-7104","night":2213.91,"day":3180.2,"area_m2":250000.0,"night_density":8855.6,"day_density":12720.8,"source_kind":"simulated","reference_year":2023,"model":"XW-POP-SIM-1"}},{"type":"Feature","id":"XW-P500-1347-7105","geometry":{"type":"Polygon","coordinates":[[[118.84391293,32.09541702],[118.83861667,32.09549403],[118.83869339,32.09932261],[118.8397749,32.0995449],[118.8410187,32.0997242],[118.8419219,32.0997067],[118.8426342,32.0995668],[118.8432948,32.0992127],[118.84398524,32.09901513],[118.84391293,32.09541702]]]},"properties":{"id":"XW-P500-1347-7105","night":0.0,"day":0.0,"area_m2":224752.64,"night_density":0.0,"day_density":0.0,"source_kind":"simulated","reference_year":2023,"model":"XW-POP-SIM-1"}},{"type":"Feature","id":"XW-P500-1347-7106","geometry":{"type":"Polygon","coordinates":[[[118.83876137,32.1027142],[118.8403478,32.1020807],[118.8394136,32.1007735],[118.83871556,32.10042888],[118.83876137,32.1027142]]]},"properties":{"id":"XW-P500-1347-7106","night":0.0,"day":0.0,"area_m2":22214.44,"night_density":0.0,"day_density":0.0,"source_kind":"simulated","reference_year":2023,"model":"XW-POP-SIM-1"}},{"type":"Feature","id":"XW-P500-1348-7088","geometry":{"type":"Polygon","coordinates":[[[118.84246601,32.02328066],[118.8477581,32.02320364],[118.84774177,32.0223904],[118.846037,32.0223904],[118.8460151,32.0202106],[118.8451501,32.0203893],[118.8452327,32.0210544],[118.8441437,32.0211157],[118.8435553,32.0213388],[118.8439321,32.0223146],[118.8431992,32.0223759],[118.8427244,32.0217327],[118.84243706,32.02183466],[118.84246601,32.02328066]]]},"properties":{"id":"XW-P500-1348-7088","night":880.48,"day":972.25,"area_m2":88625.37,"night_density":9934.9,"day_density":10970.3,"source_kind":"simulated","reference_year":2023,"model":"XW-POP-SIM-1"}},{"type":"Feature","id":"XW-P500-1348-7089","geometry":{"type":"Polygon","coordinates":[[[118.84246601,32.02328066],[118.84255629,32.02778921],[118.84784864,32.02771218],[118.8477581,32.02320364],[118.84246601,32.02328066]]]},"properties":{"id":"XW-P500-1348-7089","night":3006.19,"day":3598.74,"area_m2":250000.0,"night_density":12024.8,"day_density":14395.0,"source_kind":"simulated","reference_year":2023,"model":"XW-POP-SIM-1"}},{"type":"Feature","id":"XW-P500-1348-7090","geometry":{"type":"Polygon","coordinates":[[[118.84255629,32.02778921],[118.84264659,32.03229775],[118.8479392,32.03222071],[118.84784864,32.02771218],[118.84255629,32.02778921]]]},"properties":{"id":"XW-P500-1348-7090","night":1876.82,"day":1792.43,"area_m2":250000.0,"night_density":7507.3,"day_density":7169.7,"source_kind":"simulated","reference_year":2023,"model":"XW-POP-SIM-1"}},{"type":"Feature","id":"XW-P500-1348-7091","geometry":{"type":"Polygon","coordinates":[[[118.84264659,32.03229775],[118.84273691,32.03680629],[118.84802978,32.03672924],[118.8479392,32.03222071],[118.84264659,32.03229775]]]},"properties":{"id":"XW-P500-1348-7091","night":5862.97,"day":4427.59,"area_m2":250000.0,"night_density":23451.9,"day_density":17710.4,"source_kind":"simulated","reference_year":2023,"model":"XW-POP-SIM-1"}},{"type":"Feature","id":"XW-P500-1348-7092","geometry":{"type":"Polygon","coordinates":[[[118.84273691,32.03680629],[118.84282725,32.04131483],[118.84812038,32.04123776],[118.84802978,32.03672924],[118.84273691,32.03680629]]]},"properties":{"id":"XW-P500-1348-7092","night":5444.44,"day":3894.49,"area_m2":250000.0,"night_density":21777.8,"day_density":15578.0,"source_kind":"simulated","reference_year":2023,"model":"XW-POP-SIM-1"}},{"type":"Feature","id":"XW-P500-1348-7093","geometry":{"type":"Polygon","coordinates":[[[118.84282725,32.04131483],[118.84291761,32.04582337],[118.848211,32.04574628],[118.84812038,32.04123776],[118.84282725,32.04131483]]]},"properties":{"id":"XW-P500-1348-7093","night":74.26,"day":65.43,"area_m2":250000.0,"night_density":297.0,"day_density":261.7,"source_kind":"simulated","reference_year":2023,"model":"XW-POP-SIM-1"}},{"type":"Feature","id":"XW-P500-1348-7094","geometry":{"type":"Polygon","coordinates":[[[118.84291761,32.04582337],[118.843008,32.0503319],[118.84830164,32.0502548],[118.848211,32.04574628],[118.84291761,32.04582337]]]},"properties":{"id":"XW-P500-1348-7094","night":15.24,"day":83.61,"area_m2":250000.0,"night_density":61.0,"day_density":334.4,"source_kind":"simulated","reference_year":2023,"model":"XW-POP-SIM-1"}},{"type":"Feature","id":"XW-P500-1348-7095","geometry":{"type":"Polygon","coordinates":[[[118.843008,32.0503319],[118.8430984,32.05484043],[118.8483923,32.05476332],[118.84830164,32.0502548],[118.843008,32.0503319]]]},"properties":{"id":"XW-P500-1348-7095","night":507.08,"day":739.73,"area_m2":250000.0,"night_density":2028.3,"day_density":2958.9,"source_kind":"simulated","reference_year":2023,"model":"XW-POP-SIM-1"}},{"type":"Feature","id":"XW-P500-1348-7096","geometry":{"type":"Polygon","coordinates":[[[118.8430984,32.05484043],[118.84318882,32.05934895],[118.84848298,32.05927183],[118.8483923,32.05476332],[118.8430984,32.05484043]]]},"properties":{"id":"XW-P500-1348-7096","night":424.63,"day":946.35,"area_m2":250000.0,"night_density":1698.5,"day_density":3785.4,"source_kind":"simulated","reference_year":2023,"model":"XW-POP-SIM-1"}},{"type":"Feature","id":"XW-P500-1348-7097","geometry":{"type":"Polygon","coordinates":[[[118.84318882,32.05934895],[118.84327926,32.06385747],[118.84857369,32.06378033],[118.84848298,32.05927183],[118.84318882,32.05934895]]]},"properties":{"id":"XW-P500-1348-7097","night":107.96,"day":227.35,"area_m2":250000.0,"night_density":431.8,"day_density":909.4,"source_kind":"simulated","reference_year":2023,"model":"XW-POP-SIM-1"}},{"type":"Feature","id":"XW-P500-1348-7098","geometry":{"type":"Polygon","coordinates":[[[118.84327926,32.06385747],[118.84336973,32.06836599],[118.84866441,32.06828884],[118.84857369,32.06378033],[118.84327926,32.06385747]]]},"properties":{"id":"XW-P500-1348-7098","night":67.37,"day":112.63,"area_m2":250000.0,"night_density":269.5,"day_density":450.5,"source_kind":"simulated","reference_year":2023,"model":"XW-POP-SIM-1"}},{"type":"Feature","id":"XW-P500-1348-7099","geometry":{"type":"Polygon","coordinates":[[[118.84336973,32.06836599],[118.84346021,32.0728745],[118.84875515,32.07279734],[118.84866441,32.06828884],[118.84336973,32.06836599]]]},"properties":{"id":"XW-P500-1348-7099","night":0.0,"day":39.09,"area_m2":250000.0,"night_density":0.0,"day_density":156.4,"source_kind":"simulated","reference_year":2023,"model":"XW-POP-SIM-1"}},{"type":"Feature","id":"XW-P500-1348-7100","geometry":{"type":"Polygon","coordinates":[[[118.84346021,32.0728745],[118.84355071,32.07738301],[118.84884591,32.07730584],[118.84875515,32.07279734],[118.84346021,32.0728745]]]},"properties":{"id":"XW-P500-1348-7100","night":0.0,"day":0.0,"area_m2":250000.0,"night_density":0.0,"day_density":0.0,"source_kind":"simulated","reference_year":2023,"model":"XW-POP-SIM-1"}},{"type":"Feature","id":"XW-P500-1348-7101","geometry":{"type":"Polygon","coordinates":[[[118.84355071,32.07738301],[118.84364124,32.08189152],[118.8489367,32.08181433],[118.84884591,32.07730584],[118.84355071,32.07738301]]]},"properties":{"id":"XW-P500-1348-7101","night":0.0,"day":0.0,"area_m2":250000.0,"night_density":0.0,"day_density":0.0,"source_kind":"simulated","reference_year":2023,"model":"XW-POP-SIM-1"}},{"type":"Feature","id":"XW-P500-1348-7102","geometry":{"type":"Polygon","coordinates":[[[118.84364124,32.08189152],[118.84373178,32.08640002],[118.8490275,32.08632282],[118.8489367,32.08181433],[118.84364124,32.08189152]]]},"properties":{"id":"XW-P500-1348-7102","night":0.0,"day":0.0,"area_m2":250000.0,"night_density":0.0,"day_density":0.0,"source_kind":"simulated","reference_year":2023,"model":"XW-POP-SIM-1"}},{"type":"Feature","id":"XW-P500-1348-7103","geometry":{"type":"Polygon","coordinates":[[[118.84373178,32.08640002],[118.84382235,32.09090852],[118.84911832,32.09083131],[118.8490275,32.08632282],[118.84373178,32.08640002]]]},"properties":{"id":"XW-P500-1348-7103","night":0.0,"day":0.0,"area_m2":250000.0,"night_density":0.0,"day_density":0.0,"source_kind":"simulated","reference_year":2023,"model":"XW-POP-SIM-1"}},{"type":"Feature","id":"XW-P500-1348-7104","geometry":{"type":"Polygon","coordinates":[[[118.84382235,32.09090852],[118.84391293,32.09541702],[118.84920917,32.09533979],[118.84911832,32.09083131],[118.84382235,32.09090852]]]},"properties":{"id":"XW-P500-1348-7104","night":2.79,"day":1.28,"area_m2":250000.0,"night_density":11.2,"day_density":5.1,"source_kind":"simulated","reference_year":2023,"model":"XW-POP-SIM-1"}},{"type":"Feature","id":"XW-P500-1348-7105","geometry":{"type":"Polygon","coordinates":[[[118.84920917,32.09533979],[118.84391293,32.09541702],[118.84398524,32.09901513],[118.8440741,32.0989897],[118.8466908,32.0997985],[118.8469127,32.0997723],[118.8481359,32.0989328],[118.8484146,32.0993919],[118.8486984,32.0996236],[118.8490339,32.0997286],[118.84929665,32.09968057],[118.84920917,32.09533979]]]},"properties":{"id":"XW-P500-1348-7105","night":2763.99,"day":1492.62,"area_m2":224198.0,"night_density":12328.3,"day_density":6657.6,"source_kind":"simulated","reference_year":2023,"model":"XW-POP-SIM-1"}},{"type":"Feature","id":"XW-P500-1349-7088","geometry":{"type":"Polygon","coordinates":[[[118.8477581,32.02320364],[118.84812391,32.02319831],[118.8481479,32.0223904],[118.84774177,32.0223904],[118.8477581,32.02320364]]]},"properties":{"id":"XW-P500-1349-7088","night":168.87,"day":233.34,"area_m2":3277.1,"night_density":51530.3,"day_density":71203.1,"source_kind":"simulated","reference_year":2023,"model":"XW-POP-SIM-1"}},{"type":"Feature","id":"XW-P500-1349-7089","geometry":{"type":"Polygon","coordinates":[[[118.8477581,32.02320364],[118.84784864,32.02771218],[118.85314096,32.02763493],[118.85305606,32.02341936],[118.8530123,32.0234229],[118.8529986,32.0233099],[118.8510726,32.0233019],[118.8510859,32.0242525],[118.8506108,32.0242573],[118.8506201,32.0244513],[118.8506252,32.0249983],[118.8494175,32.0249545],[118.8493607,32.0256503],[118.8480498,32.025694],[118.84812391,32.02319831],[118.8477581,32.02320364]]]},"properties":{"id":"XW-P500-1349-7089","night":5568.48,"day":6559.23,"area_m2":184123.67,"night_density":30243.2,"day_density":35624.0,"source_kind":"simulated","reference_year":2023,"model":"XW-POP-SIM-1"}},{"type":"Feature","id":"XW-P500-1349-7090","geometry":{"type":"Polygon","coordinates":[[[118.84784864,32.02771218],[118.8479392,32.03222071],[118.85323178,32.03214345],[118.85314096,32.02763493],[118.84784864,32.02771218]]]},"properties":{"id":"XW-P500-1349-7090","night":4770.59,"day":5491.14,"area_m2":250000.0,"night_density":19082.4,"day_density":21964.6,"source_kind":"simulated","reference_year":2023,"model":"XW-POP-SIM-1"}},{"type":"Feature","id":"XW-P500-1349-7091","geometry":{"type":"Polygon","coordinates":[[[118.8479392,32.03222071],[118.84802978,32.03672924],[118.85332262,32.03665196],[118.85323178,32.03214345],[118.8479392,32.03222071]]]},"properties":{"id":"XW-P500-1349-7091","night":9684.49,"day":6330.06,"area_m2":250000.0,"night_density":38738.0,"day_density":25320.2,"source_kind":"simulated","reference_year":2023,"model":"XW-POP-SIM-1"}},{"type":"Feature","id":"XW-P500-1349-7092","geometry":{"type":"Polygon","coordinates":[[[118.84802978,32.03672924],[118.84812038,32.04123776],[118.85341348,32.04116047],[118.85332262,32.03665196],[118.84802978,32.03672924]]]},"properties":{"id":"XW-P500-1349-7092","night":1067.83,"day":931.4,"area_m2":250000.0,"night_density":4271.3,"day_density":3725.6,"source_kind":"simulated","reference_year":2023,"model":"XW-POP-SIM-1"}},{"type":"Feature","id":"XW-P500-1349-7093","geometry":{"type":"Polygon","coordinates":[[[118.84812038,32.04123776],[118.848211,32.04574628],[118.85350436,32.04566898],[118.85341348,32.04116047],[118.84812038,32.04123776]]]},"properties":{"id":"XW-P500-1349-7093","night":136.73,"day":116.04,"area_m2":250000.0,"night_density":546.9,"day_density":464.2,"source_kind":"simulated","reference_year":2023,"model":"XW-POP-SIM-1"}},{"type":"Feature","id":"XW-P500-1349-7094","geometry":{"type":"Polygon","coordinates":[[[118.848211,32.04574628],[118.84830164,32.0502548],[118.85359526,32.05017748],[118.85350436,32.04566898],[118.848211,32.04574628]]]},"properties":{"id":"XW-P500-1349-7094","night":161.02,"day":74.07,"area_m2":250000.0,"night_density":644.1,"day_density":296.3,"source_kind":"simulated","reference_year":2023,"model":"XW-POP-SIM-1"}},{"type":"Feature","id":"XW-P500-1349-7095","geometry":{"type":"Polygon","coordinates":[[[118.84830164,32.0502548],[118.8483923,32.05476332],[118.85368618,32.05468598],[118.85359526,32.05017748],[118.84830164,32.0502548]]]},"properties":{"id":"XW-P500-1349-7095","night":303.73,"day":170.99,"area_m2":250000.0,"night_density":1214.9,"day_density":684.0,"source_kind":"simulated","reference_year":2023,"model":"XW-POP-SIM-1"}},{"type":"Feature","id":"XW-P500-1349-7096","geometry":{"type":"Polygon","coordinates":[[[118.8483923,32.05476332],[118.84848298,32.05927183],[118.85377712,32.05919448],[118.85368618,32.05468598],[118.8483923,32.05476332]]]},"properties":{"id":"XW-P500-1349-7096","night":120.36,"day":205.4,"area_m2":250000.0,"night_density":481.4,"day_density":821.6,"source_kind":"simulated","reference_year":2023,"model":"XW-POP-SIM-1"}},{"type":"Feature","id":"XW-P500-1349-7097","geometry":{"type":"Polygon","coordinates":[[[118.84848298,32.05927183],[118.84857369,32.06378033],[118.85386809,32.06370298],[118.85377712,32.05919448],[118.84848298,32.05927183]]]},"properties":{"id":"XW-P500-1349-7097","night":53.65,"day":74.13,"area_m2":250000.0,"night_density":214.6,"day_density":296.5,"source_kind":"simulated","reference_year":2023,"model":"XW-POP-SIM-1"}},{"type":"Feature","id":"XW-P500-1349-7098","geometry":{"type":"Polygon","coordinates":[[[118.84857369,32.06378033],[118.84866441,32.06828884],[118.85395907,32.06821147],[118.85386809,32.06370298],[118.84857369,32.06378033]]]},"properties":{"id":"XW-P500-1349-7098","night":20.08,"day":27.74,"area_m2":250000.0,"night_density":80.3,"day_density":111.0,"source_kind":"simulated","reference_year":2023,"model":"XW-POP-SIM-1"}},{"type":"Feature","id":"XW-P500-1349-7099","geometry":{"type":"Polygon","coordinates":[[[118.84866441,32.06828884],[118.84875515,32.07279734],[118.85405007,32.07271995],[118.85395907,32.06821147],[118.84866441,32.06828884]]]},"properties":{"id":"XW-P500-1349-7099","night":0.0,"day":0.0,"area_m2":250000.0,"night_density":0.0,"day_density":0.0,"source_kind":"simulated","reference_year":2023,"model":"XW-POP-SIM-1"}},{"type":"Feature","id":"XW-P500-1349-7100","geometry":{"type":"Polygon","coordinates":[[[118.84875515,32.07279734],[118.84884591,32.07730584],[118.85414109,32.07722844],[118.85405007,32.07271995],[118.84875515,32.07279734]]]},"properties":{"id":"XW-P500-1349-7100","night":0.0,"day":0.0,"area_m2":250000.0,"night_density":0.0,"day_density":0.0,"source_kind":"simulated","reference_year":2023,"model":"XW-POP-SIM-1"}},{"type":"Feature","id":"XW-P500-1349-7101","geometry":{"type":"Polygon","coordinates":[[[118.84884591,32.07730584],[118.8489367,32.08181433],[118.85423214,32.08173692],[118.85414109,32.07722844],[118.84884591,32.07730584]]]},"properties":{"id":"XW-P500-1349-7101","night":0.0,"day":0.0,"area_m2":250000.0,"night_density":0.0,"day_density":0.0,"source_kind":"simulated","reference_year":2023,"model":"XW-POP-SIM-1"}},{"type":"Feature","id":"XW-P500-1349-7102","geometry":{"type":"Polygon","coordinates":[[[118.8489367,32.08181433],[118.8490275,32.08632282],[118.8543232,32.0862454],[118.85423214,32.08173692],[118.8489367,32.08181433]]]},"properties":{"id":"XW-P500-1349-7102","night":0.0,"day":0.0,"area_m2":250000.0,"night_density":0.0,"day_density":0.0,"source_kind":"simulated","reference_year":2023,"model":"XW-POP-SIM-1"}},{"type":"Feature","id":"XW-P500-1349-7103","geometry":{"type":"Polygon","coordinates":[[[118.8490275,32.08632282],[118.84911832,32.09083131],[118.85441428,32.09075387],[118.8543232,32.0862454],[118.8490275,32.08632282]]]},"properties":{"id":"XW-P500-1349-7103","night":0.0,"day":0.0,"area_m2":250000.0,"night_density":0.0,"day_density":0.0,"source_kind":"simulated","reference_year":2023,"model":"XW-POP-SIM-1"}},{"type":"Feature","id":"XW-P500-1349-7104","geometry":{"type":"Polygon","coordinates":[[[118.84911832,32.09083131],[118.84920917,32.09533979],[118.85450539,32.09526234],[118.85441428,32.09075387],[118.84911832,32.09083131]]]},"properties":{"id":"XW-P500-1349-7104","night":528.29,"day":729.95,"area_m2":250000.0,"night_density":2113.2,"day_density":2919.8,"source_kind":"simulated","reference_year":2023,"model":"XW-POP-SIM-1"}},{"type":"Feature","id":"XW-P500-1349-7105","geometry":{"type":"Polygon","coordinates":[[[118.85459651,32.09977081],[118.85450539,32.09526234],[118.84920917,32.09533979],[118.84929665,32.09968057],[118.8526931,32.0990596],[118.8537925,32.0984956],[118.8544376,32.0996193],[118.85455234,32.09977145],[118.85459651,32.09977081]]]},"properties":{"id":"XW-P500-1349-7105","night":4596.64,"day":2704.02,"area_m2":217271.79,"night_density":21156.2,"day_density":12445.3,"source_kind":"simulated","reference_year":2023,"model":"XW-POP-SIM-1"}},{"type":"Feature","id":"XW-P500-1349-7106","geometry":{"type":"Polygon","coordinates":[[[118.85459651,32.09977081],[118.85455234,32.09977145],[118.85459774,32.09983166],[118.85459651,32.09977081]]]},"properties":{"id":"XW-P500-1349-7106","night":0.0,"day":0.0,"area_m2":14.07,"night_density":0.0,"day_density":0.0,"source_kind":"simulated","reference_year":2023,"model":"XW-POP-SIM-1"}},{"type":"Feature","id":"XW-P500-1350-7088","geometry":{"type":"Polygon","coordinates":[[[118.85477729,32.02310115],[118.8547696,32.0230599],[118.8537477,32.0230599],[118.8534467,32.0230736],[118.85344237,32.02312067],[118.85477729,32.02310115]]]},"properties":{"id":"XW-P500-1350-7088","night":0.0,"day":0.0,"area_m2":688.38,"night_density":0.0,"day_density":0.0,"source_kind":"simulated","reference_year":2023,"model":"XW-POP-SIM-1"}},{"type":"Feature","id":"XW-P500-1350-7089","geometry":{"type":"Polygon","coordinates":[[[118.85314096,32.02763493],[118.85843327,32.02755746],[118.85839879,32.02585068],[118.8551154,32.0254534],[118.8550844,32.0247489],[118.85477729,32.02310115],[118.85344237,32.02312067],[118.8534156,32.0234118],[118.8530704,32.0234182],[118.85305606,32.02341936],[118.85314096,32.02763493]]]},"properties":{"id":"XW-P500-1350-7089","night":2351.05,"day":4915.5,"area_m2":157644.36,"night_density":14913.6,"day_density":31180.9,"source_kind":"simulated","reference_year":2023,"model":"XW-POP-SIM-1"}},{"type":"Feature","id":"XW-P500-1350-7090","geometry":{"type":"Polygon","coordinates":[[[118.85314096,32.02763493],[118.85323178,32.03214345],[118.85852435,32.03206596],[118.85843327,32.02755746],[118.85314096,32.02763493]]]},"properties":{"id":"XW-P500-1350-7090","night":833.71,"day":4633.44,"area_m2":250000.0,"night_density":3334.8,"day_density":18533.8,"source_kind":"simulated","reference_year":2023,"model":"XW-POP-SIM-1"}},{"type":"Feature","id":"XW-P500-1350-7091","geometry":{"type":"Polygon","coordinates":[[[118.85323178,32.03214345],[118.85332262,32.03665196],[118.85861545,32.03657446],[118.85852435,32.03206596],[118.85323178,32.03214345]]]},"properties":{"id":"XW-P500-1350-7091","night":4522.52,"day":2764.95,"area_m2":250000.0,"night_density":18090.1,"day_density":11059.8,"source_kind":"simulated","reference_year":2023,"model":"XW-POP-SIM-1"}},{"type":"Feature","id":"XW-P500-1350-7092","geometry":{"type":"Polygon","coordinates":[[[118.85332262,32.03665196],[118.85341348,32.04116047],[118.85870656,32.04108296],[118.85861545,32.03657446],[118.85332262,32.03665196]]]},"properties":{"id":"XW-P500-1350-7092","night":1230.14,"day":1258.63,"area_m2":250000.0,"night_density":4920.6,"day_density":5034.5,"source_kind":"simulated","reference_year":2023,"model":"XW-POP-SIM-1"}},{"type":"Feature","id":"XW-P500-1350-7093","geometry":{"type":"Polygon","coordinates":[[[118.85341348,32.04116047],[118.85350436,32.04566898],[118.8587977,32.04559146],[118.85870656,32.04108296],[118.85341348,32.04116047]]]},"properties":{"id":"XW-P500-1350-7093","night":138.49,"day":63.71,"area_m2":250000.0,"night_density":554.0,"day_density":254.8,"source_kind":"simulated","reference_year":2023,"model":"XW-POP-SIM-1"}},{"type":"Feature","id":"XW-P500-1350-7094","geometry":{"type":"Polygon","coordinates":[[[118.85350436,32.04566898],[118.85359526,32.05017748],[118.85888886,32.05009995],[118.8587977,32.04559146],[118.85350436,32.04566898]]]},"properties":{"id":"XW-P500-1350-7094","night":0.0,"day":0.0,"area_m2":250000.0,"night_density":0.0,"day_density":0.0,"source_kind":"simulated","reference_year":2023,"model":"XW-POP-SIM-1"}},{"type":"Feature","id":"XW-P500-1350-7095","geometry":{"type":"Polygon","coordinates":[[[118.85359526,32.05017748],[118.85368618,32.05468598],[118.85898004,32.05460843],[118.85888886,32.05009995],[118.85359526,32.05017748]]]},"properties":{"id":"XW-P500-1350-7095","night":0.0,"day":0.0,"area_m2":250000.0,"night_density":0.0,"day_density":0.0,"source_kind":"simulated","reference_year":2023,"model":"XW-POP-SIM-1"}},{"type":"Feature","id":"XW-P500-1350-7096","geometry":{"type":"Polygon","coordinates":[[[118.85368618,32.05468598],[118.85377712,32.05919448],[118.85907124,32.05911692],[118.85898004,32.05460843],[118.85368618,32.05468598]]]},"properties":{"id":"XW-P500-1350-7096","night":0.0,"day":9.77,"area_m2":250000.0,"night_density":0.0,"day_density":39.1,"source_kind":"simulated","reference_year":2023,"model":"XW-POP-SIM-1"}},{"type":"Feature","id":"XW-P500-1350-7097","geometry":{"type":"Polygon","coordinates":[[[118.85377712,32.05919448],[118.85386809,32.06370298],[118.85916247,32.0636254],[118.85907124,32.05911692],[118.85377712,32.05919448]]]},"properties":{"id":"XW-P500-1350-7097","night":163.45,"day":284.48,"area_m2":250000.0,"night_density":653.8,"day_density":1137.9,"source_kind":"simulated","reference_year":2023,"model":"XW-POP-SIM-1"}},{"type":"Feature","id":"XW-P500-1350-7098","geometry":{"type":"Polygon","coordinates":[[[118.85386809,32.06370298],[118.85395907,32.06821147],[118.85925371,32.06813388],[118.85916247,32.0636254],[118.85386809,32.06370298]]]},"properties":{"id":"XW-P500-1350-7098","night":0.0,"day":19.55,"area_m2":250000.0,"night_density":0.0,"day_density":78.2,"source_kind":"simulated","reference_year":2023,"model":"XW-POP-SIM-1"}},{"type":"Feature","id":"XW-P500-1350-7099","geometry":{"type":"Polygon","coordinates":[[[118.85395907,32.06821147],[118.85405007,32.07271995],[118.85934497,32.07264235],[118.85925371,32.06813388],[118.85395907,32.06821147]]]},"properties":{"id":"XW-P500-1350-7099","night":0.0,"day":0.0,"area_m2":250000.0,"night_density":0.0,"day_density":0.0,"source_kind":"simulated","reference_year":2023,"model":"XW-POP-SIM-1"}},{"type":"Feature","id":"XW-P500-1350-7100","geometry":{"type":"Polygon","coordinates":[[[118.85405007,32.07271995],[118.85414109,32.07722844],[118.85943625,32.07715082],[118.85934497,32.07264235],[118.85405007,32.07271995]]]},"properties":{"id":"XW-P500-1350-7100","night":0.0,"day":0.0,"area_m2":250000.0,"night_density":0.0,"day_density":0.0,"source_kind":"simulated","reference_year":2023,"model":"XW-POP-SIM-1"}},{"type":"Feature","id":"XW-P500-1350-7101","geometry":{"type":"Polygon","coordinates":[[[118.85414109,32.07722844],[118.85423214,32.08173692],[118.85952755,32.08165929],[118.85943625,32.07715082],[118.85414109,32.07722844]]]},"properties":{"id":"XW-P500-1350-7101","night":0.0,"day":0.0,"area_m2":250000.0,"night_density":0.0,"day_density":0.0,"source_kind":"simulated","reference_year":2023,"model":"XW-POP-SIM-1"}},{"type":"Feature","id":"XW-P500-1350-7102","geometry":{"type":"Polygon","coordinates":[[[118.85423214,32.08173692],[118.8543232,32.0862454],[118.85961888,32.08616775],[118.85952755,32.08165929],[118.85423214,32.08173692]]]},"properties":{"id":"XW-P500-1350-7102","night":1910.33,"day":1077.28,"area_m2":250000.0,"night_density":7641.3,"day_density":4309.1,"source_kind":"simulated","reference_year":2023,"model":"XW-POP-SIM-1"}},{"type":"Feature","id":"XW-P500-1350-7103","geometry":{"type":"Polygon","coordinates":[[[118.8543232,32.0862454],[118.85441428,32.09075387],[118.85971022,32.09067621],[118.85961888,32.08616775],[118.8543232,32.0862454]]]},"properties":{"id":"XW-P500-1350-7103","night":80.57,"day":45.57,"area_m2":250000.0,"night_density":322.3,"day_density":182.3,"source_kind":"simulated","reference_year":2023,"model":"XW-POP-SIM-1"}},{"type":"Feature","id":"XW-P500-1350-7104","geometry":{"type":"Polygon","coordinates":[[[118.85441428,32.09075387],[118.85450539,32.09526234],[118.85980158,32.09518467],[118.85971022,32.09067621],[118.85441428,32.09075387]]]},"properties":{"id":"XW-P500-1350-7104","night":0.0,"day":62.55,"area_m2":250000.0,"night_density":0.0,"day_density":250.2,"source_kind":"simulated","reference_year":2023,"model":"XW-POP-SIM-1"}},{"type":"Feature","id":"XW-P500-1350-7105","geometry":{"type":"Polygon","coordinates":[[[118.85450539,32.09526234],[118.85459651,32.09977081],[118.85989297,32.09969312],[118.85980158,32.09518467],[118.85450539,32.09526234]]]},"properties":{"id":"XW-P500-1350-7105","night":10643.83,"day":6092.69,"area_m2":250000.0,"night_density":42575.3,"day_density":24370.8,"source_kind":"simulated","reference_year":2023,"model":"XW-POP-SIM-1"}},{"type":"Feature","id":"XW-P500-1350-7106","geometry":{"type":"Polygon","coordinates":[[[118.85989297,32.09969312],[118.85459651,32.09977081],[118.85459774,32.09983166],[118.8553047,32.1007691],[118.8563059,32.1007341],[118.8568478,32.1008347],[118.8586026,32.1020458],[118.85994712,32.10236397],[118.85989297,32.09969312]]]},"properties":{"id":"XW-P500-1350-7106","night":1038.27,"day":576.37,"area_m2":86298.95,"night_density":12031.1,"day_density":6678.8,"source_kind":"simulated","reference_year":2023,"model":"XW-POP-SIM-1"}},{"type":"Feature","id":"XW-P500-1351-7089","geometry":{"type":"Polygon","coordinates":[[[118.85843327,32.02755746],[118.86372555,32.02747977],[118.86366566,32.02452275],[118.8631881,32.0243785],[118.8627456,32.0264414],[118.8600708,32.0261025],[118.8596606,32.0260301],[118.8591057,32.0259362],[118.85839879,32.02585068],[118.85843327,32.02755746]]]},"properties":{"id":"XW-P500-1351-7089","night":0.0,"day":0.0,"area_m2":87906.36,"night_density":0.0,"day_density":0.0,"source_kind":"simulated","reference_year":2023,"model":"XW-POP-SIM-1"}},{"type":"Feature","id":"XW-P500-1351-7090","geometry":{"type":"Polygon","coordinates":[[[118.85843327,32.02755746],[118.85852435,32.03206596],[118.86381689,32.03198826],[118.86372555,32.02747977],[118.85843327,32.02755746]]]},"properties":{"id":"XW-P500-1351-7090","night":0.0,"day":0.0,"area_m2":250000.0,"night_density":0.0,"day_density":0.0,"source_kind":"simulated","reference_year":2023,"model":"XW-POP-SIM-1"}},{"type":"Feature","id":"XW-P500-1351-7091","geometry":{"type":"Polygon","coordinates":[[[118.85852435,32.03206596],[118.85861545,32.03657446],[118.86390825,32.03649674],[118.86381689,32.03198826],[118.85852435,32.03206596]]]},"properties":{"id":"XW-P500-1351-7091","night":105.99,"day":267.66,"area_m2":250000.0,"night_density":424.0,"day_density":1070.6,"source_kind":"simulated","reference_year":2023,"model":"XW-POP-SIM-1"}},{"type":"Feature","id":"XW-P500-1351-7092","geometry":{"type":"Polygon","coordinates":[[[118.85861545,32.03657446],[118.85870656,32.04108296],[118.86399963,32.04100523],[118.86390825,32.03649674],[118.85861545,32.03657446]]]},"properties":{"id":"XW-P500-1351-7092","night":152.55,"day":226.53,"area_m2":250000.0,"night_density":610.2,"day_density":906.1,"source_kind":"simulated","reference_year":2023,"model":"XW-POP-SIM-1"}},{"type":"Feature","id":"XW-P500-1351-7093","geometry":{"type":"Polygon","coordinates":[[[118.85870656,32.04108296],[118.8587977,32.04559146],[118.86409103,32.04551371],[118.86399963,32.04100523],[118.85870656,32.04108296]]]},"properties":{"id":"XW-P500-1351-7093","night":2125.18,"day":2998.96,"area_m2":250000.0,"night_density":8500.7,"day_density":11995.8,"source_kind":"simulated","reference_year":2023,"model":"XW-POP-SIM-1"}},{"type":"Feature","id":"XW-P500-1351-7094","geometry":{"type":"Polygon","coordinates":[[[118.8587977,32.04559146],[118.85888886,32.05009995],[118.86418245,32.05002219],[118.86409103,32.04551371],[118.8587977,32.04559146]]]},"properties":{"id":"XW-P500-1351-7094","night":0.0,"day":132.91,"area_m2":250000.0,"night_density":0.0,"day_density":531.6,"source_kind":"simulated","reference_year":2023,"model":"XW-POP-SIM-1"}},{"type":"Feature","id":"XW-P500-1351-7095","geometry":{"type":"Polygon","coordinates":[[[118.85888886,32.05009995],[118.85898004,32.05460843],[118.86427388,32.05453066],[118.86418245,32.05002219],[118.85888886,32.05009995]]]},"properties":{"id":"XW-P500-1351-7095","night":0.0,"day":70.36,"area_m2":250000.0,"night_density":0.0,"day_density":281.4,"source_kind":"simulated","reference_year":2023,"model":"XW-POP-SIM-1"}},{"type":"Feature","id":"XW-P500-1351-7096","geometry":{"type":"Polygon","coordinates":[[[118.85898004,32.05460843],[118.85907124,32.05911692],[118.86436534,32.05903913],[118.86427388,32.05453066],[118.85898004,32.05460843]]]},"properties":{"id":"XW-P500-1351-7096","night":566.4,"day":841.25,"area_m2":250000.0,"night_density":2265.6,"day_density":3365.0,"source_kind":"simulated","reference_year":2023,"model":"XW-POP-SIM-1"}},{"type":"Feature","id":"XW-P500-1351-7097","geometry":{"type":"Polygon","coordinates":[[[118.85907124,32.05911692],[118.85916247,32.0636254],[118.86445683,32.0635476],[118.86436534,32.05903913],[118.85907124,32.05911692]]]},"properties":{"id":"XW-P500-1351-7097","night":52.63,"day":72.73,"area_m2":250000.0,"night_density":210.5,"day_density":290.9,"source_kind":"simulated","reference_year":2023,"model":"XW-POP-SIM-1"}},{"type":"Feature","id":"XW-P500-1351-7098","geometry":{"type":"Polygon","coordinates":[[[118.85916247,32.0636254],[118.85925371,32.06813388],[118.86454833,32.06805606],[118.86445683,32.0635476],[118.85916247,32.0636254]]]},"properties":{"id":"XW-P500-1351-7098","night":0.0,"day":0.0,"area_m2":250000.0,"night_density":0.0,"day_density":0.0,"source_kind":"simulated","reference_year":2023,"model":"XW-POP-SIM-1"}},{"type":"Feature","id":"XW-P500-1351-7099","geometry":{"type":"Polygon","coordinates":[[[118.85925371,32.06813388],[118.85934497,32.07264235],[118.86463985,32.07256452],[118.86454833,32.06805606],[118.85925371,32.06813388]]]},"properties":{"id":"XW-P500-1351-7099","night":0.0,"day":0.0,"area_m2":250000.0,"night_density":0.0,"day_density":0.0,"source_kind":"simulated","reference_year":2023,"model":"XW-POP-SIM-1"}},{"type":"Feature","id":"XW-P500-1351-7100","geometry":{"type":"Polygon","coordinates":[[[118.85934497,32.07264235],[118.85943625,32.07715082],[118.86473139,32.07707298],[118.86463985,32.07256452],[118.85934497,32.07264235]]]},"properties":{"id":"XW-P500-1351-7100","night":0.0,"day":0.0,"area_m2":250000.0,"night_density":0.0,"day_density":0.0,"source_kind":"simulated","reference_year":2023,"model":"XW-POP-SIM-1"}},{"type":"Feature","id":"XW-P500-1351-7101","geometry":{"type":"Polygon","coordinates":[[[118.85943625,32.07715082],[118.85952755,32.08165929],[118.86482295,32.08158143],[118.86473139,32.07707298],[118.85943625,32.07715082]]]},"properties":{"id":"XW-P500-1351-7101","night":0.0,"day":0.0,"area_m2":250000.0,"night_density":0.0,"day_density":0.0,"source_kind":"simulated","reference_year":2023,"model":"XW-POP-SIM-1"}},{"type":"Feature","id":"XW-P500-1351-7102","geometry":{"type":"Polygon","coordinates":[[[118.85952755,32.08165929],[118.85961888,32.08616775],[118.86491453,32.08608988],[118.86482295,32.08158143],[118.85952755,32.08165929]]]},"properties":{"id":"XW-P500-1351-7102","night":2277.2,"day":1302.57,"area_m2":250000.0,"night_density":9108.8,"day_density":5210.3,"source_kind":"simulated","reference_year":2023,"model":"XW-POP-SIM-1"}},{"type":"Feature","id":"XW-P500-1351-7103","geometry":{"type":"Polygon","coordinates":[[[118.85961888,32.08616775],[118.85971022,32.09067621],[118.86500614,32.09059833],[118.86491453,32.08608988],[118.85961888,32.08616775]]]},"properties":{"id":"XW-P500-1351-7103","night":1169.22,"day":680.18,"area_m2":250000.0,"night_density":4676.9,"day_density":2720.7,"source_kind":"simulated","reference_year":2023,"model":"XW-POP-SIM-1"}},{"type":"Feature","id":"XW-P500-1351-7104","geometry":{"type":"Polygon","coordinates":[[[118.85971022,32.09067621],[118.85980158,32.09518467],[118.86509776,32.09510677],[118.86500614,32.09059833],[118.85971022,32.09067621]]]},"properties":{"id":"XW-P500-1351-7104","night":0.0,"day":187.64,"area_m2":250000.0,"night_density":0.0,"day_density":750.6,"source_kind":"simulated","reference_year":2023,"model":"XW-POP-SIM-1"}},{"type":"Feature","id":"XW-P500-1351-7105","geometry":{"type":"Polygon","coordinates":[[[118.85980158,32.09518467],[118.85989297,32.09969312],[118.86518941,32.09961521],[118.86509776,32.09510677],[118.85980158,32.09518467]]]},"properties":{"id":"XW-P500-1351-7105","night":12515.88,"day":7261.28,"area_m2":250000.0,"night_density":50063.5,"day_density":29045.1,"source_kind":"simulated","reference_year":2023,"model":"XW-POP-SIM-1"}},{"type":"Feature","id":"XW-P500-1351-7106","geometry":{"type":"Polygon","coordinates":[[[118.86518941,32.09961521],[118.85989297,32.09969312],[118.85994712,32.10236397],[118.8600064,32.102378],[118.8609302,32.1027802],[118.8616786,32.1026491],[118.8623754,32.1027496],[118.8626076,32.1026229],[118.8627573,32.1021682],[118.8628915,32.1019889],[118.8632785,32.101731],[118.8639547,32.1015342],[118.8642282,32.1015867],[118.864703,32.1018403],[118.86523625,32.1019194],[118.86518941,32.09961521]]]},"properties":{"id":"XW-P500-1351-7106","night":1877.71,"day":1078.07,"area_m2":142497.6,"night_density":13177.1,"day_density":7565.5,"source_kind":"simulated","reference_year":2023,"model":"XW-POP-SIM-1"}},{"type":"Feature","id":"XW-P500-1352-7089","geometry":{"type":"Polygon","coordinates":[[[118.86372555,32.02747977],[118.86901782,32.02740185],[118.86896288,32.02469737],[118.8675063,32.0256828],[118.86366566,32.02452275],[118.86372555,32.02747977]]]},"properties":{"id":"XW-P500-1352-7089","night":0.0,"day":0.0,"area_m2":128296.35,"night_density":0.0,"day_density":0.0,"source_kind":"simulated","reference_year":2023,"model":"XW-POP-SIM-1"}},{"type":"Feature","id":"XW-P500-1352-7090","geometry":{"type":"Polygon","coordinates":[[[118.86372555,32.02747977],[118.86381689,32.03198826],[118.86910942,32.03191033],[118.86901782,32.02740185],[118.86372555,32.02747977]]]},"properties":{"id":"XW-P500-1352-7090","night":0.0,"day":62.55,"area_m2":250000.0,"night_density":0.0,"day_density":250.2,"source_kind":"simulated","reference_year":2023,"model":"XW-POP-SIM-1"}},{"type":"Feature","id":"XW-P500-1352-7091","geometry":{"type":"Polygon","coordinates":[[[118.86381689,32.03198826],[118.86390825,32.03649674],[118.86920103,32.03641881],[118.86910942,32.03191033],[118.86381689,32.03198826]]]},"properties":{"id":"XW-P500-1352-7091","night":139.74,"day":64.28,"area_m2":250000.0,"night_density":559.0,"day_density":257.1,"source_kind":"simulated","reference_year":2023,"model":"XW-POP-SIM-1"}},{"type":"Feature","id":"XW-P500-1352-7092","geometry":{"type":"Polygon","coordinates":[[[118.86390825,32.03649674],[118.86399963,32.04100523],[118.86929267,32.04092728],[118.86920103,32.03641881],[118.86390825,32.03649674]]]},"properties":{"id":"XW-P500-1352-7092","night":0.0,"day":9.77,"area_m2":250000.0,"night_density":0.0,"day_density":39.1,"source_kind":"simulated","reference_year":2023,"model":"XW-POP-SIM-1"}},{"type":"Feature","id":"XW-P500-1352-7093","geometry":{"type":"Polygon","coordinates":[[[118.86399963,32.04100523],[118.86409103,32.04551371],[118.86938433,32.04543574],[118.86929267,32.04092728],[118.86399963,32.04100523]]]},"properties":{"id":"XW-P500-1352-7093","night":191.55,"day":421.03,"area_m2":250000.0,"night_density":766.2,"day_density":1684.1,"source_kind":"simulated","reference_year":2023,"model":"XW-POP-SIM-1"}},{"type":"Feature","id":"XW-P500-1352-7094","geometry":{"type":"Polygon","coordinates":[[[118.86409103,32.04551371],[118.86418245,32.05002219],[118.86947601,32.04994421],[118.86938433,32.04543574],[118.86409103,32.04551371]]]},"properties":{"id":"XW-P500-1352-7094","night":0.0,"day":9.77,"area_m2":250000.0,"night_density":0.0,"day_density":39.1,"source_kind":"simulated","reference_year":2023,"model":"XW-POP-SIM-1"}},{"type":"Feature","id":"XW-P500-1352-7095","geometry":{"type":"Polygon","coordinates":[[[118.86418245,32.05002219],[118.86427388,32.05453066],[118.86956771,32.05445267],[118.86947601,32.04994421],[118.86418245,32.05002219]]]},"properties":{"id":"XW-P500-1352-7095","night":0.0,"day":0.0,"area_m2":250000.0,"night_density":0.0,"day_density":0.0,"source_kind":"simulated","reference_year":2023,"model":"XW-POP-SIM-1"}},{"type":"Feature","id":"XW-P500-1352-7096","geometry":{"type":"Polygon","coordinates":[[[118.86427388,32.05453066],[118.86436534,32.05903913],[118.86965942,32.05896112],[118.86956771,32.05445267],[118.86427388,32.05453066]]]},"properties":{"id":"XW-P500-1352-7096","night":0.0,"day":0.0,"area_m2":250000.0,"night_density":0.0,"day_density":0.0,"source_kind":"simulated","reference_year":2023,"model":"XW-POP-SIM-1"}},{"type":"Feature","id":"XW-P500-1352-7097","geometry":{"type":"Polygon","coordinates":[[[118.86436534,32.05903913],[118.86445683,32.0635476],[118.86975116,32.06346958],[118.86965942,32.05896112],[118.86436534,32.05903913]]]},"properties":{"id":"XW-P500-1352-7097","night":0.26,"day":19.9,"area_m2":250000.0,"night_density":1.0,"day_density":79.6,"source_kind":"simulated","reference_year":2023,"model":"XW-POP-SIM-1"}},{"type":"Feature","id":"XW-P500-1352-7098","geometry":{"type":"Polygon","coordinates":[[[118.86445683,32.0635476],[118.86454833,32.06805606],[118.86984292,32.06797803],[118.86975116,32.06346958],[118.86445683,32.0635476]]]},"properties":{"id":"XW-P500-1352-7098","night":0.0,"day":0.0,"area_m2":250000.0,"night_density":0.0,"day_density":0.0,"source_kind":"simulated","reference_year":2023,"model":"XW-POP-SIM-1"}},{"type":"Feature","id":"XW-P500-1352-7099","geometry":{"type":"Polygon","coordinates":[[[118.86454833,32.06805606],[118.86463985,32.07256452],[118.86993471,32.07248647],[118.86984292,32.06797803],[118.86454833,32.06805606]]]},"properties":{"id":"XW-P500-1352-7099","night":0.0,"day":0.0,"area_m2":250000.0,"night_density":0.0,"day_density":0.0,"source_kind":"simulated","reference_year":2023,"model":"XW-POP-SIM-1"}},{"type":"Feature","id":"XW-P500-1352-7100","geometry":{"type":"Polygon","coordinates":[[[118.86463985,32.07256452],[118.86473139,32.07707298],[118.87002651,32.07699492],[118.86993471,32.07248647],[118.86463985,32.07256452]]]},"properties":{"id":"XW-P500-1352-7100","night":0.0,"day":0.0,"area_m2":250000.0,"night_density":0.0,"day_density":0.0,"source_kind":"simulated","reference_year":2023,"model":"XW-POP-SIM-1"}},{"type":"Feature","id":"XW-P500-1352-7101","geometry":{"type":"Polygon","coordinates":[[[118.86473139,32.07707298],[118.86482295,32.08158143],[118.87011833,32.08150336],[118.87002651,32.07699492],[118.86473139,32.07707298]]]},"properties":{"id":"XW-P500-1352-7101","night":747.72,"day":1033.14,"area_m2":250000.0,"night_density":2990.9,"day_density":4132.6,"source_kind":"simulated","reference_year":2023,"model":"XW-POP-SIM-1"}},{"type":"Feature","id":"XW-P500-1352-7102","geometry":{"type":"Polygon","coordinates":[[[118.86482295,32.08158143],[118.86491453,32.08608988],[118.87021017,32.08601179],[118.87011833,32.08150336],[118.86482295,32.08158143]]]},"properties":{"id":"XW-P500-1352-7102","night":2289.76,"day":1370.74,"area_m2":250000.0,"night_density":9159.0,"day_density":5483.0,"source_kind":"simulated","reference_year":2023,"model":"XW-POP-SIM-1"}},{"type":"Feature","id":"XW-P500-1352-7103","geometry":{"type":"Polygon","coordinates":[[[118.86491453,32.08608988],[118.86500614,32.09059833],[118.87030203,32.09052023],[118.87021017,32.08601179],[118.86491453,32.08608988]]]},"properties":{"id":"XW-P500-1352-7103","night":2189.43,"day":1335.65,"area_m2":250000.0,"night_density":8757.7,"day_density":5342.6,"source_kind":"simulated","reference_year":2023,"model":"XW-POP-SIM-1"}},{"type":"Feature","id":"XW-P500-1352-7104","geometry":{"type":"Polygon","coordinates":[[[118.86500614,32.09059833],[118.86509776,32.09510677],[118.87039392,32.09502866],[118.87030203,32.09052023],[118.86500614,32.09059833]]]},"properties":{"id":"XW-P500-1352-7104","night":2244.38,"day":1484.54,"area_m2":250000.0,"night_density":8977.5,"day_density":5938.2,"source_kind":"simulated","reference_year":2023,"model":"XW-POP-SIM-1"}},{"type":"Feature","id":"XW-P500-1352-7105","geometry":{"type":"Polygon","coordinates":[[[118.86509776,32.09510677],[118.86518941,32.09961521],[118.87048582,32.09953708],[118.87039392,32.09502866],[118.86509776,32.09510677]]]},"properties":{"id":"XW-P500-1352-7105","night":6107.77,"day":3557.35,"area_m2":250000.0,"night_density":24431.1,"day_density":14229.4,"source_kind":"simulated","reference_year":2023,"model":"XW-POP-SIM-1"}},{"type":"Feature","id":"XW-P500-1352-7106","geometry":{"type":"Polygon","coordinates":[[[118.87048582,32.09953708],[118.86518941,32.09961521],[118.86523625,32.1019194],[118.8656165,32.1019758],[118.8661481,32.102343],[118.8663391,32.1028108],[118.8667117,32.1029315],[118.8670152,32.1025922],[118.8680784,32.1017834],[118.8687958,32.101543],[118.8690858,32.1015149],[118.8700293,32.1024917],[118.8705507,32.10271924],[118.87048582,32.09953708]]]},"properties":{"id":"XW-P500-1352-7106","night":2639.33,"day":1422.27,"area_m2":143467.99,"night_density":18396.6,"day_density":9913.5,"source_kind":"simulated","reference_year":2023,"model":"XW-POP-SIM-1"}},{"type":"Feature","id":"XW-P500-1353-7087","geometry":{"type":"Polygon","coordinates":[[[118.87412642,32.01830678],[118.8741162,32.0178049],[118.873768,32.0180011],[118.87279288,32.01832649],[118.87412642,32.01830678]]]},"properties":{"id":"XW-P500-1353-7087","night":0.0,"day":0.0,"area_m2":3098.0,"night_density":0.0,"day_density":0.0,"source_kind":"simulated","reference_year":2023,"model":"XW-POP-SIM-1"}},{"type":"Feature","id":"XW-P500-1353-7088","geometry":{"type":"Polygon","coordinates":[[[118.87421823,32.02281525],[118.87412642,32.01830678],[118.87279288,32.01832649],[118.8726367,32.0183786],[118.8719433,32.0189603],[118.8712499,32.0192574],[118.8709287,32.0207055],[118.8706879,32.0213367],[118.8706952,32.022104],[118.8707525,32.0222033],[118.87113187,32.02286084],[118.87421823,32.02281525]]]},"properties":{"id":"XW-P500-1353-7088","night":30.18,"day":41.69,"area_m2":142539.22,"night_density":211.7,"day_density":292.5,"source_kind":"simulated","reference_year":2023,"model":"XW-POP-SIM-1"}},{"type":"Feature","id":"XW-P500-1353-7089","geometry":{"type":"Polygon","coordinates":[[[118.86901782,32.02740185],[118.87431007,32.02732372],[118.87421823,32.02281525],[118.87113187,32.02286084],[118.8711915,32.0229642],[118.871301,32.0233726],[118.8706769,32.0237681],[118.8700346,32.0239723],[118.86896288,32.02469737],[118.86901782,32.02740185]]]},"properties":{"id":"XW-P500-1353-7089","night":0.0,"day":0.0,"area_m2":222425.16,"night_density":0.0,"day_density":0.0,"source_kind":"simulated","reference_year":2023,"model":"XW-POP-SIM-1"}},{"type":"Feature","id":"XW-P500-1353-7090","geometry":{"type":"Polygon","coordinates":[[[118.86901782,32.02740185],[118.86910942,32.03191033],[118.87440192,32.03183219],[118.87431007,32.02732372],[118.86901782,32.02740185]]]},"properties":{"id":"XW-P500-1353-7090","night":39.56,"day":54.66,"area_m2":250000.0,"night_density":158.2,"day_density":218.6,"source_kind":"simulated","reference_year":2023,"model":"XW-POP-SIM-1"}},{"type":"Feature","id":"XW-P500-1353-7091","geometry":{"type":"Polygon","coordinates":[[[118.86910942,32.03191033],[118.86920103,32.03641881],[118.8744938,32.03634065],[118.87440192,32.03183219],[118.86910942,32.03191033]]]},"properties":{"id":"XW-P500-1353-7091","night":0.0,"day":0.0,"area_m2":250000.0,"night_density":0.0,"day_density":0.0,"source_kind":"simulated","reference_year":2023,"model":"XW-POP-SIM-1"}},{"type":"Feature","id":"XW-P500-1353-7092","geometry":{"type":"Polygon","coordinates":[[[118.86920103,32.03641881],[118.86929267,32.04092728],[118.87458569,32.0408491],[118.8744938,32.03634065],[118.86920103,32.03641881]]]},"properties":{"id":"XW-P500-1353-7092","night":232.9,"day":107.13,"area_m2":250000.0,"night_density":931.6,"day_density":428.5,"source_kind":"simulated","reference_year":2023,"model":"XW-POP-SIM-1"}},{"type":"Feature","id":"XW-P500-1353-7093","geometry":{"type":"Polygon","coordinates":[[[118.87467761,32.04535756],[118.87458569,32.0408491],[118.86929267,32.04092728],[118.86938433,32.04543574],[118.87318409,32.04537964],[118.8732405,32.0451667],[118.8743449,32.0452717],[118.87432927,32.04536271],[118.87467761,32.04535756]]]},"properties":{"id":"XW-P500-1353-7093","night":340.73,"day":156.74,"area_m2":248193.2,"night_density":1372.8,"day_density":631.5,"source_kind":"simulated","reference_year":2023,"model":"XW-POP-SIM-1"}},{"type":"Feature","id":"XW-P500-1353-7094","geometry":{"type":"MultiPolygon","coordinates":[[[[118.87467761,32.04535756],[118.87432927,32.04536271],[118.8742675,32.0457223],[118.87468597,32.0457677],[118.87467761,32.04535756]]],[[[118.86938433,32.04543574],[118.86947601,32.04994421],[118.87476955,32.04986601],[118.87475774,32.04928695],[118.8743965,32.049187],[118.8733179,32.0488064],[118.872136,32.0482202],[118.8726263,32.0474853],[118.87318409,32.04537964],[118.86938433,32.04543574]]]]},"properties":{"id":"XW-P500-1353-7094","night":54.34,"day":137.62,"area_m2":177621.32,"night_density":305.9,"day_density":774.8,"source_kind":"simulated","reference_year":2023,"model":"XW-POP-SIM-1"}},{"type":"Feature","id":"XW-P500-1353-7095","geometry":{"type":"Polygon","coordinates":[[[118.86947601,32.04994421],[118.86956771,32.05445267],[118.87486151,32.05437445],[118.87476955,32.04986601],[118.86947601,32.04994421]]]},"properties":{"id":"XW-P500-1353-7095","night":0.0,"day":0.0,"area_m2":250000.0,"night_density":0.0,"day_density":0.0,"source_kind":"simulated","reference_year":2023,"model":"XW-POP-SIM-1"}},{"type":"Feature","id":"XW-P500-1353-7096","geometry":{"type":"Polygon","coordinates":[[[118.86956771,32.05445267],[118.86965942,32.05896112],[118.87495348,32.0588829],[118.87486151,32.05437445],[118.86956771,32.05445267]]]},"properties":{"id":"XW-P500-1353-7096","night":0.0,"day":0.0,"area_m2":250000.0,"night_density":0.0,"day_density":0.0,"source_kind":"simulated","reference_year":2023,"model":"XW-POP-SIM-1"}},{"type":"Feature","id":"XW-P500-1353-7097","geometry":{"type":"Polygon","coordinates":[[[118.86965942,32.05896112],[118.86975116,32.06346958],[118.87504548,32.06339134],[118.87495348,32.0588829],[118.86965942,32.05896112]]]},"properties":{"id":"XW-P500-1353-7097","night":0.0,"day":0.0,"area_m2":250000.0,"night_density":0.0,"day_density":0.0,"source_kind":"simulated","reference_year":2023,"model":"XW-POP-SIM-1"}},{"type":"Feature","id":"XW-P500-1353-7098","geometry":{"type":"Polygon","coordinates":[[[118.86975116,32.06346958],[118.86984292,32.06797803],[118.8751375,32.06789977],[118.87504548,32.06339134],[118.86975116,32.06346958]]]},"properties":{"id":"XW-P500-1353-7098","night":0.0,"day":0.0,"area_m2":250000.0,"night_density":0.0,"day_density":0.0,"source_kind":"simulated","reference_year":2023,"model":"XW-POP-SIM-1"}},{"type":"Feature","id":"XW-P500-1353-7099","geometry":{"type":"Polygon","coordinates":[[[118.8751375,32.06789977],[118.86984292,32.06797803],[118.86993471,32.07248647],[118.87507667,32.07241047],[118.87522733,32.0722996],[118.8751375,32.06789977]]]},"properties":{"id":"XW-P500-1353-7099","night":0.0,"day":0.0,"area_m2":249913.06,"night_density":0.0,"day_density":0.0,"source_kind":"simulated","reference_year":2023,"model":"XW-POP-SIM-1"}},{"type":"Feature","id":"XW-P500-1353-7100","geometry":{"type":"MultiPolygon","coordinates":[[[[118.8753216,32.07691664],[118.87527359,32.07456549],[118.8743558,32.0755405],[118.8731894,32.0765333],[118.87281221,32.07695376],[118.8753216,32.07691664]]],[[[118.86993471,32.07248647],[118.87002651,32.07699492],[118.87111973,32.07697877],[118.8710991,32.0769662],[118.8712075,32.0762796],[118.8713727,32.0757767],[118.8718423,32.075405],[118.8718475,32.0750114],[118.8716875,32.0748977],[118.8711714,32.0747971],[118.8712282,32.0742834],[118.8715566,32.0741968],[118.8716004,32.0740298],[118.872104,32.0737267],[118.8728631,32.0739618],[118.873031,32.0738566],[118.8731478,32.0735041],[118.8737755,32.073368],[118.87507667,32.07241047],[118.86993471,32.07248647]]]]},"properties":{"id":"XW-P500-1353-7100","night":98.75,"day":136.45,"area_m2":136315.41,"night_density":724.4,"day_density":1001.0,"source_kind":"simulated","reference_year":2023,"model":"XW-POP-SIM-1"}},{"type":"Feature","id":"XW-P500-1353-7101","geometry":{"type":"Polygon","coordinates":[[[118.87002651,32.07699492],[118.87011833,32.08150336],[118.87541369,32.08142506],[118.8753216,32.07691664],[118.87281221,32.07695376],[118.8727971,32.0769706],[118.8724926,32.077163],[118.8719714,32.0771849],[118.8713933,32.0771455],[118.87111973,32.07697877],[118.87002651,32.07699492]]]},"properties":{"id":"XW-P500-1353-7101","night":2151.43,"day":2473.76,"area_m2":247068.44,"night_density":8707.8,"day_density":10012.4,"source_kind":"simulated","reference_year":2023,"model":"XW-POP-SIM-1"}},{"type":"Feature","id":"XW-P500-1353-7102","geometry":{"type":"Polygon","coordinates":[[[118.87011833,32.08150336],[118.87021017,32.08601179],[118.87550579,32.08593348],[118.87541369,32.08142506],[118.87011833,32.08150336]]]},"properties":{"id":"XW-P500-1353-7102","night":369.41,"day":510.43,"area_m2":250000.0,"night_density":1477.6,"day_density":2041.7,"source_kind":"simulated","reference_year":2023,"model":"XW-POP-SIM-1"}},{"type":"Feature","id":"XW-P500-1353-7103","geometry":{"type":"Polygon","coordinates":[[[118.87021017,32.08601179],[118.87030203,32.09052023],[118.87559791,32.0904419],[118.87550579,32.08593348],[118.87021017,32.08601179]]]},"properties":{"id":"XW-P500-1353-7103","night":150.43,"day":207.85,"area_m2":250000.0,"night_density":601.7,"day_density":831.4,"source_kind":"simulated","reference_year":2023,"model":"XW-POP-SIM-1"}},{"type":"Feature","id":"XW-P500-1353-7104","geometry":{"type":"Polygon","coordinates":[[[118.87030203,32.09052023],[118.87039392,32.09502866],[118.87569005,32.09495032],[118.87559791,32.0904419],[118.87030203,32.09052023]]]},"properties":{"id":"XW-P500-1353-7104","night":2024.52,"day":2836.42,"area_m2":250000.0,"night_density":8098.1,"day_density":11345.7,"source_kind":"simulated","reference_year":2023,"model":"XW-POP-SIM-1"}},{"type":"Feature","id":"XW-P500-1353-7105","geometry":{"type":"Polygon","coordinates":[[[118.87039392,32.09502866],[118.87048582,32.09953708],[118.87578222,32.09945873],[118.87569005,32.09495032],[118.87039392,32.09502866]]]},"properties":{"id":"XW-P500-1353-7105","night":2878.69,"day":4008.83,"area_m2":250000.0,"night_density":11514.8,"day_density":16035.3,"source_kind":"simulated","reference_year":2023,"model":"XW-POP-SIM-1"}},{"type":"Feature","id":"XW-P500-1353-7106","geometry":{"type":"Polygon","coordinates":[[[118.8758744,32.10396714],[118.87578222,32.09945873],[118.87048582,32.09953708],[118.8705507,32.10271924],[118.8708808,32.1028633],[118.8717531,32.1024698],[118.8720834,32.1025485],[118.8723827,32.102754],[118.8725276,32.1036623],[118.87263291,32.10401512],[118.87551036,32.10397253],[118.8755243,32.1039114],[118.8756946,32.1039026],[118.87571208,32.10396955],[118.8758744,32.10396714]]]},"properties":{"id":"XW-P500-1353-7106","night":0.0,"day":0.0,"area_m2":222290.7,"night_density":0.0,"day_density":0.0,"source_kind":"simulated","reference_year":2023,"model":"XW-POP-SIM-1"}},{"type":"Feature","id":"XW-P500-1353-7107","geometry":{"type":"MultiPolygon","coordinates":[[[[118.8758744,32.10396714],[118.87571208,32.10396955],[118.8758133,32.1043573],[118.8757824,32.1051137],[118.8758804,32.1054153],[118.875904,32.10541455],[118.8758744,32.10396714]]],[[[118.87263291,32.10401512],[118.8729334,32.1050218],[118.8732586,32.1051005],[118.873847,32.1051311],[118.8742805,32.1050087],[118.8748534,32.1051399],[118.8749618,32.1054415],[118.8751785,32.1054284],[118.87551036,32.10397253],[118.87263291,32.10401512]]]]},"properties":{"id":"XW-P500-1353-7107","night":94.98,"day":170.32,"area_m2":32168.05,"night_density":2952.6,"day_density":5294.7,"source_kind":"simulated","reference_year":2023,"model":"XW-POP-SIM-1"}},{"type":"Feature","id":"XW-P500-1354-7087","geometry":{"type":"Polygon","coordinates":[[[118.87412642,32.01830678],[118.87719646,32.01826137],[118.8769795,32.018063],[118.8756,32.0168191],[118.8749212,32.0173513],[118.8741162,32.0178049],[118.87412642,32.01830678]]]},"properties":{"id":"XW-P500-1354-7087","night":6.25,"day":8.63,"area_m2":26914.24,"night_density":232.2,"day_density":320.6,"source_kind":"simulated","reference_year":2023,"model":"XW-POP-SIM-1"}},{"type":"Feature","id":"XW-P500-1354-7088","geometry":{"type":"Polygon","coordinates":[[[118.87412642,32.01830678],[118.87421823,32.02281525],[118.8795102,32.02273691],[118.87946737,32.0206401],[118.8792641,32.0204951],[118.8784685,32.0194244],[118.87719646,32.01826137],[118.87412642,32.01830678]]]},"properties":{"id":"XW-P500-1354-7088","night":195.17,"day":269.67,"area_m2":223407.22,"night_density":873.6,"day_density":1207.1,"source_kind":"simulated","reference_year":2023,"model":"XW-POP-SIM-1"}},{"type":"Feature","id":"XW-P500-1354-7089","geometry":{"type":"Polygon","coordinates":[[[118.87421823,32.02281525],[118.87431007,32.02732372],[118.87960229,32.02724537],[118.8795102,32.02273691],[118.87421823,32.02281525]]]},"properties":{"id":"XW-P500-1354-7089","night":0.0,"day":9.77,"area_m2":250000.0,"night_density":0.0,"day_density":39.1,"source_kind":"simulated","reference_year":2023,"model":"XW-POP-SIM-1"}},{"type":"Feature","id":"XW-P500-1354-7090","geometry":{"type":"Polygon","coordinates":[[[118.87431007,32.02732372],[118.87440192,32.03183219],[118.8796944,32.03175382],[118.87960229,32.02724537],[118.87431007,32.02732372]]]},"properties":{"id":"XW-P500-1354-7090","night":0.0,"day":0.0,"area_m2":250000.0,"night_density":0.0,"day_density":0.0,"source_kind":"simulated","reference_year":2023,"model":"XW-POP-SIM-1"}},{"type":"Feature","id":"XW-P500-1354-7091","geometry":{"type":"Polygon","coordinates":[[[118.87440192,32.03183219],[118.8744938,32.03634065],[118.87978654,32.03626227],[118.8796944,32.03175382],[118.87440192,32.03183219]]]},"properties":{"id":"XW-P500-1354-7091","night":8.16,"day":83.77,"area_m2":250000.0,"night_density":32.6,"day_density":335.1,"source_kind":"simulated","reference_year":2023,"model":"XW-POP-SIM-1"}},{"type":"Feature","id":"XW-P500-1354-7092","geometry":{"type":"Polygon","coordinates":[[[118.87978654,32.03626227],[118.8744938,32.03634065],[118.87458569,32.0408491],[118.87696868,32.04081384],[118.8768674,32.0402455],[118.8763874,32.0398998],[118.8767487,32.0390467],[118.8769655,32.0389242],[118.8770429,32.0387273],[118.8770429,32.0386573],[118.8768829,32.0386442],[118.87647,32.038758],[118.87631,32.0386836],[118.8763307,32.0384823],[118.876532,32.0381936],[118.8767023,32.0381367],[118.8771513,32.0385305],[118.8775745,32.038443],[118.8776106,32.0380492],[118.8778996,32.0380055],[118.8779151,32.0379136],[118.8781732,32.0378392],[118.8781938,32.0377692],[118.8785035,32.0377692],[118.8785345,32.0376773],[118.878937,32.0376423],[118.878968,32.0379005],[118.8790919,32.0378655],[118.8790609,32.037638],[118.8793958,32.0375771],[118.8797416,32.0369384],[118.879801,32.03697005],[118.87978654,32.03626227]]]},"properties":{"id":"XW-P500-1354-7092","night":124.15,"day":57.11,"area_m2":153173.74,"night_density":810.5,"day_density":372.8,"source_kind":"simulated","reference_year":2023,"model":"XW-POP-SIM-1"}},{"type":"Feature","id":"XW-P500-1354-7093","geometry":{"type":"Polygon","coordinates":[[[118.87991444,32.04251899],[118.8794583,32.043111],[118.8790557,32.0429841],[118.8789783,32.0431591],[118.8785654,32.0431722],[118.8785035,32.0434391],[118.8783796,32.0434304],[118.8767952,32.042901],[118.8763668,32.0426429],[118.8763255,32.042551],[118.8767281,32.0414442],[118.8770223,32.0414004],[118.8770584,32.0413173],[118.87696868,32.04081384],[118.87458569,32.0408491],[118.87467761,32.04535756],[118.87867864,32.04529831],[118.8784738,32.0450442],[118.8784687,32.0447905],[118.878639,32.0445718],[118.8793138,32.0445066],[118.87994116,32.04382631],[118.87991444,32.04251899]]]},"properties":{"id":"XW-P500-1354-7093","night":106.77,"day":49.11,"area_m2":158201.11,"night_density":674.9,"day_density":310.4,"source_kind":"simulated","reference_year":2023,"model":"XW-POP-SIM-1"}},{"type":"Feature","id":"XW-P500-1354-7094","geometry":{"type":"MultiPolygon","coordinates":[[[[118.87476955,32.04986601],[118.87664523,32.04983824],[118.8763887,32.0497382],[118.87475774,32.04928695],[118.87476955,32.04986601]]],[[[118.87467761,32.04535756],[118.87468597,32.0457677],[118.8751552,32.0458186],[118.8759552,32.0457879],[118.8762236,32.0455386],[118.8769255,32.0454205],[118.8772919,32.0454205],[118.8783654,32.045613],[118.8784274,32.0454511],[118.8785512,32.045473],[118.8786854,32.0453067],[118.87867864,32.04529831],[118.87467761,32.04535756]]]]},"properties":{"id":"XW-P500-1354-7094","night":0.0,"day":0.0,"area_m2":17155.73,"night_density":0.0,"day_density":0.0,"source_kind":"simulated","reference_year":2023,"model":"XW-POP-SIM-1"}},{"type":"Feature","id":"XW-P500-1354-7095","geometry":{"type":"Polygon","coordinates":[[[118.87476955,32.04986601],[118.87486151,32.05437445],[118.88015528,32.05429602],[118.88010819,32.0519936],[118.879408,32.0513874],[118.8783396,32.0505781],[118.87723,32.0500663],[118.87664523,32.04983824],[118.87476955,32.04986601]]]},"properties":{"id":"XW-P500-1354-7095","night":0.0,"day":0.0,"area_m2":216882.31,"night_density":0.0,"day_density":0.0,"source_kind":"simulated","reference_year":2023,"model":"XW-POP-SIM-1"}},{"type":"Feature","id":"XW-P500-1354-7096","geometry":{"type":"Polygon","coordinates":[[[118.87486151,32.05437445],[118.87495348,32.0588829],[118.88024752,32.05880445],[118.88015528,32.05429602],[118.87486151,32.05437445]]]},"properties":{"id":"XW-P500-1354-7096","night":0.0,"day":9.77,"area_m2":250000.0,"night_density":0.0,"day_density":39.1,"source_kind":"simulated","reference_year":2023,"model":"XW-POP-SIM-1"}},{"type":"Feature","id":"XW-P500-1354-7097","geometry":{"type":"Polygon","coordinates":[[[118.87495348,32.0588829],[118.87504548,32.06339134],[118.88033978,32.06331287],[118.88024752,32.05880445],[118.87495348,32.0588829]]]},"properties":{"id":"XW-P500-1354-7097","night":0.0,"day":0.0,"area_m2":250000.0,"night_density":0.0,"day_density":0.0,"source_kind":"simulated","reference_year":2023,"model":"XW-POP-SIM-1"}},{"type":"Feature","id":"XW-P500-1354-7098","geometry":{"type":"Polygon","coordinates":[[[118.88033978,32.06331287],[118.87504548,32.06339134],[118.8751375,32.06789977],[118.88030305,32.06782321],[118.88042854,32.06764925],[118.88033978,32.06331287]]]},"properties":{"id":"XW-P500-1354-7098","night":0.0,"day":0.0,"area_m2":249883.77,"night_density":0.0,"day_density":0.0,"source_kind":"simulated","reference_year":2023,"model":"XW-POP-SIM-1"}},{"type":"Feature","id":"XW-P500-1354-7099","geometry":{"type":"MultiPolygon","coordinates":[[[[118.8804387,32.06814554],[118.8802298,32.0680755],[118.8802504,32.0678962],[118.88030305,32.06782321],[118.8751375,32.06789977],[118.87522733,32.0722996],[118.877549,32.070591],[118.8773957,32.0703992],[118.8776877,32.0700467],[118.8774395,32.0698611],[118.8777753,32.0695457],[118.8779942,32.069657],[118.8786949,32.0696941],[118.8789796,32.0694962],[118.8794321,32.0694034],[118.8798773,32.0694282],[118.880016,32.0690323],[118.88044853,32.06862565],[118.8804387,32.06814554]]],[[[118.8789234,32.07235347],[118.8787478,32.072117],[118.8786749,32.0717336],[118.8781234,32.0707123],[118.8778501,32.0705399],[118.8776486,32.0706424],[118.8773699,32.0709223],[118.8771737,32.0717182],[118.87615392,32.07239452],[118.8789234,32.07235347]]]]},"properties":{"id":"XW-P500-1354-7099","night":679.82,"day":939.32,"area_m2":162486.59,"night_density":4183.9,"day_density":5780.9,"source_kind":"simulated","reference_year":2023,"model":"XW-POP-SIM-1"}},{"type":"Feature","id":"XW-P500-1354-7100","geometry":{"type":"Polygon","coordinates":[[[118.8753216,32.07691664],[118.87606483,32.07690563],[118.8767846,32.0764308],[118.8773904,32.0750825],[118.8791566,32.0726675],[118.8789234,32.07235347],[118.87615392,32.07239452],[118.8761054,32.0724267],[118.8760847,32.0737038],[118.87527359,32.07456549],[118.8753216,32.07691664]]]},"properties":{"id":"XW-P500-1354-7100","night":509.87,"day":704.5,"area_m2":103112.74,"night_density":4944.8,"day_density":6832.3,"source_kind":"simulated","reference_year":2023,"model":"XW-POP-SIM-1"}},{"type":"Feature","id":"XW-P500-1354-7101","geometry":{"type":"Polygon","coordinates":[[[118.8753216,32.07691664],[118.87541369,32.08142506],[118.88070902,32.08134654],[118.8806792,32.0798906],[118.8801895,32.0804134],[118.8798385,32.0805664],[118.8792708,32.0802385],[118.8791005,32.0793988],[118.8769483,32.0781569],[118.8769122,32.077842],[118.8771135,32.0775665],[118.8769586,32.0773216],[118.8759883,32.0771248],[118.8758851,32.0770242],[118.87606483,32.07690563],[118.8753216,32.07691664]]]},"properties":{"id":"XW-P500-1354-7101","night":531.81,"day":362.41,"area_m2":148473.03,"night_density":3581.9,"day_density":2440.9,"source_kind":"simulated","reference_year":2023,"model":"XW-POP-SIM-1"}},{"type":"Feature","id":"XW-P500-1354-7102","geometry":{"type":"Polygon","coordinates":[[[118.87541369,32.08142506],[118.87550579,32.08593348],[118.88080138,32.08585495],[118.88070902,32.08134654],[118.87541369,32.08142506]]]},"properties":{"id":"XW-P500-1354-7102","night":1084.84,"day":616.87,"area_m2":250000.0,"night_density":4339.4,"day_density":2467.5,"source_kind":"simulated","reference_year":2023,"model":"XW-POP-SIM-1"}},{"type":"Feature","id":"XW-P500-1354-7103","geometry":{"type":"Polygon","coordinates":[[[118.87550579,32.08593348],[118.87559791,32.0904419],[118.88089377,32.09036336],[118.88080138,32.08585495],[118.87550579,32.08593348]]]},"properties":{"id":"XW-P500-1354-7103","night":2987.51,"day":4127.91,"area_m2":250000.0,"night_density":11950.0,"day_density":16511.6,"source_kind":"simulated","reference_year":2023,"model":"XW-POP-SIM-1"}},{"type":"Feature","id":"XW-P500-1354-7104","geometry":{"type":"Polygon","coordinates":[[[118.87559791,32.0904419],[118.87569005,32.09495032],[118.88098617,32.09487176],[118.88089377,32.09036336],[118.87559791,32.0904419]]]},"properties":{"id":"XW-P500-1354-7104","night":3405.5,"day":4822.74,"area_m2":250000.0,"night_density":13622.0,"day_density":19291.0,"source_kind":"simulated","reference_year":2023,"model":"XW-POP-SIM-1"}},{"type":"Feature","id":"XW-P500-1354-7105","geometry":{"type":"Polygon","coordinates":[[[118.87569005,32.09495032],[118.87578222,32.09945873],[118.88107859,32.09938016],[118.88098617,32.09487176],[118.87569005,32.09495032]]]},"properties":{"id":"XW-P500-1354-7105","night":2416.38,"day":3416.95,"area_m2":250000.0,"night_density":9665.5,"day_density":13667.8,"source_kind":"simulated","reference_year":2023,"model":"XW-POP-SIM-1"}},{"type":"Feature","id":"XW-P500-1354-7106","geometry":{"type":"Polygon","coordinates":[[[118.88117104,32.10388855],[118.88107859,32.09938016],[118.87578222,32.09945873],[118.8758744,32.10396714],[118.87804391,32.10393498],[118.8780997,32.1038939],[118.87816684,32.10393315],[118.88117104,32.10388855]]]},"properties":{"id":"XW-P500-1354-7106","night":996.88,"day":2499.35,"area_m2":249974.11,"night_density":3987.9,"day_density":9998.4,"source_kind":"simulated","reference_year":2023,"model":"XW-POP-SIM-1"}},{"type":"Feature","id":"XW-P500-1354-7107","geometry":{"type":"MultiPolygon","coordinates":[[[[118.88117104,32.10388855],[118.87816684,32.10393315],[118.8790493,32.1044491],[118.8799319,32.1052973],[118.88118351,32.10449649],[118.88117104,32.10388855]]],[[[118.8758744,32.10396714],[118.875904,32.10541455],[118.8773875,32.1053672],[118.8775836,32.105306],[118.877981,32.1039813],[118.87804391,32.10393498],[118.8758744,32.10396714]]]]},"properties":{"id":"XW-P500-1354-7107","night":113.55,"day":156.9,"area_m2":52670.88,"night_density":2155.8,"day_density":2978.9,"source_kind":"simulated","reference_year":2023,"model":"XW-POP-SIM-1"}},{"type":"Feature","id":"XW-P500-1355-7088","geometry":{"type":"Polygon","coordinates":[[[118.8795102,32.02273691],[118.88394869,32.02267104],[118.8803224,32.02125],[118.87946737,32.0206401],[118.8795102,32.02273691]]]},"properties":{"id":"XW-P500-1355-7088","night":0.0,"day":9.77,"area_m2":43540.24,"night_density":0.0,"day_density":224.4,"source_kind":"simulated","reference_year":2023,"model":"XW-POP-SIM-1"}},{"type":"Feature","id":"XW-P500-1355-7089","geometry":{"type":"Polygon","coordinates":[[[118.8795102,32.02273691],[118.87960229,32.02724537],[118.88489449,32.02716679],[118.88480925,32.02300567],[118.8846652,32.0229518],[118.88394869,32.02267104],[118.8795102,32.02273691]]]},"properties":{"id":"XW-P500-1355-7089","night":0.0,"day":9.77,"area_m2":248437.33,"night_density":0.0,"day_density":39.3,"source_kind":"simulated","reference_year":2023,"model":"XW-POP-SIM-1"}},{"type":"Feature","id":"XW-P500-1355-7090","geometry":{"type":"Polygon","coordinates":[[[118.87960229,32.02724537],[118.8796944,32.03175382],[118.88498687,32.03167523],[118.88489449,32.02716679],[118.87960229,32.02724537]]]},"properties":{"id":"XW-P500-1355-7090","night":0.0,"day":9.77,"area_m2":250000.0,"night_density":0.0,"day_density":39.1,"source_kind":"simulated","reference_year":2023,"model":"XW-POP-SIM-1"}},{"type":"Feature","id":"XW-P500-1355-7091","geometry":{"type":"Polygon","coordinates":[[[118.88507926,32.03618366],[118.88498687,32.03167523],[118.8796944,32.03175382],[118.87978654,32.03626227],[118.88153048,32.03623639],[118.8819609,32.0359015],[118.88239842,32.0362235],[118.88507926,32.03618366]]]},"properties":{"id":"XW-P500-1355-7091","night":145.06,"day":66.73,"area_m2":248506.87,"night_density":583.7,"day_density":268.5,"source_kind":"simulated","reference_year":2023,"model":"XW-POP-SIM-1"}},{"type":"Feature","id":"XW-P500-1355-7092","geometry":{"type":"MultiPolygon","coordinates":[[[[118.88507926,32.03618366],[118.88239842,32.0362235],[118.8847014,32.0379184],[118.88510246,32.03731574],[118.88507926,32.03618366]]],[[[118.87978654,32.03626227],[118.879801,32.03697005],[118.8804642,32.0373234],[118.880588,32.0369821],[118.8812693,32.0364396],[118.88153048,32.03623639],[118.87978654,32.03626227]]]]},"properties":{"id":"XW-P500-1355-7092","night":52.13,"day":23.98,"area_m2":37722.75,"night_density":1381.9,"day_density":635.7,"source_kind":"simulated","reference_year":2023,"model":"XW-POP-SIM-1"}},{"type":"Feature","id":"XW-P500-1355-7093","geometry":{"type":"Polygon","coordinates":[[[118.87994116,32.04382631],[118.8806815,32.0430235],[118.8799538,32.0424679],[118.87991444,32.04251899],[118.87994116,32.04382631]]]},"properties":{"id":"XW-P500-1355-7093","night":35.9,"day":16.51,"area_m2":5489.74,"night_density":6539.5,"day_density":3007.4,"source_kind":"simulated","reference_year":2023,"model":"XW-POP-SIM-1"}},{"type":"Feature","id":"XW-P500-1355-7095","geometry":{"type":"Polygon","coordinates":[[[118.88015528,32.05429602],[118.88170673,32.05427299],[118.8816795,32.0542107],[118.8815589,32.0539453],[118.8814224,32.0536866],[118.8812021,32.0533224],[118.8809738,32.0529698],[118.8808737,32.0528309],[118.8805641,32.0524853],[118.8801254,32.0520085],[118.88010819,32.0519936],[118.88015528,32.05429602]]]},"properties":{"id":"XW-P500-1355-7095","night":0.0,"day":0.0,"area_m2":21397.81,"night_density":0.0,"day_density":0.0,"source_kind":"simulated","reference_year":2023,"model":"XW-POP-SIM-1"}},{"type":"Feature","id":"XW-P500-1355-7096","geometry":{"type":"Polygon","coordinates":[[[118.88015528,32.05429602],[118.88024752,32.05880445],[118.88260108,32.0587695],[118.8825921,32.0587402],[118.8825218,32.0584782],[118.8824615,32.0582105],[118.8823658,32.0576808],[118.8817903,32.0577421],[118.8816665,32.0580876],[118.8818006,32.0581532],[118.8815994,32.0584638],[118.8810884,32.0582189],[118.8803194,32.0581139],[118.8803762,32.0578208],[118.8805052,32.0578339],[118.8806342,32.0576415],[118.8807478,32.0576546],[118.8810987,32.0570422],[118.88114,32.0564255],[118.8809284,32.0563949],[118.8810058,32.0561193],[118.8811555,32.0561018],[118.881684,32.0549437],[118.8818693,32.0546878],[118.8817823,32.0544459],[118.88170673,32.05427299],[118.88015528,32.05429602]]]},"properties":{"id":"XW-P500-1355-7096","night":0.0,"day":0.0,"area_m2":57177.26,"night_density":0.0,"day_density":0.0,"source_kind":"simulated","reference_year":2023,"model":"XW-POP-SIM-1"}},{"type":"Feature","id":"XW-P500-1355-7097","geometry":{"type":"Polygon","coordinates":[[[118.88024752,32.05880445],[118.88033978,32.06331287],[118.88282429,32.06327598],[118.8829464,32.0630215],[118.881909,32.0630215],[118.8813,32.0629078],[118.8812381,32.0632052],[118.8808923,32.0631264],[118.8810213,32.0627109],[118.8810316,32.0622429],[118.8817181,32.0621554],[118.8819916,32.0619236],[118.8820639,32.0617662],[118.8823168,32.0616131],[118.882291,32.0615037],[118.8817697,32.0614381],[118.8818677,32.0608958],[118.8824148,32.060887],[118.8826213,32.060957],[118.8828432,32.0607995],[118.8832303,32.060747],[118.8832561,32.0602842],[118.8830757,32.0599441],[118.8829516,32.059702],[118.8828441,32.0594543],[118.8827408,32.0591889],[118.8826474,32.0589207],[118.88260108,32.0587695],[118.88024752,32.05880445]]]},"properties":{"id":"XW-P500-1355-7097","night":0.0,"day":0.0,"area_m2":95076.65,"night_density":0.0,"day_density":0.0,"source_kind":"simulated","reference_year":2023,"model":"XW-POP-SIM-1"}},{"type":"Feature","id":"XW-P500-1355-7098","geometry":{"type":"Polygon","coordinates":[[[118.88033978,32.06331287],[118.88042854,32.06764925],[118.8805911,32.0674239],[118.8805653,32.0672096],[118.8807408,32.0669253],[118.8809542,32.0668091],[118.8813052,32.0662493],[118.8815013,32.06621],[118.8815865,32.0659599],[118.8817903,32.0653615],[118.8816871,32.0653177],[118.8817026,32.0651296],[118.8813981,32.0650903],[118.8813155,32.0651909],[118.8807994,32.0651121],[118.8809439,32.0649678],[118.8809904,32.0643292],[118.8811452,32.0640493],[118.8812742,32.0641674],[118.8813929,32.0641062],[118.8818729,32.0643642],[118.8823168,32.0643336],[118.88282429,32.06327598],[118.88033978,32.06331287]]]},"properties":{"id":"XW-P500-1355-7098","night":0.0,"day":0.0,"area_m2":48457.16,"night_density":0.0,"day_density":0.0,"source_kind":"simulated","reference_year":2023,"model":"XW-POP-SIM-1"}},{"type":"Feature","id":"XW-P500-1355-7099","geometry":{"type":"Polygon","coordinates":[[[118.88044853,32.06862565],[118.8808801,32.0682199],[118.8808189,32.0681169],[118.8804517,32.0681499],[118.8804387,32.06814554],[118.88044853,32.06862565]]]},"properties":{"id":"XW-P500-1355-7099","night":0.0,"day":0.0,"area_m2":1309.17,"night_density":0.0,"day_density":0.0,"source_kind":"simulated","reference_year":2023,"model":"XW-POP-SIM-1"}},{"type":"Feature","id":"XW-P500-1355-7100","geometry":{"type":"MultiPolygon","coordinates":[[[[118.88591174,32.07675941],[118.88590829,32.07659177],[118.8857443,32.0766838],[118.88556748,32.07676453],[118.88591174,32.07675941]]],[[[118.8850691,32.07677195],[118.8848115,32.0765297],[118.88393569,32.07678881],[118.8850691,32.07677195]]]]},"properties":{"id":"XW-P500-1355-7100","night":0.0,"day":0.0,"area_m2":1746.31,"night_density":0.0,"day_density":0.0,"source_kind":"simulated","reference_year":2023,"model":"XW-POP-SIM-1"}},{"type":"Feature","id":"XW-P500-1355-7101","geometry":{"type":"Polygon","coordinates":[[[118.88070902,32.08134654],[118.88600434,32.08126781],[118.88591174,32.07675941],[118.88556748,32.07676453],[118.8854863,32.0768016],[118.8852026,32.0768975],[118.8850691,32.07677195],[118.88393569,32.07678881],[118.8831103,32.077033],[118.8833219,32.0776758],[118.8831877,32.0787035],[118.8829864,32.078979],[118.8808962,32.079377],[118.8808449,32.0797137],[118.8806792,32.0798906],[118.88070902,32.08134654]]]},"properties":{"id":"XW-P500-1355-7101","night":28.69,"day":39.65,"area_m2":184394.21,"night_density":155.6,"day_density":215.0,"source_kind":"simulated","reference_year":2023,"model":"XW-POP-SIM-1"}},{"type":"Feature","id":"XW-P500-1355-7102","geometry":{"type":"Polygon","coordinates":[[[118.88070902,32.08134654],[118.88080138,32.08585495],[118.88609696,32.0857762],[118.88600434,32.08126781],[118.88070902,32.08134654]]]},"properties":{"id":"XW-P500-1355-7102","night":2654.16,"day":2430.48,"area_m2":250000.0,"night_density":10616.6,"day_density":9721.9,"source_kind":"simulated","reference_year":2023,"model":"XW-POP-SIM-1"}},{"type":"Feature","id":"XW-P500-1355-7103","geometry":{"type":"Polygon","coordinates":[[[118.88080138,32.08585495],[118.88089377,32.09036336],[118.8861896,32.09028459],[118.88609696,32.0857762],[118.88080138,32.08585495]]]},"properties":{"id":"XW-P500-1355-7103","night":3480.66,"day":6021.56,"area_m2":250000.0,"night_density":13922.6,"day_density":24086.2,"source_kind":"simulated","reference_year":2023,"model":"XW-POP-SIM-1"}},{"type":"Feature","id":"XW-P500-1355-7104","geometry":{"type":"Polygon","coordinates":[[[118.88089377,32.09036336],[118.88098617,32.09487176],[118.88628226,32.09479298],[118.8861896,32.09028459],[118.88089377,32.09036336]]]},"properties":{"id":"XW-P500-1355-7104","night":2717.07,"day":3592.21,"area_m2":250000.0,"night_density":10868.3,"day_density":14368.8,"source_kind":"simulated","reference_year":2023,"model":"XW-POP-SIM-1"}},{"type":"Feature","id":"XW-P500-1355-7105","geometry":{"type":"Polygon","coordinates":[[[118.88098617,32.09487176],[118.88107859,32.09938016],[118.88637495,32.09930137],[118.88628226,32.09479298],[118.88098617,32.09487176]]]},"properties":{"id":"XW-P500-1355-7105","night":2962.67,"day":3285.22,"area_m2":250000.0,"night_density":11850.7,"day_density":13140.9,"source_kind":"simulated","reference_year":2023,"model":"XW-POP-SIM-1"}},{"type":"Feature","id":"XW-P500-1355-7106","geometry":{"type":"Polygon","coordinates":[[[118.88637495,32.09930137],[118.88107859,32.09938016],[118.88117104,32.10388855],[118.8818831,32.10387797],[118.8845356,32.1012664],[118.8850723,32.101603],[118.8864022,32.10062655],[118.88637495,32.09930137]]]},"properties":{"id":"XW-P500-1355-7106","night":767.3,"day":1746.75,"area_m2":162062.73,"night_density":4734.6,"day_density":10778.2,"source_kind":"simulated","reference_year":2023,"model":"XW-POP-SIM-1"}},{"type":"Feature","id":"XW-P500-1355-7107","geometry":{"type":"Polygon","coordinates":[[[118.88117104,32.10388855],[118.88118351,32.10449649],[118.8813873,32.1043661],[118.8818831,32.10387797],[118.88117104,32.10388855]]]},"properties":{"id":"XW-P500-1355-7107","night":0.0,"day":0.0,"area_m2":2448.29,"night_density":0.0,"day_density":0.0,"source_kind":"simulated","reference_year":2023,"model":"XW-POP-SIM-1"}},{"type":"Feature","id":"XW-P500-1356-7089","geometry":{"type":"Polygon","coordinates":[[[118.88489449,32.02716679],[118.89018668,32.027088],[118.8901446,32.02503977],[118.8889351,32.0245484],[118.88480925,32.02300567],[118.88489449,32.02716679]]]},"properties":{"id":"XW-P500-1356-7089","night":0.0,"day":0.0,"area_m2":173005.46,"night_density":0.0,"day_density":0.0,"source_kind":"simulated","reference_year":2023,"model":"XW-POP-SIM-1"}},{"type":"Feature","id":"XW-P500-1356-7090","geometry":{"type":"Polygon","coordinates":[[[118.89018668,32.027088],[118.88489449,32.02716679],[118.88498687,32.03167523],[118.89027931,32.03159642],[118.89024438,32.02989674],[118.8898212,32.0298154],[118.8898574,32.0295573],[118.8892742,32.0293691],[118.8891193,32.0292773],[118.8891142,32.029181],[118.8889077,32.0290935],[118.8890264,32.0287741],[118.8887632,32.0285903],[118.8886961,32.0284065],[118.8880974,32.0281484],[118.8880923,32.028074],[118.8883864,32.0276408],[118.8890058,32.0278246],[118.8891193,32.0275227],[118.8893412,32.0275796],[118.8893,32.0276889],[118.889558,32.0277546],[118.8896819,32.0276671],[118.89019827,32.02765231],[118.89018668,32.027088]]]},"properties":{"id":"XW-P500-1356-7090","night":202.17,"day":206.36,"area_m2":219944.48,"night_density":919.2,"day_density":938.2,"source_kind":"simulated","reference_year":2023,"model":"XW-POP-SIM-1"}},{"type":"Feature","id":"XW-P500-1356-7091","geometry":{"type":"Polygon","coordinates":[[[118.89027931,32.03159642],[118.88498687,32.03167523],[118.88507926,32.03618366],[118.88671932,32.03615926],[118.8868742,32.0358752],[118.8876691,32.0352583],[118.8877981,32.0352802],[118.8879219,32.0351096],[118.8881387,32.0351096],[118.8883606,32.0348295],[118.8885155,32.0343658],[118.8888509,32.0340945],[118.8899864,32.0336964],[118.8903167,32.0335957],[118.8903205,32.03360069],[118.89027931,32.03159642]]]},"properties":{"id":"XW-P500-1356-7091","night":567.42,"day":261.01,"area_m2":192540.56,"night_density":2947.0,"day_density":1355.6,"source_kind":"simulated","reference_year":2023,"model":"XW-POP-SIM-1"}},{"type":"Feature","id":"XW-P500-1356-7092","geometry":{"type":"Polygon","coordinates":[[[118.88507926,32.03618366],[118.88510246,32.03731574],[118.8851556,32.0372359],[118.8858627,32.0377303],[118.88671932,32.03615926],[118.88507926,32.03618366]]]},"properties":{"id":"XW-P500-1356-7092","night":104.4,"day":48.02,"area_m2":17407.29,"night_density":5997.5,"day_density":2758.6,"source_kind":"simulated","reference_year":2023,"model":"XW-POP-SIM-1"}},{"type":"Feature","id":"XW-P500-1356-7100","geometry":{"type":"Polygon","coordinates":[[[118.88591174,32.07675941],[118.8878765,32.07673014],[118.8878737,32.0767207],[118.8871414,32.0759376],[118.8869298,32.0759391],[118.8864015,32.076315],[118.88590829,32.07659177],[118.88591174,32.07675941]]]},"properties":{"id":"XW-P500-1356-7100","night":0.0,"day":0.0,"area_m2":9892.19,"night_density":0.0,"day_density":0.0,"source_kind":"simulated","reference_year":2023,"model":"XW-POP-SIM-1"}},{"type":"Feature","id":"XW-P500-1356-7101","geometry":{"type":"Polygon","coordinates":[[[118.88591174,32.07675941],[118.88600434,32.08126781],[118.88825471,32.08123428],[118.8879565,32.0809923],[118.8880029,32.0807299],[118.8891074,32.0800302],[118.8889732,32.0790944],[118.8883482,32.0784585],[118.8878591,32.0785018],[118.8877132,32.0784276],[118.8876986,32.0781122],[118.8881949,32.077803],[118.8878765,32.07673014],[118.88591174,32.07675941]]]},"properties":{"id":"XW-P500-1356-7101","night":8.25,"day":11.4,"area_m2":114323.58,"night_density":72.2,"day_density":99.7,"source_kind":"simulated","reference_year":2023,"model":"XW-POP-SIM-1"}},{"type":"Feature","id":"XW-P500-1356-7102","geometry":{"type":"Polygon","coordinates":[[[118.88600434,32.08126781],[118.88609696,32.0857762],[118.89139251,32.08569723],[118.89133262,32.08279027],[118.8905938,32.0823872],[118.8898867,32.0820199],[118.8894326,32.0817007],[118.8886894,32.081587],[118.88825471,32.08123428],[118.88600434,32.08126781]]]},"properties":{"id":"XW-P500-1356-7102","night":5518.76,"day":3789.64,"area_m2":224920.69,"night_density":24536.5,"day_density":16848.8,"source_kind":"simulated","reference_year":2023,"model":"XW-POP-SIM-1"}},{"type":"Feature","id":"XW-P500-1356-7103","geometry":{"type":"Polygon","coordinates":[[[118.88609696,32.0857762],[118.8861896,32.09028459],[118.89148542,32.09020561],[118.89139251,32.08569723],[118.88609696,32.0857762]]]},"properties":{"id":"XW-P500-1356-7103","night":4849.73,"day":4440.15,"area_m2":250000.0,"night_density":19398.9,"day_density":17760.6,"source_kind":"simulated","reference_year":2023,"model":"XW-POP-SIM-1"}},{"type":"Feature","id":"XW-P500-1356-7104","geometry":{"type":"Polygon","coordinates":[[[118.8861896,32.09028459],[118.88628226,32.09479298],[118.89157834,32.09471398],[118.89148542,32.09020561],[118.8861896,32.09028459]]]},"properties":{"id":"XW-P500-1356-7104","night":3556.07,"day":5515.1,"area_m2":250000.0,"night_density":14224.3,"day_density":22060.4,"source_kind":"simulated","reference_year":2023,"model":"XW-POP-SIM-1"}},{"type":"Feature","id":"XW-P500-1356-7105","geometry":{"type":"Polygon","coordinates":[[[118.89157834,32.09471398],[118.88628226,32.09479298],[118.88637495,32.09930137],[118.88824494,32.09927349],[118.8882877,32.0992421],[118.89162605,32.0970283],[118.89157834,32.09471398]]]},"properties":{"id":"XW-P500-1356-7105","night":2615.31,"day":2014.97,"area_m2":210592.52,"night_density":12418.8,"day_density":9568.1,"source_kind":"simulated","reference_year":2023,"model":"XW-POP-SIM-1"}},{"type":"Feature","id":"XW-P500-1356-7106","geometry":{"type":"Polygon","coordinates":[[[118.88637495,32.09930137],[118.8864022,32.10062655],[118.88824494,32.09927349],[118.88637495,32.09930137]]]},"properties":{"id":"XW-P500-1356-7106","night":469.02,"day":266.0,"area_m2":12972.71,"night_density":36154.4,"day_density":20504.6,"source_kind":"simulated","reference_year":2023,"model":"XW-POP-SIM-1"}},{"type":"Feature","id":"XW-P500-1357-7089","geometry":{"type":"Polygon","coordinates":[[[118.89018668,32.027088],[118.89204987,32.02706021],[118.8919495,32.0263522],[118.8917598,32.0260861],[118.8904971,32.0256808],[118.8904387,32.0255942],[118.8905117,32.0251889],[118.8901446,32.02503977],[118.89018668,32.027088]]]},"properties":{"id":"XW-P500-1357-7089","night":0.0,"day":9.77,"area_m2":24517.11,"night_density":0.0,"day_density":398.5,"source_kind":"simulated","reference_year":2023,"model":"XW-POP-SIM-1"}},{"type":"Feature","id":"XW-P500-1357-7090","geometry":{"type":"MultiPolygon","coordinates":[[[[118.89027931,32.03159642],[118.89050342,32.03159308],[118.8906315,32.0300517],[118.8905954,32.0299642],[118.89024438,32.02989674],[118.89027931,32.03159642]]],[[[118.89018668,32.027088],[118.89019827,32.02765231],[118.8902197,32.0276517],[118.8902781,32.0277878],[118.8902562,32.0283881],[118.8902781,32.0285118],[118.8905409,32.0286418],[118.8908255,32.0286356],[118.891424,32.0284314],[118.8919204,32.0280415],[118.8921539,32.027794],[118.89204987,32.02706021],[118.89018668,32.027088]]]]},"properties":{"id":"XW-P500-1357-7090","night":24.82,"day":11.42,"area_m2":31688.96,"night_density":783.2,"day_density":360.4,"source_kind":"simulated","reference_year":2023,"model":"XW-POP-SIM-1"}},{"type":"Feature","id":"XW-P500-1357-7091","geometry":{"type":"Polygon","coordinates":[[[118.89027931,32.03159642],[118.8903205,32.03360069],[118.8904199,32.0337314],[118.8909051,32.0333507],[118.8913747,32.0335782],[118.8914883,32.0327251],[118.8904457,32.032655],[118.8904199,32.0325982],[118.89050342,32.03159308],[118.89027931,32.03159642]]]},"properties":{"id":"XW-P500-1357-7091","night":14.86,"day":6.84,"area_m2":11728.1,"night_density":1267.0,"day_density":583.2,"source_kind":"simulated","reference_year":2023,"model":"XW-POP-SIM-1"}},{"type":"Feature","id":"XW-P500-1357-7102","geometry":{"type":"Polygon","coordinates":[[[118.89139251,32.08569723],[118.89668805,32.08561803],[118.89667585,32.08502769],[118.8958677,32.0845937],[118.8952897,32.0845281],[118.8949129,32.0846243],[118.8938033,32.0841652],[118.893251,32.0842089],[118.8925595,32.0846374],[118.8923995,32.0846068],[118.8920175,32.0843444],[118.8917337,32.0840077],[118.8916975,32.083894],[118.891857,32.0835235],[118.8920996,32.0832087],[118.89133262,32.08279027],[118.89139251,32.08569723]]]},"properties":{"id":"XW-P500-1357-7102","night":1645.76,"day":924.27,"area_m2":73110.52,"night_density":22510.6,"day_density":12642.1,"source_kind":"simulated","reference_year":2023,"model":"XW-POP-SIM-1"}},{"type":"Feature","id":"XW-P500-1357-7103","geometry":{"type":"Polygon","coordinates":[[[118.89139251,32.08569723],[118.89148542,32.09020561],[118.89678121,32.0901264],[118.89668805,32.08561803],[118.89139251,32.08569723]]]},"properties":{"id":"XW-P500-1357-7103","night":4462.65,"day":2773.93,"area_m2":250000.0,"night_density":17850.6,"day_density":11095.7,"source_kind":"simulated","reference_year":2023,"model":"XW-POP-SIM-1"}},{"type":"Feature","id":"XW-P500-1357-7104","geometry":{"type":"Polygon","coordinates":[[[118.89148542,32.09020561],[118.89157834,32.09471398],[118.89687439,32.09463476],[118.89678121,32.0901264],[118.89148542,32.09020561]]]},"properties":{"id":"XW-P500-1357-7104","night":3452.26,"day":2249.87,"area_m2":250000.0,"night_density":13809.0,"day_density":8999.5,"source_kind":"simulated","reference_year":2023,"model":"XW-POP-SIM-1"}},{"type":"Feature","id":"XW-P500-1357-7105","geometry":{"type":"Polygon","coordinates":[[[118.89687439,32.09463476],[118.89157834,32.09471398],[118.89162605,32.0970283],[118.8920656,32.0967368],[118.8922618,32.0969117],[118.8924063,32.0971741],[118.8939649,32.0977424],[118.8941404,32.0973708],[118.8943004,32.0973096],[118.8955597,32.0974976],[118.8961635,32.0970604],[118.89690838,32.09627884],[118.89687439,32.09463476]]]},"properties":{"id":"XW-P500-1357-7105","night":1128.03,"day":1055.71,"area_m2":141643.68,"night_density":7963.9,"day_density":7453.3,"source_kind":"simulated","reference_year":2023,"model":"XW-POP-SIM-1"}},{"type":"Feature","id":"XW-P500-1358-7102","geometry":{"type":"Polygon","coordinates":[[[118.89668805,32.08561803],[118.8977457,32.08560219],[118.89667585,32.08502769],[118.89668805,32.08561803]]]},"properties":{"id":"XW-P500-1358-7102","night":0.0,"day":0.0,"area_m2":3269.13,"night_density":0.0,"day_density":0.0,"source_kind":"simulated","reference_year":2023,"model":"XW-POP-SIM-1"}},{"type":"Feature","id":"XW-P500-1358-7103","geometry":{"type":"Polygon","coordinates":[[[118.89668805,32.08561803],[118.89678121,32.0901264],[118.90207698,32.09004697],[118.90203257,32.08790407],[118.8977457,32.08560219],[118.89668805,32.08561803]]]},"properties":{"id":"XW-P500-1358-7103","night":2762.63,"day":4681.18,"area_m2":197513.82,"night_density":13987.0,"day_density":23700.5,"source_kind":"simulated","reference_year":2023,"model":"XW-POP-SIM-1"}},{"type":"Feature","id":"XW-P500-1358-7104","geometry":{"type":"Polygon","coordinates":[[[118.90207698,32.09004697],[118.89678121,32.0901264],[118.89687439,32.09463476],[118.89820063,32.09461489],[118.8980938,32.0943277],[118.8984602,32.0938992],[118.8986409,32.093357],[118.8989763,32.0928192],[118.8992396,32.0927405],[118.8994305,32.0928192],[118.8998641,32.092417],[118.9005909,32.0923004],[118.9008391,32.0920407],[118.9009632,32.0917377],[118.90209358,32.09084793],[118.90207698,32.09004697]]]},"properties":{"id":"XW-P500-1358-7104","night":1056.88,"day":1671.29,"area_m2":156558.46,"night_density":6750.7,"day_density":10675.2,"source_kind":"simulated","reference_year":2023,"model":"XW-POP-SIM-1"}},{"type":"Feature","id":"XW-P500-1358-7105","geometry":{"type":"Polygon","coordinates":[[[118.89687439,32.09463476],[118.89690838,32.09627884],[118.8977428,32.0954033],[118.898228,32.0952503],[118.8983931,32.0951322],[118.8982737,32.0948113],[118.89820063,32.09461489],[118.89687439,32.09463476]]]},"properties":{"id":"XW-P500-1358-7105","night":136.93,"day":189.2,"area_m2":14961.73,"night_density":9152.0,"day_density":12645.6,"source_kind":"simulated","reference_year":2023,"model":"XW-POP-SIM-1"}},{"type":"Feature","id":"XW-P500-1359-7103","geometry":{"type":"Polygon","coordinates":[[[118.90207698,32.09004697],[118.90296701,32.0900336],[118.9031163,32.0897898],[118.9032696,32.0886953],[118.9027806,32.0883057],[118.90203257,32.08790407],[118.90207698,32.09004697]]]},"properties":{"id":"XW-P500-1359-7103","night":3.73,"day":1.72,"area_m2":21060.69,"night_density":177.1,"day_density":81.7,"source_kind":"simulated","reference_year":2023,"model":"XW-POP-SIM-1"}},{"type":"Feature","id":"XW-P500-1359-7104","geometry":{"type":"Polygon","coordinates":[[[118.90207698,32.09004697],[118.90209358,32.09084793],[118.9028171,32.0902784],[118.90296701,32.0900336],[118.90207698,32.09004697]]]},"properties":{"id":"XW-P500-1359-7104","night":188.41,"day":106.89,"area_m2":4212.46,"night_density":44726.8,"day_density":25374.7,"source_kind":"simulated","reference_year":2023,"model":"XW-POP-SIM-1"}}],"metadata":{"version":"XW-POP-SIM-1","generatedAt":"2026-09-13","referenceYear":2023,"scope":"南京市玄武区，按现有 OSM 区界裁切","crs":"EPSG:4326","gridCRS":"EPSG:32650","gridSizeM":500,"gridCount":366,"boundaryAreaM2":75191797.86,"nightTotal":536900,"dayTotal":617435,"nightKind":"simulated","dayKind":"simulated","nightLabel":"夜间人口（居住分布推算）","dayLabel":"白天人口（活动情景推算）","nightMethod":"以居住用地面积×0.12与建筑面积×假设层数×居住权重形成空间权重，归一化至2023年末全区常住人口536900人。常住人口总量为官方资料；格网及夜间存在均为假设，不是手机信令或夜间观测。","dayMethod":"白天总量暂设夜间总量的1.15倍；格网分布取40%夜间归一化权重＋60%就业建筑及设施归一化权重。总量倍率与分配系数均为演示假设，尚无通勤OD、访客或日间实测校准。","parameters":{"dayTotalMultiplier":1.15,"dayResidentialShare":0.4,"dayEmploymentShare":0.6,"nightResidentialLandWeight":0.12,"buildingLevels":"优先OSM层数；其次OSM高度÷3.2m；否则住宅6、就业类5、未分类4；范围1–60","nightBuildingWeights":{"residential":1,"insideResidentialLand":0.7,"employment":0.12,"unclassified":0.35},"dayBuildingWeights":{"employment":1,"residential":0.12,"unclassified":0.45},"poiWeights":{"daily":1000,"education":2400,"health":2000,"transit":800,"heritage":500,"park":250}},"sources":[{"id":"POP-XW-2023","title":"2023年南京市常住人口954.7万人","publisher":"南京市政府门户网站 / 南京日报，转述南京市统计局数据","url":"https://www.nanjing.gov.cn/zzb/ywdt/msxx/202403/t20240312_5125829.html","publishedAt":"2024-03-12","period":"2023-12-31","value":536900,"unit":"人","geography":"全区","status":"官方正文核对","use":"总量锚点；非夜间测量"},{"id":"OSM-XW-20260912","title":"玄武区建筑、用地与设施快照","publisher":"OpenStreetMap contributors / UrbanLens分类整理","url":"https://www.openstreetmap.org/copyright","date":"2026-09-12","license":"ODbL 1.0","attribution":"© OpenStreetMap contributors","use":"构建人口情景空间权重，收录不完整、不是建筑和设施普查"},{"id":"WORLDPOP-2023-CHECK","title":"WorldPop Global2 China 2023 R2025A v1，100m人口模型","url":"https://api.stac.worldpop.org/collections/CHN/items/chn_pop_2023_CN_100m_R2025A_v1","documentationUrl":"https://data.worldpop.org/repo/prj/Global_2015_2030/R2025A/doc/Global2_Release_Statement_R2025A_v1.pdf","doi":"10.5258/SOTON/WP00839","license":"CC BY 4.0","unit":"人/像元","referenceDate":"2023-01-01","status":"官方API已返回区界总人口572286.12；未下载栅格，未用于本格网计算","apiTotal":572286.12,"apiAreaKm2":75.1961,"apiTask":"fc9fe82a-7e6e-48bc-a672-bedf51f8b0e3","use":"候选真实开放人口模型接入核对。与年末统计总量存在时点、边界和模型差异，不把两者视为同一观测。"},{"id":"NANJING-30M-2023","title":"南京市中心城区30m常住人口分布数据集(2023年)","url":"https://www.geodata.cn/data/datadetails.html?dataguid=241440575070762","status":"找到元数据索引；未取得完整数据及公开再分发许可","use":"科研候选数据；不捆绑公开产品"}],"limitations":["500m格网是显示与情景计算尺度，不表示人口精度；格内按面积计算自定义片区人口也是模拟。","2023人口总量与2026 OSM空间快照时间不同。","建筑及设施收录不完整，山体公园等区域可能有昼间活动但缺乏对应点位。","不是手机信令热力，不提供实时、分小时或个体轨迹。","不等同实际服务人数、就业岗位、户数或市场需求。"],"license":"ODbL 1.0 (derived OSM database); retain source attribution and make modified database available","attribution":"人口总量：南京市统计局公开资料；空间情景：UrbanLens；© OpenStreetMap contributors","nightSimulated":true,"daySimulated":true,"simulated":true,"date":"2023-12-31","nightSource":"玄武区2023常住人口总量＋UrbanLens居住分布推算","daySource":"UrbanLens白天活动情景（夜间总量×1.15）","url":"https://www.nanjing.gov.cn/zzb/ywdt/msxx/202403/t20240312_5125829.html"}}